alpha,gamma,beta,p_frac,performance,iteration,m,n
0.4091991363691613,0.1645072664741013,0.9409341876619016,0.09771565758439,-0.1811181531322499,0,3072,3072
0.4091991363691613,0.1645072664741013,0.9409341876619016,0.09771565758439,-0.1811181531322499,1,3072,3072
0.4233264489725756,0.0634803719606458,0.899721757863043,0.2643397291323255,-0.1956868149986419,2,3072,3072
0.4233264489725756,0.0634803719606458,0.899721757863043,0.2643397291323255,-0.1956868149986419,3,3072,3072
0.9966614883003136,0.1121419490406235,0.9740844406406076,0.3539654681860638,-0.1977142998325067,4,3072,3072
0.9966614883003136,0.1121419490406235,0.9740844406406076,0.3539654681860638,-0.1977142998325067,5,3072,3072
0.9966614883003136,0.1121419490406235,0.9740844406406076,0.3539654681860638,-0.1977142998325067,6,3072,3072
0.9900732770870906,0.0484442750533479,0.899891709145425,0.3663552927317685,-0.2065554077997707,7,3072,3072
0.9823924164076404,0.1121419490406235,0.908886491794233,0.3543799639494398,-0.2076893674029716,8,3072,3072
0.9966614883003136,0.1121419490406235,0.8819591362692094,0.3542953185298542,-0.2077247591027227,9,3072,3072
0.9966614883003136,0.1121419490406235,0.8819591362692094,0.3542953185298542,-0.2077247591027227,10,3072,3072
0.9966614883003136,0.1121419490406235,0.8819591362692094,0.3542953185298542,-0.2077247591027227,11,3072,3072
0.9966614883003136,0.1121419490406235,0.8819591362692094,0.3542953185298542,-0.2077247591027227,12,3072,3072
0.9911088095837628,0.1121419490406235,0.8724899433884911,0.3318035553218106,-0.208882274138838,13,3072,3072
0.9911088095837628,0.1121419490406235,0.8724899433884911,0.3318035553218106,-0.208882274138838,14,3072,3072
0.9911088095837628,0.1121419490406235,0.8724899433884911,0.3318035553218106,-0.208882274138838,15,3072,3072
0.9911088095837628,0.1121419490406235,0.8724899433884911,0.3318035553218106,-0.208882274138838,16,3072,3072
0.9911088095837628,0.1121419490406235,0.8724899433884911,0.3318035553218106,-0.208882274138838,17,3072,3072
0.9911088095837628,0.1121419490406235,0.8724899433884911,0.3318035553218106,-0.208882274138838,18,3072,3072
0.9911088095837628,0.1121419490406235,0.8724899433884911,0.3318035553218106,-0.208882274138838,19,3072,3072
0.9911088095837628,0.1121419490406235,0.8724899433884911,0.3318035553218106,-0.208882274138838,20,3072,3072
0.9911088095837628,0.1121419490406235,0.8724899433884911,0.3318035553218106,-0.208882274138838,21,3072,3072
0.9911088095837628,0.1121419490406235,0.8724899433884911,0.3318035553218106,-0.208882274138838,22,3072,3072
0.9911088095837628,0.1121419490406235,0.8724899433884911,0.3318035553218106,-0.208882274138838,23,3072,3072
0.9911088095837628,0.1121419490406235,0.8724899433884911,0.3318035553218106,-0.208882274138838,24,3072,3072
0.9911088095837628,0.1121419490406235,0.8724899433884911,0.3318035553218106,-0.208882274138838,25,3072,3072
0.9911088095837628,0.1121419490406235,0.8724899433884911,0.3318035553218106,-0.208882274138838,26,3072,3072
0.9911088095837628,0.1121419490406235,0.8724899433884911,0.3318035553218106,-0.208882274138838,27,3072,3072
0.9911088095837628,0.1121419490406235,0.8724899433884911,0.3318035553218106,-0.208882274138838,28,3072,3072
0.9911088095837628,0.1121419490406235,0.8724899433884911,0.3318035553218106,-0.208882274138838,29,3072,3072
0.9911088095837628,0.1121419490406235,0.8724899433884911,0.3318035553218106,-0.208882274138838,30,3072,3072
0.9911088095837628,0.1121419490406235,0.8724899433884911,0.3318035553218106,-0.208882274138838,31,3072,3072
0.9911088095837628,0.1121419490406235,0.8724899433884911,0.3318035553218106,-0.208882274138838,32,3072,3072
0.9911088095837628,0.1121419490406235,0.8724899433884911,0.3318035553218106,-0.208882274138838,33,3072,3072
0.9911088095837628,0.1121419490406235,0.8724899433884911,0.3318035553218106,-0.208882274138838,34,3072,3072
0.9911088095837628,0.1121419490406235,0.8724899433884911,0.3318035553218106,-0.208882274138838,35,3072,3072
0.9911088095837628,0.1121419490406235,0.8724899433884911,0.3318035553218106,-0.208882274138838,36,3072,3072
0.9911088095837628,0.1121419490406235,0.8724899433884911,0.3318035553218106,-0.208882274138838,37,3072,3072
0.9911088095837628,0.1121419490406235,0.8724899433884911,0.3318035553218106,-0.208882274138838,38,3072,3072
0.5895020620840481,0.1244603325154798,0.9541513368666424,0.3992910134865952,-0.1794938803428321,0,3072,3786
0.5895020620840481,0.1244603325154798,0.9541513368666424,0.3992910134865952,-0.1794938803428321,1,3072,3786
0.4227169069454373,0.0744882037408147,0.954334340333131,0.2500183399320113,-0.184375705013123,2,3072,3786
0.9504636963259352,0.1372088144965313,0.9756599023108904,0.3663515944285363,-0.1861059496887309,3,3072,3786
0.9504636963259352,0.1372088144965313,0.9756599023108904,0.3663515944285363,-0.1861059496887309,4,3072,3786
0.2740483886137183,0.1207541483784833,0.8465765835750316,0.2771780588746344,-0.1923147543617324,5,3072,3786
0.2364344626472191,0.1028711606134658,0.8466031069484234,0.2770050769146207,-0.194677550427786,6,3072,3786
0.811525070279907,0.1266274866742467,0.9073429370916684,0.3526442009685555,-0.1951545033050201,7,3072,3786
0.811525070279907,0.1266274866742467,0.9073429370916684,0.3526442009685555,-0.1951545033050201,8,3072,3786
0.994517903362858,0.0508920446920939,0.8085513226067133,0.3177389295013713,-0.1988747195480819,9,3072,3786
0.997395953906602,0.0834331908010352,0.7995659073381467,0.3075658576344752,-0.1993645738930281,10,3072,3786
0.997395953906602,0.0834331908010352,0.7995659073381467,0.3075658576344752,-0.1993645738930281,11,3072,3786
0.998404895322025,0.0833247877563281,0.8604788650857378,0.3153612309620128,-0.2040490391928449,12,3072,3786
0.998404895322025,0.0833247877563281,0.8604788650857378,0.3153612309620128,-0.2040490391928449,13,3072,3786
0.9970042776883474,0.0508920446920939,0.8725381451906152,0.3097997071238637,-0.2051756828410813,14,3072,3786
0.9970042776883474,0.0508920446920939,0.8725381451906152,0.3097997071238637,-0.2051756828410813,15,3072,3786
0.9970042776883474,0.0508920446920939,0.8725381451906152,0.3097997071238637,-0.2051756828410813,16,3072,3786
0.9967382984379136,0.1163607198581597,0.8712726641266544,0.3467499684915939,-0.2062580577462404,17,3072,3786
0.983232154673644,0.1163607198581597,0.8712726641266544,0.3193756717406402,-0.2069244943584901,18,3072,3786
0.983232154673644,0.1163607198581597,0.8712726641266544,0.3193756717406402,-0.2069244943584901,19,3072,3786
0.986860781468882,0.1137316924967311,0.8736235210556438,0.3212685341932512,-0.2072478869703363,20,3072,3786
0.986860781468882,0.1137316924967311,0.8736235210556438,0.3212685341932512,-0.2072478869703363,21,3072,3786
0.986860781468882,0.1137316924967311,0.8736235210556438,0.3212685341932512,-0.2072478869703363,22,3072,3786
0.986860781468882,0.1137316924967311,0.8736235210556438,0.3212685341932512,-0.2072478869703363,23,3072,3786
0.986860781468882,0.1137316924967311,0.8736235210556438,0.3212685341932512,-0.2072478869703363,24,3072,3786
0.986860781468882,0.1137316924967311,0.8736235210556438,0.3212685341932512,-0.2072478869703363,25,3072,3786
0.986860781468882,0.1137316924967311,0.8736235210556438,0.3212685341932512,-0.2072478869703363,26,3072,3786
0.986860781468882,0.1137316924967311,0.8736235210556438,0.3212685341932512,-0.2072478869703363,27,3072,3786
0.986860781468882,0.1137316924967311,0.8736235210556438,0.3212685341932512,-0.2072478869703363,28,3072,3786
0.986860781468882,0.1137316924967311,0.8736235210556438,0.3212685341932512,-0.2072478869703363,29,3072,3786
0.986860781468882,0.1137316924967311,0.8736235210556438,0.3212685341932512,-0.2072478869703363,30,3072,3786
0.986860781468882,0.1137316924967311,0.8736235210556438,0.3212685341932512,-0.2072478869703363,31,3072,3786
0.986860781468882,0.1137316924967311,0.8736235210556438,0.3212685341932512,-0.2072478869703363,32,3072,3786
0.986860781468882,0.1137316924967311,0.8736235210556438,0.3212685341932512,-0.2072478869703363,33,3072,3786
0.986860781468882,0.1137316924967311,0.8736235210556438,0.3212685341932512,-0.2072478869703363,34,3072,3786
0.986860781468882,0.1137316924967311,0.8736235210556438,0.3212685341932512,-0.2072478869703363,35,3072,3786
0.986860781468882,0.1137316924967311,0.8736235210556438,0.3212685341932512,-0.2072478869703363,36,3072,3786
0.986860781468882,0.1137316924967311,0.8736235210556438,0.3212685341932512,-0.2072478869703363,37,3072,3786
0.986860781468882,0.1137316924967311,0.8736235210556438,0.3212685341932512,-0.2072478869703363,38,3072,3786
0.986860781468882,0.1137316924967311,0.8736235210556438,0.3212685341932512,-0.2072478869703363,39,3072,3786
0.986860781468882,0.1137316924967311,0.8736235210556438,0.3212685341932512,-0.2072478869703363,40,3072,3786
0.986860781468882,0.1137316924967311,0.8736235210556438,0.3212685341932512,-0.2072478869703363,41,3072,3786
0.986860781468882,0.1137316924967311,0.8736235210556438,0.3212685341932512,-0.2072478869703363,42,3072,3786
0.986860781468882,0.1137316924967311,0.8736235210556438,0.3212685341932512,-0.2072478869703363,43,3072,3786
0.4091991363691613,0.1645072664741013,0.9409341876619016,0.09771565758439,-0.164207350477572,0,3072,4500
0.4091991363691613,0.1645072664741013,0.9409341876619016,0.09771565758439,-0.164207350477572,1,3072,4500
0.8074670457434533,0.1301360534412871,0.9020280490553304,0.4295805385193449,-0.172186818918971,2,3072,4500
0.8074670457434533,0.1301360534412871,0.9020280490553304,0.4295805385193449,-0.172186818918971,3,3072,4500
0.7856795702044727,0.1747275649581355,0.9409341876619016,0.349381802336506,-0.1766797701641602,4,3072,4500
0.7856795702044727,0.1747275649581355,0.9409341876619016,0.349381802336506,-0.1766797701641602,5,3072,4500
0.7856795702044727,0.1747275649581355,0.9409341876619016,0.349381802336506,-0.1766797701641602,6,3072,4500
0.2795376842389008,0.1317519807698463,0.9020490641047978,0.2485809354424544,-0.1798601105414294,7,3072,4500
0.8082869827318109,0.0740742332770864,0.8983353468396248,0.3572647827915175,-0.184273306257017,8,3072,4500
0.8097830019998424,0.0608525570415898,0.908852511443076,0.3311924377780657,-0.1850207093056592,9,3072,4500
0.8097830019998424,0.0608525570415898,0.908852511443076,0.3311924377780657,-0.1850207093056592,10,3072,4500
0.8097830019998424,0.0608525570415898,0.908852511443076,0.3311924377780657,-0.1850207093056592,11,3072,4500
0.8097830019998424,0.0608525570415898,0.908852511443076,0.3311924377780657,-0.1850207093056592,12,3072,4500
0.9892671538692608,0.0599424582606534,0.8915573404768589,0.324933076451103,-0.1887127314464542,13,3072,4500
0.9892671538692608,0.0599424582606534,0.8915573404768589,0.324933076451103,-0.1887127314464542,14,3072,4500
0.9892671538692608,0.0599424582606534,0.8915573404768589,0.324933076451103,-0.1887127314464542,15,3072,4500
0.9897628111954526,0.0653762296920427,0.8915573404768589,0.3537386826176137,-0.1899161502900427,16,3072,4500
0.9863589511229544,0.1005175376397209,0.8946580240366517,0.3537386826176137,-0.1900067500243911,17,3072,4500
0.9863589511229544,0.1005175376397209,0.8946580240366517,0.3537386826176137,-0.1900067500243911,18,3072,4500
0.9863589511229544,0.1005175376397209,0.8946580240366517,0.3537386826176137,-0.1900067500243911,19,3072,4500
0.9863589511229544,0.1005175376397209,0.8946580240366517,0.3537386826176137,-0.1900067500243911,20,3072,4500
0.9863424376080024,0.1176165637235482,0.9012962415785878,0.3224013581918332,-0.1918121174349225,21,3072,4500
0.9863424376080024,0.1176165637235482,0.9012962415785878,0.3224013581918332,-0.1918121174349225,22,3072,4500
0.9863424376080024,0.1176165637235482,0.9012962415785878,0.3224013581918332,-0.1918121174349225,23,3072,4500
0.9863424376080024,0.1176165637235482,0.9012962415785878,0.3224013581918332,-0.1918121174349225,24,3072,4500
0.9916368639262152,0.1173268275017473,0.8711879723698239,0.32247760093378,-0.1927419809077015,25,3072,4500
0.9916368639262152,0.1173268275017473,0.8711879723698239,0.32247760093378,-0.1927419809077015,26,3072,4500
0.9916368639262152,0.1173268275017473,0.8711879723698239,0.32247760093378,-0.1927419809077015,27,3072,4500
0.9916368639262152,0.1173268275017473,0.8711879723698239,0.32247760093378,-0.1927419809077015,28,3072,4500
0.9916368639262152,0.1173268275017473,0.8711879723698239,0.32247760093378,-0.1927419809077015,29,3072,4500
0.9916368639262152,0.1173268275017473,0.8711879723698239,0.32247760093378,-0.1927419809077015,30,3072,4500
0.9947465087231426,0.1180784964470308,0.8752979505123241,0.3209993127881398,-0.192953891726843,31,3072,4500
0.9947465087231426,0.1180784964470308,0.8752979505123241,0.3209993127881398,-0.192953891726843,32,3072,4500
0.9947465087231426,0.1180784964470308,0.8752979505123241,0.3209993127881398,-0.192953891726843,33,3072,4500
0.9947465087231426,0.1180784964470308,0.8752979505123241,0.3209993127881398,-0.192953891726843,34,3072,4500
0.9947465087231426,0.1180784964470308,0.8752979505123241,0.3209993127881398,-0.192953891726843,35,3072,4500
0.9947465087231426,0.1180784964470308,0.8752979505123241,0.3209993127881398,-0.192953891726843,36,3072,4500
0.9947465087231426,0.1180784964470308,0.8752979505123241,0.3209993127881398,-0.192953891726843,37,3072,4500
0.9947465087231426,0.1180784964470308,0.8752979505123241,0.3209993127881398,-0.192953891726843,38,3072,4500
0.9947465087231426,0.1180784964470308,0.8752979505123241,0.3209993127881398,-0.192953891726843,39,3072,4500
0.9947465087231426,0.1180784964470308,0.8752979505123241,0.3209993127881398,-0.192953891726843,40,3072,4500
0.9947465087231426,0.1180784964470308,0.8752979505123241,0.3209993127881398,-0.192953891726843,41,3072,4500
0.9947465087231426,0.1180784964470308,0.8752979505123241,0.3209993127881398,-0.192953891726843,42,3072,4500
0.9947465087231426,0.1180784964470308,0.8752979505123241,0.3209993127881398,-0.192953891726843,43,3072,4500
0.9947465087231426,0.1180784964470308,0.8752979505123241,0.3209993127881398,-0.192953891726843,44,3072,4500
0.9947465087231426,0.1180784964470308,0.8752979505123241,0.3209993127881398,-0.192953891726843,45,3072,4500
0.9947465087231426,0.1180784964470308,0.8752979505123241,0.3209993127881398,-0.192953891726843,46,3072,4500
0.9947465087231426,0.1180784964470308,0.8752979505123241,0.3209993127881398,-0.192953891726843,47,3072,4500
0.9947465087231426,0.1180784964470308,0.8752979505123241,0.3209993127881398,-0.192953891726843,48,3072,4500
0.9947465087231426,0.1180784964470308,0.8752979505123241,0.3209993127881398,-0.192953891726843,49,3072,4500
0.9947465087231426,0.1180784964470308,0.8752979505123241,0.3209993127881398,-0.192953891726843,50,3072,4500
0.9947465087231426,0.1180784964470308,0.8752979505123241,0.3209993127881398,-0.192953891726843,51,3072,4500
0.9947465087231426,0.1180784964470308,0.8752979505123241,0.3209993127881398,-0.192953891726843,52,3072,4500
0.9947465087231426,0.1180784964470308,0.8752979505123241,0.3209993127881398,-0.192953891726843,53,3072,4500
0.9947465087231426,0.1180784964470308,0.8752979505123241,0.3209993127881398,-0.192953891726843,54,3072,4500
0.9947465087231426,0.1180784964470308,0.8752979505123241,0.3209993127881398,-0.192953891726843,55,3072,4500
0.9947465087231426,0.1180784964470308,0.8752979505123241,0.3209993127881398,-0.192953891726843,56,3072,4500
0.4091991363691613,0.1645072664741013,0.9409341876619016,0.09771565758439,-0.1565527544116329,0,3072,5214
0.4091991363691613,0.1645072664741013,0.9409341876619016,0.09771565758439,-0.1565527544116329,1,3072,5214
0.8442036489358192,0.066194513882888,0.9035341053598108,0.0395718954962878,-0.1623327099279262,2,3072,5214
0.6824641601523376,0.0916569642449511,0.9187337955996197,0.078971909231112,-0.1633820125309961,3,3072,5214
0.2362335256207423,0.0563118731383081,0.9187337955996197,0.078915631777985,-0.1671472334508228,4,3072,5214
0.3772249889466741,0.0511409373587546,0.9367202239124196,0.2777427009660004,-0.169713277656947,5,3072,5214
0.246254796967401,0.1172688137050984,0.7686445767853903,0.2762275812833598,-0.1715742428681816,6,3072,5214
0.2069855111107738,0.0717039679554749,0.8317683408655488,0.087733053444424,-0.1750176350128123,7,3072,5214
0.9819145350400054,0.0745471664444339,0.9245827371598077,0.307918527181032,-0.1779165004947746,8,3072,5214
0.9819145350400054,0.0745471664444339,0.9245827371598077,0.307918527181032,-0.1779165004947746,9,3072,5214
0.9819145350400054,0.0745471664444339,0.9245827371598077,0.307918527181032,-0.1779165004947746,10,3072,5214
0.9819145350400054,0.0745471664444339,0.9245827371598077,0.307918527181032,-0.1779165004947746,11,3072,5214
0.998859939894362,0.055406012635287,0.8921222465791443,0.2795696764139188,-0.1824422662811608,12,3072,5214
0.998859939894362,0.0531356050328362,0.8959077097571009,0.3007887357446214,-0.1844132490472946,13,3072,5214
0.998859939894362,0.0531356050328362,0.8959077097571009,0.3007887357446214,-0.1844132490472946,14,3072,5214
0.998859939894362,0.0531356050328362,0.8959077097571009,0.3007887357446214,-0.1844132490472946,15,3072,5214
0.9992419802714672,0.1051871858905476,0.8921222465791443,0.3145971365278476,-0.1845826738577951,16,3072,5214
0.9957063410117752,0.0476676774490779,0.8730658583326254,0.3083092295594058,-0.1851993747670741,17,3072,5214
0.9819145350400054,0.1164020668275286,0.9002390202082966,0.3810425394862023,-0.1855172832861336,18,3072,5214
0.9825129154462858,0.1151521502610292,0.896296187587182,0.3012962343371414,-0.1855436592599875,19,3072,5214
0.9825129154462858,0.1151521502610292,0.896296187587182,0.3012962343371414,-0.1855436592599875,20,3072,5214
0.9841151829501812,0.1144675893062535,0.8629577440091711,0.3118125922121519,-0.1859510955421564,21,3072,5214
0.9819149606656749,0.1018571004794914,0.8725003359748367,0.3037804442360124,-0.1870129315452764,22,3072,5214
0.9819149606656749,0.1018571004794914,0.8725003359748367,0.3037804442360124,-0.1870129315452764,23,3072,5214
0.9819149606656749,0.1018571004794914,0.8725003359748367,0.3037804442360124,-0.1870129315452764,24,3072,5214
0.9819149606656749,0.1018571004794914,0.8725003359748367,0.3037804442360124,-0.1870129315452764,25,3072,5214
0.9825044077619988,0.1145466275158225,0.872405745030283,0.3011531688923717,-0.1879626394193323,26,3072,5214
0.9825044077619988,0.1145466275158225,0.872405745030283,0.3011531688923717,-0.1879626394193323,27,3072,5214
0.9825044077619988,0.1145466275158225,0.872405745030283,0.3011531688923717,-0.1879626394193323,28,3072,5214
0.9825044077619988,0.1145466275158225,0.872405745030283,0.3011531688923717,-0.1879626394193323,29,3072,5214
0.983172616378118,0.1163029832688454,0.8751741347110326,0.3226681392354932,-0.1881749277917317,30,3072,5214
0.983172616378118,0.1163029832688454,0.8751741347110326,0.3226681392354932,-0.1881749277917317,31,3072,5214
0.983172616378118,0.1163029832688454,0.8751741347110326,0.3226681392354932,-0.1881749277917317,32,3072,5214
0.983172616378118,0.1163029832688454,0.8751741347110326,0.3226681392354932,-0.1881749277917317,33,3072,5214
0.983172616378118,0.1163029832688454,0.8751741347110326,0.3226681392354932,-0.1881749277917317,34,3072,5214
0.983172616378118,0.1163029832688454,0.8751741347110326,0.3226681392354932,-0.1881749277917317,35,3072,5214
0.983172616378118,0.1163029832688454,0.8751741347110326,0.3226681392354932,-0.1881749277917317,36,3072,5214
0.983172616378118,0.1163029832688454,0.8751741347110326,0.3226681392354932,-0.1881749277917317,37,3072,5214
0.983172616378118,0.1163029832688454,0.8751741347110326,0.3226681392354932,-0.1881749277917317,38,3072,5214
0.983172616378118,0.1163029832688454,0.8751741347110326,0.3226681392354932,-0.1881749277917317,39,3072,5214
0.983172616378118,0.1163029832688454,0.8751741347110326,0.3226681392354932,-0.1881749277917317,40,3072,5214
0.983172616378118,0.1163029832688454,0.8751741347110326,0.3226681392354932,-0.1881749277917317,41,3072,5214
0.983172616378118,0.1163029832688454,0.8751741347110326,0.3226681392354932,-0.1881749277917317,42,3072,5214
0.983172616378118,0.1163029832688454,0.8751741347110326,0.3226681392354932,-0.1881749277917317,43,3072,5214
0.983172616378118,0.1163029832688454,0.8751741347110326,0.3226681392354932,-0.1881749277917317,44,3072,5214
0.983172616378118,0.1163029832688454,0.8751741347110326,0.3226681392354932,-0.1881749277917317,45,3072,5214
0.983172616378118,0.1163029832688454,0.8751741347110326,0.3226681392354932,-0.1881749277917317,46,3072,5214
0.983172616378118,0.1163029832688454,0.8751741347110326,0.3226681392354932,-0.1881749277917317,47,3072,5214
0.983172616378118,0.1163029832688454,0.8751741347110326,0.3226681392354932,-0.1881749277917317,48,3072,5214
0.983172616378118,0.1163029832688454,0.8751741347110326,0.3226681392354932,-0.1881749277917317,49,3072,5214
0.983172616378118,0.1163029832688454,0.8751741347110326,0.3226681392354932,-0.1881749277917317,50,3072,5214
0.983172616378118,0.1163029832688454,0.8751741347110326,0.3226681392354932,-0.1881749277917317,51,3072,5214
0.4091991363691613,0.1645072664741013,0.9409341876619016,0.09771565758439,-0.155772945101269,0,3072,5929
0.4091991363691613,0.1645072664741013,0.9409341876619016,0.09771565758439,-0.155772945101269,1,3072,5929
0.8442036489358192,0.066194513882888,0.9035341053598108,0.0395718954962878,-0.1598080922287451,2,3072,5929
0.8641314801985077,0.0352027469679037,0.8364781439367873,0.2725391226562139,-0.1629157257505671,3,3072,5929
0.1265995480408683,0.0384204350672167,0.8372943472325602,0.2910204597103445,-0.1718071836934721,4,3072,5929
0.1265995480408683,0.0384204350672167,0.8372943472325602,0.2910204597103445,-0.1718071836934721,5,3072,5929
0.1265995480408683,0.0384204350672167,0.8372943472325602,0.2910204597103445,-0.1718071836934721,6,3072,5929
0.2731219119467118,0.1160928411957191,0.8557864794480247,0.2711771118832644,-0.1745208980754362,7,3072,5929
0.2731219119467118,0.1160928411957191,0.8557864794480247,0.2711771118832644,-0.1745208980754362,8,3072,5929
0.9937765463030328,0.0556630223850638,0.8783571060827755,0.1312659610671953,-0.1748437490101077,9,3072,5929
0.9937765463030328,0.0556630223850638,0.8783571060827755,0.1312659610671953,-0.1748437490101077,10,3072,5929
0.2731219119467118,0.1163045577806506,0.8297139108397982,0.2711771118832644,-0.176032696775113,11,3072,5929
0.9858394266359164,0.0392878574051952,0.904293304138239,0.3733720851487075,-0.1809169547042007,12,3072,5929
0.9858394266359164,0.0392878574051952,0.904293304138239,0.3733720851487075,-0.1809169547042007,13,3072,5929
0.999841206337877,0.104299309294135,0.9056051963696622,0.2401274091537976,-0.1817690513609861,14,3072,5929
0.9874479608932684,0.0351545414686824,0.8751344789592371,0.2423653345028797,-0.182978320620451,15,3072,5929
0.9874479608932684,0.0351545414686824,0.8751344789592371,0.2423653345028797,-0.182978320620451,16,3072,5929
0.9874479608932684,0.0351545414686824,0.8751344789592371,0.2423653345028797,-0.182978320620451,17,3072,5929
0.9967383404567328,0.1120241651636652,0.8854149153088685,0.3022821252609398,-0.1832232104096202,18,3072,5929
0.996758675336694,0.1124114982355775,0.8909935103622985,0.3820965084480776,-0.1836938491712051,19,3072,5929
0.9957123364771144,0.1149436009592373,0.8702979491637923,0.2423653345028797,-0.1843927221646706,20,3072,5929
0.9957123364771144,0.1149436009592373,0.8702979491637923,0.2423653345028797,-0.1843927221646706,21,3072,5929
0.9957123364771144,0.1149436009592373,0.8702979491637923,0.2423653345028797,-0.1843927221646706,22,3072,5929
0.9960313234192568,0.1154836932803382,0.8737990373132419,0.2422018957501685,-0.1851377393943869,23,3072,5929
0.9960313234192568,0.1154836932803382,0.8737990373132419,0.2422018957501685,-0.1851377393943869,24,3072,5929
0.9958653537508352,0.1120241651636652,0.8752471008438449,0.3209857089907357,-0.1858544789413645,25,3072,5929
0.9958653537508352,0.1120241651636652,0.8752471008438449,0.3209857089907357,-0.1858544789413645,26,3072,5929
0.9958653537508352,0.1120241651636652,0.8752471008438449,0.3209857089907357,-0.1858544789413645,27,3072,5929
0.9958653537508352,0.1120241651636652,0.8752471008438449,0.3209857089907357,-0.1858544789413645,28,3072,5929
0.9958653537508352,0.1120241651636652,0.8752471008438449,0.3209857089907357,-0.1858544789413645,29,3072,5929
0.9958653537508352,0.1120241651636652,0.8752471008438449,0.3209857089907357,-0.1858544789413645,30,3072,5929
0.9958653537508352,0.1120241651636652,0.8752471008438449,0.3209857089907357,-0.1858544789413645,31,3072,5929
0.9958653537508352,0.1120241651636652,0.8752471008438449,0.3209857089907357,-0.1858544789413645,32,3072,5929
0.9958653537508352,0.1120241651636652,0.8752471008438449,0.3209857089907357,-0.1858544789413645,33,3072,5929
0.9958653537508352,0.1120241651636652,0.8752471008438449,0.3209857089907357,-0.1858544789413645,34,3072,5929
0.9958653537508352,0.1120241651636652,0.8752471008438449,0.3209857089907357,-0.1858544789413645,35,3072,5929
0.9958653537508352,0.1120241651636652,0.8752471008438449,0.3209857089907357,-0.1858544789413645,36,3072,5929
0.9958653537508352,0.1120241651636652,0.8752471008438449,0.3209857089907357,-0.1858544789413645,37,3072,5929
0.9958653537508352,0.1120241651636652,0.8752471008438449,0.3209857089907357,-0.1858544789413645,38,3072,5929
0.9958653537508352,0.1120241651636652,0.8752471008438449,0.3209857089907357,-0.1858544789413645,39,3072,5929
0.9958653537508352,0.1120241651636652,0.8752471008438449,0.3209857089907357,-0.1858544789413645,40,3072,5929
0.9958653537508352,0.1120241651636652,0.8752471008438449,0.3209857089907357,-0.1858544789413645,41,3072,5929
0.9958653537508352,0.1120241651636652,0.8752471008438449,0.3209857089907357,-0.1858544789413645,42,3072,5929
0.9958653537508352,0.1120241651636652,0.8752471008438449,0.3209857089907357,-0.1858544789413645,43,3072,5929
0.9958653537508352,0.1120241651636652,0.8752471008438449,0.3209857089907357,-0.1858544789413645,44,3072,5929
0.9958653537508352,0.1120241651636652,0.8752471008438449,0.3209857089907357,-0.1858544789413645,45,3072,5929
0.2034552406761496,0.3804242698865323,0.971598413446888,0.2164535799990539,-0.1523313828302496,0,3072,6643
0.2034552406761496,0.3804242698865323,0.971598413446888,0.2164535799990539,-0.1523313828302496,1,3072,6643
0.8205731593978408,0.1701829873999085,0.9016937483472748,0.1425975248993056,-0.158321138391392,2,3072,6643
0.1327807989642593,0.0817968376040468,0.8060357075271236,0.1321788416191956,-0.1630925488285141,3,3072,6643
0.1327807989642593,0.0817968376040468,0.8060357075271236,0.1321788416191956,-0.1630925488285141,4,3072,6643
0.1327807989642593,0.0817968376040468,0.8060357075271236,0.1321788416191956,-0.1630925488285141,5,3072,6643
0.986436643070235,0.076744602461499,0.9751675243587554,0.3166849051094015,-0.1667321053932998,6,3072,6643
0.986436643070235,0.076744602461499,0.8564118640662892,0.3166849051094015,-0.1732037209294218,7,3072,6643
0.9872036724196118,0.0934829474838228,0.9085958672706952,0.2917163714379489,-0.1779672577111098,8,3072,6643
0.9872036724196118,0.0934829474838228,0.9085958672706952,0.2917163714379489,-0.1779672577111098,9,3072,6643
0.986436643070235,0.1537814952985569,0.8721208569641759,0.3439314105395674,-0.177982306694247,10,3072,6643
0.986436643070235,0.1537814952985569,0.8721208569641759,0.3439314105395674,-0.177982306694247,11,3072,6643
0.986436643070235,0.1129921460664944,0.8882633147550583,0.4047901950655609,-0.1789795175212811,12,3072,6643
0.997150529018674,0.0750298374503846,0.8721454078036016,0.317976926256393,-0.1805625574008881,13,3072,6643
0.9882418091836668,0.0934829474838228,0.8726876421989402,0.3547635957239338,-0.1816861708728762,14,3072,6643
0.9882418091836668,0.0934829474838228,0.8726876421989402,0.3547635957239338,-0.1816861708728762,15,3072,6643
0.9911889648762328,0.1079691629668368,0.8741213902185143,0.286455994798984,-0.1817997342057868,16,3072,6643
0.9926444045152546,0.1048015273889188,0.8690820836129598,0.3221386059711277,-0.1821627640296004,17,3072,6643
0.9864273797232992,0.1129921460664944,0.8732179222841643,0.3544292593245974,-0.1829129857613212,18,3072,6643
0.9865782731483014,0.1134173580184681,0.8723543710824858,0.3066118111843116,-0.1840819419817243,19,3072,6643
0.9865782731483014,0.1134173580184681,0.8723543710824858,0.3066118111843116,-0.1840819419817243,20,3072,6643
0.9865782731483014,0.1134173580184681,0.8723543710824858,0.3066118111843116,-0.1840819419817243,21,3072,6643
0.9865782731483014,0.1134173580184681,0.8723543710824858,0.3066118111843116,-0.1840819419817243,22,3072,6643
0.9865782731483014,0.1134173580184681,0.8723543710824858,0.3066118111843116,-0.1840819419817243,23,3072,6643
0.9865782731483014,0.1134173580184681,0.8723543710824858,0.3066118111843116,-0.1840819419817243,24,3072,6643
0.9865782731483014,0.1134173580184681,0.8723543710824858,0.3066118111843116,-0.1840819419817243,25,3072,6643
0.9865782731483014,0.1134173580184681,0.8723543710824858,0.3066118111843116,-0.1840819419817243,26,3072,6643
0.9865782731483014,0.1134173580184681,0.8723543710824858,0.3066118111843116,-0.1840819419817243,27,3072,6643
0.9865782731483014,0.1134173580184681,0.8723543710824858,0.3066118111843116,-0.1840819419817243,28,3072,6643
0.9865782731483014,0.1134173580184681,0.8723543710824858,0.3066118111843116,-0.1840819419817243,29,3072,6643
0.9865782731483014,0.1134173580184681,0.8723543710824858,0.3066118111843116,-0.1840819419817243,30,3072,6643
0.9865782731483014,0.1134173580184681,0.8723543710824858,0.3066118111843116,-0.1840819419817243,31,3072,6643
0.9865782731483014,0.1134173580184681,0.8723543710824858,0.3066118111843116,-0.1840819419817243,32,3072,6643
0.9865782731483014,0.1134173580184681,0.8723543710824858,0.3066118111843116,-0.1840819419817243,33,3072,6643
0.9865782731483014,0.1134173580184681,0.8723543710824858,0.3066118111843116,-0.1840819419817243,34,3072,6643
0.9865782731483014,0.1134173580184681,0.8723543710824858,0.3066118111843116,-0.1840819419817243,35,3072,6643
0.9865782731483014,0.1134173580184681,0.8723543710824858,0.3066118111843116,-0.1840819419817243,36,3072,6643
0.9865782731483014,0.1134173580184681,0.8723543710824858,0.3066118111843116,-0.1840819419817243,37,3072,6643
0.9865782731483014,0.1134173580184681,0.8723543710824858,0.3066118111843116,-0.1840819419817243,38,3072,6643
0.9865782731483014,0.1134173580184681,0.8723543710824858,0.3066118111843116,-0.1840819419817243,39,3072,6643
0.9865782731483014,0.1134173580184681,0.8723543710824858,0.3066118111843116,-0.1840819419817243,40,3072,6643
0.9865782731483014,0.1134173580184681,0.8723543710824858,0.3066118111843116,-0.1840819419817243,41,3072,6643
0.9865782731483014,0.1134173580184681,0.8723543710824858,0.3066118111843116,-0.1840819419817243,42,3072,6643
0.9865782731483014,0.1134173580184681,0.8723543710824858,0.3066118111843116,-0.1840819419817243,43,3072,6643
0.4091991363691613,0.1645072664741013,0.9409341876619016,0.09771565758439,-0.1603973433564348,0,3072,7357
0.4091991363691613,0.1645072664741013,0.9409341876619016,0.09771565758439,-0.1603973433564348,1,3072,7357
0.965220046367639,0.2512279881689838,0.9107006644825502,0.3905534098735151,-0.1638845502637284,2,3072,7357
0.965220046367639,0.2512279881689838,0.9107006644825502,0.3905534098735151,-0.1638845502637284,3,3072,7357
0.1834790885638957,0.1161285664839114,0.9749619638329368,0.2185415262941801,-0.1668596291046457,4,3072,7357
0.9217508695075176,0.3684440260228964,0.9024844851572092,0.3615375498850772,-0.173905735319831,5,3072,7357
0.9940095311626536,0.1243897584067992,0.9193508745411596,0.3072493548250881,-0.1750694010545546,6,3072,7357
0.2486578791978864,0.0983171386058464,0.901480071593833,0.2772408383669128,-0.176476384180601,7,3072,7357
0.9960177590924448,0.1200703969736727,0.877161771813805,0.2620527441612783,-0.1794063162759374,8,3072,7357
0.9960177590924448,0.1200703969736727,0.877161771813805,0.2620527441612783,-0.1794063162759374,9,3072,7357
0.9830157926576776,0.1207943241542439,0.8834024225625305,0.3471363915322524,-0.1801388105943823,10,3072,7357
0.998021551623465,0.1166999816438469,0.9036615973574142,0.2762553746040994,-0.1837122024575536,11,3072,7357
0.9983683181848592,0.106014550470525,0.8888191386051133,0.2725730437851112,-0.1840035280018244,12,3072,7357
0.9971311677199144,0.1059291408099764,0.8659334748607644,0.271992813439282,-0.1843215655015851,13,3072,7357
0.9971311677199144,0.1059291408099764,0.8659334748607644,0.271992813439282,-0.1843215655015851,14,3072,7357
0.9971311677199144,0.1059291408099764,0.8659334748607644,0.271992813439282,-0.1843215655015851,15,3072,7357
0.998667676288154,0.0968537334211547,0.8682304422688402,0.2663117536098148,-0.1854104826257121,16,3072,7357
0.998667676288154,0.0968537334211547,0.8682304422688402,0.2663117536098148,-0.1854104826257121,17,3072,7357
0.998667676288154,0.0968537334211547,0.8682304422688402,0.2663117536098148,-0.1854104826257121,18,3072,7357
0.9880250694370638,0.1178097313337064,0.8723790477069391,0.2669795083385723,-0.1866042405077238,19,3072,7357
0.9880250694370638,0.1178097313337064,0.8723790477069391,0.2669795083385723,-0.1866042405077238,20,3072,7357
0.9880250694370638,0.1178097313337064,0.8723790477069391,0.2669795083385723,-0.1866042405077238,21,3072,7357
0.9971511918602892,0.1149336502329915,0.8736325346544644,0.2534080287614543,-0.1866260520442454,22,3072,7357
0.9971511918602892,0.1149336502329915,0.8736325346544644,0.2534080287614543,-0.1866260520442454,23,3072,7357
0.9971511918602892,0.1149336502329915,0.8736325346544644,0.2534080287614543,-0.1866260520442454,24,3072,7357
0.9936202333775892,0.1148594419400563,0.8736255534112796,0.2722587290580921,-0.186723147513614,25,3072,7357
0.9936202333775892,0.1148594419400563,0.8736255534112796,0.2722587290580921,-0.186723147513614,26,3072,7357
0.9936202333775892,0.1148594419400563,0.8736255534112796,0.2722587290580921,-0.186723147513614,27,3072,7357
0.9970785243941857,0.1147568747643992,0.8719417674390879,0.2728550329456165,-0.1870122039162331,28,3072,7357
0.9970785243941857,0.1147568747643992,0.8719417674390879,0.2728550329456165,-0.1870122039162331,29,3072,7357
0.9970785243941857,0.1147568747643992,0.8719417674390879,0.2728550329456165,-0.1870122039162331,30,3072,7357
0.9970785243941857,0.1147568747643992,0.8719417674390879,0.2728550329456165,-0.1870122039162331,31,3072,7357
0.9970785243941857,0.1147568747643992,0.8719417674390879,0.2728550329456165,-0.1870122039162331,32,3072,7357
0.9970785243941857,0.1147568747643992,0.8719417674390879,0.2728550329456165,-0.1870122039162331,33,3072,7357
0.9970785243941857,0.1147568747643992,0.8719417674390879,0.2728550329456165,-0.1870122039162331,34,3072,7357
0.9970785243941857,0.1147568747643992,0.8719417674390879,0.2728550329456165,-0.1870122039162331,35,3072,7357
0.9970785243941857,0.1147568747643992,0.8719417674390879,0.2728550329456165,-0.1870122039162331,36,3072,7357
0.9970785243941857,0.1147568747643992,0.8719417674390879,0.2728550329456165,-0.1870122039162331,37,3072,7357
0.9970785243941857,0.1147568747643992,0.8719417674390879,0.2728550329456165,-0.1870122039162331,38,3072,7357
0.9970785243941857,0.1147568747643992,0.8719417674390879,0.2728550329456165,-0.1870122039162331,39,3072,7357
0.9970785243941857,0.1147568747643992,0.8719417674390879,0.2728550329456165,-0.1870122039162331,40,3072,7357
0.9970785243941857,0.1147568747643992,0.8719417674390879,0.2728550329456165,-0.1870122039162331,41,3072,7357
0.9970785243941857,0.1147568747643992,0.8719417674390879,0.2728550329456165,-0.1870122039162331,42,3072,7357
0.9970785243941857,0.1147568747643992,0.8719417674390879,0.2728550329456165,-0.1870122039162331,43,3072,7357
0.9970785243941857,0.1147568747643992,0.8719417674390879,0.2728550329456165,-0.1870122039162331,44,3072,7357
0.9970785243941857,0.1147568747643992,0.8719417674390879,0.2728550329456165,-0.1870122039162331,45,3072,7357
0.9970785243941857,0.1147568747643992,0.8719417674390879,0.2728550329456165,-0.1870122039162331,46,3072,7357
0.9970785243941857,0.1147568747643992,0.8719417674390879,0.2728550329456165,-0.1870122039162331,47,3072,7357
0.9970785243941857,0.1147568747643992,0.8719417674390879,0.2728550329456165,-0.1870122039162331,48,3072,7357
0.9970785243941857,0.1147568747643992,0.8719417674390879,0.2728550329456165,-0.1870122039162331,49,3072,7357
0.9970785243941857,0.1147568747643992,0.8719417674390879,0.2728550329456165,-0.1870122039162331,50,3072,7357
0.4091991363691613,0.1645072664741013,0.9409341876619016,0.09771565758439,-0.1474834524946772,0,3072,8072
0.4091991363691613,0.1645072664741013,0.9409341876619016,0.09771565758439,-0.1474834524946772,1,3072,8072
0.7153020619947761,0.3620516106406599,0.9040683308634272,0.0620809909946376,-0.1505713252794656,2,3072,8072
0.9938385136439268,0.632135117500167,0.9050025708181296,0.1646104127631259,-0.1509257975929903,3,3072,8072
0.99002469050059,0.6329102491533004,0.9054110829937168,0.3685921436916193,-0.1601360799043021,4,3072,8072
0.99002469050059,0.6329102491533004,0.9054110829937168,0.3685921436916193,-0.1601360799043021,5,3072,8072
0.99002469050059,0.6329102491533004,0.9054110829937168,0.3685921436916193,-0.1601360799043021,6,3072,8072
0.9945468570766752,0.3746753182189488,0.9086071590208942,0.2186632137980605,-0.1608271608867088,7,3072,8072
0.9945468570766752,0.3746753182189488,0.9086071590208942,0.2186632137980605,-0.1608271608867088,8,3072,8072
0.9990820594854976,0.3713662081176371,0.8843405355859093,0.2540677968854591,-0.1644338514194979,9,3072,8072
0.9990820594854976,0.3713662081176371,0.8843405355859093,0.2540677968854591,-0.1644338514194979,10,3072,8072
0.9996532323876116,0.3743163688927037,0.9088702057899232,0.3640317535514267,-0.1664488322063571,11,3072,8072
0.9997886259496724,0.3743163688927037,0.8684427635541616,0.3640317535514267,-0.1670073981805573,12,3072,8072
0.9997095441168544,0.1570338778084582,0.8694206131729335,0.2843562892901778,-0.1674715353326899,13,3072,8072
0.9923285661272216,0.1478874636394697,0.8736665154600031,0.2442477645459071,-0.1676213221727319,14,3072,8072
0.9923285661272216,0.1478874636394697,0.8736665154600031,0.2442477645459071,-0.1676213221727319,15,3072,8072
0.9919795157573746,0.1723751668594972,0.873662996987721,0.3212634506130136,-0.1685340793087825,16,3072,8072
0.9997095441168544,0.1121431994006245,0.8746021918432901,0.2557563255626204,-0.1702625792315924,17,3072,8072
0.9997095441168544,0.1121431994006245,0.8746021918432901,0.2557563255626204,-0.1702625792315924,18,3072,8072
0.9997095441168544,0.1121431994006245,0.8746021918432901,0.2557563255626204,-0.1702625792315924,19,3072,8072
0.9997095441168544,0.1121431994006245,0.8746021918432901,0.2557563255626204,-0.1702625792315924,20,3072,8072
0.9986632825361338,0.1140705149271787,0.8736665154600031,0.2839009872627372,-0.1703814862374826,21,3072,8072
0.9986632825361338,0.1140705149271787,0.8736665154600031,0.2839009872627372,-0.1703814862374826,22,3072,8072
0.9986632825361338,0.1140705149271787,0.8736665154600031,0.2839009872627372,-0.1703814862374826,23,3072,8072
0.9986632825361338,0.1140705149271787,0.8736665154600031,0.3215495870474846,-0.1713394309725084,24,3072,8072
0.9986659914209632,0.1125951460557065,0.8736565139966427,0.3147494003205944,-0.171407560722312,25,3072,8072
0.9995705665073924,0.112099339525646,0.8745257883856123,0.3022428988532504,-0.1714940533509489,26,3072,8072
0.9995705665073924,0.112099339525646,0.8745257883856123,0.3022428988532504,-0.1714940533509489,27,3072,8072
0.9995705665073924,0.112099339525646,0.8745257883856123,0.3022428988532504,-0.1714940533509489,28,3072,8072
0.9995705665073924,0.112099339525646,0.8745257883856123,0.3022428988532504,-0.1714940533509489,29,3072,8072
0.9995705665073924,0.112099339525646,0.8745257883856123,0.3022428988532504,-0.1714940533509489,30,3072,8072
0.9936084668478632,0.0359890563538602,0.8736503165293326,0.3136752172968753,-0.171704766331232,31,3072,8072
0.9936084668478632,0.0359890563538602,0.8736503165293326,0.3136752172968753,-0.171704766331232,32,3072,8072
0.9936084668478632,0.0359890563538602,0.8736503165293326,0.3136752172968753,-0.171704766331232,33,3072,8072
0.9936084668478632,0.0359890563538602,0.8736503165293326,0.3136752172968753,-0.171704766331232,34,3072,8072
0.9936084668478632,0.0359890563538602,0.8736503165293326,0.3136752172968753,-0.171704766331232,35,3072,8072
0.9936084668478632,0.0359890563538602,0.8736503165293326,0.3136752172968753,-0.171704766331232,36,3072,8072
0.9936084668478632,0.0359890563538602,0.8736503165293326,0.3136752172968753,-0.171704766331232,37,3072,8072
0.9936084668478632,0.0359890563538602,0.8736503165293326,0.3136752172968753,-0.171704766331232,38,3072,8072
0.9936084668478632,0.0359890563538602,0.8736503165293326,0.3136752172968753,-0.171704766331232,39,3072,8072
0.9936084668478632,0.0359890563538602,0.8736503165293326,0.3136752172968753,-0.171704766331232,40,3072,8072
0.9936084668478632,0.0359890563538602,0.8736503165293326,0.3136752172968753,-0.171704766331232,41,3072,8072
0.9936084668478632,0.0359890563538602,0.8736503165293326,0.3136752172968753,-0.171704766331232,42,3072,8072
0.9936084668478632,0.0359890563538602,0.8736503165293326,0.3136752172968753,-0.171704766331232,43,3072,8072
0.9936084668478632,0.0359890563538602,0.8736503165293326,0.3136752172968753,-0.171704766331232,44,3072,8072
0.9936084668478632,0.0359890563538602,0.8736503165293326,0.3136752172968753,-0.171704766331232,45,3072,8072
0.9936084668478632,0.0359890563538602,0.8736503165293326,0.3136752172968753,-0.171704766331232,46,3072,8072
0.9936084668478632,0.0359890563538602,0.8736503165293326,0.3136752172968753,-0.171704766331232,47,3072,8072
0.9996758030927247,0.1120859069845446,0.8712682211374224,0.3049597516995188,-0.1717831097535681,48,3072,8072
0.9996758030927247,0.1120859069845446,0.8712682211374224,0.3049597516995188,-0.1717831097535681,49,3072,8072
0.9996758030927247,0.1120859069845446,0.8712682211374224,0.3049597516995188,-0.1717831097535681,50,3072,8072
0.9996758030927247,0.1120859069845446,0.8712682211374224,0.3049597516995188,-0.1717831097535681,51,3072,8072
0.9996758030927247,0.1120859069845446,0.8712682211374224,0.3049597516995188,-0.1717831097535681,52,3072,8072
0.9996758030927247,0.1120859069845446,0.8712682211374224,0.3049597516995188,-0.1717831097535681,53,3072,8072
0.9996758030927247,0.1120859069845446,0.8712682211374224,0.3049597516995188,-0.1717831097535681,54,3072,8072
0.9996758030927247,0.1120859069845446,0.8712682211374224,0.3049597516995188,-0.1717831097535681,55,3072,8072
0.9994980647412554,0.0359890563538602,0.8736503165293326,0.3001850834311483,-0.171791258959869,56,3072,8072
0.9948664260199888,0.0359890563538602,0.8712541307069165,0.3136774289153815,-0.1719938227338512,57,3072,8072
0.9948664260199888,0.0359890563538602,0.8712541307069165,0.3136774289153815,-0.1719938227338512,58,3072,8072
0.9948664260199888,0.0359890563538602,0.8712541307069165,0.3136774289153815,-0.1719938227338512,59,3072,8072
0.9948664260199888,0.0359890563538602,0.8712541307069165,0.3136774289153815,-0.1719938227338512,60,3072,8072
0.9948664260199888,0.0359890563538602,0.8712541307069165,0.3136774289153815,-0.1719938227338512,61,3072,8072
0.9948664260199888,0.0359890563538602,0.8712541307069165,0.3136774289153815,-0.1719938227338512,62,3072,8072
0.9948664260199888,0.0359890563538602,0.8712541307069165,0.3136774289153815,-0.1719938227338512,63,3072,8072
0.994998651472049,0.0359890563538602,0.8712541307069165,0.3051088870369564,-0.1720803153624881,64,3072,8072
0.994998651472049,0.0359890563538602,0.8712541307069165,0.3051088870369564,-0.1720803153624881,65,3072,8072
0.994998651472049,0.0359890563538602,0.8712541307069165,0.3051088870369564,-0.1720803153624881,66,3072,8072
0.994998651472049,0.0359890563538602,0.8712541307069165,0.3051088870369564,-0.1720803153624881,67,3072,8072
0.994998651472049,0.0359890563538602,0.8712541307069165,0.3051088870369564,-0.1720803153624881,68,3072,8072
0.994998651472049,0.0359890563538602,0.8712541307069165,0.3051088870369564,-0.1720803153624881,69,3072,8072
0.994998651472049,0.0359890563538602,0.8712541307069165,0.3051088870369564,-0.1720803153624881,70,3072,8072
0.994998651472049,0.0359890563538602,0.8712541307069165,0.3051088870369564,-0.1720803153624881,71,3072,8072
0.994998651472049,0.0359890563538602,0.8712541307069165,0.3051088870369564,-0.1720803153624881,72,3072,8072
0.994998651472049,0.0359890563538602,0.8712541307069165,0.3051088870369564,-0.1720803153624881,73,3072,8072
0.994998651472049,0.0359890563538602,0.8712541307069165,0.3051088870369564,-0.1720803153624881,74,3072,8072
0.994998651472049,0.0359890563538602,0.8712541307069165,0.3051088870369564,-0.1720803153624881,75,3072,8072
0.994998651472049,0.0359890563538602,0.8712541307069165,0.3051088870369564,-0.1720803153624881,76,3072,8072
0.994998651472049,0.0359890563538602,0.8712541307069165,0.3051088870369564,-0.1720803153624881,77,3072,8072
0.994998651472049,0.0359890563538602,0.8712541307069165,0.3051088870369564,-0.1720803153624881,78,3072,8072
0.994998651472049,0.0359890563538602,0.8712541307069165,0.3051088870369564,-0.1720803153624881,79,3072,8072
0.994998651472049,0.0359890563538602,0.8712541307069165,0.3051088870369564,-0.1720803153624881,80,3072,8072
0.994998651472049,0.0359890563538602,0.8712541307069165,0.3051088870369564,-0.1720803153624881,81,3072,8072
0.994998651472049,0.0359890563538602,0.8712541307069165,0.3051088870369564,-0.1720803153624881,82,3072,8072
0.994998651472049,0.0359890563538602,0.8712541307069165,0.3051088870369564,-0.1720803153624881,83,3072,8072
0.994998651472049,0.0359890563538602,0.8712541307069165,0.3051088870369564,-0.1720803153624881,84,3072,8072
0.994998651472049,0.0359890563538602,0.8712541307069165,0.3051088870369564,-0.1720803153624881,85,3072,8072
0.994998651472049,0.0359890563538602,0.8712541307069165,0.3051088870369564,-0.1720803153624881,86,3072,8072
0.994998651472049,0.0359890563538602,0.8712541307069165,0.3051088870369564,-0.1720803153624881,87,3072,8072
0.994998651472049,0.0359890563538602,0.8712541307069165,0.3051088870369564,-0.1720803153624881,88,3072,8072
0.994998651472049,0.0359890563538602,0.8712541307069165,0.3051088870369564,-0.1720803153624881,89,3072,8072
0.5895020620840481,0.1244603325154798,0.9541513368666424,0.3992910134865952,-0.1673345474647098,0,3786,3072
0.2740483886137183,0.1172688137050984,0.5462497892469849,0.27713333487199,-0.1678270547047849,1,3786,3072
0.5882885198986333,0.0842864160859424,0.7471384753313508,0.4089093699243457,-0.1742804352682423,2,3786,3072
0.2548947027981776,0.116961155072476,0.8567429179202584,0.302010625500542,-0.1767824878922456,3,3786,3072
0.2548947027981776,0.116961155072476,0.8567429179202584,0.302010625500542,-0.1767824878922456,4,3786,3072
0.2548947027981776,0.116961155072476,0.8567429179202584,0.302010625500542,-0.1767824878922456,5,3786,3072
0.8099938336155341,0.121682860181397,0.9052327687547692,0.3996387534601558,-0.1802459199562194,6,3786,3072
0.8099938336155341,0.121682860181397,0.9052327687547692,0.3996387534601558,-0.1802459199562194,7,3786,3072
0.5854107353319629,0.1069436712826918,0.8740202617351119,0.3830083056224666,-0.1827568943709611,8,3786,3072
0.5854107353319629,0.1069436712826918,0.8740202617351119,0.3830083056224666,-0.1827568943709611,9,3786,3072
0.802885902049473,0.0789611993613715,0.9051912209780216,0.3238809490939828,-0.1843890121573528,10,3786,3072
0.802885902049473,0.0789611993613715,0.9051912209780216,0.3238809490939828,-0.1843890121573528,11,3786,3072
0.8029034910834176,0.0717396350163817,0.9051912209780216,0.3238809490939828,-0.1845424264460229,12,3786,3072
0.802885902049473,0.0665329260689064,0.9049731233854558,0.3252042484829341,-0.1850755061016539,13,3786,3072
0.9840711769324898,0.1150371258626024,0.8742461619424735,0.3030182792633963,-0.1934726096952525,14,3786,3072
0.9840711769324898,0.1150371258626024,0.8742461619424735,0.3030182792633963,-0.1934726096952525,15,3786,3072
0.9840711769324898,0.1150371258626024,0.8742461619424735,0.3030182792633963,-0.1934726096952525,16,3786,3072
0.9840711769324898,0.1150371258626024,0.8742461619424735,0.3030182792633963,-0.1934726096952525,17,3786,3072
0.9840711769324898,0.1150371258626024,0.8742461619424735,0.3030182792633963,-0.1934726096952525,18,3786,3072
0.9840711769324898,0.1150371258626024,0.8742461619424735,0.3030182792633963,-0.1934726096952525,19,3786,3072
0.9840711769324898,0.1150371258626024,0.8742461619424735,0.3030182792633963,-0.1934726096952525,20,3786,3072
0.9840711769324898,0.1150371258626024,0.8742461619424735,0.3030182792633963,-0.1934726096952525,21,3786,3072
0.9984594758224462,0.1158311108514597,0.875434502941904,0.3400653731765047,-0.19355306770798,22,3786,3072
0.9984594758224462,0.1158311108514597,0.875434502941904,0.3400653731765047,-0.19355306770798,23,3786,3072
0.9984594758224462,0.1158311108514597,0.875434502941904,0.3400653731765047,-0.19355306770798,24,3786,3072
0.9984594758224462,0.1158311108514597,0.875434502941904,0.3400653731765047,-0.19355306770798,25,3786,3072
0.9984594758224462,0.1158311108514597,0.875434502941904,0.3400653731765047,-0.19355306770798,26,3786,3072
0.9984594758224462,0.1158311108514597,0.875434502941904,0.3400653731765047,-0.19355306770798,27,3786,3072
0.9984594758224462,0.1158311108514597,0.875434502941904,0.3400653731765047,-0.19355306770798,28,3786,3072
0.9984594758224462,0.1158311108514597,0.875434502941904,0.3400653731765047,-0.19355306770798,29,3786,3072
0.9984594758224462,0.1158311108514597,0.875434502941904,0.3400653731765047,-0.19355306770798,30,3786,3072
0.9984594758224462,0.1158311108514597,0.875434502941904,0.3400653731765047,-0.19355306770798,31,3786,3072
0.9984594758224462,0.1158311108514597,0.875434502941904,0.3400653731765047,-0.19355306770798,32,3786,3072
0.9984594758224462,0.1158311108514597,0.875434502941904,0.3400653731765047,-0.19355306770798,33,3786,3072
0.9984594758224462,0.1158311108514597,0.875434502941904,0.3400653731765047,-0.19355306770798,34,3786,3072
0.9984594758224462,0.1158311108514597,0.875434502941904,0.3400653731765047,-0.19355306770798,35,3786,3072
0.9984594758224462,0.1158311108514597,0.875434502941904,0.3400653731765047,-0.19355306770798,36,3786,3072
0.9984594758224462,0.1158311108514597,0.875434502941904,0.3400653731765047,-0.19355306770798,37,3786,3072
0.9984594758224462,0.1158311108514597,0.875434502941904,0.3400653731765047,-0.19355306770798,38,3786,3072
0.9984594758224462,0.1158311108514597,0.875434502941904,0.3400653731765047,-0.19355306770798,39,3786,3072
0.9984594758224462,0.1158311108514597,0.875434502941904,0.3400653731765047,-0.19355306770798,40,3786,3072
0.9984594758224462,0.1158311108514597,0.875434502941904,0.3400653731765047,-0.19355306770798,41,3786,3072
0.9984594758224462,0.1158311108514597,0.875434502941904,0.3400653731765047,-0.19355306770798,42,3786,3072
0.9984594758224462,0.1158311108514597,0.875434502941904,0.3400653731765047,-0.19355306770798,43,3786,3072
0.9984594758224462,0.1158311108514597,0.875434502941904,0.3400653731765047,-0.19355306770798,44,3786,3072
0.9984594758224462,0.1158311108514597,0.875434502941904,0.3400653731765047,-0.19355306770798,45,3786,3072
0.9984594758224462,0.1158311108514597,0.875434502941904,0.3400653731765047,-0.19355306770798,46,3786,3072
0.9984594758224462,0.1158311108514597,0.875434502941904,0.3400653731765047,-0.19355306770798,47,3786,3072
0.5895020620840481,0.1244603325154798,0.9541513368666424,0.3992910134865952,-0.1641777029944542,0,3786,3786
0.2740483886137183,0.1172688137050984,0.5462497892469849,0.27713333487199,-0.1649826027382568,1,3786,3786
0.1158656124707703,0.1205020195579895,0.7919522746758412,0.3867305731718615,-0.1699054041132441,2,3786,3786
0.1260792585141277,0.1111690562407125,0.9846656037446672,0.3524425097645507,-0.1713829499688056,3,3786,3786
0.227447809717592,0.0790575476811503,0.7919522746758412,0.3867305731718615,-0.1714918133120309,4,3786,3786
0.9666300839887874,0.1384073455592604,0.8649231351579602,0.3313824370311141,-0.1727155795518272,5,3786,3786
0.9906053675433736,0.0839892264505061,0.926739832292514,0.3152232214960933,-0.177214714270142,6,3786,3786
0.9906053675433736,0.0839892264505061,0.926739832292514,0.3152232214960933,-0.177214714270142,7,3786,3786
0.9906053675433736,0.0839892264505061,0.8140176277309109,0.3147885673035734,-0.1796792542730357,8,3786,3786
0.9906053675433736,0.0847146763112362,0.8648595290781326,0.3152232214960933,-0.1856789018254162,9,3786,3786
0.9906053675433736,0.111997244367949,0.9002474204693206,0.3087421464705666,-0.1860949492469598,10,3786,3786
0.9906053675433736,0.111997244367949,0.9002474204693206,0.3087421464705666,-0.1860949492469598,11,3786,3786
0.9906053675433736,0.111997244367949,0.9002474204693206,0.3087421464705666,-0.1860949492469598,12,3786,3786
0.9906053675433736,0.111997244367949,0.9002474204693206,0.3087421464705666,-0.1860949492469598,13,3786,3786
0.9906053675433736,0.111997244367949,0.8667979853572755,0.3087421464705666,-0.1862485165179205,14,3786,3786
0.9999939672166768,0.1143249863031041,0.8740121657326645,0.304531857049292,-0.1876355666547299,15,3786,3786
0.9999939672166768,0.1143249863031041,0.8740121657326645,0.304531857049292,-0.1876355666547299,16,3786,3786
0.9999939672166768,0.1143249863031041,0.8740121657326645,0.304531857049292,-0.1876355666547299,17,3786,3786
0.9999939672166768,0.1143249863031041,0.8740121657326645,0.304531857049292,-0.1876355666547299,18,3786,3786
0.9999939672166768,0.1143249863031041,0.8740121657326645,0.304531857049292,-0.1876355666547299,19,3786,3786
0.9999939672166768,0.1143249863031041,0.8740121657326645,0.304531857049292,-0.1876355666547299,20,3786,3786
0.9999939672166768,0.1143249863031041,0.8740121657326645,0.304531857049292,-0.1876355666547299,21,3786,3786
0.9999939672166768,0.1143249863031041,0.8740121657326645,0.304531857049292,-0.1876355666547299,22,3786,3786
0.9902071085641424,0.1123185953917822,0.8740280729913661,0.321958658213165,-0.1878478550271293,23,3786,3786
0.9902071085641424,0.1123185953917822,0.8740280729913661,0.321958658213165,-0.1878478550271293,24,3786,3786
0.9902071085641424,0.1123185953917822,0.8740280729913661,0.321958658213165,-0.1878478550271293,25,3786,3786
0.9902071085641424,0.1123185953917822,0.8740280729913661,0.321958658213165,-0.1878478550271293,26,3786,3786
0.9902071085641424,0.1123185953917822,0.8740280729913661,0.321958658213165,-0.1878478550271293,27,3786,3786
0.9902071085641424,0.1123185953917822,0.8740280729913661,0.321958658213165,-0.1878478550271293,28,3786,3786
0.9902071085641424,0.1123185953917822,0.8740280729913661,0.321958658213165,-0.1878478550271293,29,3786,3786
0.9902071085641424,0.1123185953917822,0.8740280729913661,0.321958658213165,-0.1878478550271293,30,3786,3786
0.9902071085641424,0.1123185953917822,0.8740280729913661,0.321958658213165,-0.1878478550271293,31,3786,3786
0.9902071085641424,0.1123185953917822,0.8740280729913661,0.321958658213165,-0.1878478550271293,32,3786,3786
0.9902071085641424,0.1123185953917822,0.8740280729913661,0.321958658213165,-0.1878478550271293,33,3786,3786
0.9902071085641424,0.1123185953917822,0.8740280729913661,0.321958658213165,-0.1878478550271293,34,3786,3786
0.9902071085641424,0.1123185953917822,0.8740280729913661,0.321958658213165,-0.1878478550271293,35,3786,3786
0.9902071085641424,0.1123185953917822,0.8740280729913661,0.321958658213165,-0.1878478550271293,36,3786,3786
0.9902071085641424,0.1123185953917822,0.8740280729913661,0.321958658213165,-0.1878478550271293,37,3786,3786
0.9902071085641424,0.1123185953917822,0.8740280729913661,0.321958658213165,-0.1878478550271293,38,3786,3786
0.9902071085641424,0.1123185953917822,0.8740280729913661,0.321958658213165,-0.1878478550271293,39,3786,3786
0.9902071085641424,0.1123185953917822,0.8740280729913661,0.321958658213165,-0.1878478550271293,40,3786,3786
0.9902071085641424,0.1123185953917822,0.8740280729913661,0.321958658213165,-0.1878478550271293,41,3786,3786
0.9902071085641424,0.1123185953917822,0.8740280729913661,0.321958658213165,-0.1878478550271293,42,3786,3786
0.9902071085641424,0.1123185953917822,0.8740280729913661,0.321958658213165,-0.1878478550271293,43,3786,3786
0.9902071085641424,0.1123185953917822,0.8740280729913661,0.321958658213165,-0.1878478550271293,44,3786,3786
0.9902071085641424,0.1123185953917822,0.8740280729913661,0.321958658213165,-0.1878478550271293,45,3786,3786
0.9902071085641424,0.1123185953917822,0.8740280729913661,0.321958658213165,-0.1878478550271293,46,3786,3786
0.9902071085641424,0.1123185953917822,0.8740280729913661,0.321958658213165,-0.1878478550271293,47,3786,3786
0.9902071085641424,0.1123185953917822,0.8740280729913661,0.321958658213165,-0.1878478550271293,48,3786,3786
0.5895020620840481,0.1244603325154798,0.9541513368666424,0.3992910134865952,-0.1448618074792418,0,3786,4500
0.2740483886137183,0.1172688137050984,0.5462497892469849,0.27713333487199,-0.1459416898385196,1,3786,4500
0.2740483886137183,0.1111690562407125,0.5462497892469849,0.294473839385335,-0.1460798139751113,2,3786,4500
0.2023313540235847,0.0731900723909659,0.9708334194936004,0.3461256205244711,-0.1506662856065374,3,3786,4500
0.2561920028834334,0.1111690562407125,0.8789933299440565,0.294473839385335,-0.1616266043357128,4,3786,4500
0.2567340023675254,0.1111690562407125,0.8789933299440565,0.3023414012533437,-0.1623530241905683,5,3786,4500
0.2567340023675254,0.1111690562407125,0.8789933299440565,0.3023414012533437,-0.1623530241905683,6,3786,4500
0.2567340023675254,0.1111690562407125,0.8789933299440565,0.3023414012533437,-0.1623530241905683,7,3786,4500
0.2567340023675254,0.1111690562407125,0.8789933299440565,0.3023414012533437,-0.1623530241905683,8,3786,4500
0.2144797474628597,0.1150744838362719,0.8715407580398097,0.317867845807655,-0.163249862131565,9,3786,4500
0.983511981325354,0.0941948979903365,0.8854308280923585,0.3693407028968659,-0.1680692120677416,10,3786,4500
0.983511981325354,0.0941948979903365,0.8854308280923585,0.3693407028968659,-0.1680692120677416,11,3786,4500
0.983511981325354,0.0941948979903365,0.8854308280923585,0.3693407028968659,-0.1680692120677416,12,3786,4500
0.983511981325354,0.0941948979903365,0.8854308280923585,0.3693407028968659,-0.1680692120677416,13,3786,4500
0.9839530272933588,0.115313441898311,0.8779790351200457,0.2999085856602922,-0.1697830192722035,14,3786,4500
0.9839530272933588,0.115313441898311,0.8779790351200457,0.2999085856602922,-0.1697830192722035,15,3786,4500
0.9839530272933588,0.115313441898311,0.8779790351200457,0.2999085856602922,-0.1697830192722035,16,3786,4500
0.9839530272933588,0.115313441898311,0.8779790351200457,0.2999085856602922,-0.1697830192722035,17,3786,4500
0.9839530272933588,0.115313441898311,0.8779790351200457,0.2999085856602922,-0.1697830192722035,18,3786,4500
0.9839530272933588,0.115313441898311,0.8779790351200457,0.2999085856602922,-0.1697830192722035,19,3786,4500
0.9997327834825104,0.1117466541539357,0.8750704529145961,0.3538422090890143,-0.1701193713646657,20,3786,4500
0.9839521955457518,0.1108532718614329,0.874793613099674,0.3184939285927793,-0.1713010816237008,21,3786,4500
0.9839521955457518,0.1108532718614329,0.874793613099674,0.3184939285927793,-0.1713010816237008,22,3786,4500
0.9997327834825104,0.1117941876293965,0.8750704529145961,0.299881430845644,-0.1713123591518372,23,3786,4500
0.9997327834825104,0.1117941876293965,0.8750704529145961,0.299881430845644,-0.1713123591518372,24,3786,4500
0.9982654672628118,0.1155961125899732,0.8738203816119243,0.3227642838550805,-0.1715246475242366,25,3786,4500
0.9982654672628118,0.1155961125899732,0.8738203816119243,0.3227642838550805,-0.1715246475242366,26,3786,4500
0.9982654672628118,0.1155961125899732,0.8738203816119243,0.3227642838550805,-0.1715246475242366,27,3786,4500
0.9982654672628118,0.1155961125899732,0.8738203816119243,0.3227642838550805,-0.1715246475242366,28,3786,4500
0.9982654672628118,0.1155961125899732,0.8738203816119243,0.3227642838550805,-0.1715246475242366,29,3786,4500
0.9982654672628118,0.1155961125899732,0.8738203816119243,0.3227642838550805,-0.1715246475242366,30,3786,4500
0.9982654672628118,0.1155961125899732,0.8738203816119243,0.3227642838550805,-0.1715246475242366,31,3786,4500
0.9982654672628118,0.1155961125899732,0.8738203816119243,0.3227642838550805,-0.1715246475242366,32,3786,4500
0.9982654672628118,0.1155961125899732,0.8738203816119243,0.3227642838550805,-0.1715246475242366,33,3786,4500
0.9982654672628118,0.1155961125899732,0.8738203816119243,0.3227642838550805,-0.1715246475242366,34,3786,4500
0.9982654672628118,0.1155961125899732,0.8738203816119243,0.3227642838550805,-0.1715246475242366,35,3786,4500
0.9982654672628118,0.1155961125899732,0.8738203816119243,0.3227642838550805,-0.1715246475242366,36,3786,4500
0.9982654672628118,0.1155961125899732,0.8738203816119243,0.3227642838550805,-0.1715246475242366,37,3786,4500
0.9982654672628118,0.1155961125899732,0.8738203816119243,0.3227642838550805,-0.1715246475242366,38,3786,4500
0.9982654672628118,0.1155961125899732,0.8738203816119243,0.3227642838550805,-0.1715246475242366,39,3786,4500
0.9982654672628118,0.1155961125899732,0.8738203816119243,0.3227642838550805,-0.1715246475242366,40,3786,4500
0.9982654672628118,0.1155961125899732,0.8738203816119243,0.3227642838550805,-0.1715246475242366,41,3786,4500
0.9982654672628118,0.1155961125899732,0.8738203816119243,0.3227642838550805,-0.1715246475242366,42,3786,4500
0.9982654672628118,0.1155961125899732,0.8738203816119243,0.3227642838550805,-0.1715246475242366,43,3786,4500
0.9982654672628118,0.1155961125899732,0.8738203816119243,0.3227642838550805,-0.1715246475242366,44,3786,4500
0.9982654672628118,0.1155961125899732,0.8738203816119243,0.3227642838550805,-0.1715246475242366,45,3786,4500
0.5895020620840481,0.1244603325154798,0.9541513368666424,0.3992910134865952,-0.1351700518679604,0,3786,5214
0.2740483886137183,0.1172688137050984,0.5462497892469849,0.27713333487199,-0.1428437195765044,1,3786,5214
0.2740483886137183,0.1111690562407125,0.5462497892469849,0.294473839385335,-0.1429818437130961,2,3786,5214
0.1158656124707703,0.0731900723909659,0.6750406772887516,0.2901585567904578,-0.1488809988388332,3,3786,5214
0.1158656124707703,0.0731900723909659,0.6750406772887516,0.2901585567904578,-0.1488809988388332,4,3786,5214
0.1158656124707703,0.0731900723909659,0.6750406772887516,0.2901585567904578,-0.1488809988388332,5,3786,5214
0.1770206512335305,0.0577145055816709,0.910121105394887,0.2698516718401887,-0.1519538297613774,6,3786,5214
0.9145806840894122,0.0305989457237848,0.9043266284979988,0.3003911618803839,-0.1532501148316072,7,3786,5214
0.8975222072369003,0.1172203716581108,0.904396119907287,0.303914391696672,-0.1549825546070675,8,3786,5214
0.8975222072369003,0.1172203716581108,0.904396119907287,0.303914391696672,-0.1549825546070675,9,3786,5214
0.8975222072369003,0.1172203716581108,0.904396119907287,0.303914391696672,-0.1549825546070675,10,3786,5214
0.8975222072369003,0.1172203716581108,0.904396119907287,0.303914391696672,-0.1549825546070675,11,3786,5214
0.8975222072369003,0.1172203716581108,0.904396119907287,0.303914391696672,-0.1549825546070675,12,3786,5214
0.8975222072369003,0.1172203716581108,0.904396119907287,0.303914391696672,-0.1549825546070675,13,3786,5214
0.990063283814656,0.0858127143023183,0.9107466393726042,0.3476187720335504,-0.1602838516810633,14,3786,5214
0.990063283814656,0.0858127143023183,0.9107466393726042,0.3476187720335504,-0.1602838516810633,15,3786,5214
0.9864162957008002,0.1173080100881995,0.8997240504406337,0.3206097148067655,-0.1642199140250541,16,3786,5214
0.9864162957008002,0.1173080100881995,0.8997240504406337,0.3206097148067655,-0.1642199140250541,17,3786,5214
0.9864162957008002,0.1173080100881995,0.8997240504406337,0.3206097148067655,-0.1642199140250541,18,3786,5214
0.9940856281688398,0.0629247406003825,0.8849144850277982,0.321582465276812,-0.1644748476781077,19,3786,5214
0.9940856281688398,0.0629247406003825,0.8849144850277982,0.321582465276812,-0.1644748476781077,20,3786,5214
0.9940856281688398,0.0629247406003825,0.8849144850277982,0.321582465276812,-0.1644748476781077,21,3786,5214
0.9940856281688398,0.0629247406003825,0.8849144850277982,0.321582465276812,-0.1644748476781077,22,3786,5214
0.9878601608511656,0.1112794676895813,0.8747556872739801,0.3212945750250681,-0.1662513285966859,23,3786,5214
0.9878601608511656,0.1112794676895813,0.8747556872739801,0.3212945750250681,-0.1662513285966859,24,3786,5214
0.9878601608511656,0.1112794676895813,0.8747556872739801,0.3212945750250681,-0.1662513285966859,25,3786,5214
0.9878601608511656,0.1112794676895813,0.8747556872739801,0.3212945750250681,-0.1662513285966859,26,3786,5214
0.9878601608511656,0.1112794676895813,0.8747556872739801,0.3212945750250681,-0.1662513285966859,27,3786,5214
0.9878601608511656,0.1112794676895813,0.8747556872739801,0.3212945750250681,-0.1662513285966859,28,3786,5214
0.9878601608511656,0.1112794676895813,0.8747556872739801,0.3212945750250681,-0.1662513285966859,29,3786,5214
0.9878509806531196,0.0357950551697464,0.8747556872739801,0.3159900497660455,-0.1666815742422672,30,3786,5214
0.9878509806531196,0.0357950551697464,0.8747556872739801,0.3159900497660455,-0.1666815742422672,31,3786,5214
0.9878509806531196,0.0357950551697464,0.8747556872739801,0.3159900497660455,-0.1666815742422672,32,3786,5214
0.9878509806531196,0.0357950551697464,0.8747556872739801,0.3159900497660455,-0.1666815742422672,33,3786,5214
0.9878509806531196,0.0357950551697464,0.8747556872739801,0.3159900497660455,-0.1666815742422672,34,3786,5214
0.9878509806531196,0.0357950551697464,0.8747556872739801,0.3159900497660455,-0.1666815742422672,35,3786,5214
0.9878509806531196,0.0357950551697464,0.8747556872739801,0.3159900497660455,-0.1666815742422672,36,3786,5214
0.9878509806531196,0.0357950551697464,0.8747556872739801,0.3159900497660455,-0.1666815742422672,37,3786,5214
0.9878509806531196,0.0357950551697464,0.8747556872739801,0.3159900497660455,-0.1666815742422672,38,3786,5214
0.9878509806531196,0.0357950551697464,0.8747556872739801,0.3159900497660455,-0.1666815742422672,39,3786,5214
0.9878509806531196,0.0357950551697464,0.8747556872739801,0.3159900497660455,-0.1666815742422672,40,3786,5214
0.9880936903980996,0.0357950551697464,0.8749435018979269,0.3206501338713529,-0.166905140142803,41,3786,5214
0.9880936903980996,0.0357950551697464,0.8749435018979269,0.3206501338713529,-0.166905140142803,42,3786,5214
0.9880936903980996,0.0357950551697464,0.8749435018979269,0.3206501338713529,-0.166905140142803,43,3786,5214
0.9880936903980996,0.0357950551697464,0.8749435018979269,0.3206501338713529,-0.166905140142803,44,3786,5214
0.9880936903980996,0.0357950551697464,0.8749435018979269,0.3206501338713529,-0.166905140142803,45,3786,5214
0.9880936903980996,0.0357950551697464,0.8749435018979269,0.3206501338713529,-0.166905140142803,46,3786,5214
0.9880936903980996,0.0357950551697464,0.8749435018979269,0.3206501338713529,-0.166905140142803,47,3786,5214
0.9880936903980996,0.0357950551697464,0.8749435018979269,0.3206501338713529,-0.166905140142803,48,3786,5214
0.9880936903980996,0.0357950551697464,0.8749435018979269,0.3206501338713529,-0.166905140142803,49,3786,5214
0.9880936903980996,0.0357950551697464,0.8749435018979269,0.3206501338713529,-0.166905140142803,50,3786,5214
0.9880936903980996,0.0357950551697464,0.8749435018979269,0.3206501338713529,-0.166905140142803,51,3786,5214
0.9880936903980996,0.0357950551697464,0.8749435018979269,0.3206501338713529,-0.166905140142803,52,3786,5214
0.9880936903980996,0.0357950551697464,0.8749435018979269,0.3206501338713529,-0.166905140142803,53,3786,5214
0.9880936903980996,0.0357950551697464,0.8749435018979269,0.3206501338713529,-0.166905140142803,54,3786,5214
0.9880936903980996,0.0357950551697464,0.8749435018979269,0.3206501338713529,-0.166905140142803,55,3786,5214
0.9880936903980996,0.0357950551697464,0.8749435018979269,0.3206501338713529,-0.166905140142803,56,3786,5214
0.9880936903980996,0.0357950551697464,0.8749435018979269,0.3206501338713529,-0.166905140142803,57,3786,5214
0.9880936903980996,0.0357950551697464,0.8749435018979269,0.3206501338713529,-0.166905140142803,58,3786,5214
0.9880936903980996,0.0357950551697464,0.8749435018979269,0.3206501338713529,-0.166905140142803,59,3786,5214
0.9880936903980996,0.0357950551697464,0.8749435018979269,0.3206501338713529,-0.166905140142803,60,3786,5214
0.9880936903980996,0.0357950551697464,0.8749435018979269,0.3206501338713529,-0.166905140142803,61,3786,5214
0.9880936903980996,0.0357950551697464,0.8749435018979269,0.3206501338713529,-0.166905140142803,62,3786,5214
0.9880936903980996,0.0357950551697464,0.8749435018979269,0.3206501338713529,-0.166905140142803,63,3786,5214
0.9880936903980996,0.0357950551697464,0.8749435018979269,0.3206501338713529,-0.166905140142803,64,3786,5214
0.9880936903980996,0.0357950551697464,0.8749435018979269,0.3206501338713529,-0.166905140142803,65,3786,5214
0.9880936903980996,0.0357950551697464,0.8749435018979269,0.3206501338713529,-0.166905140142803,66,3786,5214
0.5895020620840481,0.1244603325154798,0.9541513368666424,0.3992910134865952,-0.1269883374287618,0,3786,5929
0.2740483886137183,0.1172688137050984,0.5462497892469849,0.27713333487199,-0.1292772255336028,1,3786,5929
0.1417946840035561,0.0731900723909659,0.5024993567073923,0.3446715858426141,-0.1330086546790498,2,3786,5929
0.98405677389011,0.0570067606676142,0.8910119828338219,0.0666249213362963,-0.1482960984761564,3,3786,5929
0.98405677389011,0.0570067606676142,0.8910119828338219,0.0666249213362963,-0.1482960984761564,4,3786,5929
0.991677709916948,0.0570067606676142,0.8910119828338219,0.3611685911662476,-0.1556164563668975,5,3786,5929
0.991677709916948,0.0570067606676142,0.8910119828338219,0.3611685911662476,-0.1556164563668975,6,3786,5929
0.991677709916948,0.0570067606676142,0.8910119828338219,0.3611685911662476,-0.1556164563668975,7,3786,5929
0.991677709916948,0.0570067606676142,0.8910119828338219,0.3611685911662476,-0.1556164563668975,8,3786,5929
0.9994612401404452,0.0563960609007009,0.9050796374739531,0.339167426235528,-0.1556252706383556,9,3786,5929
0.9994612401404452,0.0563960609007009,0.9050796374739531,0.339167426235528,-0.1556252706383556,10,3786,5929
0.9991864428145616,0.0533651487805959,0.9044486884152376,0.4148152885108096,-0.1562006140498404,11,3786,5929
0.991677709916948,0.1079573959998157,0.8816813849417363,0.3135343977640056,-0.156457342479913,12,3786,5929
0.9911713173044128,0.0570067606676142,0.8934029859656908,0.3209817823345571,-0.1577405553305207,13,3786,5929
0.9911713173044128,0.0570067606676142,0.8934029859656908,0.3209817823345571,-0.1577405553305207,14,3786,5929
0.9911713173044128,0.0570067606676142,0.8934029859656908,0.3209817823345571,-0.1577405553305207,15,3786,5929
0.9911713173044128,0.0570067606676142,0.8934029859656908,0.3209817823345571,-0.1577405553305207,16,3786,5929
0.9911713173044128,0.0570067606676142,0.8934029859656908,0.3209817823345571,-0.1577405553305207,17,3786,5929
0.9911713173044128,0.0570067606676142,0.8934029859656908,0.3209817823345571,-0.1577405553305207,18,3786,5929
0.9911713173044128,0.0570067606676142,0.8934029859656908,0.3209817823345571,-0.1577405553305207,19,3786,5929
0.9911713173044128,0.0570067606676142,0.8934029859656908,0.3209817823345571,-0.1577405553305207,20,3786,5929
0.9964415726315828,0.0526571537415721,0.8738756996230636,0.3162157684813161,-0.1584682805937243,21,3786,5929
0.9915696123107316,0.0933913829083739,0.8747428333568416,0.3088668726275549,-0.1586321635402544,22,3786,5929
0.999657608222058,0.0878492926209606,0.8747428333568416,0.3072396340881555,-0.1587862367229382,23,3786,5929
0.9911514030204814,0.083856124588152,0.8740261318657673,0.3209065739914208,-0.159009802623474,24,3786,5929
0.9945910934135236,0.0363845275353652,0.9057776900862936,0.3207749898567535,-0.1594837501045779,25,3786,5929
0.9945910934135236,0.0363845275353652,0.9057776900862936,0.3207749898567535,-0.1594837501045779,26,3786,5929
0.9945910934135236,0.0363845275353652,0.9057776900862936,0.3207749898567535,-0.1594837501045779,27,3786,5929
0.9945910934135236,0.0363845275353652,0.9057776900862936,0.3207749898567535,-0.1594837501045779,28,3786,5929
0.999862095174484,0.0363845275353652,0.8724926966339345,0.3210808566843886,-0.1599310061264767,29,3786,5929
0.999862095174484,0.0363845275353652,0.8724926966339345,0.3210808566843886,-0.1599310061264767,30,3786,5929
0.999862095174484,0.0363845275353652,0.8724926966339345,0.3210808566843886,-0.1599310061264767,31,3786,5929
0.999862095174484,0.0363845275353652,0.8724926966339345,0.3210808566843886,-0.1599310061264767,32,3786,5929
0.999862095174484,0.0363845275353652,0.8724926966339345,0.3210808566843886,-0.1599310061264767,33,3786,5929
0.999862095174484,0.0363845275353652,0.8724926966339345,0.3210808566843886,-0.1599310061264767,34,3786,5929
0.999862095174484,0.0363845275353652,0.8724926966339345,0.3210808566843886,-0.1599310061264767,35,3786,5929
0.999862095174484,0.0363845275353652,0.8724926966339345,0.3210808566843886,-0.1599310061264767,36,3786,5929
0.999862095174484,0.0363845275353652,0.8724926966339345,0.3210808566843886,-0.1599310061264767,37,3786,5929
0.999862095174484,0.0363845275353652,0.8724926966339345,0.3210808566843886,-0.1599310061264767,38,3786,5929
0.999862095174484,0.0363845275353652,0.8724926966339345,0.3210808566843886,-0.1599310061264767,39,3786,5929
0.999862095174484,0.0363845275353652,0.8724926966339345,0.3210808566843886,-0.1599310061264767,40,3786,5929
0.999862095174484,0.0363845275353652,0.8724926966339345,0.3210808566843886,-0.1599310061264767,41,3786,5929
0.999862095174484,0.0363845275353652,0.8724926966339345,0.3210808566843886,-0.1599310061264767,42,3786,5929
0.999862095174484,0.0363845275353652,0.8724926966339345,0.3210808566843886,-0.1599310061264767,43,3786,5929
0.999862095174484,0.0363845275353652,0.8724926966339345,0.3210808566843886,-0.1599310061264767,44,3786,5929
0.999862095174484,0.0363845275353652,0.8724926966339345,0.3210808566843886,-0.1599310061264767,45,3786,5929
0.999862095174484,0.0363845275353652,0.8724926966339345,0.3210808566843886,-0.1599310061264767,46,3786,5929
0.999862095174484,0.0363845275353652,0.8724926966339345,0.3210808566843886,-0.1599310061264767,47,3786,5929
0.999862095174484,0.0363845275353652,0.8724926966339345,0.3210808566843886,-0.1599310061264767,48,3786,5929
0.999862095174484,0.0363845275353652,0.8724926966339345,0.3210808566843886,-0.1599310061264767,49,3786,5929
0.999862095174484,0.0363845275353652,0.8724926966339345,0.3210808566843886,-0.1599310061264767,50,3786,5929
0.999862095174484,0.0363845275353652,0.8724926966339345,0.3210808566843886,-0.1599310061264767,51,3786,5929
0.999862095174484,0.0363845275353652,0.8724926966339345,0.3210808566843886,-0.1599310061264767,52,3786,5929
0.999862095174484,0.0363845275353652,0.8724926966339345,0.3210808566843886,-0.1599310061264767,53,3786,5929
0.999862095174484,0.0363845275353652,0.8724926966339345,0.3210808566843886,-0.1599310061264767,54,3786,5929
0.5895020620840481,0.1244603325154798,0.9541513368666424,0.3992910134865952,-0.1253485164525556,0,3786,6643
0.5895020620840481,0.1244603325154798,0.9541513368666424,0.3992910134865952,-0.1253485164525556,1,3786,6643
0.5895020620840481,0.1182800376592368,0.9541513368666424,0.4166315179119687,-0.1279561362642633,2,3786,6643
0.1624912919021979,0.1385083658714268,0.8888286485158491,0.0466523441134477,-0.1354959381824121,3,3786,6643
0.1858517380401014,0.0870595948145675,0.8888286485158491,0.0437967408107721,-0.138412751371833,4,3786,6643
0.1858517380401014,0.0870595948145675,0.8888286485158491,0.0437967408107721,-0.138412751371833,5,3786,6643
0.5895020620840481,0.073070249418682,0.8912030570435495,0.4141752471152873,-0.1405456064587298,6,3786,6643
0.0924420013299904,0.0437614285340745,0.9026214331987876,0.2675540729306287,-0.1421625735618707,7,3786,6643
0.9868916557275488,0.0541969604534788,0.8704737004890748,0.2671770643868317,-0.1564313101660369,8,3786,6643
0.9868916557275488,0.0541969604534788,0.8704737004890748,0.2671770643868317,-0.1564313101660369,9,3786,6643
0.9868916557275488,0.0541969604534788,0.8704737004890748,0.2671770643868317,-0.1564313101660369,10,3786,6643
0.9868916557275488,0.0541969604534788,0.8704737004890748,0.2671770643868317,-0.1564313101660369,11,3786,6643
0.9868916557275488,0.0541969604534788,0.8704737004890748,0.2671770643868317,-0.1564313101660369,12,3786,6643
0.9984741118928692,0.11713026553907,0.8821573163283407,0.4090108834098745,-0.1566158772690046,13,3786,6643
0.9984741118928692,0.0851123985709632,0.8730881233426118,0.2802064924988714,-0.157267492885603,14,3786,6643
0.994690015494224,0.0913232221684187,0.8739551512061634,0.3225286824890945,-0.1577889457378709,15,3786,6643
0.994690015494224,0.0913232221684187,0.8739551512061634,0.3225286824890945,-0.1577889457378709,16,3786,6643
0.9955928091642432,0.09886058749153,0.8720235008922677,0.301033981788844,-0.1579572999543442,17,3786,6643
0.9955928091642432,0.09886058749153,0.8720235008922677,0.301033981788844,-0.1579572999543442,18,3786,6643
0.9993094470152168,0.0342492852314989,0.874034763583925,0.4132331488795621,-0.1585767429689506,19,3786,6643
0.9997735802394254,0.0358568867961742,0.8713637336989566,0.317777722044618,-0.1588192438972134,20,3786,6643
0.9997735802394254,0.0358568867961742,0.8713637336989566,0.317777722044618,-0.1588192438972134,21,3786,6643
0.9997735802394254,0.0358568867961742,0.8713637336989566,0.317777722044618,-0.1588192438972134,22,3786,6643
0.9997735802394254,0.0358568867961742,0.8713637336989566,0.317777722044618,-0.1588192438972134,23,3786,6643
0.9997735802394254,0.0358568867961742,0.8713637336989566,0.317777722044618,-0.1588192438972134,24,3786,6643
0.9871850503698192,0.035482318465658,0.8728527835726768,0.3121445336012068,-0.1588685119720814,25,3786,6643
0.9960579534556312,0.0358568867961742,0.8714657363469563,0.3112699030804853,-0.1589573558076574,26,3786,6643
0.9960579534556312,0.0358568867961742,0.8714657363469563,0.3112699030804853,-0.1589573558076574,27,3786,6643
0.9960579534556312,0.0358568867961742,0.8714657363469563,0.3112699030804853,-0.1589573558076574,28,3786,6643
0.9880051187336196,0.0358548222159833,0.8713637336989566,0.3059908109609399,-0.1593561064816769,29,3786,6643
0.9880051187336196,0.0358548222159833,0.8713637336989566,0.3059908109609399,-0.1593561064816769,30,3786,6643
0.9880051187336196,0.0358548222159833,0.8713637336989566,0.3059908109609399,-0.1593561064816769,31,3786,6643
0.9880051187336196,0.0358548222159833,0.8713637336989566,0.3059908109609399,-0.1593561064816769,32,3786,6643
0.9880051187336196,0.0358548222159833,0.8713637336989566,0.3059908109609399,-0.1593561064816769,33,3786,6643
0.9880051187336196,0.0358548222159833,0.8713637336989566,0.3059908109609399,-0.1593561064816769,34,3786,6643
0.9880051187336196,0.0358548222159833,0.8713637336989566,0.3059908109609399,-0.1593561064816769,35,3786,6643
0.9880051187336196,0.0358548222159833,0.8713637336989566,0.3059908109609399,-0.1593561064816769,36,3786,6643
0.9880051187336196,0.0358548222159833,0.8713637336989566,0.3059908109609399,-0.1593561064816769,37,3786,6643
0.9880051187336196,0.0358548222159833,0.8713637336989566,0.3059908109609399,-0.1593561064816769,38,3786,6643
0.9880051187336196,0.0358548222159833,0.8713637336989566,0.3059908109609399,-0.1593561064816769,39,3786,6643
0.9880051187336196,0.0358548222159833,0.8713637336989566,0.3059908109609399,-0.1593561064816769,40,3786,6643
0.9880051187336196,0.0358548222159833,0.8713637336989566,0.3059908109609399,-0.1593561064816769,41,3786,6643
0.9880051187336196,0.0358548222159833,0.8713637336989566,0.3059908109609399,-0.1593561064816769,42,3786,6643
0.9880051187336196,0.0358548222159833,0.8713637336989566,0.3059908109609399,-0.1593561064816769,43,3786,6643
0.9880051187336196,0.0358548222159833,0.8713637336989566,0.3059908109609399,-0.1593561064816769,44,3786,6643
0.9880051187336196,0.0358548222159833,0.8713637336989566,0.3059908109609399,-0.1593561064816769,45,3786,6643
0.9880051187336196,0.0358548222159833,0.8713637336989566,0.3059908109609399,-0.1593561064816769,46,3786,6643
0.9880051187336196,0.0358548222159833,0.8713637336989566,0.3059908109609399,-0.1593561064816769,47,3786,6643
0.9880051187336196,0.0358548222159833,0.8713637336989566,0.3059908109609399,-0.1593561064816769,48,3786,6643
0.9880051187336196,0.0358548222159833,0.8713637336989566,0.3059908109609399,-0.1593561064816769,49,3786,6643
0.9880051187336196,0.0358548222159833,0.8713637336989566,0.3059908109609399,-0.1593561064816769,50,3786,6643
0.5895020620840481,0.1244603325154798,0.9541513368666424,0.3992910134865952,-0.129487307042822,0,3786,7357
0.2740483886137183,0.1172688137050984,0.5462497892469849,0.27713333487199,-0.1341995588727636,1,3786,7357
0.2625921980237429,0.0721519202130854,0.8554000981274426,0.1337999373785766,-0.1351210229157806,2,3786,7357
0.2657674962174263,0.0596684990065988,0.8638083204143786,0.1475197348959455,-0.1427278894337675,3,3786,7357
0.2657674962174263,0.0596684990065988,0.8638083204143786,0.1475197348959455,-0.1427278894337675,4,3786,7357
0.2657674962174263,0.0596684990065988,0.8638083204143786,0.1475197348959455,-0.1427278894337675,5,3786,7357
0.988212595682694,0.106446031117643,0.9044730780797798,0.1556217824612787,-0.1523174313914353,6,3786,7357
0.988212595682694,0.106446031117643,0.9044730780797798,0.1556217824612787,-0.1523174313914353,7,3786,7357
0.986320587941349,0.1269515679705025,0.8994437664488577,0.3613690650689035,-0.1530506978194671,8,3786,7357
0.986320587941349,0.1269515679705025,0.8994437664488577,0.3613690650689035,-0.1530506978194671,9,3786,7357
0.988212595682694,0.106446031117643,0.8878462965559514,0.1559911286146,-0.1535584648097621,10,3786,7357
0.986320587941349,0.1589500232018236,0.8900201593157631,0.2777420521508814,-0.1546396620968075,11,3786,7357
0.995915095339026,0.1005313332665637,0.8738849116598083,0.4125497880803951,-0.159764398245426,12,3786,7357
0.995915095339026,0.1005313332665637,0.8738849116598083,0.4125497880803951,-0.159764398245426,13,3786,7357
0.995915095339026,0.1005313332665637,0.8736795611059134,0.2541925017985866,-0.1616959282638954,14,3786,7357
0.9876392384715198,0.0884601612260765,0.8712557022489793,0.281430325364341,-0.1620883254405696,15,3786,7357
0.9876392384715198,0.0884601612260765,0.8712557022489793,0.281430325364341,-0.1620883254405696,16,3786,7357
0.9876392384715198,0.1180044417231976,0.8712557022489793,0.2818757615110366,-0.1624729163867145,17,3786,7357
0.9876392384715198,0.1180044417231976,0.8712557022489793,0.2818757615110366,-0.1624729163867145,18,3786,7357
0.9876392384715198,0.1180044417231976,0.8712557022489793,0.2818757615110366,-0.1624729163867145,19,3786,7357
0.9876392384715198,0.1180044417231976,0.8712557022489793,0.2818757615110366,-0.1624729163867145,20,3786,7357
0.9876392384715198,0.1180044417231976,0.8712557022489793,0.2818757615110366,-0.1624729163867145,21,3786,7357
0.9876392384715198,0.1180044417231976,0.8712557022489793,0.2818757615110366,-0.1624729163867145,22,3786,7357
0.9876392384715198,0.1180044417231976,0.8712557022489793,0.2818757615110366,-0.1624729163867145,23,3786,7357
0.9876392384715198,0.1180044417231976,0.8712557022489793,0.2818757615110366,-0.1624729163867145,24,3786,7357
0.9998188693274856,0.094011535745824,0.8730599559665021,0.2822274956600189,-0.1625040261194094,25,3786,7357
0.9998188693274856,0.094011535745824,0.8730599559665021,0.2822274956600189,-0.1625040261194094,26,3786,7357
0.9998188693274856,0.094011535745824,0.8730599559665021,0.2822274956600189,-0.1625040261194094,27,3786,7357
0.9998188693274856,0.094011535745824,0.8730599559665021,0.2822274956600189,-0.1625040261194094,28,3786,7357
0.9974359422421012,0.093997620629462,0.8704237766693752,0.2818835473177071,-0.1628578079940973,29,3786,7357
0.9974359422421012,0.093997620629462,0.8704237766693752,0.2818835473177071,-0.1628578079940973,30,3786,7357
0.9974359422421012,0.093997620629462,0.8704237766693752,0.2818835473177071,-0.1628578079940973,31,3786,7357
0.9974359422421012,0.093997620629462,0.8704237766693752,0.2818835473177071,-0.1628578079940973,32,3786,7357
0.993795594942807,0.093789897769542,0.8708755159029032,0.2818863557972675,-0.16300499334117,33,3786,7357
0.993795594942807,0.093789897769542,0.8708755159029032,0.2818863557972675,-0.16300499334117,34,3786,7357
0.993795594942807,0.093789897769542,0.8708755159029032,0.2818863557972675,-0.16300499334117,35,3786,7357
0.993795594942807,0.093789897769542,0.8708755159029032,0.2818863557972675,-0.16300499334117,36,3786,7357
0.993795594942807,0.093789897769542,0.8708755159029032,0.2818863557972675,-0.16300499334117,37,3786,7357
0.993795594942807,0.093789897769542,0.8708755159029032,0.2818863557972675,-0.16300499334117,38,3786,7357
0.993795594942807,0.093789897769542,0.8708755159029032,0.2818863557972675,-0.16300499334117,39,3786,7357
0.993795594942807,0.093789897769542,0.8708755159029032,0.2818863557972675,-0.16300499334117,40,3786,7357
0.993795594942807,0.093789897769542,0.8708755159029032,0.2818863557972675,-0.16300499334117,41,3786,7357
0.993795594942807,0.093789897769542,0.8708755159029032,0.2818863557972675,-0.16300499334117,42,3786,7357
0.993795594942807,0.093789897769542,0.8708755159029032,0.2818863557972675,-0.16300499334117,43,3786,7357
0.993795594942807,0.093789897769542,0.8708755159029032,0.2818863557972675,-0.16300499334117,44,3786,7357
0.993795594942807,0.093789897769542,0.8708755159029032,0.2818863557972675,-0.16300499334117,45,3786,7357
0.993795594942807,0.093789897769542,0.8708755159029032,0.2818863557972675,-0.16300499334117,46,3786,7357
0.993795594942807,0.093789897769542,0.8708755159029032,0.2818863557972675,-0.16300499334117,47,3786,7357
0.993795594942807,0.093789897769542,0.8708755159029032,0.2818863557972675,-0.16300499334117,48,3786,7357
0.993795594942807,0.093789897769542,0.8708755159029032,0.2818863557972675,-0.16300499334117,49,3786,7357
0.993795594942807,0.093789897769542,0.8708755159029032,0.2818863557972675,-0.16300499334117,50,3786,7357
0.993795594942807,0.093789897769542,0.8708755159029032,0.2818863557972675,-0.16300499334117,51,3786,7357
0.993795594942807,0.093789897769542,0.8708755159029032,0.2818863557972675,-0.16300499334117,52,3786,7357
0.993795594942807,0.093789897769542,0.8708755159029032,0.2818863557972675,-0.16300499334117,53,3786,7357
0.993795594942807,0.093789897769542,0.8708755159029032,0.2818863557972675,-0.16300499334117,54,3786,7357
0.993795594942807,0.093789897769542,0.8708755159029032,0.2818863557972675,-0.16300499334117,55,3786,7357
0.993795594942807,0.093789897769542,0.8708755159029032,0.2818863557972675,-0.16300499334117,56,3786,7357
0.993795594942807,0.093789897769542,0.8708755159029032,0.2818863557972675,-0.16300499334117,57,3786,7357
0.993795594942807,0.093789897769542,0.8708755159029032,0.2818863557972675,-0.16300499334117,58,3786,7357
0.4091991363691613,0.1645072664741013,0.9409341876619016,0.09771565758439,-0.1170098935961341,0,3786,8072
0.4091991363691613,0.1645072664741013,0.9409341876619016,0.09771565758439,-0.1170098935961341,1,3786,8072
0.4091991363691613,0.1580570729864715,0.9409341876619016,0.1150561620977761,-0.1187001494342331,2,3786,8072
0.1704959697550431,0.0632491804236319,0.9119052600442518,0.3134427321151217,-0.1252406841406903,3,3786,8072
0.8075946952835502,0.0862029459898292,0.8997105100363185,0.1266718679912868,-0.125504116108018,4,3786,8072
0.8265094862819757,0.0862029459898292,0.8997105100363185,0.1257331974030075,-0.1260436131954567,5,3786,8072
0.9102359931287132,0.1426624777620358,0.8666470208284901,0.3140710130215572,-0.1290918426349192,6,3786,8072
0.8264906802213423,0.1776114223247354,0.9119052600442518,0.3134427321151217,-0.1304409075466407,7,3786,8072
0.983942615123042,0.1379975981381275,0.9318942131653776,0.3085943776037484,-0.1356307383188982,8,3786,8072
0.9918768028376296,0.0683455593024839,0.9133150564918334,0.3195536963182467,-0.137926234337129,9,3786,8072
0.983942615123042,0.1238004756338544,0.872432641434781,0.2780285802520773,-0.1421913092144838,10,3786,8072
0.983942615123042,0.1238004756338544,0.872432641434781,0.2780285802520773,-0.1421913092144838,11,3786,8072
0.983942615123042,0.1238004756338544,0.872432641434781,0.2780285802520773,-0.1421913092144838,12,3786,8072
0.9838558147903892,0.0862029459898292,0.871282976216598,0.2656511844050881,-0.1436815196167147,13,3786,8072
0.9838558147903892,0.0862029459898292,0.871282976216598,0.2656511844050881,-0.1436815196167147,14,3786,8072
0.987463360146842,0.0340099659564736,0.8980645549638582,0.3120469612223958,-0.1439570244325058,15,3786,8072
0.9907932641029504,0.0930380304956174,0.8718526041504249,0.2982759857514602,-0.1442516215770656,16,3786,8072
0.9907932641029504,0.0930380304956174,0.8718526041504249,0.2982759857514602,-0.1442516215770656,17,3786,8072
0.994202895990295,0.0962108789373743,0.8708772927931513,0.3022488715482301,-0.1453908247382444,18,3786,8072
0.994202895990295,0.0962108789373743,0.8708772927931513,0.3022488715482301,-0.1453908247382444,19,3786,8072
0.994202895990295,0.0962108789373743,0.8708772927931513,0.3022488715482301,-0.1453908247382444,20,3786,8072
0.994202895990295,0.0962108789373743,0.8708772927931513,0.3022488715482301,-0.1453908247382444,21,3786,8072
0.994202895990295,0.0962108789373743,0.8708772927931513,0.3022488715482301,-0.1453908247382444,22,3786,8072
0.994202895990295,0.0962108789373743,0.8708772927931513,0.3022488715482301,-0.1453908247382444,23,3786,8072
0.994202895990295,0.0962108789373743,0.8708772927931513,0.3022488715482301,-0.1453908247382444,24,3786,8072
0.994202895990295,0.0962108789373743,0.8708772927931513,0.3022488715482301,-0.1453908247382444,25,3786,8072
0.994202895990295,0.0962108789373743,0.8708772927931513,0.3022488715482301,-0.1453908247382444,26,3786,8072
0.994202895990295,0.0962108789373743,0.8708772927931513,0.3022488715482301,-0.1453908247382444,27,3786,8072
0.994202895990295,0.0962108789373743,0.8708772927931513,0.3022488715482301,-0.1453908247382444,28,3786,8072
0.994202895990295,0.0962108789373743,0.8708772927931513,0.3022488715482301,-0.1453908247382444,29,3786,8072
0.994202895990295,0.0962108789373743,0.8708772927931513,0.3022488715482301,-0.1453908247382444,30,3786,8072
0.994202895990295,0.0962108789373743,0.8708772927931513,0.3022488715482301,-0.1453908247382444,31,3786,8072
0.994202895990295,0.0962108789373743,0.8708772927931513,0.3022488715482301,-0.1453908247382444,32,3786,8072
0.994202895990295,0.0962108789373743,0.8708772927931513,0.3022488715482301,-0.1453908247382444,33,3786,8072
0.994202895990295,0.0962108789373743,0.8708772927931513,0.3022488715482301,-0.1453908247382444,34,3786,8072
0.994202895990295,0.0962108789373743,0.8708772927931513,0.3022488715482301,-0.1453908247382444,35,3786,8072
0.994202895990295,0.0962108789373743,0.8708772927931513,0.3022488715482301,-0.1453908247382444,36,3786,8072
0.999039200072144,0.0338443927142247,0.8712719285315839,0.3006557275268242,-0.1456194435860662,37,3786,8072
0.999039200072144,0.0338443927142247,0.8712719285315839,0.3006557275268242,-0.1456194435860662,38,3786,8072
0.999039200072144,0.0338443927142247,0.8712719285315839,0.3006557275268242,-0.1456194435860662,39,3786,8072
0.9958567035169316,0.0354488140862993,0.8709657782051962,0.3027806572888713,-0.1462924774709824,40,3786,8072
0.9958567035169316,0.0354488140862993,0.8709657782051962,0.3027806572888713,-0.1462924774709824,41,3786,8072
0.9958567035169316,0.0354488140862993,0.8709657782051962,0.3027806572888713,-0.1462924774709824,42,3786,8072
0.9958567035169316,0.0354488140862993,0.8709657782051962,0.3027806572888713,-0.1462924774709824,43,3786,8072
0.9958567035169316,0.0354488140862993,0.8709657782051962,0.3027806572888713,-0.1462924774709824,44,3786,8072
0.9958567035169316,0.0354488140862993,0.8709657782051962,0.3027806572888713,-0.1462924774709824,45,3786,8072
0.9958567035169316,0.0354488140862993,0.8709657782051962,0.3027806572888713,-0.1462924774709824,46,3786,8072
0.9958567035169316,0.0354488140862993,0.8709657782051962,0.3027806572888713,-0.1462924774709824,47,3786,8072
0.9958567035169316,0.0354488140862993,0.8709657782051962,0.3027806572888713,-0.1462924774709824,48,3786,8072
0.9958567035169316,0.0354488140862993,0.8709657782051962,0.3027806572888713,-0.1462924774709824,49,3786,8072
0.9958567035169316,0.0354488140862993,0.8709657782051962,0.3027806572888713,-0.1462924774709824,50,3786,8072
0.9958567035169316,0.0354488140862993,0.8709657782051962,0.3027806572888713,-0.1462924774709824,51,3786,8072
0.9958567035169316,0.0354488140862993,0.8709657782051962,0.3027806572888713,-0.1462924774709824,52,3786,8072
0.9958567035169316,0.0354488140862993,0.8709657782051962,0.3027806572888713,-0.1462924774709824,53,3786,8072
0.9958567035169316,0.0354488140862993,0.8709657782051962,0.3027806572888713,-0.1462924774709824,54,3786,8072
0.9958567035169316,0.0354488140862993,0.8709657782051962,0.3027806572888713,-0.1462924774709824,55,3786,8072
0.9958567035169316,0.0354488140862993,0.8709657782051962,0.3027806572888713,-0.1462924774709824,56,3786,8072
0.9958567035169316,0.0354488140862993,0.8709657782051962,0.3027806572888713,-0.1462924774709824,57,3786,8072
0.9958567035169316,0.0354488140862993,0.8709657782051962,0.3027806572888713,-0.1462924774709824,58,3786,8072
0.9958567035169316,0.0354488140862993,0.8709657782051962,0.3027806572888713,-0.1462924774709824,59,3786,8072
0.9958567035169316,0.0354488140862993,0.8709657782051962,0.3027806572888713,-0.1462924774709824,60,3786,8072
0.9958567035169316,0.0354488140862993,0.8709657782051962,0.3027806572888713,-0.1462924774709824,61,3786,8072
0.9958567035169316,0.0354488140862993,0.8709657782051962,0.3027806572888713,-0.1462924774709824,62,3786,8072
0.5895020620840481,0.1244603325154798,0.9541513368666424,0.3992910134865952,-0.1503691085508874,0,4500,3072
0.2740483886137183,0.1172688137050984,0.5462497892469849,0.27713333487199,-0.1541505198966782,1,4500,3072
0.9906053675433736,0.0788657933167732,0.5738105306365485,0.3764151457259905,-0.1606993556162852,2,4500,3072
0.3711048952832948,0.1058116278022792,0.5479050060864278,0.2771897400747354,-0.163614881076243,3,4500,3072
0.3711048952832948,0.1058116278022792,0.5479050060864278,0.2771897400747354,-0.163614881076243,4,4500,3072
0.5785686293294564,0.0773636901665193,0.9088349018747304,0.327480535904154,-0.1636435653287433,5,4500,3072
0.6889193592159448,0.0658520416720439,0.9088349018747304,0.327480535904154,-0.1648195219129057,6,4500,3072
0.990689483078672,0.0788657933167732,0.8926290651843563,0.4020096334074882,-0.1667053604101937,7,4500,3072
0.990689483078672,0.0788657933167732,0.8926290651843563,0.4020096334074882,-0.1667053604101937,8,4500,3072
0.990689483078672,0.0788657933167732,0.8926290651843563,0.4020096334074882,-0.1667053604101937,9,4500,3072
0.9882323518828068,0.0660639913700349,0.8927565556005022,0.3305888450800924,-0.1731915032881113,10,4500,3072
0.9882323518828068,0.0660639913700349,0.8927565556005022,0.3305888450800924,-0.1731915032881113,11,4500,3072
0.9882323518828068,0.0660639913700349,0.8927565556005022,0.3305888450800924,-0.1731915032881113,12,4500,3072
0.9882323518828068,0.0660639913700349,0.8927565556005022,0.3305888450800924,-0.1731915032881113,13,4500,3072
0.9882323518828068,0.0660639913700349,0.8927565556005022,0.3305888450800924,-0.1731915032881113,14,4500,3072
0.9882323518828068,0.0533600311678387,0.8927565556005022,0.3305752302417313,-0.173406711752814,15,4500,3072
0.9884655368087432,0.0457517438065869,0.8799269195206529,0.3683938301093858,-0.1734202424129712,16,4500,3072
0.9884655368087432,0.0457517438065869,0.8799269195206529,0.3683938301093858,-0.1734202424129712,17,4500,3072
0.9884655368087432,0.0457517438065869,0.8799269195206529,0.3683938301093858,-0.1734202424129712,18,4500,3072
0.9882323518828068,0.0357625998601149,0.8871739901629885,0.3617920820212874,-0.1734849790551447,19,4500,3072
0.9988083052770034,0.0478216428178765,0.901495184865649,0.355911607861256,-0.1737764506004673,20,4500,3072
0.9988083052770034,0.0478216428178765,0.901495184865649,0.355911607861256,-0.1737764506004673,21,4500,3072
0.9988083052770034,0.0478216428178765,0.901495184865649,0.355911607861256,-0.1737764506004673,22,4500,3072
0.9963642326985412,0.0361453425973411,0.9094392738989564,0.3593101934302426,-0.1738057955428896,23,4500,3072
0.9963642326985412,0.0361453425973411,0.9094392738989564,0.3593101934302426,-0.1738057955428896,24,4500,3072
0.9963642326985412,0.0361453425973411,0.9094392738989564,0.3593101934302426,-0.1738057955428896,25,4500,3072
0.9963642326985412,0.0361453425973411,0.9094392738989564,0.3593101934302426,-0.1738057955428896,26,4500,3072
0.9869556290397172,0.0361453425973411,0.9031405492352382,0.3597709762060208,-0.1738411872426408,27,4500,3072
0.9869556290397172,0.0361453425973411,0.9031405492352382,0.3597709762060208,-0.1738411872426408,28,4500,3072
0.9869556290397172,0.0361453425973411,0.9031405492352382,0.3597709762060208,-0.1738411872426408,29,4500,3072
0.9869556290397172,0.0361453425973411,0.9031405492352382,0.3597709762060208,-0.1738411872426408,30,4500,3072
0.9869556290397172,0.0361453425973411,0.9031405492352382,0.3597709762060208,-0.1738411872426408,31,4500,3072
0.9869556290397172,0.0361453425973411,0.9031405492352382,0.3597709762060208,-0.1738411872426408,32,4500,3072
0.9869556290397172,0.0361453425973411,0.9031405492352382,0.3597709762060208,-0.1738411872426408,33,4500,3072
0.9869556290397172,0.0361453425973411,0.9031405492352382,0.3597709762060208,-0.1738411872426408,34,4500,3072
0.9869556290397172,0.0361453425973411,0.9031405492352382,0.3597709762060208,-0.1738411872426408,35,4500,3072
0.9869556290397172,0.0361453425973411,0.9031405492352382,0.3597709762060208,-0.1738411872426408,36,4500,3072
0.9869556290397172,0.0361453425973411,0.9031405492352382,0.3597709762060208,-0.1738411872426408,37,4500,3072
0.9869556290397172,0.0361453425973411,0.9031405492352382,0.3597709762060208,-0.1738411872426408,38,4500,3072
0.9869556290397172,0.0361453425973411,0.9031405492352382,0.3597709762060208,-0.1738411872426408,39,4500,3072
0.9869556290397172,0.0361453425973411,0.9031405492352382,0.3597709762060208,-0.1738411872426408,40,4500,3072
0.9869556290397172,0.0361453425973411,0.9031405492352382,0.3597709762060208,-0.1738411872426408,41,4500,3072
0.9869556290397172,0.0361453425973411,0.9031405492352382,0.3597709762060208,-0.1738411872426408,42,4500,3072
0.9869556290397172,0.0361453425973411,0.9031405492352382,0.3597709762060208,-0.1738411872426408,43,4500,3072
0.9869556290397172,0.0361453425973411,0.9031405492352382,0.3597709762060208,-0.1738411872426408,44,4500,3072
0.9869556290397172,0.0361453425973411,0.9031405492352382,0.3597709762060208,-0.1738411872426408,45,4500,3072
0.9869556290397172,0.0361453425973411,0.9031405492352382,0.3597709762060208,-0.1738411872426408,46,4500,3072
0.9869556290397172,0.0361453425973411,0.9031405492352382,0.3597709762060208,-0.1738411872426408,47,4500,3072
0.9869556290397172,0.0361453425973411,0.9031405492352382,0.3597709762060208,-0.1738411872426408,48,4500,3072
0.1158656124707703,0.0731900723909659,0.6303177554434782,0.3867305731718615,-0.145864248318596,0,4500,3786
0.2740483886137183,0.1172688137050984,0.5462497892469849,0.27713333487199,-0.1483784584792805,1,4500,3786
0.2740483886137183,0.1172688137050984,0.5462497892469849,0.27713333487199,-0.1483784584792805,2,4500,3786
0.2740483886137183,0.1111690562407125,0.8743431114396607,0.3512669304158653,-0.1596452236544772,3,4500,3786
0.2740483886137183,0.1111690562407125,0.8743431114396607,0.3512669304158653,-0.1596452236544772,4,4500,3786
0.2740483886137183,0.1111690562407125,0.8743431114396607,0.3512669304158653,-0.1596452236544772,5,4500,3786
0.2927310486931974,0.1111690562407125,0.9032936425103154,0.3512669304158653,-0.1619034950078485,6,4500,3786
0.3199261302733167,0.1111690562407125,0.9032936425103154,0.375063612511848,-0.1621227905533965,7,4500,3786
0.1784766452657599,0.1312616705160434,0.8903432757014907,0.3593942804936286,-0.1633047099392625,8,4500,3786
0.0375429354381828,0.0715341378659244,0.8938199742001415,0.3830730109910905,-0.1637364626107219,9,4500,3786
0.0375429354381828,0.0715341378659244,0.8938199742001415,0.3830730109910905,-0.1637364626107219,10,4500,3786
0.1771882054609603,0.046812755647943,0.8837673407823329,0.3697501766251913,-0.1640013909348227,11,4500,3786
0.1964264824156908,0.0473374150796506,0.8904416101344348,0.3593942804936286,-0.1647420650202708,12,4500,3786
0.1964264824156908,0.0473374150796506,0.8904416101344348,0.3593942804936286,-0.1647420650202708,13,4500,3786
0.1930215661975337,0.0361315239880204,0.9047199917467912,0.3670280687163271,-0.1651933775583149,14,4500,3786
0.1943305061324696,0.1110323620603521,0.9095785447287046,0.3607532846877215,-0.1652448453569462,15,4500,3786
0.1943305061324696,0.0973692909067925,0.9096153915357612,0.3607532846877215,-0.1652592304785386,16,4500,3786
0.1943305061324696,0.0973692909067925,0.9096153915357612,0.3607532846877215,-0.1652592304785386,17,4500,3786
0.1930215661975337,0.0361315239880204,0.9066187769401906,0.3924099605136644,-0.1653866658226774,18,4500,3786
0.1871010820091146,0.0364004294191431,0.9101964293712652,0.3859808048697022,-0.1655036385934868,19,4500,3786
0.1871010820091146,0.0364004294191431,0.9101964293712652,0.3859808048697022,-0.1655036385934868,20,4500,3786
0.1930215661975337,0.0361315239880204,0.9103156849152432,0.3859920940135913,-0.165512071394019,21,4500,3786
0.1930215661975337,0.0361315239880204,0.9103156849152432,0.3859920940135913,-0.165512071394019,22,4500,3786
0.1930215661975337,0.0361315239880204,0.9103156849152432,0.3859920940135913,-0.165512071394019,23,4500,3786
0.1930215661975337,0.0361315239880204,0.9103156849152432,0.3859920940135913,-0.165512071394019,24,4500,3786
0.1930215661975337,0.0361315239880204,0.9103156849152432,0.3859920940135913,-0.165512071394019,25,4500,3786
0.1930215661975337,0.0361315239880204,0.9103156849152432,0.3859920940135913,-0.165512071394019,26,4500,3786
0.1939094686719825,0.0358678920144122,0.9103617903430128,0.4292998585319568,-0.1655192617097519,27,4500,3786
0.1939094686719825,0.0358678920144122,0.9103617903430128,0.4292998585319568,-0.1655192617097519,28,4500,3786
0.1863767041377967,0.0354647430117237,0.9106053352650362,0.4305707255974874,-0.1656326847351268,29,4500,3786
0.1863767041377967,0.0354647430117237,0.9106053352650362,0.4305707255974874,-0.1656326847351268,30,4500,3786
0.1863767041377967,0.0354647430117237,0.9106053352650362,0.4305707255974874,-0.1656326847351268,31,4500,3786
0.1863767041377967,0.0354647430117237,0.9106053352650362,0.4305707255974874,-0.1656326847351268,32,4500,3786
0.1863767041377967,0.0354647430117237,0.9106053352650362,0.4305707255974874,-0.1656326847351268,33,4500,3786
0.1863767041377967,0.0354647430117237,0.9106053352650362,0.4305707255974874,-0.1656326847351268,34,4500,3786
0.1863767041377967,0.0354647430117237,0.9106053352650362,0.4305707255974874,-0.1656326847351268,35,4500,3786
0.1863767041377967,0.0354647430117237,0.9106053352650362,0.4305707255974874,-0.1656326847351268,36,4500,3786
0.1863767041377967,0.0354647430117237,0.9106053352650362,0.4305707255974874,-0.1656326847351268,37,4500,3786
0.1863767041377967,0.0354647430117237,0.9106053352650362,0.4305707255974874,-0.1656326847351268,38,4500,3786
0.1863767041377967,0.0354647430117237,0.9106053352650362,0.4305707255974874,-0.1656326847351268,39,4500,3786
0.1863767041377967,0.0354647430117237,0.9106053352650362,0.4305707255974874,-0.1656326847351268,40,4500,3786
0.1929424121511734,0.0360766914629216,0.9094162615887036,0.4305820552451437,-0.1657188141216528,41,4500,3786
0.1929424121511734,0.0360766914629216,0.9094162615887036,0.4305820552451437,-0.1657188141216528,42,4500,3786
0.1929424121511734,0.0360766914629216,0.9094162615887036,0.4305820552451437,-0.1657188141216528,43,4500,3786
0.1929424121511734,0.0360766914629216,0.9094162615887036,0.4305820552451437,-0.1657188141216528,44,4500,3786
0.1929424121511734,0.0360766914629216,0.9094162615887036,0.4305820552451437,-0.1657188141216528,45,4500,3786
0.1929424121511734,0.0360766914629216,0.9094162615887036,0.4305820552451437,-0.1657188141216528,46,4500,3786
0.1929424121511734,0.0360766914629216,0.9094162615887036,0.4305820552451437,-0.1657188141216528,47,4500,3786
0.1929424121511734,0.0360766914629216,0.9094162615887036,0.4305820552451437,-0.1657188141216528,48,4500,3786
0.1929424121511734,0.0360766914629216,0.9094162615887036,0.4305820552451437,-0.1657188141216528,49,4500,3786
0.1929424121511734,0.0360766914629216,0.9094162615887036,0.4305820552451437,-0.1657188141216528,50,4500,3786
0.1929424121511734,0.0360766914629216,0.9094162615887036,0.4305820552451437,-0.1657188141216528,51,4500,3786
0.1929424121511734,0.0360766914629216,0.9094162615887036,0.4305820552451437,-0.1657188141216528,52,4500,3786
0.1929424121511734,0.0360766914629216,0.9094162615887036,0.4305820552451437,-0.1657188141216528,53,4500,3786
0.1929424121511734,0.0360766914629216,0.9094162615887036,0.4305820552451437,-0.1657188141216528,54,4500,3786
0.1929424121511734,0.0360766914629216,0.9094162615887036,0.4305820552451437,-0.1657188141216528,55,4500,3786
0.1929424121511734,0.0360766914629216,0.9094162615887036,0.4305820552451437,-0.1657188141216528,56,4500,3786
0.1929424121511734,0.0360766914629216,0.9094162615887036,0.4305820552451437,-0.1657188141216528,57,4500,3786
0.1929424121511734,0.0360766914629216,0.9094162615887036,0.4305820552451437,-0.1657188141216528,58,4500,3786
0.1929424121511734,0.0360766914629216,0.9094162615887036,0.4305820552451437,-0.1657188141216528,59,4500,3786
0.1929424121511734,0.0360766914629216,0.9094162615887036,0.4305820552451437,-0.1657188141216528,60,4500,3786
0.1929424121511734,0.0360766914629216,0.9094162615887036,0.4305820552451437,-0.1657188141216528,61,4500,3786
0.1929424121511734,0.0360766914629216,0.9094162615887036,0.4305820552451437,-0.1657188141216528,62,4500,3786
0.1929424121511734,0.0360766914629216,0.9094162615887036,0.4305820552451437,-0.1657188141216528,63,4500,3786
0.1929424121511734,0.0360766914629216,0.9094162615887036,0.4305820552451437,-0.1657188141216528,64,4500,3786
0.1929424121511734,0.0360766914629216,0.9094162615887036,0.4305820552451437,-0.1657188141216528,65,4500,3786
0.1929424121511734,0.0360766914629216,0.9094162615887036,0.4305820552451437,-0.1657188141216528,66,4500,3786
0.5895020620840481,0.1244603325154798,0.9541513368666424,0.3992910134865952,-0.1166922855866972,0,4500,4500
0.2740483886137183,0.1172688137050984,0.5462497892469849,0.27713333487199,-0.1171972840927299,1,4500,4500
0.2740483886137183,0.1172688137050984,0.5462497892469849,0.27713333487199,-0.1171972840927299,2,4500,4500
0.0889694829901481,0.1227575030321559,0.9632173119145342,0.3942673592695033,-0.1215525627752103,3,4500,4500
0.9412377167681863,0.1645072664741013,0.9288139679838276,0.3603973393708701,-0.1221504987620969,4,4500,4500
0.2699905334435084,0.089187835453464,0.9370753834171384,0.3172352342421373,-0.1293142486403603,5,4500,4500
0.2699905334435084,0.089187835453464,0.9370753834171384,0.3172352342421373,-0.1293142486403603,6,4500,4500
0.2699905334435084,0.089187835453464,0.9370753834171384,0.3172352342421373,-0.1293142486403603,7,4500,4500
0.0889694829901481,0.1221343525290289,0.9415075090421756,0.2932900489027194,-0.1316088421306161,8,4500,4500
0.0889694829901481,0.1221343525290289,0.9415075090421756,0.2932900489027194,-0.1316088421306161,9,4500,4500
0.1221132657786707,0.0536515750127175,0.9016781482410908,0.3258331829630869,-0.1317946574063571,10,4500,4500
0.1021801426047109,0.0530976084035911,0.8844881008169608,0.3446251890931223,-0.1326918884629919,11,4500,4500
0.0789337259342758,0.051856019758127,0.8882933371272446,0.3439916583703981,-0.1336914277136455,12,4500,4500
0.0789337259342758,0.051856019758127,0.8882933371272446,0.3439916583703981,-0.1336914277136455,13,4500,4500
0.0446945577252353,0.0955575805303491,0.9109687981282166,0.3446251890931223,-0.1350044687665249,14,4500,4500
0.0877591109391525,0.1224704457708527,0.9282055211994544,0.3161754337557502,-0.135546569966152,15,4500,4500
0.0877591109391525,0.1224704457708527,0.9282055211994544,0.3161754337557502,-0.135546569966152,16,4500,4500
0.0877591109391525,0.1224704457708527,0.9282055211994544,0.3161754337557502,-0.135546569966152,17,4500,4500
0.0877591109391525,0.1224704457708527,0.9282055211994544,0.3161754337557502,-0.135546569966152,18,4500,4500
0.0728617863929172,0.118516594844995,0.9286171088948012,0.3159687942585249,-0.1359050077879451,19,4500,4500
0.0728617863929172,0.118516594844995,0.9286171088948012,0.3159687942585249,-0.1359050077879451,20,4500,4500
0.0728617863929172,0.118516594844995,0.9286171088948012,0.3159687942585249,-0.1359050077879451,21,4500,4500
0.0769679056292392,0.1193539348089467,0.9324501063541109,0.3069379663475382,-0.1361659336884281,22,4500,4500
0.0769679056292392,0.1193539348089467,0.9324501063541109,0.3069379663475382,-0.1361659336884281,23,4500,4500
0.0732214114618272,0.1190732396202507,0.9285168870877034,0.3147016346311291,-0.1362276797247282,24,4500,4500
0.0732214114618272,0.1190732396202507,0.9285168870877034,0.3147016346311291,-0.1362276797247282,25,4500,4500
0.0732214114618272,0.1190732396202507,0.9285168870877034,0.3147016346311291,-0.1362276797247282,26,4500,4500
0.0732214114618272,0.1190732396202507,0.9285168870877034,0.3147016346311291,-0.1362276797247282,27,4500,4500
0.0732214114618272,0.1190732396202507,0.9285168870877034,0.3147016346311291,-0.1362276797247282,28,4500,4500
0.0732214114618272,0.1190732396202507,0.9285168870877034,0.3147016346311291,-0.1362276797247282,29,4500,4500
0.0732214114618272,0.1190732396202507,0.9285168870877034,0.3147016346311291,-0.1362276797247282,30,4500,4500
0.0732214114618272,0.1190732396202507,0.9285168870877034,0.3147016346311291,-0.1362276797247282,31,4500,4500
0.0732214114618272,0.1190732396202507,0.9285168870877034,0.3147016346311291,-0.1362276797247282,32,4500,4500
0.0732214114618272,0.1190732396202507,0.9285168870877034,0.3147016346311291,-0.1362276797247282,33,4500,4500
0.0732214114618272,0.1190732396202507,0.9285168870877034,0.3147016346311291,-0.1362276797247282,34,4500,4500
0.0732214114618272,0.1190732396202507,0.9285168870877034,0.3147016346311291,-0.1362276797247282,35,4500,4500
0.0732214114618272,0.1190732396202507,0.9285168870877034,0.3147016346311291,-0.1362276797247282,36,4500,4500
0.0732214114618272,0.1190732396202507,0.9285168870877034,0.3147016346311291,-0.1362276797247282,37,4500,4500
0.0732214114618272,0.1190732396202507,0.9285168870877034,0.3147016346311291,-0.1362276797247282,38,4500,4500
0.0732214114618272,0.1190732396202507,0.9285168870877034,0.3147016346311291,-0.1362276797247282,39,4500,4500
0.0732214114618272,0.1190732396202507,0.9285168870877034,0.3147016346311291,-0.1362276797247282,40,4500,4500
0.0732214114618272,0.1190732396202507,0.9285168870877034,0.3147016346311291,-0.1362276797247282,41,4500,4500
0.0732214114618272,0.1190732396202507,0.9285168870877034,0.3147016346311291,-0.1362276797247282,42,4500,4500
0.0732214114618272,0.1190732396202507,0.9285168870877034,0.3147016346311291,-0.1362276797247282,43,4500,4500
0.0732214114618272,0.1190732396202507,0.9285168870877034,0.3147016346311291,-0.1362276797247282,44,4500,4500
0.0732214114618272,0.1190732396202507,0.9285168870877034,0.3147016346311291,-0.1362276797247282,45,4500,4500
0.0732214114618272,0.1190732396202507,0.9285168870877034,0.3147016346311291,-0.1362276797247282,46,4500,4500
0.0732214114618272,0.1190732396202507,0.9285168870877034,0.3147016346311291,-0.1362276797247282,47,4500,4500
0.1158656124707703,0.0731900723909659,0.6303177554434782,0.3867305731718615,-0.0945440870797992,0,4500,5214
0.1158656124707703,0.0731900723909659,0.6303177554434782,0.3461256205244711,-0.101756663513011,1,4500,5214
0.2210951664285041,0.0627179225707682,0.5614504345995998,0.2643397291323255,-0.1080566490039674,2,4500,5214
0.2210951664285041,0.0627179225707682,0.5614504345995998,0.2643397291323255,-0.1080566490039674,3,4500,5214
0.2210951664285041,0.0627179225707682,0.5614504345995998,0.2643397291323255,-0.1080566490039674,4,4500,5214
0.2210951664285041,0.045534448982876,0.562022202017449,0.2643397291323255,-0.1091275847679912,5,4500,5214
0.2699412698814836,0.0389029840075267,0.5614504345995998,0.2669981037131163,-0.1099692349330209,6,4500,5214
0.1989586933722698,0.0449865503991944,0.562022202017449,0.2643397291323255,-0.1110731496006911,7,4500,5214
0.1165074314123322,0.0378623260525604,0.5619224445574683,0.3009174619967395,-0.1144731137752498,8,4500,5214
0.1989586933722698,0.0449865503991944,0.6958069451721426,0.3187784779299992,-0.1146623876571547,9,4500,5214
0.0695365434848285,0.0371253578309117,0.5886604898837844,0.2669981037131163,-0.1153850168618047,10,4500,5214
0.0695365434848285,0.0371253578309117,0.5886604898837844,0.2669981037131163,-0.1153850168618047,11,4500,5214
0.1043339833646199,0.0378203139114324,0.562046612467072,0.3139279091840231,-0.1175590665941721,12,4500,5214
0.0801638002656151,0.0378607609687365,0.562044633369788,0.3120988704568783,-0.1183373961875263,13,4500,5214
0.0801638002656151,0.0378607609687365,0.562044633369788,0.3120988704568783,-0.1183373961875263,14,4500,5214
0.0801638002656151,0.0378607609687365,0.562044633369788,0.3120988704568783,-0.1183373961875263,15,4500,5214
0.0801638002656151,0.0378607609687365,0.562044633369788,0.3120988704568783,-0.1183373961875263,16,4500,5214
0.0801638002656151,0.0378607609687365,0.562044633369788,0.3120988704568783,-0.1183373961875263,17,4500,5214
0.0695365434848285,0.0385999927195771,0.7006625182469762,0.3171120530229256,-0.1187296578505925,18,4500,5214
0.0801638002656151,0.0378574740318273,0.6941842403531018,0.3120988704568783,-0.1188654264817514,19,4500,5214
0.0801638002656151,0.0378574740318273,0.6941842403531018,0.3120988704568783,-0.1188654264817514,20,4500,5214
0.0801638002656151,0.0378574740318273,0.6941842403531018,0.3120988704568783,-0.1188654264817514,21,4500,5214
0.0801638002656151,0.0378574740318273,0.6941842403531018,0.3120988704568783,-0.1188654264817514,22,4500,5214
0.0801638002656151,0.0378574740318273,0.6941842403531018,0.3120988704568783,-0.1188654264817514,23,4500,5214
0.0801638002656151,0.0378574740318273,0.6941842403531018,0.3120988704568783,-0.1188654264817514,24,4500,5214
0.0801638002656151,0.0378574740318273,0.6941842403531018,0.3120988704568783,-0.1188654264817514,25,4500,5214
0.0801638002656151,0.0378574740318273,0.6941842403531018,0.3120988704568783,-0.1188654264817514,26,4500,5214
0.0801638002656151,0.0378574740318273,0.6941842403531018,0.3120988704568783,-0.1188654264817514,27,4500,5214
0.0801638002656151,0.0378574740318273,0.6941842403531018,0.3120988704568783,-0.1188654264817514,28,4500,5214
0.0801638002656151,0.0378574740318273,0.6941842403531018,0.3120988704568783,-0.1188654264817514,29,4500,5214
0.0801638002656151,0.0378574740318273,0.6941842403531018,0.3120988704568783,-0.1188654264817514,30,4500,5214
0.0801638002656151,0.0378574740318273,0.6941842403531018,0.3120988704568783,-0.1188654264817514,31,4500,5214
0.0801666909530801,0.0383167962989439,0.6941518647081782,0.3215634725167015,-0.1188984942634267,32,4500,5214
0.0801666909530801,0.0383167962989439,0.6941518647081782,0.3215634725167015,-0.1188984942634267,33,4500,5214
0.0801666909530801,0.0383167962989439,0.6941518647081782,0.3215634725167015,-0.1188984942634267,34,4500,5214
0.0801666909530801,0.0383167962989439,0.6941518647081782,0.3215634725167015,-0.1188984942634267,35,4500,5214
0.0801666909530801,0.0383167962989439,0.6941518647081782,0.3215634725167015,-0.1188984942634267,36,4500,5214
0.0801666909530801,0.0383167962989439,0.6941518647081782,0.3215634725167015,-0.1188984942634267,37,4500,5214
0.0801666909530801,0.0383167962989439,0.6941518647081782,0.3215634725167015,-0.1188984942634267,38,4500,5214
0.0801666909530801,0.0383167962989439,0.6941518647081782,0.3215634725167015,-0.1188984942634267,39,4500,5214
0.0801666909530801,0.0383167962989439,0.6941518647081782,0.3215634725167015,-0.1188984942634267,40,4500,5214
0.0801666909530801,0.0383167962989439,0.6941518647081782,0.3215634725167015,-0.1188984942634267,41,4500,5214
0.0801666909530801,0.0383167962989439,0.6941518647081782,0.3215634725167015,-0.1188984942634267,42,4500,5214
0.0801666909530801,0.0383167962989439,0.6941518647081782,0.3215634725167015,-0.1188984942634267,43,4500,5214
0.0801666909530801,0.0383167962989439,0.6941518647081782,0.3215634725167015,-0.1188984942634267,44,4500,5214
0.0801666909530801,0.0383167962989439,0.6941518647081782,0.3215634725167015,-0.1188984942634267,45,4500,5214
0.0801666909530801,0.0383167962989439,0.6941518647081782,0.3215634725167015,-0.1188984942634267,46,4500,5214
0.0801666909530801,0.0383167962989439,0.6941518647081782,0.3215634725167015,-0.1188984942634267,47,4500,5214
0.0801666909530801,0.0383167962989439,0.6941518647081782,0.3215634725167015,-0.1188984942634267,48,4500,5214
0.0801666909530801,0.0383167962989439,0.6941518647081782,0.3215634725167015,-0.1188984942634267,49,4500,5214
0.0801666909530801,0.0383167962989439,0.6941518647081782,0.3215634725167015,-0.1188984942634267,50,4500,5214
0.0801666909530801,0.0383167962989439,0.6941518647081782,0.3215634725167015,-0.1188984942634267,51,4500,5214
0.0801666909530801,0.0383167962989439,0.6941518647081782,0.3215634725167015,-0.1188984942634267,52,4500,5214
0.0801666909530801,0.0383167962989439,0.6941518647081782,0.3215634725167015,-0.1188984942634267,53,4500,5214
0.0801666909530801,0.0383167962989439,0.6941518647081782,0.3215634725167015,-0.1188984942634267,54,4500,5214
0.0801666909530801,0.0383167962989439,0.6941518647081782,0.3215634725167015,-0.1188984942634267,55,4500,5214
0.0801666909530801,0.0383167962989439,0.6941518647081782,0.3215634725167015,-0.1188984942634267,56,4500,5214
0.0801666909530801,0.0383167962989439,0.6941518647081782,0.3215634725167015,-0.1188984942634267,57,4500,5214
0.5895020620840481,0.1244603325154798,0.9541513368666424,0.3992910134865952,-0.081406007361079,0,4500,5929
0.1158656124707703,0.0731900723909659,0.6303177554434782,0.3461256205244711,-0.0836777002631266,1,4500,5929
0.1258190135144654,0.0549998099270655,0.6402078434735421,0.2643397291323255,-0.0893460511125467,2,4500,5929
0.1258190135144654,0.0549998099270655,0.6402078434735421,0.2643397291323255,-0.0893460511125467,3,4500,5929
0.8002400342007776,0.0225651010796276,0.8080114011135345,0.3679894310209024,-0.0949317043524787,4,4500,5929
0.8002400342007776,0.0225651010796276,0.8080114011135345,0.3679894310209024,-0.0949317043524787,5,4500,5929
0.8002400342007776,0.0225651010796276,0.8080114011135345,0.3679894310209024,-0.0949317043524787,6,4500,5929
0.8002400342007776,0.0225651010796276,0.8080114011135345,0.3679894310209024,-0.0949317043524787,7,4500,5929
0.9905664724371046,0.0225651010796276,0.8968188110841746,0.1999366630691531,-0.1015017237075019,8,4500,5929
0.9905664724371046,0.0225651010796276,0.8968188110841746,0.1999366630691531,-0.1015017237075019,9,4500,5929
0.9905664724371046,0.0225651010796276,0.8968188110841746,0.1999366630691531,-0.1015017237075019,10,4500,5929
0.9920471569844508,0.0251170740699793,0.8968188110841746,0.1999366630691531,-0.1017872916823783,11,4500,5929
0.9859419898693272,0.0608510519330659,0.8724244558225488,0.359609411047671,-0.1033100774428621,12,4500,5929
0.9859419898693272,0.0608510519330659,0.8724244558225488,0.359609411047671,-0.1033100774428621,13,4500,5929
0.9859419898693272,0.0608510519330659,0.8724244558225488,0.359609411047671,-0.1033100774428621,14,4500,5929
0.9859419898693272,0.0608510519330659,0.8724244558225488,0.359609411047671,-0.1033100774428621,15,4500,5929
0.9859087585169096,0.0244476058934073,0.8967355587897661,0.382470745417214,-0.1090389650531729,16,4500,5929
0.9859087585169096,0.0244476058934073,0.8967355587897661,0.382470745417214,-0.1090389650531729,17,4500,5929
0.9859087585169096,0.0244476058934073,0.8967355587897661,0.382470745417214,-0.1090389650531729,18,4500,5929
0.9933785315640278,0.0363429547259509,0.8684252398247254,0.3798445841446749,-0.109180634935747,19,4500,5929
0.990009749537023,0.0251304186046258,0.901237990777766,0.3712718666233012,-0.1098238557991551,20,4500,5929
0.990009749537023,0.0251304186046258,0.901237990777766,0.3712718666233012,-0.1098238557991551,21,4500,5929
0.9933785315640278,0.0318509449962273,0.8741438470086459,0.3670737173582729,-0.1102617023457576,22,4500,5929
0.9933785315640278,0.0318509449962273,0.8741438470086459,0.3670737173582729,-0.1102617023457576,23,4500,5929
0.9933785315640278,0.0318509449962273,0.8741438470086459,0.3670737173582729,-0.1102617023457576,24,4500,5929
0.9933785315640278,0.0318509449962273,0.8741438470086459,0.3670737173582729,-0.1102617023457576,25,4500,5929
0.9933785315640278,0.0318509449962273,0.8741438470086459,0.3670737173582729,-0.1102617023457576,26,4500,5929
0.9933785315640278,0.0318509449962273,0.8741438470086459,0.3670737173582729,-0.1102617023457576,27,4500,5929
0.9933785315640278,0.0318509449962273,0.8741438470086459,0.3670737173582729,-0.1102617023457576,28,4500,5929
0.9933785315640278,0.0318509449962273,0.8741438470086459,0.3670737173582729,-0.1102617023457576,29,4500,5929
0.9933785315640278,0.0318509449962273,0.8741438470086459,0.3670737173582729,-0.1102617023457576,30,4500,5929
0.9933785315640278,0.0318509449962273,0.8741438470086459,0.3670737173582729,-0.1102617023457576,31,4500,5929
0.9979369678744484,0.0263997367529337,0.8716666585527642,0.3697513448976279,-0.1103022503664693,32,4500,5929
0.9979369678744484,0.0263997367529337,0.8716666585527642,0.3697513448976279,-0.1103022503664693,33,4500,5929
0.9979369678744484,0.0263997367529337,0.8716666585527642,0.3697513448976279,-0.1103022503664693,34,4500,5929
0.9979369678744484,0.0263997367529337,0.8716666585527642,0.3697513448976279,-0.1103022503664693,35,4500,5929
0.9979369678744484,0.0263997367529337,0.8716666585527642,0.3697513448976279,-0.1103022503664693,36,4500,5929
0.9979369678744484,0.0263997367529337,0.8716666585527642,0.3697513448976279,-0.1103022503664693,37,4500,5929
0.9979369678744484,0.0263997367529337,0.8716666585527642,0.3697513448976279,-0.1103022503664693,38,4500,5929
0.9979369678744484,0.0263997367529337,0.8716666585527642,0.3697513448976279,-0.1103022503664693,39,4500,5929
0.9979369678744484,0.0263997367529337,0.8716666585527642,0.3697513448976279,-0.1103022503664693,40,4500,5929
0.9979369678744484,0.0263997367529337,0.8716666585527642,0.3697513448976279,-0.1103022503664693,41,4500,5929
0.9979369678744484,0.0263997367529337,0.8716666585527642,0.3697513448976279,-0.1103022503664693,42,4500,5929
0.9979369678744484,0.0263997367529337,0.8716666585527642,0.3697513448976279,-0.1103022503664693,43,4500,5929
0.9979369678744484,0.0263997367529337,0.8716666585527642,0.3697513448976279,-0.1103022503664693,44,4500,5929
0.9979369678744484,0.0263997367529337,0.8716666585527642,0.3697513448976279,-0.1103022503664693,45,4500,5929
0.9979369678744484,0.0263997367529337,0.8716666585527642,0.3697513448976279,-0.1103022503664693,46,4500,5929
0.9979369678744484,0.0263997367529337,0.8716666585527642,0.3697513448976279,-0.1103022503664693,47,4500,5929
0.9979369678744484,0.0263997367529337,0.8716666585527642,0.3697513448976279,-0.1103022503664693,48,4500,5929
0.9979369678744484,0.0263997367529337,0.8716666585527642,0.3697513448976279,-0.1103022503664693,49,4500,5929
0.9979369678744484,0.0263997367529337,0.8716666585527642,0.3697513448976279,-0.1103022503664693,50,4500,5929
0.9979369678744484,0.0263997367529337,0.8716666585527642,0.3697513448976279,-0.1103022503664693,51,4500,5929
0.9979369678744484,0.0263997367529337,0.8716666585527642,0.3697513448976279,-0.1103022503664693,52,4500,5929
0.9979369678744484,0.0263997367529337,0.8716666585527642,0.3697513448976279,-0.1103022503664693,53,4500,5929
0.9979369678744484,0.0263997367529337,0.8716666585527642,0.3697513448976279,-0.1103022503664693,54,4500,5929
0.9979369678744484,0.0263997367529337,0.8716666585527642,0.3697513448976279,-0.1103022503664693,55,4500,5929
0.9979369678744484,0.0263997367529337,0.8716666585527642,0.3697513448976279,-0.1103022503664693,56,4500,5929
0.9979369678744484,0.0263997367529337,0.8716666585527642,0.3697513448976279,-0.1103022503664693,57,4500,5929
0.5895020620840481,0.1244603325154798,0.9541513368666424,0.3992910134865952,-0.0759776619952906,0,4500,6643
0.5895020620840481,0.1244603325154798,0.9541513368666424,0.3992910134865952,-0.0759776619952906,1,4500,6643
0.5895020620840481,0.1182800376592368,0.9541513368666424,0.4166315179119687,-0.0760089293988661,2,4500,6643
0.5895020620840481,0.1244603325154798,0.9361707878381236,0.3837976318295382,-0.0844548772769957,3,4500,6643
0.1209359643083227,0.0745920132261184,0.866883052044192,0.3461256205244711,-0.0891471723288442,4,4500,6643
0.1209359643083227,0.0745920132261184,0.866883052044192,0.3461256205244711,-0.0891471723288442,5,4500,6643
0.9937559430398362,0.3412570956974669,0.8899535576822281,0.3518674189890892,-0.0925344177584142,6,4500,6643
0.9937559430398362,0.3412570956974669,0.8899535576822281,0.3518674189890892,-0.0925344177584142,7,4500,6643
0.9937559430398362,0.3412570956974669,0.8899535576822281,0.3518674189890892,-0.0925344177584142,8,4500,6643
0.8632129087349983,0.0263816081210414,0.904175032027821,0.4326105939735121,-0.0939541899212346,9,4500,6643
0.9539061744760368,0.0344261868040297,0.8637436560212789,0.4488836658244951,-0.0958867489017749,10,4500,6643
0.9539061744760368,0.0344261868040297,0.8637436560212789,0.4488836658244951,-0.0958867489017749,11,4500,6643
0.8025884800514267,0.0335318518733833,0.8664530904072778,0.370025866057009,-0.1023298269371576,12,4500,6643
0.8025884800514267,0.0335318518733833,0.8664530904072778,0.370025866057009,-0.1023298269371576,13,4500,6643
0.9851419584741354,0.034408177029888,0.8938596373207196,0.3559339200618954,-0.1067209354334619,14,4500,6643
0.992547381146492,0.033473504430973,0.8793427558698822,0.3991031996821705,-0.1074414003779036,15,4500,6643
0.9967568663334152,0.0336135297128531,0.8670525361735362,0.3691843660230364,-0.1076145463150341,16,4500,6643
0.9967568663334152,0.0336135297128531,0.8670525361735362,0.3691843660230364,-0.1076145463150341,17,4500,6643
0.9967568663334152,0.0336135297128531,0.8670525361735362,0.3691843660230364,-0.1076145463150341,18,4500,6643
0.9832830115219964,0.026328415237016,0.8717076777038361,0.4168142893620535,-0.1080984296504705,19,4500,6643
0.9832830115219964,0.026328415237016,0.8717076777038361,0.4168142893620535,-0.1080984296504705,20,4500,6643
0.9995783551228204,0.0337574084932856,0.8707275971402183,0.4144253062193296,-0.1088533807067888,21,4500,6643
0.9995783551228204,0.0337574084932856,0.8707275971402183,0.4144253062193296,-0.1088533807067888,22,4500,6643
0.9995783551228204,0.0337574084932856,0.8707275971402183,0.4144253062193296,-0.1088533807067888,23,4500,6643
0.9995783551228204,0.0337574084932856,0.8707275971402183,0.4144253062193296,-0.1088533807067888,24,4500,6643
0.9995783551228204,0.0337574084932856,0.8707275971402183,0.4144253062193296,-0.1088533807067888,25,4500,6643
0.9973333006461044,0.0333293684717192,0.8704298831434173,0.3679307385088343,-0.1090931628085713,26,4500,6643
0.9973333006461044,0.0333293684717192,0.8704298831434173,0.3679307385088343,-0.1090931628085713,27,4500,6643
0.9973333006461044,0.0333293684717192,0.8704298831434173,0.3679307385088343,-0.1090931628085713,28,4500,6643
0.9973333006461044,0.0333293684717192,0.8704298831434173,0.3679307385088343,-0.1090931628085713,29,4500,6643
0.9973333006461044,0.0333293684717192,0.8704298831434173,0.3679307385088343,-0.1090931628085713,30,4500,6643
0.9973333006461044,0.0333293684717192,0.8704298831434173,0.3679307385088343,-0.1090931628085713,31,4500,6643
0.9973333006461044,0.0333293684717192,0.8704298831434173,0.3679307385088343,-0.1090931628085713,32,4500,6643
0.9973333006461044,0.0333293684717192,0.8704298831434173,0.3679307385088343,-0.1090931628085713,33,4500,6643
0.9973333006461044,0.0333293684717192,0.8704298831434173,0.3679307385088343,-0.1090931628085713,34,4500,6643
0.9973333006461044,0.0333293684717192,0.8704298831434173,0.3679307385088343,-0.1090931628085713,35,4500,6643
0.9973333006461044,0.0333293684717192,0.8704298831434173,0.3679307385088343,-0.1090931628085713,36,4500,6643
0.9973333006461044,0.0333293684717192,0.8704298831434173,0.3679307385088343,-0.1090931628085713,37,4500,6643
0.9973333006461044,0.0333293684717192,0.8704298831434173,0.3679307385088343,-0.1090931628085713,38,4500,6643
0.9973333006461044,0.0333293684717192,0.8704298831434173,0.3679307385088343,-0.1090931628085713,39,4500,6643
0.9973333006461044,0.0333293684717192,0.8704298831434173,0.3679307385088343,-0.1090931628085713,40,4500,6643
0.9973333006461044,0.0333293684717192,0.8704298831434173,0.3679307385088343,-0.1090931628085713,41,4500,6643
0.9973333006461044,0.0333293684717192,0.8704298831434173,0.3679307385088343,-0.1090931628085713,42,4500,6643
0.9973333006461044,0.0333293684717192,0.8704298831434173,0.3679307385088343,-0.1090931628085713,43,4500,6643
0.9973333006461044,0.0333293684717192,0.8704298831434173,0.3679307385088343,-0.1090931628085713,44,4500,6643
0.9973333006461044,0.0333293684717192,0.8704298831434173,0.3679307385088343,-0.1090931628085713,45,4500,6643
0.9973333006461044,0.0333293684717192,0.8704298831434173,0.3679307385088343,-0.1090931628085713,46,4500,6643
0.9973333006461044,0.0333293684717192,0.8704298831434173,0.3679307385088343,-0.1090931628085713,47,4500,6643
0.9973333006461044,0.0333293684717192,0.8704298831434173,0.3679307385088343,-0.1090931628085713,48,4500,6643
0.9973333006461044,0.0333293684717192,0.8704298831434173,0.3679307385088343,-0.1090931628085713,49,4500,6643
0.9973333006461044,0.0333293684717192,0.8704298831434173,0.3679307385088343,-0.1090931628085713,50,4500,6643
0.9973333006461044,0.0333293684717192,0.8704298831434173,0.3679307385088343,-0.1090931628085713,51,4500,6643
0.5895020620840481,0.1244603325154798,0.9541513368666424,0.3992910134865952,-0.0858050944129358,0,4500,7357
0.5895020620840481,0.1244603325154798,0.9541513368666424,0.3992910134865952,-0.0858050944129358,1,4500,7357
0.2786391733546125,0.1172688137050984,0.5770259483184564,0.277198092377163,-0.0873567504462351,2,4500,7357
0.2786391733546125,0.1172688137050984,0.5770259483184564,0.277198092377163,-0.0873567504462351,3,4500,7357
0.1173683923053928,0.0512501659563006,0.839815667015129,0.1812313300857137,-0.0904595351137346,4,4500,7357
0.5645521015123999,0.1019799755862154,0.9302509858139604,0.3220494093641024,-0.0910278567730503,5,4500,7357
0.2032602486450388,0.1141904189444199,0.9083654888649316,0.3072568339763002,-0.0957409315531882,6,4500,7357
0.2032602486450388,0.1141904189444199,0.9083654888649316,0.3072568339763002,-0.0957409315531882,7,4500,7357
0.6576551437699142,0.1146562496844254,0.8720499570166819,0.4275550929498863,-0.096430356642605,8,4500,7357
0.5765738576017482,0.1133796716600506,0.867393383450887,0.4275546703852583,-0.0991452407753473,9,4500,7357
0.5765738576017482,0.1133796716600506,0.867393383450887,0.4275546703852583,-0.0991452407753473,10,4500,7357
0.5765738576017482,0.1133796716600506,0.867393383450887,0.4275546703852583,-0.0991452407753473,11,4500,7357
0.9965966167297976,0.1151337971484095,0.8635140405194212,0.2581107896034193,-0.1034077615589083,12,4500,7357
0.9903726982804804,0.1113411637535718,0.8690389699277155,0.2737465781139164,-0.1049419152846771,13,4500,7357
0.9903726982804804,0.1113411637535718,0.8690389699277155,0.2737465781139164,-0.1049419152846771,14,4500,7357
0.9903726982804804,0.1113411637535718,0.8690389699277155,0.2737465781139164,-0.1049419152846771,15,4500,7357
0.9903726982804804,0.1113411637535718,0.8690389699277155,0.2737465781139164,-0.1049419152846771,16,4500,7357
0.9903726982804804,0.1113411637535718,0.8690389699277155,0.2737465781139164,-0.1049419152846771,17,4500,7357
0.9978014663811524,0.0626271352447717,0.8690389699277155,0.2753849641081028,-0.1049530772461248,18,4500,7357
0.9978014663811524,0.0626271352447717,0.8690389699277155,0.2753849641081028,-0.1049530772461248,19,4500,7357
0.9932953124968996,0.1150760325427517,0.8705834884331923,0.2656880128227818,-0.104975890101287,20,4500,7357
0.9932953124968996,0.1150760325427517,0.8705834884331923,0.2656880128227818,-0.104975890101287,21,4500,7357
0.9999873730877952,0.020534543577006,0.8807101041738319,0.2722900546309366,-0.1075401732226238,22,4500,7357
0.9999873730877952,0.020534543577006,0.8807101041738319,0.2722900546309366,-0.1075401732226238,23,4500,7357
0.9999873730877952,0.020534543577006,0.8807101041738319,0.2722900546309366,-0.1075401732226238,24,4500,7357
0.9965966167297976,0.0336888275932595,0.8846521994222423,0.2656543809848217,-0.1085565266484676,25,4500,7357
0.9999305894187984,0.0238857965154064,0.8756142090055054,0.2752846391388056,-0.1088913185226805,26,4500,7357
0.997362953561495,0.0355569636954125,0.8718926430219587,0.2614359163127071,-0.1117304477853367,27,4500,7357
0.997362953561495,0.0355569636954125,0.8718926430219587,0.2614359163127071,-0.1117304477853367,28,4500,7357
0.997362953561495,0.0355569636954125,0.8718926430219587,0.2614359163127071,-0.1117304477853367,29,4500,7357
0.997362953561495,0.0355569636954125,0.8718926430219587,0.2614359163127071,-0.1117304477853367,30,4500,7357
0.997362953561495,0.0355569636954125,0.8718926430219587,0.2614359163127071,-0.1117304477853367,31,4500,7357
0.9972100792339116,0.0354028713677026,0.8687277549825227,0.2811634202137653,-0.1118753984004167,32,4500,7357
0.9977533762966024,0.0355600709049372,0.8704799982159526,0.2793498082301033,-0.1119093732170266,33,4500,7357
0.9977533762966024,0.0355600709049372,0.8704799982159526,0.2793498082301033,-0.1119093732170266,34,4500,7357
0.9977533762966024,0.0355600709049372,0.8704799982159526,0.2793498082301033,-0.1119093732170266,35,4500,7357
0.9977533762966024,0.0355600709049372,0.8704799982159526,0.2793498082301033,-0.1119093732170266,36,4500,7357
0.9977533762966024,0.0355600709049372,0.8704799982159526,0.2793498082301033,-0.1119093732170266,37,4500,7357
0.9977533762966024,0.0355600709049372,0.8704799982159526,0.2793498082301033,-0.1119093732170266,38,4500,7357
0.9977533762966024,0.0355600709049372,0.8704799982159526,0.2793498082301033,-0.1119093732170266,39,4500,7357
0.9977533762966024,0.0355600709049372,0.8704799982159526,0.2793498082301033,-0.1119093732170266,40,4500,7357
0.9977533762966024,0.0355600709049372,0.8704799982159526,0.2793498082301033,-0.1119093732170266,41,4500,7357
0.9977533762966024,0.0355600709049372,0.8704799982159526,0.2793498082301033,-0.1119093732170266,42,4500,7357
0.9977533762966024,0.0355600709049372,0.8704799982159526,0.2793498082301033,-0.1119093732170266,43,4500,7357
0.9977533762966024,0.0355600709049372,0.8704799982159526,0.2793498082301033,-0.1119093732170266,44,4500,7357
0.9977533762966024,0.0355600709049372,0.8704799982159526,0.2793498082301033,-0.1119093732170266,45,4500,7357
0.9977533762966024,0.0355600709049372,0.8704799982159526,0.2793498082301033,-0.1119093732170266,46,4500,7357
0.9977533762966024,0.0355600709049372,0.8704799982159526,0.2793498082301033,-0.1119093732170266,47,4500,7357
0.9977533762966024,0.0355600709049372,0.8704799982159526,0.2793498082301033,-0.1119093732170266,48,4500,7357
0.9977533762966024,0.0355600709049372,0.8704799982159526,0.2793498082301033,-0.1119093732170266,49,4500,7357
0.9977533762966024,0.0355600709049372,0.8704799982159526,0.2793498082301033,-0.1119093732170266,50,4500,7357
0.9977533762966024,0.0355600709049372,0.8704799982159526,0.2793498082301033,-0.1119093732170266,51,4500,7357
0.9977533762966024,0.0355600709049372,0.8704799982159526,0.2793498082301033,-0.1119093732170266,52,4500,7357
0.9977533762966024,0.0355600709049372,0.8704799982159526,0.2793498082301033,-0.1119093732170266,53,4500,7357
0.9977533762966024,0.0355600709049372,0.8704799982159526,0.2793498082301033,-0.1119093732170266,54,4500,7357
0.9977533762966024,0.0355600709049372,0.8704799982159526,0.2793498082301033,-0.1119093732170266,55,4500,7357
0.9977533762966024,0.0355600709049372,0.8704799982159526,0.2793498082301033,-0.1119093732170266,56,4500,7357
0.9977533762966024,0.0355600709049372,0.8704799982159526,0.2793498082301033,-0.1119093732170266,57,4500,7357
0.5895020620840481,0.1244603325154798,0.9541513368666424,0.3992910134865952,-0.0596964635007354,0,4500,8072
0.5895020620840481,0.1244603325154798,0.9541513368666424,0.3992910134865952,-0.0596964635007354,1,4500,8072
0.5895020620840481,0.1244603325154798,0.9541513368666424,0.3992910134865952,-0.0596964635007354,2,4500,8072
0.5188797592323379,0.0627179225707682,0.8355501946525415,0.2643397291323255,-0.0687745917468813,3,4500,8072
0.5188797592323379,0.0627179225707682,0.8355501946525415,0.2643397291323255,-0.0687745917468813,4,4500,8072
0.5212003620217197,0.0738870437282583,0.8631560656720207,0.304167231230259,-0.0732297971870414,5,4500,8072
0.5917269266065346,0.0767106501624404,0.9309661516913338,0.2607117651021962,-0.0737529061720546,6,4500,8072
0.5917269266065346,0.0767106501624404,0.9309661516913338,0.2607117651021962,-0.0737529061720546,7,4500,8072
0.990798576553512,0.0521997281305925,0.932906884693282,0.1961167538005333,-0.0762841183538217,8,4500,8072
0.9888009794640156,0.0738870437282583,0.8631560656720207,0.304167231230259,-0.0778714587492212,9,4500,8072
0.9888009794640156,0.0738870437282583,0.8631560656720207,0.304167231230259,-0.0778714587492212,10,4500,8072
0.5738705555478443,0.0490134296720719,0.8690994897117061,0.2888674976684395,-0.0783290860921736,11,4500,8072
0.5738705555478443,0.0490134296720719,0.8690994897117061,0.2888674976684395,-0.0783290860921736,12,4500,8072
0.7802611904203594,0.0490342787293839,0.8731964264054827,0.3025676662800788,-0.0794018812701588,13,4500,8072
0.995528297650359,0.0482527931601965,0.8860464128544622,0.2655171109749366,-0.0800871128872112,14,4500,8072
0.7524625205658559,0.0453565909619063,0.8695222383421727,0.2881196129262205,-0.0807935427796736,15,4500,8072
0.991374653166252,0.0662280744341,0.8717941566021594,0.2501430961590959,-0.0812408932314011,16,4500,8072
0.9989565016846182,0.0242359288198538,0.8860464128544622,0.2655171109749366,-0.0849925475349064,17,4500,8072
0.9978541863891002,0.0235450029453386,0.8750085854045127,0.2918150316751654,-0.0854590847395152,18,4500,8072
0.9985314921003908,0.0295900787756424,0.8750085854045127,0.3061133631861808,-0.0857238783181583,19,4500,8072
0.9985314921003908,0.0295900787756424,0.8750085854045127,0.3061133631861808,-0.0857238783181583,20,4500,8072
0.9929170716880216,0.0239057783674549,0.8691189612814468,0.2666543941419598,-0.0866243059865579,21,4500,8072
0.990260446461495,0.0318387567990272,0.8720007191460889,0.2834444963937986,-0.0868372062348576,22,4500,8072
0.990260446461495,0.0318387567990272,0.8720007191460889,0.2834444963937986,-0.0868372062348576,23,4500,8072
0.990260446461495,0.0318387567990272,0.8720007191460889,0.2834444963937986,-0.0868372062348576,24,4500,8072
0.9959666858701036,0.0285838782656382,0.8690635944689525,0.3144629332344265,-0.0870497553758962,25,4500,8072
0.9959666858701036,0.0285838782656382,0.8690635944689525,0.3144629332344265,-0.0870497553758962,26,4500,8072
0.999887808179048,0.0252315980896333,0.8701335655706134,0.3092514913552309,-0.0870837301925061,27,4500,8072
0.999093013562428,0.0346990004380706,0.868388071331713,0.2509700549084617,-0.0872189388192604,28,4500,8072
0.9902726637759246,0.0352457849467876,0.8701335655706134,0.2519253442964519,-0.0874147467193389,29,4500,8072
0.9902726637759246,0.0352457849467876,0.8701335655706134,0.2519253442964519,-0.0874147467193389,30,4500,8072
0.9990188851981692,0.034645814795609,0.8690793406942334,0.3135640374555498,-0.0878051848608237,31,4500,8072
0.9995908266876788,0.0347062922730111,0.8701335655706134,0.3092514913552309,-0.0878391596774336,32,4500,8072
0.9995908266876788,0.0347062922730111,0.8701335655706134,0.3092514913552309,-0.0878391596774336,33,4500,8072
0.9995908266876788,0.0347062922730111,0.8701335655706134,0.3092514913552309,-0.0878391596774336,34,4500,8072
0.9995908266876788,0.0347062922730111,0.8701335655706134,0.3092514913552309,-0.0878391596774336,35,4500,8072
0.9993916734604096,0.0355114302993458,0.8701335655706134,0.2580414486966234,-0.0880877806042551,36,4500,8072
0.9993916734604096,0.0355114302993458,0.8701335655706134,0.2580414486966234,-0.0880877806042551,37,4500,8072
0.9993916734604096,0.0355114302993458,0.8701335655706134,0.2580414486966234,-0.0880877806042551,38,4500,8072
0.9961068506954904,0.035452593280697,0.8701335655706134,0.2856468174471325,-0.0882667060359449,39,4500,8072
0.9955589851942068,0.0355619709673899,0.8691574963657923,0.3166069503403928,-0.0884571460487903,40,4500,8072
0.9993981351914364,0.0355067322955102,0.8701335655706134,0.3122789164120276,-0.0885121935623499,41,4500,8072
0.9993981351914364,0.0355067322955102,0.8701335655706134,0.3122789164120276,-0.0885121935623499,42,4500,8072
0.9993981351914364,0.0355067322955102,0.8701335655706134,0.3122789164120276,-0.0885121935623499,43,4500,8072
0.9993981351914364,0.0355067322955102,0.8701335655706134,0.3122789164120276,-0.0885121935623499,44,4500,8072
0.9993981351914364,0.0355067322955102,0.8701335655706134,0.3122789164120276,-0.0885121935623499,45,4500,8072
0.9993981351914364,0.0355067322955102,0.8701335655706134,0.3122789164120276,-0.0885121935623499,46,4500,8072
0.9993981351914364,0.0355067322955102,0.8701335655706134,0.3122789164120276,-0.0885121935623499,47,4500,8072
0.999408708861646,0.0355301690678152,0.8715539951326164,0.3228164549113668,-0.0887392778535137,48,4500,8072
0.999408708861646,0.0355301690678152,0.8715539951326164,0.3228164549113668,-0.0887392778535137,49,4500,8072
0.999408708861646,0.0355301690678152,0.8715539951326164,0.3228164549113668,-0.0887392778535137,50,4500,8072
0.999408708861646,0.0355301690678152,0.8715539951326164,0.3228164549113668,-0.0887392778535137,51,4500,8072
0.999408708861646,0.0355301690678152,0.8715539951326164,0.3228164549113668,-0.0887392778535137,52,4500,8072
0.999408708861646,0.0355301690678152,0.8715539951326164,0.3228164549113668,-0.0887392778535137,53,4500,8072
0.999408708861646,0.0355301690678152,0.8715539951326164,0.3228164549113668,-0.0887392778535137,54,4500,8072
0.999408708861646,0.0355301690678152,0.8715539951326164,0.3228164549113668,-0.0887392778535137,55,4500,8072
0.999408708861646,0.0355301690678152,0.8715539951326164,0.3228164549113668,-0.0887392778535137,56,4500,8072
0.999408708861646,0.0355301690678152,0.8715539951326164,0.3228164549113668,-0.0887392778535137,57,4500,8072
0.999408708861646,0.0355301690678152,0.8715539951326164,0.3228164549113668,-0.0887392778535137,58,4500,8072
0.999408708861646,0.0355301690678152,0.8715539951326164,0.3228164549113668,-0.0887392778535137,59,4500,8072
0.999408708861646,0.0355301690678152,0.8715539951326164,0.3228164549113668,-0.0887392778535137,60,4500,8072
0.999408708861646,0.0355301690678152,0.8715539951326164,0.3228164549113668,-0.0887392778535137,61,4500,8072
0.999408708861646,0.0355301690678152,0.8715539951326164,0.3228164549113668,-0.0887392778535137,62,4500,8072
0.999408708861646,0.0355301690678152,0.8715539951326164,0.3228164549113668,-0.0887392778535137,63,4500,8072
0.999408708861646,0.0355301690678152,0.8715539951326164,0.3228164549113668,-0.0887392778535137,64,4500,8072
0.999408708861646,0.0355301690678152,0.8715539951326164,0.3228164549113668,-0.0887392778535137,65,4500,8072
0.999408708861646,0.0355301690678152,0.8715539951326164,0.3228164549113668,-0.0887392778535137,66,4500,8072
0.999408708861646,0.0355301690678152,0.8715539951326164,0.3228164549113668,-0.0887392778535137,67,4500,8072
0.999408708861646,0.0355301690678152,0.8715539951326164,0.3228164549113668,-0.0887392778535137,68,4500,8072
0.999408708861646,0.0355301690678152,0.8715539951326164,0.3228164549113668,-0.0887392778535137,69,4500,8072
0.999408708861646,0.0355301690678152,0.8715539951326164,0.3228164549113668,-0.0887392778535137,70,4500,8072
0.999408708861646,0.0355301690678152,0.8715539951326164,0.3228164549113668,-0.0887392778535137,71,4500,8072
0.999408708861646,0.0355301690678152,0.8715539951326164,0.3228164549113668,-0.0887392778535137,72,4500,8072
0.999408708861646,0.0355301690678152,0.8715539951326164,0.3228164549113668,-0.0887392778535137,73,4500,8072
0.719909383508693,0.1326962975467872,0.5103032497386853,0.4989864523070149,-0.1310287711562308,0,5214,3072
0.2740483886137183,0.1172688137050984,0.5462497892469849,0.27713333487199,-0.1360833358513316,1,5214,3072
0.2637566904228113,0.1172688137050984,0.5308166003045007,0.27713333487199,-0.136576865525146,2,5214,3072
0.2637566904228113,0.1172688137050984,0.5308166003045007,0.27713333487199,-0.136576865525146,3,5214,3072
0.2637566904228113,0.1172688137050984,0.5308166003045007,0.27713333487199,-0.136576865525146,4,5214,3072
0.9951968670773176,0.1471198404965177,0.7820122311787387,0.335633048964841,-0.1372813122624349,5,5214,3072
0.5622330542901248,0.1251228618101165,0.526290185296389,0.4026633434516464,-0.1376860417886557,6,5214,3072
0.5646042474161169,0.0578094814384854,0.539648049305903,0.3863230198657015,-0.1443861508695262,7,5214,3072
0.3810606525448573,0.0651103567567217,0.5254319444145428,0.3586372608503306,-0.1448040124642331,8,5214,3072
0.3810606525448573,0.0651103567567217,0.5254319444145428,0.3586372608503306,-0.1448040124642331,9,5214,3072
0.3760058483705312,0.0608880133475936,0.5309973655018069,0.4581087607801282,-0.1485955113911539,10,5214,3072
0.5399201464496517,0.0482108307433658,0.5364066572275188,0.4403431440696171,-0.1508566374946294,11,5214,3072
0.5399201464496517,0.0482108307433658,0.5364066572275188,0.4403431440696171,-0.1508566374946294,12,5214,3072
0.5399201464496517,0.0482108307433658,0.5364066572275188,0.4403431440696171,-0.1508566374946294,13,5214,3072
0.4181401867512903,0.0481081357143735,0.5258964979834906,0.4380982788746589,-0.1511866433082883,14,5214,3072
0.4181401867512903,0.0481081357143735,0.5258964979834906,0.4380982788746589,-0.1511866433082883,15,5214,3072
0.3947631396320414,0.0481081357143735,0.5466819797623815,0.4380982788746589,-0.1515609567189068,16,5214,3072
0.373391392897595,0.0472117751701313,0.5306561582548665,0.4373704424720153,-0.1517186924172265,17,5214,3072
0.373391392897595,0.0472117751701313,0.5306561582548665,0.4373704424720153,-0.1517186924172265,18,5214,3072
0.5588614641752996,0.0351852329932576,0.542192106128956,0.444698645557294,-0.1520360724915089,19,5214,3072
0.5588614641752996,0.0351852329932576,0.542192106128956,0.444698645557294,-0.1520360724915089,20,5214,3072
0.3331356051283208,0.05302929797615,0.5129417903601261,0.4432196861171808,-0.152127997210329,21,5214,3072
0.3820507152558964,0.0339964632336724,0.5415661912975993,0.4375116994122442,-0.1534866500102407,22,5214,3072
0.3820507152558964,0.0339964632336724,0.5415661912975993,0.4375116994122442,-0.1534866500102407,23,5214,3072
0.3820507152558964,0.0339964632336724,0.5415661912975993,0.4375116994122442,-0.1534866500102407,24,5214,3072
0.3820507152558964,0.0339964632336724,0.5415661912975993,0.4375116994122442,-0.1534866500102407,25,5214,3072
0.3820507152558964,0.0339964632336724,0.5415661912975993,0.4375116994122442,-0.1534866500102407,26,5214,3072
0.3314694359086481,0.0351852329932576,0.542192106128956,0.4447743935729513,-0.1538959548033431,27,5214,3072
0.3314694359086481,0.0351852329932576,0.542192106128956,0.4447743935729513,-0.1538959548033431,28,5214,3072
0.3314694359086481,0.0351852329932576,0.542192106128956,0.4447743935729513,-0.1538959548033431,29,5214,3072
0.3314694359086481,0.0351852329932576,0.542192106128956,0.4447743935729513,-0.1538959548033431,30,5214,3072
0.3314694359086481,0.0351852329932576,0.542192106128956,0.4447743935729513,-0.1538959548033431,31,5214,3072
0.3314694359086481,0.0351852329932576,0.542192106128956,0.4447743935729513,-0.1538959548033431,32,5214,3072
0.3314694359086481,0.0351852329932576,0.542192106128956,0.4447743935729513,-0.1538959548033431,33,5214,3072
0.3314694359086481,0.0351852329932576,0.542192106128956,0.4447743935729513,-0.1538959548033431,34,5214,3072
0.3314694359086481,0.0351852329932576,0.542192106128956,0.4447743935729513,-0.1538959548033431,35,5214,3072
0.3314694359086481,0.0351852329932576,0.542192106128956,0.4447743935729513,-0.1538959548033431,36,5214,3072
0.3314694359086481,0.0351852329932576,0.542192106128956,0.4447743935729513,-0.1538959548033431,37,5214,3072
0.3314694359086481,0.0351852329932576,0.542192106128956,0.4447743935729513,-0.1538959548033431,38,5214,3072
0.3314694359086481,0.0351852329932576,0.542192106128956,0.4447743935729513,-0.1538959548033431,39,5214,3072
0.3314694359086481,0.0351852329932576,0.542192106128956,0.4447743935729513,-0.1538959548033431,40,5214,3072
0.3314694359086481,0.0351852329932576,0.542192106128956,0.4447743935729513,-0.1538959548033431,41,5214,3072
0.3314694359086481,0.0351852329932576,0.542192106128956,0.4447743935729513,-0.1538959548033431,42,5214,3072
0.3314694359086481,0.0351852329932576,0.542192106128956,0.4447743935729513,-0.1538959548033431,43,5214,3072
0.3314694359086481,0.0351852329932576,0.542192106128956,0.4447743935729513,-0.1538959548033431,44,5214,3072
0.3314694359086481,0.0351852329932576,0.542192106128956,0.4447743935729513,-0.1538959548033431,45,5214,3072
0.3314694359086481,0.0351852329932576,0.542192106128956,0.4447743935729513,-0.1538959548033431,46,5214,3072
0.3314694359086481,0.0351852329932576,0.542192106128956,0.4447743935729513,-0.1538959548033431,47,5214,3072
0.3314694359086481,0.0351852329932576,0.542192106128956,0.4447743935729513,-0.1538959548033431,48,5214,3072
0.3314694359086481,0.0351852329932576,0.542192106128956,0.4447743935729513,-0.1538959548033431,49,5214,3072
0.3314694359086481,0.0351852329932576,0.542192106128956,0.4447743935729513,-0.1538959548033431,50,5214,3072
0.3314694359086481,0.0351852329932576,0.542192106128956,0.4447743935729513,-0.1538959548033431,51,5214,3072
0.3314694359086481,0.0351852329932576,0.542192106128956,0.4447743935729513,-0.1538959548033431,52,5214,3072
0.1158656124707703,0.0731900723909659,0.6303177554434782,0.3867305731718615,-0.1367394285687955,0,5214,3786
0.1158656124707703,0.0731900723909659,0.6303177554434782,0.3461256205244711,-0.1368724773050992,1,5214,3786
0.1158656124707703,0.0679907928445491,0.6303177554434782,0.3634661250334782,-0.1407678892208005,2,5214,3786
0.1158656124707703,0.0731900723909659,0.6068402745448968,0.4551369867211804,-0.1469008224504972,3,5214,3786
0.1134210000886394,0.0565287419343358,0.6068402745448968,0.4557980698588451,-0.1489985683291759,4,5214,3786
0.0625742503618008,0.0565287419343358,0.5651386396135643,0.4539921875593133,-0.1525886713897527,5,5214,3786
0.0625742503618008,0.0565287419343358,0.5651386396135643,0.4539921875593133,-0.1525886713897527,6,5214,3786
0.0625742503618008,0.0565287419343358,0.5651386396135643,0.4539921875593133,-0.1525886713897527,7,5214,3786
0.1526013430190684,0.0521749842789608,0.6880975998589821,0.4426710538745917,-0.1547618492544161,8,5214,3786
0.1243607718432693,0.0521754274392881,0.6880597420913003,0.4515190217421217,-0.1567484588839351,9,5214,3786
0.1243607718432693,0.0521754274392881,0.6880597420913003,0.4515190217421217,-0.1567484588839351,10,5214,3786
0.1243607718432693,0.0521754274392881,0.6880597420913003,0.4515190217421217,-0.1567484588839351,11,5214,3786
0.0894193869107514,0.0521749842789608,0.6880025241407892,0.4426710538745917,-0.1575561272256948,12,5214,3786
0.0894193869107514,0.0521749842789608,0.6880025241407892,0.4426710538745917,-0.1575561272256948,13,5214,3786
0.0997700187772442,0.0396704863966934,0.6559740285958824,0.4429038759629322,-0.1582071622752751,14,5214,3786
0.0997700187772442,0.0396704863966934,0.6559740285958824,0.4429038759629322,-0.1582071622752751,15,5214,3786
0.1302466655816966,0.0521749842789608,0.6997617219273785,0.442380852256345,-0.1593855364810335,16,5214,3786
0.1302466655816966,0.0521749842789608,0.6997617219273785,0.442380852256345,-0.1593855364810335,17,5214,3786
0.1302466655816966,0.0521749842789608,0.6997617219273785,0.442380852256345,-0.1593855364810335,18,5214,3786
0.1252982703035684,0.0396670375595524,0.6559792333161216,0.443265096686036,-0.1606776729594743,19,5214,3786
0.1252982703035684,0.0396670375595524,0.6559792333161216,0.443265096686036,-0.1606776729594743,20,5214,3786
0.1262613920080151,0.0386569917087958,0.6842684020814176,0.4431804626798173,-0.1607252634777279,21,5214,3786
0.1262613920080151,0.0386569917087958,0.6842684020814176,0.4431804626798173,-0.1607252634777279,22,5214,3786
0.1262613920080151,0.0386569917087958,0.6842684020814176,0.4431804626798173,-0.1607252634777279,23,5214,3786
0.1262613920080151,0.0386569917087958,0.6842684020814176,0.4431804626798173,-0.1607252634777279,24,5214,3786
0.1262613920080151,0.0386115975028524,0.6888969734664113,0.4431758696322074,-0.1607754100012224,25,5214,3786
0.1262613920080151,0.0386115975028524,0.6888969734664113,0.4431758696322074,-0.1607754100012224,26,5214,3786
0.1262613920080151,0.0386115975028524,0.6888969734664113,0.4431758696322074,-0.1607754100012224,27,5214,3786
0.1262613920080151,0.0386115975028524,0.6888969734664113,0.4431758696322074,-0.1607754100012224,28,5214,3786
0.1263342823461888,0.0362871152655161,0.6553788267777647,0.4366501991733516,-0.1608865999852695,29,5214,3786
0.1263342823461888,0.0362871152655161,0.6553788267777647,0.4366501991733516,-0.1608865999852695,30,5214,3786
0.1263342823461888,0.0362871152655161,0.6553788267777647,0.4366501991733516,-0.1608865999852695,31,5214,3786
0.1263342823461888,0.036238935564151,0.6668081441973336,0.4366222830498761,-0.1609341905035232,32,5214,3786
0.1263342823461888,0.036238935564151,0.6668081441973336,0.4366222830498761,-0.1609341905035232,33,5214,3786
0.1263342823461888,0.036238935564151,0.6668081441973336,0.4366222830498761,-0.1609341905035232,34,5214,3786
0.1263342823461888,0.036238935564151,0.6668081441973336,0.4366222830498761,-0.1609341905035232,35,5214,3786
0.1263342823461888,0.036238935564151,0.6668081441973336,0.4366222830498761,-0.1609341905035232,36,5214,3786
0.1263342823461888,0.036238935564151,0.6668081441973336,0.4366222830498761,-0.1609341905035232,37,5214,3786
0.1263342823461888,0.036238935564151,0.6668081441973336,0.4366222830498761,-0.1609341905035232,38,5214,3786
0.1263342823461888,0.036238935564151,0.6668081441973336,0.4366222830498761,-0.1609341905035232,39,5214,3786
0.1263342823461888,0.036238935564151,0.6668081441973336,0.4366222830498761,-0.1609341905035232,40,5214,3786
0.1263342823461888,0.036238935564151,0.6668081441973336,0.4366222830498761,-0.1609341905035232,41,5214,3786
0.1263342823461888,0.036238935564151,0.6668081441973336,0.4366222830498761,-0.1609341905035232,42,5214,3786
0.1263342823461888,0.036238935564151,0.6668081441973336,0.4366222830498761,-0.1609341905035232,43,5214,3786
0.1263342823461888,0.036238935564151,0.6668081441973336,0.4366222830498761,-0.1609341905035232,44,5214,3786
0.1263342823461888,0.036238935564151,0.6668081441973336,0.4366222830498761,-0.1609341905035232,45,5214,3786
0.1263342823461888,0.036238935564151,0.6668081441973336,0.4366222830498761,-0.1609341905035232,46,5214,3786
0.1263342823461888,0.036238935564151,0.6668081441973336,0.4366222830498761,-0.1609341905035232,47,5214,3786
0.1263342823461888,0.036238935564151,0.6668081441973336,0.4366222830498761,-0.1609341905035232,48,5214,3786
0.1263342823461888,0.036238935564151,0.6668081441973336,0.4366222830498761,-0.1609341905035232,49,5214,3786
0.1263342823461888,0.036238935564151,0.6668081441973336,0.4366222830498761,-0.1609341905035232,50,5214,3786
0.1263342823461888,0.036238935564151,0.6668081441973336,0.4366222830498761,-0.1609341905035232,51,5214,3786
0.1263342823461888,0.036238935564151,0.6668081441973336,0.4366222830498761,-0.1609341905035232,52,5214,3786
0.1263342823461888,0.036238935564151,0.6668081441973336,0.4366222830498761,-0.1609341905035232,53,5214,3786
0.1263342823461888,0.036238935564151,0.6668081441973336,0.4366222830498761,-0.1609341905035232,54,5214,3786
0.1158656124707703,0.0731900723909659,0.6303177554434782,0.3867305731718615,-0.1052874010437179,0,5214,4500
0.1158656124707703,0.0731900723909659,0.6303177554434782,0.3461256205244711,-0.1065741085568828,1,5214,4500
0.1158656124707703,0.0679907928445491,0.6303177554434782,0.3634661250334782,-0.1103057617436905,2,5214,4500
0.1187790930944717,0.0682120815308029,0.5621363226332052,0.4641253796579972,-0.118918875146553,3,5214,4500
0.0678907016735414,0.1645072664741013,0.9409341876619016,0.3886499367099647,-0.1281626726359959,4,5214,4500
0.0678907016735414,0.1645072664741013,0.9409341876619016,0.3886499367099647,-0.1281626726359959,5,5214,4500
0.0678907016735414,0.1645072664741013,0.9409341876619016,0.3886499367099647,-0.1281626726359959,6,5214,4500
0.0678907016735414,0.1645072664741013,0.9409341876619016,0.3886499367099647,-0.1281626726359959,7,5214,4500
0.0678907016735414,0.1645072664741013,0.9409341876619016,0.3886499367099647,-0.1281626726359959,8,5214,4500
0.0678907016735414,0.1645072664741013,0.9409341876619016,0.3886499367099647,-0.1281626726359959,9,5214,4500
0.0678907016735414,0.1645072664741013,0.9409341876619016,0.3886499367099647,-0.1281626726359959,10,5214,4500
0.0652342654388786,0.1341102963194022,0.9369177575322318,0.3595398107261164,-0.1287864980006268,11,5214,4500
0.0652722385329528,0.0565177673247491,0.929621511126483,0.3580540674817861,-0.1306445790642403,12,5214,4500
0.0652722385329528,0.0565177673247491,0.929621511126483,0.3580540674817861,-0.1306445790642403,13,5214,4500
0.049211857192473,0.0386898516196057,0.9380969214856834,0.3380537452607547,-0.1313736025310413,14,5214,4500
0.049211857192473,0.0386898516196057,0.9380969214856834,0.3380537452607547,-0.1313736025310413,15,5214,4500
0.049211857192473,0.0386898516196057,0.9380969214856834,0.3380537452607547,-0.1313736025310413,16,5214,4500
0.0643915191695896,0.0392277044972101,0.94381502052106,0.3876564675538119,-0.1315564092984715,17,5214,4500
0.0680154861034788,0.038016330204812,0.9370312522268752,0.4013669595978008,-0.1323738112284385,18,5214,4500
0.0680154861034788,0.038016330204812,0.9370312522268752,0.4013669595978008,-0.1323738112284385,19,5214,4500
0.0680154861034788,0.038016330204812,0.9370312522268752,0.4013669595978008,-0.1323738112284385,20,5214,4500
0.0680154861034788,0.038016330204812,0.9370312522268752,0.4013669595978008,-0.1323738112284385,21,5214,4500
0.0681025559806453,0.0398139372357953,0.9296897931491398,0.3588334961920238,-0.132515049726226,22,5214,4500
0.0680154861034788,0.038016330204812,0.9302455324750034,0.4013669595978008,-0.132806155418311,23,5214,4500
0.0680154861034788,0.038016330204812,0.9302455324750034,0.4013669595978008,-0.132806155418311,24,5214,4500
0.0680154861034788,0.038016330204812,0.9302455324750034,0.4013669595978008,-0.132806155418311,25,5214,4500
0.0680154861034788,0.038016330204812,0.9302455324750034,0.4013669595978008,-0.132806155418311,26,5214,4500
0.0680154861034788,0.038016330204812,0.9302455324750034,0.4013669595978008,-0.132806155418311,27,5214,4500
0.0680154861034788,0.038016330204812,0.9302455324750034,0.4013669595978008,-0.132806155418311,28,5214,4500
0.0680154861034788,0.038016330204812,0.9302455324750034,0.4013669595978008,-0.132806155418311,29,5214,4500
0.0680154861034788,0.038016330204812,0.9302455324750034,0.4013669595978008,-0.132806155418311,30,5214,4500
0.0680154861034788,0.038016330204812,0.9302455324750034,0.4013669595978008,-0.132806155418311,31,5214,4500
0.0680154861034788,0.038016330204812,0.9302455324750034,0.4013669595978008,-0.132806155418311,32,5214,4500
0.0680154861034788,0.038016330204812,0.9302455324750034,0.4013669595978008,-0.132806155418311,33,5214,4500
0.0680154861034788,0.038016330204812,0.9302455324750034,0.4013669595978008,-0.132806155418311,34,5214,4500
0.0680154861034788,0.038016330204812,0.9302455324750034,0.4013669595978008,-0.132806155418311,35,5214,4500
0.0680154861034788,0.038016330204812,0.9302455324750034,0.4013669595978008,-0.132806155418311,36,5214,4500
0.0680154861034788,0.038016330204812,0.9302455324750034,0.4013669595978008,-0.132806155418311,37,5214,4500
0.0661922163812706,0.0380253402970233,0.9302456065269444,0.4309054661035693,-0.1328074188361876,38,5214,4500
0.0661922163812706,0.0380253402970233,0.9302456065269444,0.4309054661035693,-0.1328074188361876,39,5214,4500
0.0661922163812706,0.0380253402970233,0.9302456065269444,0.4309054661035693,-0.1328074188361876,40,5214,4500
0.0661922163812706,0.0380253402970233,0.9302456065269444,0.4309054661035693,-0.1328074188361876,41,5214,4500
0.0661922163812706,0.0380253402970233,0.9302456065269444,0.4309054661035693,-0.1328074188361876,42,5214,4500
0.0661922163812706,0.0380253402970233,0.9302456065269444,0.4309054661035693,-0.1328074188361876,43,5214,4500
0.0661922163812706,0.0380253402970233,0.9302456065269444,0.4309054661035693,-0.1328074188361876,44,5214,4500
0.0661922163812706,0.0380253402970233,0.9302456065269444,0.4309054661035693,-0.1328074188361876,45,5214,4500
0.0661922163812706,0.0380253402970233,0.9302456065269444,0.4309054661035693,-0.1328074188361876,46,5214,4500
0.0661922163812706,0.0380253402970233,0.9302456065269444,0.4309054661035693,-0.1328074188361876,47,5214,4500
0.0661922163812706,0.0380253402970233,0.9302456065269444,0.4309054661035693,-0.1328074188361876,48,5214,4500
0.0661922163812706,0.0380253402970233,0.9302456065269444,0.4309054661035693,-0.1328074188361876,49,5214,4500
0.0661922163812706,0.0380253402970233,0.9302456065269444,0.4309054661035693,-0.1328074188361876,50,5214,4500
0.0661922163812706,0.0380253402970233,0.9302456065269444,0.4309054661035693,-0.1328074188361876,51,5214,4500
0.0661922163812706,0.0380253402970233,0.9302456065269444,0.4309054661035693,-0.1328074188361876,52,5214,4500
0.0661922163812706,0.0380253402970233,0.9302456065269444,0.4309054661035693,-0.1328074188361876,53,5214,4500
0.0661922163812706,0.0380253402970233,0.9302456065269444,0.4309054661035693,-0.1328074188361876,54,5214,4500
0.0661922163812706,0.0380253402970233,0.9302456065269444,0.4309054661035693,-0.1328074188361876,55,5214,4500
0.0661922163812706,0.0380253402970233,0.9302456065269444,0.4309054661035693,-0.1328074188361876,56,5214,4500
0.0661922163812706,0.0380253402970233,0.9302456065269444,0.4309054661035693,-0.1328074188361876,57,5214,4500
0.0661922163812706,0.0380253402970233,0.9302456065269444,0.4309054661035693,-0.1328074188361876,58,5214,4500
0.0661922163812706,0.0380253402970233,0.9302456065269444,0.4309054661035693,-0.1328074188361876,59,5214,4500
0.0661922163812706,0.0380253402970233,0.9302456065269444,0.4309054661035693,-0.1328074188361876,60,5214,4500
0.0661922163812706,0.0380253402970233,0.9302456065269444,0.4309054661035693,-0.1328074188361876,61,5214,4500
0.0661922163812706,0.0380253402970233,0.9302456065269444,0.4309054661035693,-0.1328074188361876,62,5214,4500
0.0661922163812706,0.0380253402970233,0.9302456065269444,0.4309054661035693,-0.1328074188361876,63,5214,4500
0.1158656124707703,0.0731900723909659,0.6303177554434782,0.3867305731718615,-0.0876177324419504,0,5214,5214
0.1158656124707703,0.0731900723909659,0.6303177554434782,0.3461256205244711,-0.0888512963596567,1,5214,5214
0.1158656124707703,0.0679907928445491,0.6303177554434782,0.3634661250334782,-0.0907441510444765,2,5214,5214
0.1208777915188711,0.0739616190356343,0.5974263347417831,0.4259359941510985,-0.0940308233487922,3,5214,5214
0.1208777915188711,0.0739616190356343,0.5974263347417831,0.4259359941510985,-0.0940308233487922,4,5214,5214
0.1017879017949822,0.0469247736856905,0.6284228082861663,0.27713333487199,-0.0945920155829042,5,5214,5214
0.1681820550272102,0.1249774174006457,0.6751899483303527,0.4381669692432972,-0.0955680159559183,6,5214,5214
0.1681820550272102,0.1249774174006457,0.6751899483303527,0.4381669692432972,-0.0955680159559183,7,5214,5214
0.1010749919707077,0.1149751570891883,0.5740923973070876,0.3528474817208463,-0.0985579967036987,8,5214,5214
0.0970899883747817,0.0474580521401859,0.651548998617295,0.2739591390835292,-0.1018443655183366,9,5214,5214
0.0968595868064385,0.0474580521401859,0.584689493513863,0.4570130133756361,-0.1039725234620749,10,5214,5214
0.1258229214410441,0.1043351785028996,0.6751899483303527,0.4380476156682868,-0.1042974082271802,11,5214,5214
0.1155782403977139,0.0474580521401859,0.6559110005329208,0.4408498941987053,-0.1072371712040616,12,5214,5214
0.1155782403977139,0.0474580521401859,0.6559110005329208,0.4408498941987053,-0.1072371712040616,13,5214,5214
0.1155782403977139,0.0474580521401859,0.6559110005329208,0.4408498941987053,-0.1072371712040616,14,5214,5214
0.1155782403977139,0.0474580521401859,0.6559110005329208,0.4408498941987053,-0.1072371712040616,15,5214,5214
0.1155782403977139,0.0474580521401859,0.6559110005329208,0.4408498941987053,-0.1072371712040616,16,5214,5214
0.0672292669816325,0.0440223181630057,0.6547802722716085,0.4372914710530343,-0.1074189185951063,17,5214,5214
0.1251102766464395,0.0604492831691163,0.6720802792605887,0.4353197194823194,-0.1082320340601319,18,5214,5214
0.1251102766464395,0.0604492831691163,0.6720802792605887,0.4353197194823194,-0.1082320340601319,19,5214,5214
0.1251102766464395,0.0604492831691163,0.6720802792605887,0.4353197194823194,-0.1082320340601319,20,5214,5214
0.1258229214410441,0.0395847062592629,0.6751899483303527,0.4380476156682868,-0.109602811142147,21,5214,5214
0.1258229214410441,0.0395847062592629,0.6751899483303527,0.4380476156682868,-0.109602811142147,22,5214,5214
0.1258229214410441,0.0395847062592629,0.6751899483303527,0.4380476156682868,-0.109602811142147,23,5214,5214
0.1258229214410441,0.0395847062592629,0.6751899483303527,0.4380476156682868,-0.109602811142147,24,5214,5214
0.1258229214410441,0.0395847062592629,0.6751899483303527,0.4380476156682868,-0.109602811142147,25,5214,5214
0.1258229214410441,0.0395847062592629,0.6751899483303527,0.4380476156682868,-0.109602811142147,26,5214,5214
0.1258229214410441,0.0395847062592629,0.6751899483303527,0.4380476156682868,-0.109602811142147,27,5214,5214
0.1258229214410441,0.0395847062592629,0.6751899483303527,0.4380476156682868,-0.109602811142147,28,5214,5214
0.1258229214410441,0.0395847062592629,0.6751899483303527,0.4380476156682868,-0.109602811142147,29,5214,5214
0.1258229214410441,0.0395847062592629,0.6751899483303527,0.4380476156682868,-0.109602811142147,30,5214,5214
0.1258229214410441,0.0395847062592629,0.6751899483303527,0.4380476156682868,-0.109602811142147,31,5214,5214
0.123579095817325,0.0384824798534782,0.6729264000335287,0.4384924169707104,-0.1096642010575606,32,5214,5214
0.123579095817325,0.0384824798534782,0.6729264000335287,0.4384924169707104,-0.1096642010575606,33,5214,5214
0.123579095817325,0.0384824798534782,0.6729264000335287,0.4384924169707104,-0.1096642010575606,34,5214,5214
0.123579095817325,0.0384824798534782,0.6729264000335287,0.4384924169707104,-0.1096642010575606,35,5214,5214
0.123579095817325,0.0384824798534782,0.6729264000335287,0.4384924169707104,-0.1096642010575606,36,5214,5214
0.123579095817325,0.0384824798534782,0.6729264000335287,0.4384924169707104,-0.1096642010575606,37,5214,5214
0.123579095817325,0.0384824798534782,0.6729264000335287,0.4384924169707104,-0.1096642010575606,38,5214,5214
0.123579095817325,0.0384824798534782,0.6729264000335287,0.4384924169707104,-0.1096642010575606,39,5214,5214
0.123579095817325,0.0384824798534782,0.6729264000335287,0.4384924169707104,-0.1096642010575606,40,5214,5214
0.123579095817325,0.0384824798534782,0.6729264000335287,0.4384924169707104,-0.1096642010575606,41,5214,5214
0.123579095817325,0.0384824798534782,0.6729264000335287,0.4384924169707104,-0.1096642010575606,42,5214,5214
0.123579095817325,0.0384824798534782,0.6729264000335287,0.4384924169707104,-0.1096642010575606,43,5214,5214
0.123579095817325,0.0384824798534782,0.6729264000335287,0.4384924169707104,-0.1096642010575606,44,5214,5214
0.123579095817325,0.0384824798534782,0.6729264000335287,0.4384924169707104,-0.1096642010575606,45,5214,5214
0.123579095817325,0.0384824798534782,0.6729264000335287,0.4384924169707104,-0.1096642010575606,46,5214,5214
0.123579095817325,0.0384824798534782,0.6729264000335287,0.4384924169707104,-0.1096642010575606,47,5214,5214
0.123579095817325,0.0384824798534782,0.6729264000335287,0.4384924169707104,-0.1096642010575606,48,5214,5214
0.123579095817325,0.0384824798534782,0.6729264000335287,0.4384924169707104,-0.1096642010575606,49,5214,5214
0.123579095817325,0.0384824798534782,0.6729264000335287,0.4384924169707104,-0.1096642010575606,50,5214,5214
0.123579095817325,0.0384824798534782,0.6729264000335287,0.4384924169707104,-0.1096642010575606,51,5214,5214
0.123579095817325,0.0384824798534782,0.6729264000335287,0.4384924169707104,-0.1096642010575606,52,5214,5214
0.123579095817325,0.0384824798534782,0.6729264000335287,0.4384924169707104,-0.1096642010575606,53,5214,5214
0.123579095817325,0.0384824798534782,0.6729264000335287,0.4384924169707104,-0.1096642010575606,54,5214,5214
0.123579095817325,0.0384824798534782,0.6729264000335287,0.4384924169707104,-0.1096642010575606,55,5214,5214
0.123579095817325,0.0384824798534782,0.6729264000335287,0.4384924169707104,-0.1096642010575606,56,5214,5214
0.123579095817325,0.0384824798534782,0.6729264000335287,0.4384924169707104,-0.1096642010575606,57,5214,5214
0.1158656124707703,0.0731900723909659,0.6303177554434782,0.3867305731718615,-0.0699791710272024,0,5214,5929
0.1158656124707703,0.0731900723909659,0.6303177554434782,0.3867305731718615,-0.0699791710272024,1,5214,5929
0.1158656124707703,0.0679907928445491,0.6303177554434782,0.4040710776402652,-0.0725134370296217,2,5214,5929
0.1158656124707703,0.0679907928445491,0.6303177554434782,0.4040710776402652,-0.0725134370296217,3,5214,5929
0.1111849975599128,0.0731900723909659,0.5946331552771824,0.3461256205244711,-0.0738558122459088,4,5214,5929
0.1195095227823517,0.1100063950017302,0.8366811539597798,0.3861506101629737,-0.074915717219271,5,5214,5929
0.1204645640169055,0.0376071948370499,0.9235065555132652,0.4226712404110499,-0.0778850707907897,6,5214,5929
0.13105872777663,0.0573759777302157,0.6083037755021008,0.2791807744252593,-0.0829278954422434,7,5214,5929
0.13105872777663,0.0573759777302157,0.6083037755021008,0.2791807744252593,-0.0829278954422434,8,5214,5929
0.1311681144823922,0.07321884834706,0.7633767717415512,0.3112831444697241,-0.0843115250250159,9,5214,5929
0.1204645640169055,0.0376071948370499,0.7986254103986921,0.4226712404110499,-0.089621697203451,10,5214,5929
0.1204645640169055,0.0376071948370499,0.7986254103986921,0.4226712404110499,-0.089621697203451,11,5214,5929
0.0854546251850762,0.0387712884184345,0.6751659155564975,0.3171544212276967,-0.0926070286353181,12,5214,5929
0.0854546251850762,0.0387712884184345,0.6751659155564975,0.3171544212276967,-0.0926070286353181,13,5214,5929
0.0854546251850762,0.0387712884184345,0.6751659155564975,0.3171544212276967,-0.0926070286353181,14,5214,5929
0.0854546251850762,0.0387712884184345,0.6751659155564975,0.3171544212276967,-0.0926070286353181,15,5214,5929
0.0854546251850762,0.0387712884184345,0.6751659155564975,0.3171544212276967,-0.0926070286353181,16,5214,5929
0.0854546251850762,0.0387712884184345,0.6751659155564975,0.3171544212276967,-0.0926070286353181,17,5214,5929
0.0861924821323504,0.03742529923943,0.6761207902660399,0.3171544212276967,-0.0931219335326302,18,5214,5929
0.0861924821323504,0.03742529923943,0.6761207902660399,0.3171544212276967,-0.0931219335326302,19,5214,5929
0.0861924821323504,0.03742529923943,0.6761207902660399,0.3171544212276967,-0.0931219335326302,20,5214,5929
0.0872014436486526,0.0376336143802798,0.6639627539796344,0.3217009486504927,-0.0931550013143056,21,5214,5929
0.0872014436486526,0.0376336143802798,0.6639627539796344,0.3217009486504927,-0.0931550013143056,22,5214,5929
0.0872014436486526,0.0376336143802798,0.6639627539796344,0.3217009486504927,-0.0931550013143056,23,5214,5929
0.0872014436486526,0.0376336143802798,0.6639627539796344,0.3217009486504927,-0.0931550013143056,24,5214,5929
0.0872014436486526,0.0376336143802798,0.6639627539796344,0.3217009486504927,-0.0931550013143056,25,5214,5929
0.0872014436486526,0.0376336143802798,0.6639627539796344,0.3217009486504927,-0.0931550013143056,26,5214,5929
0.0872014436486526,0.0376336143802798,0.6639627539796344,0.3217009486504927,-0.0931550013143056,27,5214,5929
0.0872014436486526,0.0376336143802798,0.6639627539796344,0.3217009486504927,-0.0931550013143056,28,5214,5929
0.0872014436486526,0.0376336143802798,0.6639627539796344,0.3217009486504927,-0.0931550013143056,29,5214,5929
0.0872014436486526,0.0376336143802798,0.6639627539796344,0.3217009486504927,-0.0931550013143056,30,5214,5929
0.0872014436486526,0.0376336143802798,0.6639627539796344,0.3217009486504927,-0.0931550013143056,31,5214,5929
0.0872014436486526,0.0376336143802798,0.6639627539796344,0.3217009486504927,-0.0931550013143056,32,5214,5929
0.0872014436486526,0.0376336143802798,0.6639627539796344,0.3217009486504927,-0.0931550013143056,33,5214,5929
0.0872014436486526,0.0376336143802798,0.6639627539796344,0.3217009486504927,-0.0931550013143056,34,5214,5929
0.0872014436486526,0.0376336143802798,0.6639627539796344,0.3217009486504927,-0.0931550013143056,35,5214,5929
0.0872014436486526,0.0376336143802798,0.6639627539796344,0.3217009486504927,-0.0931550013143056,36,5214,5929
0.0872014436486526,0.0376336143802798,0.6639627539796344,0.3217009486504927,-0.0931550013143056,37,5214,5929
0.0872014436486526,0.0376336143802798,0.6639627539796344,0.3217009486504927,-0.0931550013143056,38,5214,5929
0.0872014436486526,0.0376336143802798,0.6639627539796344,0.3217009486504927,-0.0931550013143056,39,5214,5929
0.0872014436486526,0.0376336143802798,0.6639627539796344,0.3217009486504927,-0.0931550013143056,40,5214,5929
0.0872014436486526,0.0376336143802798,0.6639627539796344,0.3217009486504927,-0.0931550013143056,41,5214,5929
0.0872014436486526,0.0376336143802798,0.6639627539796344,0.3217009486504927,-0.0931550013143056,42,5214,5929
0.0872014436486526,0.0376336143802798,0.6639627539796344,0.3217009486504927,-0.0931550013143056,43,5214,5929
0.5895020620840481,0.1244603325154798,0.9541513368666424,0.3992910134865952,-0.0431954864997294,0,5214,6643
0.5895020620840481,0.1244603325154798,0.9541513368666424,0.3992910134865952,-0.0431954864997294,1,5214,6643
0.5895020620840481,0.1182800376592368,0.9541513368666424,0.4166315179119687,-0.0488454056194961,2,5214,6643
0.1158656124707703,0.0731900723909659,0.5738710700088824,0.457957512411957,-0.0585280781862193,3,5214,6643
0.1417872973714291,0.0525657020477211,0.5738710700088824,0.4567306572866326,-0.061977582456802,4,5214,6643
0.1417872973714291,0.0525657020477211,0.5738710700088824,0.4567306572866326,-0.061977582456802,5,5214,6643
0.1417872973714291,0.0525657020477211,0.5738710700088824,0.4567306572866326,-0.061977582456802,6,5214,6643
0.1417872973714291,0.0525657020477211,0.5738710700088824,0.4567306572866326,-0.061977582456802,7,5214,6643
0.1336866809878922,0.0521757954042247,0.930553099168808,0.416072137664958,-0.0633762607490975,8,5214,6643
0.1297559765461039,0.0740385934742988,0.9086106529833664,0.4382450343261421,-0.0637071186664591,9,5214,6643
0.0668092321027809,0.0422571096657638,0.8865255425425406,0.3176136747104302,-0.0680565352235201,10,5214,6643
0.0928541241702336,0.0527568969703536,0.8647625390418945,0.313210718336429,-0.0694663613978291,11,5214,6643
0.0928541241702336,0.0527568969703536,0.8647625390418945,0.313210718336429,-0.0694663613978291,12,5214,6643
0.0928541241702336,0.0527568969703536,0.8647625390418945,0.313210718336429,-0.0694663613978291,13,5214,6643
0.0928541241702336,0.0527568969703536,0.8647625390418945,0.313210718336429,-0.0694663613978291,14,5214,6643
0.0928541241702336,0.0527568969703536,0.8647625390418945,0.313210718336429,-0.0694663613978291,15,5214,6643
0.0928541241702336,0.0527568969703536,0.8647625390418945,0.313210718336429,-0.0694663613978291,16,5214,6643
0.0908788437611601,0.0487609970763848,0.8647625390418945,0.313210718336429,-0.0697616194480134,17,5214,6643
0.0908788437611601,0.0487609970763848,0.8647625390418945,0.313210718336429,-0.0697616194480134,18,5214,6643
0.0908788437611601,0.0488206203812402,0.8647625390418945,0.3197438516478806,-0.0701092667211976,19,5214,6643
0.0908788437611601,0.0488206203812402,0.8647625390418945,0.3197438516478806,-0.0701092667211976,20,5214,6643
0.130430311650578,0.0422571096657638,0.8659072854038264,0.3195433570587611,-0.0706350634983343,21,5214,6643
0.130430311650578,0.0422571096657638,0.8659072854038264,0.3195433570587611,-0.0706350634983343,22,5214,6643
0.130430311650578,0.0422571096657638,0.8659072854038264,0.3195433570587611,-0.0706350634983343,23,5214,6643
0.130430311650578,0.0422571096657638,0.8659072854038264,0.3195433570587611,-0.0706350634983343,24,5214,6643
0.0693912819791925,0.0443058956519126,0.8738768813788036,0.4336445358102296,-0.0708445956984566,25,5214,6643
0.0661834668399318,0.0566711816831866,0.8677554319215521,0.4329985705091732,-0.0709264646733394,26,5214,6643
0.0661834668399318,0.0566711816831866,0.8677554319215521,0.4329985705091732,-0.0709264646733394,27,5214,6643
0.0659027316379969,0.0491881266192171,0.8645542881138122,0.4340788409355026,-0.0712217227235237,28,5214,6643
0.1290604098952158,0.038227541004942,0.86297515221639,0.3187747507021553,-0.0712985647312343,29,5214,6643
0.0915092821212828,0.0387964697815911,0.8201026014691266,0.3178915914229609,-0.0722382827799865,30,5214,6643
0.0915092821212828,0.0387964697815911,0.8201026014691266,0.3178915914229609,-0.0722382827799865,31,5214,6643
0.0915092821212828,0.0387964697815911,0.8201026014691266,0.3178915914229609,-0.0722382827799865,32,5214,6643
0.0915092821212828,0.0387964697815911,0.8201026014691266,0.3178915914229609,-0.0722382827799865,33,5214,6643
0.0915092821212828,0.0387964697815911,0.8201026014691266,0.3178915914229609,-0.0722382827799865,34,5214,6643
0.0915092821212828,0.0387964697815911,0.8201026014691266,0.3178915914229609,-0.0722382827799865,35,5214,6643
0.0915092821212828,0.0387964697815911,0.8201026014691266,0.3178915914229609,-0.0722382827799865,36,5214,6643
0.0915092821212828,0.0387964697815911,0.8201026014691266,0.3178915914229609,-0.0722382827799865,37,5214,6643
0.0915092821212828,0.0387964697815911,0.8201026014691266,0.3178915914229609,-0.0722382827799865,38,5214,6643
0.0915092821212828,0.0387964697815911,0.8201026014691266,0.3178915914229609,-0.0722382827799865,39,5214,6643
0.090918158141337,0.0382386475377897,0.8316326929267933,0.3100928724406275,-0.0724055404041144,40,5214,6643
0.090918158141337,0.0382386475377897,0.8316326929267933,0.3100928724406275,-0.0724055404041144,41,5214,6643
0.0918716975285949,0.0385780711871495,0.8207239056746372,0.3171500515210997,-0.0727531876772986,42,5214,6643
0.0918716975285949,0.0385780711871495,0.8207239056746372,0.3171500515210997,-0.0727531876772986,43,5214,6643
0.0918716975285949,0.0385780711871495,0.8207239056746372,0.3171500515210997,-0.0727531876772986,44,5214,6643
0.085233826892525,0.0377674642851231,0.8188931836689897,0.3170808027328292,-0.0727795722661431,45,5214,6643
0.085233826892525,0.0377674642851231,0.8188931836689897,0.3170808027328292,-0.0727795722661431,46,5214,6643
0.085233826892525,0.0377674642851231,0.8188931836689897,0.3170808027328292,-0.0727795722661431,47,5214,6643
0.085233826892525,0.0377674642851231,0.8188931836689897,0.3170808027328292,-0.0727795722661431,48,5214,6643
0.085233826892525,0.0377674642851231,0.8188931836689897,0.3170808027328292,-0.0727795722661431,49,5214,6643
0.0932735654084907,0.0380789009780128,0.8268343783714959,0.320998596117219,-0.072792821110308,50,5214,6643
0.0932735654084907,0.0380789009780128,0.8268343783714959,0.320998596117219,-0.072792821110308,51,5214,6643
0.0932735654084907,0.0380789009780128,0.8268343783714959,0.320998596117219,-0.072792821110308,52,5214,6643
0.0932735654084907,0.0380789009780128,0.8268343783714959,0.320998596117219,-0.072792821110308,53,5214,6643
0.0932735654084907,0.0380789009780128,0.8268343783714959,0.320998596117219,-0.072792821110308,54,5214,6643
0.0932735654084907,0.0380789009780128,0.8268343783714959,0.320998596117219,-0.072792821110308,55,5214,6643
0.0932735654084907,0.0380789009780128,0.8268343783714959,0.320998596117219,-0.072792821110308,56,5214,6643
0.0852813660973791,0.0377674642851231,0.8187001769065931,0.3214407138154238,-0.0728192056991525,57,5214,6643
0.0852813660973791,0.0377674642851231,0.8187001769065931,0.3214407138154238,-0.0728192056991525,58,5214,6643
0.0852813660973791,0.0377674642851231,0.8187001769065931,0.3214407138154238,-0.0728192056991525,59,5214,6643
0.0852813660973791,0.0377674642851231,0.8187001769065931,0.3214407138154238,-0.0728192056991525,60,5214,6643
0.0852813660973791,0.0377674642851231,0.8187001769065931,0.3214407138154238,-0.0728192056991525,61,5214,6643
0.0852813660973791,0.0377674642851231,0.8187001769065931,0.3214407138154238,-0.0728192056991525,62,5214,6643
0.0852813660973791,0.0377674642851231,0.8187001769065931,0.3214407138154238,-0.0728192056991525,63,5214,6643
0.0852813660973791,0.0377674642851231,0.8187001769065931,0.3214407138154238,-0.0728192056991525,64,5214,6643
0.0852813660973791,0.0377674642851231,0.8187001769065931,0.3214407138154238,-0.0728192056991525,65,5214,6643
0.0852813660973791,0.0377674642851231,0.8187001769065931,0.3214407138154238,-0.0728192056991525,66,5214,6643
0.0852813660973791,0.0377674642851231,0.8187001769065931,0.3214407138154238,-0.0728192056991525,67,5214,6643
0.0852813660973791,0.0377674642851231,0.8187001769065931,0.3214407138154238,-0.0728192056991525,68,5214,6643
0.0852813660973791,0.0377674642851231,0.8187001769065931,0.3214407138154238,-0.0728192056991525,69,5214,6643
0.0852813660973791,0.0377674642851231,0.8187001769065931,0.3214407138154238,-0.0728192056991525,70,5214,6643
0.0852813660973791,0.0377674642851231,0.8187001769065931,0.3214407138154238,-0.0728192056991525,71,5214,6643
0.0852813660973791,0.0377674642851231,0.8187001769065931,0.3214407138154238,-0.0728192056991525,72,5214,6643
0.0852813660973791,0.0377674642851231,0.8187001769065931,0.3214407138154238,-0.0728192056991525,73,5214,6643
0.0852813660973791,0.0377674642851231,0.8187001769065931,0.3214407138154238,-0.0728192056991525,74,5214,6643
0.0852813660973791,0.0377674642851231,0.8187001769065931,0.3214407138154238,-0.0728192056991525,75,5214,6643
0.0852813660973791,0.0377674642851231,0.8187001769065931,0.3214407138154238,-0.0728192056991525,76,5214,6643
0.0852813660973791,0.0377674642851231,0.8187001769065931,0.3214407138154238,-0.0728192056991525,77,5214,6643
0.0852813660973791,0.0377674642851231,0.8187001769065931,0.3214407138154238,-0.0728192056991525,78,5214,6643
0.0852813660973791,0.0377674642851231,0.8187001769065931,0.3214407138154238,-0.0728192056991525,79,5214,6643
0.0852813660973791,0.0377674642851231,0.8187001769065931,0.3214407138154238,-0.0728192056991525,80,5214,6643
0.0852813660973791,0.0377674642851231,0.8187001769065931,0.3214407138154238,-0.0728192056991525,81,5214,6643
0.0852813660973791,0.0377674642851231,0.8187001769065931,0.3214407138154238,-0.0728192056991525,82,5214,6643
0.5895020620840481,0.1244603325154798,0.9541513368666424,0.3992910134865952,-0.0574380802362175,0,5214,7357
0.5895020620840481,0.1244603325154798,0.9541513368666424,0.3992910134865952,-0.0574380802362175,1,5214,7357
0.5594167606922107,0.0750066042167984,0.847826815187212,0.4039151574427059,-0.0652047725075269,2,5214,7357
0.5895020620840481,0.1182800376592368,0.9393937300650708,0.4289218770908078,-0.0724981415663083,3,5214,7357
0.5895020620840481,0.1182800376592368,0.9393937300650708,0.4289218770908078,-0.0724981415663083,4,5214,7357
0.552493354791653,0.1645597514456176,0.8116636401439369,0.4535367197302402,-0.073025661366553,5,5214,7357
0.552493354791653,0.1645597514456176,0.8116636401439369,0.4535367197302402,-0.073025661366553,6,5214,7357
0.5497169926447878,0.0662517936006273,0.8093124246582415,0.4548608816882197,-0.0737817564080293,7,5214,7357
0.5497169926447878,0.0662517936006273,0.8093124246582415,0.4548608816882197,-0.0737817564080293,8,5214,7357
0.5622253653711686,0.1639171376117293,0.8946496060806444,0.4757915633245007,-0.0805726501505937,9,5214,7357
0.5622253653711686,0.1639171376117293,0.8946496060806444,0.4757915633245007,-0.0805726501505937,10,5214,7357
0.5784292550465325,0.1680945776511833,0.8946496060806444,0.4711765299351851,-0.0818320558596073,11,5214,7357
0.5622111759186561,0.1244603325154798,0.8360492340615637,0.4773465550464806,-0.0823920622776375,12,5214,7357
0.590757177571175,0.1182798475405992,0.8443732766786284,0.4835050406879929,-0.0830347794619933,13,5214,7357
0.5901661578366291,0.1611877400345959,0.9387939282723192,0.4733249519614198,-0.0832839372891325,14,5214,7357
0.5901661578366291,0.1611877400345959,0.9387939282723192,0.4733249519614198,-0.0832839372891325,15,5214,7357
0.590757177571175,0.1319913358560414,0.9319160419252628,0.4835050406879929,-0.0861181250064567,16,5214,7357
0.5553878453891875,0.1611877400345959,0.932173412983774,0.4732588289354587,-0.0883741047593498,17,5214,7357
0.5553878453891875,0.1611877400345959,0.932173412983774,0.4732588289354587,-0.0883741047593498,18,5214,7357
0.5553878453891875,0.1611877400345959,0.932173412983774,0.4732588289354587,-0.0883741047593498,19,5214,7357
0.5553878453891875,0.1611877400345959,0.932173412983774,0.4732588289354587,-0.0883741047593498,20,5214,7357
0.5553878453891875,0.1611877400345959,0.932173412983774,0.4732588289354587,-0.0883741047593498,21,5214,7357
0.5553878453891875,0.1611877400345959,0.932173412983774,0.4732588289354587,-0.0883741047593498,22,5214,7357
0.5652656188499663,0.1671256757241902,0.9319160419252628,0.4835050406879929,-0.0896911826775009,23,5214,7357
0.5886693723964433,0.1680751179865096,0.9319160419252628,0.4833501660043137,-0.0899483464566825,24,5214,7357
0.5886693723964433,0.1680751179865096,0.9319160419252628,0.4833501660043137,-0.0899483464566825,25,5214,7357
0.5886693723964433,0.1680751179865096,0.9319160419252628,0.4833501660043137,-0.0899483464566825,26,5214,7357
0.5886693723964433,0.1680751179865096,0.9319160419252628,0.4833501660043137,-0.0899483464566825,27,5214,7357
0.5886693723964433,0.1680751179865096,0.9319160419252628,0.4833501660043137,-0.0899483464566825,28,5214,7357
0.5886693723964433,0.1680751179865096,0.9319160419252628,0.4833501660043137,-0.0899483464566825,29,5214,7357
0.5886693723964433,0.1680751179865096,0.9319160419252628,0.4833501660043137,-0.0899483464566825,30,5214,7357
0.5886693723964433,0.1680751179865096,0.9319160419252628,0.4833501660043137,-0.0899483464566825,31,5214,7357
0.5886693723964433,0.1680751179865096,0.9319160419252628,0.4833501660043137,-0.0899483464566825,32,5214,7357
0.5886693723964433,0.1680751179865096,0.9319160419252628,0.4833501660043137,-0.0899483464566825,33,5214,7357
0.5886693723964433,0.1680751179865096,0.9319160419252628,0.4833501660043137,-0.0899483464566825,34,5214,7357
0.5886693723964433,0.1680751179865096,0.9319160419252628,0.4833501660043137,-0.0899483464566825,35,5214,7357
0.6756154282952538,0.16850354835125,0.9310028815293144,0.4785935556035642,-0.0906094529012399,36,5214,7357
0.6756154282952538,0.16850354835125,0.9310028815293144,0.4785935556035642,-0.0906094529012399,37,5214,7357
0.6756154282952538,0.16850354835125,0.9310028815293144,0.4785935556035642,-0.0906094529012399,38,5214,7357
0.6756154282952538,0.16850354835125,0.9310028815293144,0.4785935556035642,-0.0906094529012399,39,5214,7357
0.6756154282952538,0.16850354835125,0.9310028815293144,0.4785935556035642,-0.0906094529012399,40,5214,7357
0.6756154282952538,0.16850354835125,0.9310028815293144,0.4785935556035642,-0.0906094529012399,41,5214,7357
0.6756154282952538,0.16850354835125,0.9310028815293144,0.4785935556035642,-0.0906094529012399,42,5214,7357
0.6756154282952538,0.16850354835125,0.9310028815293144,0.4785935556035642,-0.0906094529012399,43,5214,7357
0.6756154282952538,0.16850354835125,0.9310028815293144,0.4785935556035642,-0.0906094529012399,44,5214,7357
0.6866064529073477,0.1685246296580423,0.9319080777064698,0.4846868234580159,-0.0906832585081283,45,5214,7357
0.6866064529073477,0.1685246296580423,0.9319080777064698,0.4846868234580159,-0.0906832585081283,46,5214,7357
0.6866064529073477,0.1685246296580423,0.9319080777064698,0.4846868234580159,-0.0906832585081283,47,5214,7357
0.6866064529073477,0.1685246296580423,0.9319080777064698,0.4846868234580159,-0.0906832585081283,48,5214,7357
0.6866064529073477,0.1685246296580423,0.9319080777064698,0.4846868234580159,-0.0906832585081283,49,5214,7357
0.6879601502375607,0.1685056806504895,0.9319080777064698,0.4846868234580159,-0.091093871160731,50,5214,7357
0.6879601502375607,0.1685056806504895,0.9319080777064698,0.4846868234580159,-0.091093871160731,51,5214,7357
0.6879601502375607,0.1685056806504895,0.9319080777064698,0.4846868234580159,-0.091093871160731,52,5214,7357
0.6879601502375607,0.1685056806504895,0.9319080777064698,0.4846868234580159,-0.091093871160731,53,5214,7357
0.6879601502375607,0.1685056806504895,0.9319080777064698,0.4846868234580159,-0.091093871160731,54,5214,7357
0.6879601502375607,0.1685056806504895,0.9319080777064698,0.4846868234580159,-0.091093871160731,55,5214,7357
0.6879601502375607,0.1685056806504895,0.9319080777064698,0.4846868234580159,-0.091093871160731,56,5214,7357
0.6879601502375607,0.1685056806504895,0.9319080777064698,0.4846868234580159,-0.091093871160731,57,5214,7357
0.6879601502375607,0.1685056806504895,0.9319080777064698,0.4846868234580159,-0.091093871160731,58,5214,7357
0.6879601502375607,0.1685056806504895,0.9319080777064698,0.4846868234580159,-0.091093871160731,59,5214,7357
0.688630721804879,0.1685055437622905,0.9319211866698324,0.4838212562187812,-0.0921813539630553,60,5214,7357
0.688630721804879,0.1685055437622905,0.9319211866698324,0.4838212562187812,-0.0921813539630553,61,5214,7357
0.688630721804879,0.1685055437622905,0.9319211866698324,0.4838212562187812,-0.0921813539630553,62,5214,7357
0.688630721804879,0.1685055437622905,0.9319211866698324,0.4838212562187812,-0.0921813539630553,63,5214,7357
0.688630721804879,0.1685055437622905,0.9319211866698324,0.4838212562187812,-0.0921813539630553,64,5214,7357
0.688630721804879,0.1685055437622905,0.9319211866698324,0.4838212562187812,-0.0921813539630553,65,5214,7357
0.688630721804879,0.1685055437622905,0.9319211866698324,0.4838212562187812,-0.0921813539630553,66,5214,7357
0.688630721804879,0.1685055437622905,0.9319211866698324,0.4838212562187812,-0.0921813539630553,67,5214,7357
0.688630721804879,0.1685055437622905,0.9319211866698324,0.4838212562187812,-0.0921813539630553,68,5214,7357
0.688630721804879,0.1685055437622905,0.9319211866698324,0.4838212562187812,-0.0921813539630553,69,5214,7357
0.688630721804879,0.1685055437622905,0.9319211866698324,0.4838212562187812,-0.0921813539630553,70,5214,7357
0.688630721804879,0.1685055437622905,0.9319211866698324,0.4838212562187812,-0.0921813539630553,71,5214,7357
0.688630721804879,0.1685055437622905,0.9319211866698324,0.4838212562187812,-0.0921813539630553,72,5214,7357
0.688630721804879,0.1685055437622905,0.9319211866698324,0.4838212562187812,-0.0921813539630553,73,5214,7357
0.688630721804879,0.1685055437622905,0.9319211866698324,0.4838212562187812,-0.0921813539630553,74,5214,7357
0.688630721804879,0.1685055437622905,0.9319211866698324,0.4838212562187812,-0.0921813539630553,75,5214,7357
0.688630721804879,0.1685055437622905,0.9319211866698324,0.4838212562187812,-0.0921813539630553,76,5214,7357
0.688630721804879,0.1685055437622905,0.9319211866698324,0.4838212562187812,-0.0921813539630553,77,5214,7357
0.688630721804879,0.1685055437622905,0.9319211866698324,0.4838212562187812,-0.0921813539630553,78,5214,7357
0.688630721804879,0.1685055437622905,0.9319211866698324,0.4838212562187812,-0.0921813539630553,79,5214,7357
0.688630721804879,0.1685055437622905,0.9319211866698324,0.4838212562187812,-0.0921813539630553,80,5214,7357
0.688630721804879,0.1685055437622905,0.9319211866698324,0.4838212562187812,-0.0921813539630553,81,5214,7357
0.688630721804879,0.1685055437622905,0.9319211866698324,0.4838212562187812,-0.0921813539630553,82,5214,7357
0.688630721804879,0.1685055437622905,0.9319211866698324,0.4838212562187812,-0.0921813539630553,83,5214,7357
0.688630721804879,0.1685055437622905,0.9319211866698324,0.4838212562187812,-0.0921813539630553,84,5214,7357
0.688630721804879,0.1685055437622905,0.9319211866698324,0.4838212562187812,-0.0921813539630553,85,5214,7357
0.5895020620840481,0.1244603325154798,0.9541513368666424,0.3992910134865952,-0.029322793264901,0,5214,8072
0.5895020620840481,0.1244603325154798,0.9541513368666424,0.3992910134865952,-0.029322793264901,1,5214,8072
0.5895020620840481,0.1182800376592368,0.9541513368666424,0.4166315179119687,-0.0347158196054984,2,5214,8072
0.5895020620840481,0.1182800376592368,0.9541513368666424,0.4166315179119687,-0.0347158196054984,3,5214,8072
0.5895020620840481,0.1182800376592368,0.9541513368666424,0.4166315179119687,-0.0347158196054984,4,5214,8072
0.6391071041851518,0.1165357899890707,0.9179623234764256,0.411779059351422,-0.0361739299954489,5,5214,8072
0.8037734194986796,0.0670949102592715,0.9398533884836529,0.2517683355045615,-0.0420702883136447,6,5214,8072
0.803317130583071,0.0535657740746853,0.8906385243672622,0.2447546968586129,-0.0425722472911364,7,5214,8072
0.803317130583071,0.0535657740746853,0.8906385243672622,0.2447546968586129,-0.0425722472911364,8,5214,8072
0.6197156182893495,0.0673215016108131,0.8628327525349998,0.2261369827084874,-0.0429154472231863,9,5214,8072
0.0639968010633229,0.0522132149621691,0.882421972878216,0.1960197164054177,-0.0481972076393294,10,5214,8072
0.0639968010633229,0.0522132149621691,0.882421972878216,0.1960197164054177,-0.0481972076393294,11,5214,8072
0.0639968010633229,0.0522132149621691,0.882421972878216,0.1960197164054177,-0.0481972076393294,12,5214,8072
0.0725899593602839,0.0458427363183299,0.8628327525349998,0.2261369827084874,-0.0496990517185137,13,5214,8072
0.0725899593602839,0.0458427363183299,0.7555361392814204,0.2269281141611824,-0.0550765480892159,14,5214,8072
0.0919275095485948,0.0739979776135499,0.7999590612500488,0.2306719208643444,-0.0553997697646422,15,5214,8072
0.0900573515949948,0.0376548880271906,0.8165820688796911,0.3070495908681169,-0.059316574843868,16,5214,8072
0.0900573515949948,0.0376548880271906,0.8165820688796911,0.3070495908681169,-0.059316574843868,17,5214,8072
0.0900573515949948,0.0376548880271906,0.8165820688796911,0.3070495908681169,-0.059316574843868,18,5214,8072
0.0900573515949948,0.0376548880271906,0.8165820688796911,0.3070495908681169,-0.059316574843868,19,5214,8072
0.0900573515949948,0.0376548880271906,0.8165820688796911,0.3070495908681169,-0.059316574843868,20,5214,8072
0.0900573515949948,0.0376548880271906,0.8165820688796911,0.3070495908681169,-0.059316574843868,21,5214,8072
0.0900573515949948,0.0376548880271906,0.8165820688796911,0.3070495908681169,-0.059316574843868,22,5214,8072
0.0900573515949948,0.0376548880271906,0.8165820688796911,0.3070495908681169,-0.059316574843868,23,5214,8072
0.0900573515949948,0.0376548880271906,0.8165820688796911,0.3070495908681169,-0.059316574843868,24,5214,8072
0.1041422124480422,0.0373350940060843,0.8170169633482387,0.272785408454472,-0.059709630899477,25,5214,8072
0.1041422124480422,0.0373350940060843,0.8170169633482387,0.272785408454472,-0.059709630899477,26,5214,8072
0.1041422124480422,0.0373350940060843,0.8170169633482387,0.272785408454472,-0.059709630899477,27,5214,8072
0.0883430809289772,0.0376548880271906,0.817251148687517,0.2774744752457889,-0.0597360154883216,28,5214,8072
0.9969082193504278,0.035571091825908,0.8167307669131606,0.4350182942258381,-0.0601329388503982,29,5214,8072
0.9969082193504278,0.035571091825908,0.8167307669131606,0.4350182942258381,-0.0601329388503982,30,5214,8072
0.9969082193504278,0.035679802093247,0.8187493470528451,0.2800106678826241,-0.0608533211428498,31,5214,8072
0.9830466460384206,0.035679802093247,0.824373503723247,0.2652152693459275,-0.0614767816811597,32,5214,8072
0.9830466460384206,0.035679802093247,0.824373503723247,0.2652152693459275,-0.0614767816811597,33,5214,8072
0.9830466460384206,0.035679802093247,0.824373503723247,0.2652152693459275,-0.0614767816811597,34,5214,8072
0.9830466460384206,0.035679802093247,0.824373503723247,0.2652152693459275,-0.0614767816811597,35,5214,8072
0.9830466460384206,0.035679802093247,0.824373503723247,0.2652152693459275,-0.0614767816811597,36,5214,8072
0.9830466460384206,0.035679802093247,0.824373503723247,0.2652152693459275,-0.0614767816811597,37,5214,8072
0.9830466460384206,0.035679802093247,0.824373503723247,0.2652152693459275,-0.0614767816811597,38,5214,8072
0.9830466460384206,0.035679802093247,0.824373503723247,0.2652152693459275,-0.0614767816811597,39,5214,8072
0.9830466460384206,0.035679802093247,0.824373503723247,0.2652152693459275,-0.0614767816811597,40,5214,8072
0.9830466460384206,0.035679802093247,0.824373503723247,0.2652152693459275,-0.0614767816811597,41,5214,8072
0.9830466460384206,0.035679802093247,0.824373503723247,0.2652152693459275,-0.0614767816811597,42,5214,8072
0.9830466460384206,0.035679802093247,0.824373503723247,0.2652152693459275,-0.0614767816811597,43,5214,8072
0.9830466460384206,0.035679802093247,0.824373503723247,0.2652152693459275,-0.0614767816811597,44,5214,8072
0.9830466460384206,0.035679802093247,0.824373503723247,0.2652152693459275,-0.0614767816811597,45,5214,8072
0.9968992749379628,0.0355686046483208,0.8389498315903129,0.2413140675301744,-0.061606400389004,46,5214,8072
0.9968992749379628,0.0355686046483208,0.8389498315903129,0.2413140675301744,-0.061606400389004,47,5214,8072
0.9968992749379628,0.0355686046483208,0.8389498315903129,0.2413140675301744,-0.061606400389004,48,5214,8072
0.9968231275356096,0.0355686046483208,0.8242174518942863,0.241525838720083,-0.0618321663596563,49,5214,8072
0.9968231275356096,0.0355686046483208,0.8242174518942863,0.241525838720083,-0.0618321663596563,50,5214,8072
0.9968231275356096,0.0355686046483208,0.8242174518942863,0.241525838720083,-0.0618321663596563,51,5214,8072
0.9968231275356096,0.0355686046483208,0.8242174518942863,0.241525838720083,-0.0618321663596563,52,5214,8072
0.9968231275356096,0.0355686046483208,0.8242174518942863,0.241525838720083,-0.0618321663596563,53,5214,8072
0.9968231275356096,0.0355686046483208,0.8242174518942863,0.241525838720083,-0.0618321663596563,54,5214,8072
0.9968231275356096,0.0355686046483208,0.8242174518942863,0.241525838720083,-0.0618321663596563,55,5214,8072
0.9968231275356096,0.0355686046483208,0.8242174518942863,0.241525838720083,-0.0618321663596563,56,5214,8072
0.9968231275356096,0.0355686046483208,0.8242174518942863,0.241525838720083,-0.0618321663596563,57,5214,8072
0.9968231275356096,0.0355686046483208,0.8242174518942863,0.241525838720083,-0.0618321663596563,58,5214,8072
0.9968231275356096,0.0355686046483208,0.8242174518942863,0.241525838720083,-0.0618321663596563,59,5214,8072
0.9968231275356096,0.0355686046483208,0.8242174518942863,0.241525838720083,-0.0618321663596563,60,5214,8072
0.9968231275356096,0.0355686046483208,0.8242174518942863,0.241525838720083,-0.0618321663596563,61,5214,8072
0.9968231275356096,0.0355686046483208,0.8242174518942863,0.241525838720083,-0.0618321663596563,62,5214,8072
0.9968231275356096,0.0355686046483208,0.8242174518942863,0.241525838720083,-0.0618321663596563,63,5214,8072
0.9968231275356096,0.0355686046483208,0.8242174518942863,0.241525838720083,-0.0618321663596563,64,5214,8072
0.9968231275356096,0.0355686046483208,0.8242174518942863,0.241525838720083,-0.0618321663596563,65,5214,8072
0.9968231275356096,0.0355686046483208,0.8242174518942863,0.241525838720083,-0.0618321663596563,66,5214,8072
0.9968231275356096,0.0355686046483208,0.8242174518942863,0.241525838720083,-0.0618321663596563,67,5214,8072
0.9968231275356096,0.0355686046483208,0.8242174518942863,0.241525838720083,-0.0618321663596563,68,5214,8072
0.9968231275356096,0.0355686046483208,0.8242174518942863,0.241525838720083,-0.0618321663596563,69,5214,8072
0.9968231275356096,0.0355686046483208,0.8242174518942863,0.241525838720083,-0.0618321663596563,70,5214,8072
0.9968231275356096,0.0355686046483208,0.8242174518942863,0.241525838720083,-0.0618321663596563,71,5214,8072
0.5495936876730595,0.3751469964966418,0.2012032007246644,0.7409444532381589,-0.1270688359770414,0,5929,3072
0.2740483886137183,0.1172688137050984,0.5462497892469849,0.27713333487199,-0.1273268855006947,1,5929,3072
0.4548893885930969,0.0731900723909659,0.5374272417355166,0.4550835371228693,-0.1280988387718219,2,5929,3072
0.5490728268346858,0.1080339868557886,0.5371420888059594,0.4601971309616889,-0.1439751234913763,3,5929,3072
0.5490728268346858,0.1080339868557886,0.5371420888059594,0.4601971309616889,-0.1439751234913763,4,5929,3072
0.5490728268346858,0.1080339868557886,0.5371420888059594,0.4601971309616889,-0.1439751234913763,5,5929,3072
0.5490728268346858,0.1080339868557886,0.5371420888059594,0.4601971309616889,-0.1439751234913763,6,5929,3072
0.5490728268346858,0.1080339868557886,0.5371420888059594,0.4601971309616889,-0.1439751234913763,7,5929,3072
0.5490728268346858,0.1080339868557886,0.5371420888059594,0.4601971309616889,-0.1439751234913763,8,5929,3072
0.5490728268346858,0.1080339868557886,0.5371420888059594,0.4601971309616889,-0.1439751234913763,9,5929,3072
0.5490728268346858,0.1080339868557886,0.5371420888059594,0.4601971309616889,-0.1439751234913763,10,5929,3072
0.9871876168476534,0.3430831200286383,0.375164559711348,0.3540695632978527,-0.1441701503927292,11,5929,3072
0.5490728268346858,0.2349048910923578,0.5426338743503201,0.4597311246752289,-0.1466475004221765,12,5929,3072
0.5490728268346858,0.238632955862988,0.5426338743503201,0.4597311246752289,-0.1472550549491472,13,5929,3072
0.5490728268346858,0.041084494127997,0.5398976798614149,0.4601971309616889,-0.1488021649675015,14,5929,3072
0.5944019126006915,0.0618598666846394,0.5433269497590757,0.4350355412368151,-0.15017037653554,15,5929,3072
0.5491034836050939,0.0456531552922668,0.5379956875495124,0.4408655973924916,-0.1509825313484421,16,5929,3072
0.5491034836050939,0.0456531552922668,0.5379956875495124,0.4408655973924916,-0.1509825313484421,17,5929,3072
0.574022382494186,0.0364588514893285,0.5415598815714806,0.4376581663794179,-0.1520209962094848,18,5929,3072
0.574022382494186,0.0364588514893285,0.5415598815714806,0.4376581663794179,-0.1520209962094848,19,5929,3072
0.9946452063349028,0.0364588514893285,0.5415598815714806,0.4360743895306713,-0.1554926093453447,20,5929,3072
0.9946452063349028,0.0364588514893285,0.5415598815714806,0.4360743895306713,-0.1554926093453447,21,5929,3072
0.9946452063349028,0.0364588514893285,0.5415598815714806,0.4360743895306713,-0.1554926093453447,22,5929,3072
0.9946452063349028,0.0364588514893285,0.5415598815714806,0.4360743895306713,-0.1554926093453447,23,5929,3072
0.9946452063349028,0.0364588514893285,0.5415598815714806,0.4360743895306713,-0.1554926093453447,24,5929,3072
0.9946452063349028,0.0364588514893285,0.5415598815714806,0.4360743895306713,-0.1554926093453447,25,5929,3072
0.9946452063349028,0.0364588514893285,0.5415598815714806,0.4360743895306713,-0.1554926093453447,26,5929,3072
0.9946452063349028,0.0364588514893285,0.5415598815714806,0.4360743895306713,-0.1554926093453447,27,5929,3072
0.9946452063349028,0.0364588514893285,0.5415598815714806,0.4360743895306713,-0.1554926093453447,28,5929,3072
0.9946452063349028,0.0364588514893285,0.5415598815714806,0.4360743895306713,-0.1554926093453447,29,5929,3072
0.9946452063349028,0.0364588514893285,0.5415598815714806,0.4360743895306713,-0.1554926093453447,30,5929,3072
0.9946452063349028,0.0364588514893285,0.5415598815714806,0.4360743895306713,-0.1554926093453447,31,5929,3072
0.9946452063349028,0.0364588514893285,0.5415598815714806,0.4360743895306713,-0.1554926093453447,32,5929,3072
0.9946452063349028,0.0364588514893285,0.5415598815714806,0.4360743895306713,-0.1554926093453447,33,5929,3072
0.9946452063349028,0.0364588514893285,0.5415598815714806,0.4360743895306713,-0.1554926093453447,34,5929,3072
0.9946452063349028,0.0364588514893285,0.5415598815714806,0.4360743895306713,-0.1554926093453447,35,5929,3072
0.9946452063349028,0.0364588514893285,0.5415598815714806,0.4360743895306713,-0.1554926093453447,36,5929,3072
0.9946452063349028,0.0364588514893285,0.5415598815714806,0.4360743895306713,-0.1554926093453447,37,5929,3072
0.9946452063349028,0.0364588514893285,0.5415598815714806,0.4360743895306713,-0.1554926093453447,38,5929,3072
0.9946452063349028,0.0364588514893285,0.5415598815714806,0.4360743895306713,-0.1554926093453447,39,5929,3072
0.9946452063349028,0.0364588514893285,0.5415598815714806,0.4360743895306713,-0.1554926093453447,40,5929,3072
0.9946452063349028,0.0364588514893285,0.5415598815714806,0.4360743895306713,-0.1554926093453447,41,5929,3072
0.9946452063349028,0.0364588514893285,0.5415598815714806,0.4360743895306713,-0.1554926093453447,42,5929,3072
0.9946452063349028,0.0364588514893285,0.5415598815714806,0.4360743895306713,-0.1554926093453447,43,5929,3072
0.5895020620840481,0.1244603325154798,0.9541513368666424,0.3992910134865952,-0.0918430811090452,0,5929,3786
0.2740483886137183,0.1172688137050984,0.5462497892469849,0.27713333487199,-0.1007788339203087,1,5929,3786
0.3369109653931719,0.1244603325154798,0.7590630492811493,0.4293241913701748,-0.109070585614152,2,5929,3786
0.3369109653931719,0.1244603325154798,0.7590630492811493,0.4293241913701748,-0.109070585614152,3,5929,3786
0.0866454683496214,0.0867060543222561,0.7590630492811493,0.4276428672160239,-0.1278079970282377,4,5929,3786
0.0866454683496214,0.0867060543222561,0.7590630492811493,0.4276428672160239,-0.1278079970282377,5,5929,3786
0.0866454683496214,0.0867060543222561,0.7590630492811493,0.4276428672160239,-0.1278079970282377,6,5929,3786
0.0866454683496214,0.0867060543222561,0.7590630492811493,0.4276428672160239,-0.1278079970282377,7,5929,3786
0.0866454683496214,0.0867060543222561,0.7590630492811493,0.4276428672160239,-0.1278079970282377,8,5929,3786
0.0866454683496214,0.0867060543222561,0.7590630492811493,0.4276428672160239,-0.1278079970282377,9,5929,3786
0.1018563461624635,0.0708709392768984,0.78113558935022,0.4144577009599409,-0.1327580223308617,10,5929,3786
0.1018563461624635,0.0708709392768984,0.78113558935022,0.4144577009599409,-0.1327580223308617,11,5929,3786
0.1018563461624635,0.0708709392768984,0.78113558935022,0.4144577009599409,-0.1327580223308617,12,5929,3786
0.1018563461624635,0.0708709392768984,0.78113558935022,0.4144577009599409,-0.1327580223308617,13,5929,3786
0.1023859812075661,0.0382419962043995,0.9169314373214484,0.2988559167262723,-0.1339886395047045,14,5929,3786
0.0884510575863492,0.0354432458891913,0.7782284337328753,0.4182375373512764,-0.1378040945760458,15,5929,3786
0.0884510575863492,0.0354432458891913,0.7782284337328753,0.4182375373512764,-0.1378040945760458,16,5929,3786
0.0884510575863492,0.0354432458891913,0.7782284337328753,0.4182375373512764,-0.1378040945760458,17,5929,3786
0.0884510575863492,0.0354432458891913,0.7782284337328753,0.4182375373512764,-0.1378040945760458,18,5929,3786
0.0884510575863492,0.0354432458891913,0.7782284337328753,0.4182375373512764,-0.1378040945760458,19,5929,3786
0.0884510575863492,0.0354432458891913,0.7782284337328753,0.4182375373512764,-0.1378040945760458,20,5929,3786
0.0892928137818982,0.0361950189543971,0.7663716453418756,0.4200439272353209,-0.1378783403023914,21,5929,3786
0.0892928137818982,0.0361950189543971,0.7663716453418756,0.4200439272353209,-0.1378783403023914,22,5929,3786
0.0892928137818982,0.0361950189543971,0.7663716453418756,0.4200439272353209,-0.1378783403023914,23,5929,3786
0.0775010738536485,0.0379903888180572,0.780117507043235,0.4276428672160239,-0.1385449007593719,24,5929,3786
0.0775010738536485,0.0379903888180572,0.780117507043235,0.4276428672160239,-0.1385449007593719,25,5929,3786
0.0887905378976655,0.0362754783709628,0.7691977848590006,0.4264988515194373,-0.1386406988235245,26,5929,3786
0.0980536059683754,0.0363352570886473,0.9111659998989956,0.4291795076898244,-0.1403270720755887,27,5929,3786
0.1057853022360501,0.0378340966337819,0.7738753212941577,0.4299756267213592,-0.1404706382656577,28,5929,3786
0.1025874930793986,0.0363316204026714,0.9112135950054374,0.4291795076898244,-0.1409563524208309,29,5929,3786
0.1023752445181477,0.0378340350006435,0.9108729548453904,0.429924585305058,-0.141290140051932,30,5929,3786
0.1023752445181477,0.0378340350006435,0.9108729548453904,0.429924585305058,-0.141290140051932,31,5929,3786
0.1023752445181477,0.0378340350006435,0.9108729548453904,0.429924585305058,-0.141290140051932,32,5929,3786
0.1023752445181477,0.0378340350006435,0.9108729548453904,0.429924585305058,-0.141290140051932,33,5929,3786
0.1023752445181477,0.0378340350006435,0.9108729548453904,0.429924585305058,-0.141290140051932,34,5929,3786
0.1023752445181477,0.0378340350006435,0.9108729548453904,0.429924585305058,-0.141290140051932,35,5929,3786
0.1023752445181477,0.0378340350006435,0.9108729548453904,0.429924585305058,-0.141290140051932,36,5929,3786
0.0589124277319914,0.037835612335891,0.9108726824121602,0.4304113937187608,-0.1413612327465804,37,5929,3786
0.0589124277319914,0.037835612335891,0.9108726824121602,0.4304113937187608,-0.1413612327465804,38,5929,3786
0.0589124277319914,0.037835612335891,0.9108726824121602,0.4304113937187608,-0.1413612327465804,39,5929,3786
0.0589124277319914,0.037835612335891,0.9108726824121602,0.4304113937187608,-0.1413612327465804,40,5929,3786
0.1034281715499251,0.0378353585447548,0.9108726824121602,0.4303936623878777,-0.1415803995372853,41,5929,3786
0.1034281715499251,0.0378353585447548,0.9108726824121602,0.4303936623878777,-0.1415803995372853,42,5929,3786
0.1034281715499251,0.0378353585447548,0.9108726824121602,0.4303936623878777,-0.1415803995372853,43,5929,3786
0.1034281715499251,0.0378353585447548,0.9108726824121602,0.4303936623878777,-0.1415803995372853,44,5929,3786
0.1034281715499251,0.0378353585447548,0.9108726824121602,0.4303936623878777,-0.1415803995372853,45,5929,3786
0.1034281715499251,0.0378353585447548,0.9108726824121602,0.4303936623878777,-0.1415803995372853,46,5929,3786
0.1034281715499251,0.0378353585447548,0.9108726824121602,0.4303936623878777,-0.1415803995372853,47,5929,3786
0.1034281715499251,0.0378353585447548,0.9108726824121602,0.4303936623878777,-0.1415803995372853,48,5929,3786
0.1034281715499251,0.0378353585447548,0.9108726824121602,0.4303936623878777,-0.1415803995372853,49,5929,3786
0.10565840501712,0.0362434518129766,0.9103357910323682,0.4304536830987832,-0.1415888323378175,50,5929,3786
0.10565840501712,0.0362434518129766,0.9103357910323682,0.4304536830987832,-0.1415888323378175,51,5929,3786
0.10565840501712,0.0362434518129766,0.9103357910323682,0.4304536830987832,-0.1415888323378175,52,5929,3786
0.10565840501712,0.0362434518129766,0.9103357910323682,0.4304536830987832,-0.1415888323378175,53,5929,3786
0.10565840501712,0.0362434518129766,0.9103357910323682,0.4304536830987832,-0.1415888323378175,54,5929,3786
0.10565840501712,0.0362434518129766,0.9103357910323682,0.4304536830987832,-0.1415888323378175,55,5929,3786
0.10565840501712,0.0362434518129766,0.9103357910323682,0.4304536830987832,-0.1415888323378175,56,5929,3786
0.10565840501712,0.0362434518129766,0.9103357910323682,0.4304536830987832,-0.1415888323378175,57,5929,3786
0.10565840501712,0.0362434518129766,0.9103357910323682,0.4304536830987832,-0.1415888323378175,58,5929,3786
0.10565840501712,0.0362434518129766,0.9103357910323682,0.4304536830987832,-0.1415888323378175,59,5929,3786
0.10565840501712,0.0362434518129766,0.9103357910323682,0.4304536830987832,-0.1415888323378175,60,5929,3786
0.10565840501712,0.0362434518129766,0.9103357910323682,0.4304536830987832,-0.1415888323378175,61,5929,3786
0.10565840501712,0.0362434518129766,0.9103357910323682,0.4304536830987832,-0.1415888323378175,62,5929,3786
0.10565840501712,0.0362434518129766,0.9103357910323682,0.4304536830987832,-0.1415888323378175,63,5929,3786
0.10565840501712,0.0362434518129766,0.9103357910323682,0.4304536830987832,-0.1415888323378175,64,5929,3786
0.10565840501712,0.0362434518129766,0.9103357910323682,0.4304536830987832,-0.1415888323378175,65,5929,3786
0.10565840501712,0.0362434518129766,0.9103357910323682,0.4304536830987832,-0.1415888323378175,66,5929,3786
0.10565840501712,0.0362434518129766,0.9103357910323682,0.4304536830987832,-0.1415888323378175,67,5929,3786
0.10565840501712,0.0362434518129766,0.9103357910323682,0.4304536830987832,-0.1415888323378175,68,5929,3786
0.10565840501712,0.0362434518129766,0.9103357910323682,0.4304536830987832,-0.1415888323378175,69,5929,3786
0.10565840501712,0.0362434518129766,0.9103357910323682,0.4304536830987832,-0.1415888323378175,70,5929,3786
0.10565840501712,0.0362434518129766,0.9103357910323682,0.4304536830987832,-0.1415888323378175,71,5929,3786
0.10565840501712,0.0362434518129766,0.9103357910323682,0.4304536830987832,-0.1415888323378175,72,5929,3786
0.10565840501712,0.0362434518129766,0.9103357910323682,0.4304536830987832,-0.1415888323378175,73,5929,3786
0.10565840501712,0.0362434518129766,0.9103357910323682,0.4304536830987832,-0.1415888323378175,74,5929,3786
0.10565840501712,0.0362434518129766,0.9103357910323682,0.4304536830987832,-0.1415888323378175,75,5929,3786
0.5895020620840481,0.1244603325154798,0.9541513368666424,0.3992910134865952,-0.0852837783034859,0,5929,4500
0.5622253653711686,0.1244603325154798,0.9541513368666424,0.3992910134865952,-0.0854461595635599,1,5929,4500
0.5622253653711686,0.1182800376592368,0.9541513368666424,0.4166315179119687,-0.0872700189826466,2,5929,4500
0.5622253653711686,0.1182800376592368,0.9541513368666424,0.4166315179119687,-0.0872700189826466,3,5929,4500
0.6727241037859409,0.2676837210135612,0.7585385971526053,0.3350114960818652,-0.1038144548449251,4,5929,4500
0.6727241037859409,0.2676837210135612,0.7585385971526053,0.3350114960818652,-0.1038144548449251,5,5929,4500
0.6727241037859409,0.2676837210135612,0.7585385971526053,0.3350114960818652,-0.1038144548449251,6,5929,4500
0.6727241037859409,0.2655441294634661,0.7585385971526053,0.3350114960818652,-0.1063463015961359,7,5929,4500
0.6727241037859409,0.2655441294634661,0.7585385971526053,0.3350114960818652,-0.1063463015961359,8,5929,4500
0.6727241037859409,0.2655441294634661,0.7585385971526053,0.3350114960818652,-0.1063463015961359,9,5929,4500
0.1350217979759077,0.2579154082261408,0.94421451567156,0.3836415574238485,-0.1145035102612369,10,5929,4500
0.0430430651481169,0.2590556287189888,0.9380856146977228,0.3769876330203099,-0.12218006181749,11,5929,4500
0.0430430651481169,0.2590556287189888,0.9380856146977228,0.3769876330203099,-0.12218006181749,12,5929,4500
0.0430430651481169,0.2590556287189888,0.9380856146977228,0.3769876330203099,-0.12218006181749,13,5929,4500
0.0430430651481169,0.2590556287189888,0.9380856146977228,0.3769876330203099,-0.12218006181749,14,5929,4500
0.057245306786054,0.2787616244003219,0.9424304641589034,0.3257638747127301,-0.1229823691777945,15,5929,4500
0.0554175091155965,0.2639707511709926,0.9307861040105356,0.3340403767463362,-0.1241943141918431,16,5929,4500
0.0528072990846926,0.2653982878739067,0.932213082760718,0.361465316064173,-0.126386252433603,17,5929,4500
0.0528072990846926,0.2653982878739067,0.932213082760718,0.361465316064173,-0.126386252433603,18,5929,4500
0.1057046159045515,0.2589731177671647,0.9333489516385876,0.3215444779451649,-0.126499217685132,19,5929,4500
0.1060011615009587,0.2589847379902361,0.9335163397266396,0.3171362959448211,-0.1266186924364244,20,5929,4500
0.1060011615009587,0.2589847379902361,0.9335163397266396,0.3171362959448211,-0.1266186924364244,21,5929,4500
0.1060011615009587,0.2589847379902361,0.9335163397266396,0.3171362959448211,-0.1266186924364244,22,5929,4500
0.0685450191411835,0.2653982878739067,0.932213082760718,0.3609864127318486,-0.1270395480269439,23,5929,4500
0.0685450191411835,0.2653982878739067,0.932213082760718,0.3609864127318486,-0.1270395480269439,24,5929,4500
0.0685450191411835,0.2653982878739067,0.932213082760718,0.3609864127318486,-0.1270395480269439,25,5929,4500
0.0620997793522905,0.2584901100130616,0.9110717019098707,0.3625965693117995,-0.1273675719252903,26,5929,4500
0.06615419852258,0.259386290124722,0.9327350491683885,0.3605463128323534,-0.1273866556235366,27,5929,4500
0.069304850925892,0.2653952273496388,0.9350054324826212,0.3131321773725076,-0.1276822591326418,28,5929,4500
0.069304850925892,0.2653952273496388,0.9350054324826212,0.3131321773725076,-0.1276822591326418,29,5929,4500
0.069304850925892,0.2653952273496388,0.9350054324826212,0.3131321773725076,-0.1276822591326418,30,5929,4500
0.069304850925892,0.2653952273496388,0.9350054324826212,0.3131321773725076,-0.1276822591326418,31,5929,4500
0.069304850925892,0.2653952273496388,0.9350054324826212,0.3131321773725076,-0.1276822591326418,32,5929,4500
0.069304850925892,0.2653952273496388,0.9350054324826212,0.3131321773725076,-0.1276822591326418,33,5929,4500
0.069304850925892,0.2653952273496388,0.9350054324826212,0.3131321773725076,-0.1276822591326418,34,5929,4500
0.0654778924153728,0.2596068218217087,0.9349355463486454,0.3228159333865725,-0.1280101988513791,35,5929,4500
0.0654778924153728,0.2596068218217087,0.9349355463486454,0.3228159333865725,-0.1280101988513791,36,5929,4500
0.0654778924153728,0.2596068218217087,0.9349355463486454,0.3228159333865725,-0.1280101988513791,37,5929,4500
0.0654778924153728,0.2596068218217087,0.9349355463486454,0.3228159333865725,-0.1280101988513791,38,5929,4500
0.0654778924153728,0.2596068218217087,0.9115917067396954,0.3228159333865725,-0.1280537744060518,39,5929,4500
0.0654778924153728,0.2596068218217087,0.9115917067396954,0.3228159333865725,-0.1280537744060518,40,5929,4500
0.0654778924153728,0.2596068218217087,0.9115917067396954,0.3228159333865725,-0.1280537744060518,41,5929,4500
0.0654778924153728,0.2596068218217087,0.9115917067396954,0.3228159333865725,-0.1280537744060518,42,5929,4500
0.0654778924153728,0.2596068218217087,0.9115917067396954,0.3228159333865725,-0.1280537744060518,43,5929,4500
0.0654778924153728,0.2596068218217087,0.9115917067396954,0.3228159333865725,-0.1280537744060518,44,5929,4500
0.0654778924153728,0.2596068218217087,0.9115917067396954,0.3228159333865725,-0.1280537744060518,45,5929,4500
0.0654778924153728,0.2596068218217087,0.9115917067396954,0.3228159333865725,-0.1280537744060518,46,5929,4500
0.0654778924153728,0.2596068218217087,0.9115917067396954,0.3228159333865725,-0.1280537744060518,47,5929,4500
0.0654778924153728,0.2596068218217087,0.9115917067396954,0.3228159333865725,-0.1280537744060518,48,5929,4500
0.0654778924153728,0.2596068218217087,0.9115917067396954,0.3228159333865725,-0.1280537744060518,49,5929,4500
0.0654778924153728,0.2596068218217087,0.9115917067396954,0.3228159333865725,-0.1280537744060518,50,5929,4500
0.0654778924153728,0.2596068218217087,0.9115917067396954,0.3228159333865725,-0.1280537744060518,51,5929,4500
0.0654778924153728,0.2596068218217087,0.9115917067396954,0.3228159333865725,-0.1280537744060518,52,5929,4500
0.0654778924153728,0.2596068218217087,0.9115917067396954,0.3228159333865725,-0.1280537744060518,53,5929,4500
0.0654778924153728,0.2596068218217087,0.9115917067396954,0.3228159333865725,-0.1280537744060518,54,5929,4500
0.0654778924153728,0.2596068218217087,0.9115917067396954,0.3228159333865725,-0.1280537744060518,55,5929,4500
0.0654778924153728,0.2596068218217087,0.9115917067396954,0.3228159333865725,-0.1280537744060518,56,5929,4500
0.0654778924153728,0.2596068218217087,0.9115917067396954,0.3228159333865725,-0.1280537744060518,57,5929,4500
0.0654778924153728,0.2596068218217087,0.9115917067396954,0.3228159333865725,-0.1280537744060518,58,5929,4500
0.0654778924153728,0.2596068218217087,0.9115917067396954,0.3228159333865725,-0.1280537744060518,59,5929,4500
0.0654778924153728,0.2596068218217087,0.9115917067396954,0.3228159333865725,-0.1280537744060518,60,5929,4500
0.5895020620840481,0.1244603325154798,0.9541513368666424,0.3992910134865952,-0.0611139670214651,0,5929,5214
0.5895020620840481,0.1244603325154798,0.9541513368666424,0.3992910134865952,-0.0611139670214651,1,5929,5214
0.5895020620840481,0.1182800376592368,0.9541513368666424,0.4166315179119687,-0.0637961096567155,2,5929,5214
0.1461802985946632,0.2801382489686903,0.8083227353750304,0.3849089354375778,-0.0869150238460246,3,5929,5214
0.1461802985946632,0.2801382489686903,0.8083227353750304,0.3849089354375778,-0.0869150238460246,4,5929,5214
0.1461802985946632,0.2801382489686903,0.8083227353750304,0.3849089354375778,-0.0869150238460246,5,5929,5214
0.1461802985946632,0.2801382489686903,0.8083227353750304,0.3849089354375778,-0.0869150238460246,6,5929,5214
0.0688229641733778,0.2660495333576322,0.8633453730730521,0.3268200272663739,-0.094185649573412,7,5929,5214
0.1053478209001204,0.2850924276582012,0.8283081642525572,0.369588685331558,-0.0941960443937967,8,5929,5214
0.106565151975628,0.260308462037453,0.698941695696747,0.3133414306273858,-0.1084475597334242,9,5929,5214
0.106565151975628,0.260308462037453,0.698941695696747,0.3133414306273858,-0.1084475597334242,10,5929,5214
0.106565151975628,0.260308462037453,0.698941695696747,0.3133414306273858,-0.1084475597334242,11,5929,5214
0.106565151975628,0.260308462037453,0.698941695696747,0.3133414306273858,-0.1084475597334242,12,5929,5214
0.0773405025845463,0.260308462037453,0.7649213999552433,0.3133414306273858,-0.1096054990705383,13,5929,5214
0.0773405025845463,0.260308462037453,0.7649213999552433,0.3133414306273858,-0.1096054990705383,14,5929,5214
0.10783357611088,0.2818675710700249,0.7331203954482285,0.3213087959139013,-0.1111094870142605,15,5929,5214
0.10783357611088,0.2818675710700249,0.7331203954482285,0.3213087959139013,-0.1111094870142605,16,5929,5214
0.10783357611088,0.2818675710700249,0.7331203954482285,0.3213087959139013,-0.1111094870142605,17,5929,5214
0.0805454698494925,0.2657775473823081,0.7475833410864445,0.3168111789860726,-0.1113212300408293,18,5929,5214
0.0805454698494925,0.2657775473823081,0.7475833410864445,0.3168111789860726,-0.1113212300408293,19,5929,5214
0.1007978321373092,0.2594512901909991,0.7448595818693625,0.3127727237543061,-0.1123906214352705,20,5929,5214
0.1007978321373092,0.2594512901909991,0.7448595818693625,0.3127727237543061,-0.1123906214352705,21,5929,5214
0.1007978321373092,0.2594512901909991,0.7448595818693625,0.3127727237543061,-0.1123906214352705,22,5929,5214
0.10783357611088,0.2604937625401112,0.7331203954482285,0.3213087959139013,-0.1127230584140299,23,5929,5214
0.0652485016021316,0.2607669884749337,0.7456736400252786,0.3212209570492272,-0.1131615107422053,24,5929,5214
0.0682946490714189,0.2590642368991543,0.7323643557173497,0.316650475993341,-0.1133235417661004,25,5929,5214
0.0688253031707328,0.2646936747219203,0.7326008701466933,0.3217993604498961,-0.1134105976777204,26,5929,5214
0.0688253031707328,0.2646936747219203,0.7326008701466933,0.3217993604498961,-0.1134105976777204,27,5929,5214
0.0688253031707328,0.2646936747219203,0.7326008701466933,0.3217993604498961,-0.1134105976777204,28,5929,5214
0.0686518727626269,0.2659011507519453,0.737457684852212,0.3145403841266085,-0.1147210386241043,29,5929,5214
0.0686518727626269,0.2659011507519453,0.737457684852212,0.3145403841266085,-0.1147210386241043,30,5929,5214
0.0686518727626269,0.2659011507519453,0.737457684852212,0.3145403841266085,-0.1147210386241043,31,5929,5214
0.0686518727626269,0.2659011507519453,0.737457684852212,0.3145403841266085,-0.1147210386241043,32,5929,5214
0.0686518727626269,0.2659011507519453,0.737457684852212,0.3145403841266085,-0.1147210386241043,33,5929,5214
0.0686518727626269,0.2659011507519453,0.737457684852212,0.3145403841266085,-0.1147210386241043,34,5929,5214
0.0684291124909167,0.2628890665176833,0.7361766422330155,0.3210666061530222,-0.1148043886673486,35,5929,5214
0.0684291124909167,0.2628890665176833,0.7361766422330155,0.3210666061530222,-0.1148043886673486,36,5929,5214
0.0684291124909167,0.2628890665176833,0.7361766422330155,0.3210666061530222,-0.1148043886673486,37,5929,5214
0.0684291124909167,0.2628890665176833,0.7361766422330155,0.3210666061530222,-0.1148043886673486,38,5929,5214
0.0684291124909167,0.2628890665176833,0.7361766422330155,0.3210666061530222,-0.1148043886673486,39,5929,5214
0.0684291124909167,0.2628890665176833,0.7361766422330155,0.3210666061530222,-0.1148043886673486,40,5929,5214
0.0684291124909167,0.2628890665176833,0.7361766422330155,0.3210666061530222,-0.1148043886673486,41,5929,5214
0.0684291124909167,0.2628890665176833,0.7361766422330155,0.3210666061530222,-0.1148043886673486,42,5929,5214
0.0684291124909167,0.2628890665176833,0.7361766422330155,0.3210666061530222,-0.1148043886673486,43,5929,5214
0.0684291124909167,0.2628890665176833,0.7361766422330155,0.3210666061530222,-0.1148043886673486,44,5929,5214
0.0684291124909167,0.2628890665176833,0.7361766422330155,0.3210666061530222,-0.1148043886673486,45,5929,5214
0.0684291124909167,0.2628890665176833,0.7361766422330155,0.3210666061530222,-0.1148043886673486,46,5929,5214
0.0684291124909167,0.2628890665176833,0.7361766422330155,0.3210666061530222,-0.1148043886673486,47,5929,5214
0.0684291124909167,0.2628890665176833,0.7361766422330155,0.3210666061530222,-0.1148043886673486,48,5929,5214
0.0684291124909167,0.2628890665176833,0.7361766422330155,0.3210666061530222,-0.1148043886673486,49,5929,5214
0.0684291124909167,0.2628890665176833,0.7361766422330155,0.3210666061530222,-0.1148043886673486,50,5929,5214
0.0684291124909167,0.2628890665176833,0.7361766422330155,0.3210666061530222,-0.1148043886673486,51,5929,5214
0.0684291124909167,0.2628890665176833,0.7361766422330155,0.3210666061530222,-0.1148043886673486,52,5929,5214
0.0684291124909167,0.2628890665176833,0.7361766422330155,0.3210666061530222,-0.1148043886673486,53,5929,5214
0.0684291124909167,0.2628890665176833,0.7361766422330155,0.3210666061530222,-0.1148043886673486,54,5929,5214
0.0684291124909167,0.2628890665176833,0.7361766422330155,0.3210666061530222,-0.1148043886673486,55,5929,5214
0.0684291124909167,0.2628890665176833,0.7361766422330155,0.3210666061530222,-0.1148043886673486,56,5929,5214
0.0684291124909167,0.2628890665176833,0.7361766422330155,0.3210666061530222,-0.1148043886673486,57,5929,5214
0.0684291124909167,0.2628890665176833,0.7361766422330155,0.3210666061530222,-0.1148043886673486,58,5929,5214
0.0684291124909167,0.2628890665176833,0.7361766422330155,0.3210666061530222,-0.1148043886673486,59,5929,5214
0.0684291124909167,0.2628890665176833,0.7361766422330155,0.3210666061530222,-0.1148043886673486,60,5929,5214
0.5895020620840481,0.1244603325154798,0.9541513368666424,0.3992910134865952,-0.0503625929690715,0,5929,5929
0.5895020620840481,0.1244603325154798,0.9541513368666424,0.3992910134865952,-0.0503625929690715,1,5929,5929
0.5895020620840481,0.1182800376592368,0.9541513368666424,0.4166315179119687,-0.052595189401803,2,5929,5929
0.3104018539213902,0.2790910859272232,0.7903432638279216,0.3316910135463771,-0.0715157005561955,3,5929,5929
0.6817878212354662,0.2788589271713531,0.8134269779264071,0.3869752491445881,-0.0834167909411149,4,5929,5929
0.0717018480746221,0.2788589271713531,0.7717253427930304,0.407790022866237,-0.091769876715455,5,5929,5929
0.0717018480746221,0.2788589271713531,0.7514342083044793,0.407790022866237,-0.093000498617349,6,5929,5929
0.0717018480746221,0.2788589271713531,0.7514342083044793,0.407790022866237,-0.093000498617349,7,5929,5929
0.0717018480746221,0.2788589271713531,0.7514342083044793,0.407790022866237,-0.093000498617349,8,5929,5929
0.1399283605481746,0.279698129747972,0.7717253427930304,0.3187221047480656,-0.0990610715842404,9,5929,5929
0.1399283605481746,0.279698129747972,0.7717253427930304,0.3187221047480656,-0.0990610715842404,10,5929,5929
0.1399283605481746,0.279698129747972,0.7717253427930304,0.3187221047480656,-0.0990610715842404,11,5929,5929
0.5681162559778814,0.2788589271713531,0.7411746310581444,0.3150158005315951,-0.100233409044664,12,5929,5929
0.5681162559778814,0.2788589271713531,0.7411746310581444,0.3150158005315951,-0.100233409044664,13,5929,5929
0.071663946515418,0.2786845216420968,0.744289297297456,0.3174683012044538,-0.1042027009019378,14,5929,5929
0.071663946515418,0.2786845216420968,0.744289297297456,0.3174683012044538,-0.1042027009019378,15,5929,5929
0.071663946515418,0.2786845216420968,0.744289297297456,0.3174683012044538,-0.1042027009019378,16,5929,5929
0.071663946515418,0.2786845216420968,0.744289297297456,0.3174683012044538,-0.1042027009019378,17,5929,5929
0.0656195300384326,0.2634555413894904,0.7499150308362477,0.3167882084603932,-0.1058193477322556,18,5929,5929
0.0656195300384326,0.2634555413894904,0.7499150308362477,0.3167882084603932,-0.1058193477322556,19,5929,5929
0.1034593712508825,0.2577531343538992,0.7456700599962436,0.3175007262847625,-0.1067883937942272,20,5929,5929
0.1034593712508825,0.2577531343538992,0.7456700599962436,0.3175007262847625,-0.1067883937942272,21,5929,5929
0.1034593712508825,0.2577531343538992,0.7456700599962436,0.3175007262847625,-0.1067883937942272,22,5929,5929
0.1035255169709317,0.2622963029607358,0.7380126954429255,0.3155417216393043,-0.1088534443742346,23,5929,5929
0.0675212867478927,0.2639739078079045,0.7371456737369229,0.3134232944680861,-0.1093575547576663,24,5929,5929
0.0675212867478927,0.2639739078079045,0.7371456737369229,0.3134232944680861,-0.1093575547576663,25,5929,5929
0.0675212867478927,0.2639739078079045,0.7371456737369229,0.3134232944680861,-0.1093575547576663,26,5929,5929
0.0675212867478927,0.2639739078079045,0.7371456737369229,0.3134232944680861,-0.1093575547576663,27,5929,5929
0.0675212867478927,0.2639739078079045,0.7371456737369229,0.3134232944680861,-0.1093575547576663,28,5929,5929
0.0675212867478927,0.2639739078079045,0.7371456737369229,0.3134232944680861,-0.1093575547576663,29,5929,5929
0.0675212867478927,0.2639739078079045,0.7371456737369229,0.3134232944680861,-0.1093575547576663,30,5929,5929
0.0675212867478927,0.2639739078079045,0.7371456737369229,0.3134232944680861,-0.1093575547576663,31,5929,5929
0.0675212867478927,0.2639739078079045,0.7371456737369229,0.3134232944680861,-0.1093575547576663,32,5929,5929
0.0675212867478927,0.2639739078079045,0.7371456737369229,0.3134232944680861,-0.1093575547576663,33,5929,5929
0.0675212867478927,0.2639739078079045,0.7371456737369229,0.3134232944680861,-0.1093575547576663,34,5929,5929
0.0675212867478927,0.2639739078079045,0.7371456737369229,0.3134232944680861,-0.1093575547576663,35,5929,5929
0.0675212867478927,0.2639739078079045,0.7371456737369229,0.3134232944680861,-0.1093575547576663,36,5929,5929
0.0675212867478927,0.2639739078079045,0.7371456737369229,0.3134232944680861,-0.1093575547576663,37,5929,5929
0.0675212867478927,0.2639739078079045,0.7371456737369229,0.3134232944680861,-0.1093575547576663,38,5929,5929
0.0675212867478927,0.2639739078079045,0.7371456737369229,0.3134232944680861,-0.1093575547576663,39,5929,5929
0.0675212867478927,0.2639739078079045,0.7371456737369229,0.3134232944680861,-0.1093575547576663,40,5929,5929
0.0675212867478927,0.2639739078079045,0.7371456737369229,0.3134232944680861,-0.1093575547576663,41,5929,5929
0.0675212867478927,0.2639739078079045,0.7371456737369229,0.3134232944680861,-0.1093575547576663,42,5929,5929
0.0675212867478927,0.2639739078079045,0.7371456737369229,0.3134232944680861,-0.1093575547576663,43,5929,5929
0.0675212867478927,0.2639739078079045,0.7371456737369229,0.3134232944680861,-0.1093575547576663,44,5929,5929
0.0675212867478927,0.2639739078079045,0.7371456737369229,0.3134232944680861,-0.1093575547576663,45,5929,5929
0.0675212867478927,0.2639739078079045,0.7371456737369229,0.3134232944680861,-0.1093575547576663,46,5929,5929
0.0675212867478927,0.2639739078079045,0.7371456737369229,0.3134232944680861,-0.1093575547576663,47,5929,5929
0.0675212867478927,0.2639739078079045,0.7371456737369229,0.3134232944680861,-0.1093575547576663,48,5929,5929
0.0675212867478927,0.2639739078079045,0.7371456737369229,0.3134232944680861,-0.1093575547576663,49,5929,5929
0.7503646726300526,0.6538660110683944,0.7482179590766121,0.4632400362873798,-0.0419883411954626,0,5929,6643
0.7503646726300526,0.6538660110683944,0.7482179590766121,0.4632400362873798,-0.0419883411954626,1,5929,6643
0.5622253653711686,0.2751717579913755,0.9428371603913094,0.4012709618803248,-0.058436209269579,2,5929,6643
0.5845698625297227,0.2803028260425833,0.7947417548378847,0.4711870904557705,-0.0600972981194236,3,5929,6643
0.5845698625297227,0.2803028260425833,0.7947417548378847,0.4711870904557705,-0.0600972981194236,4,5929,6643
0.5845698625297227,0.2751914479965865,0.802110721093211,0.4617851069239005,-0.0624795640384696,5,5929,6643
0.7851670304148302,0.2934317267333888,0.7496106541981793,0.3463230487479135,-0.0661078638640955,6,5929,6643
0.1174102960011317,0.2783204454778479,0.7656651577388517,0.39041241332624,-0.0667262414279818,7,5929,6643
0.6973248468393037,0.2874286178444931,0.7590554942912988,0.3090860691736827,-0.075301463552479,8,5929,6643
0.5845698625297227,0.2900077968916306,0.794938432583754,0.321415600663836,-0.0777405228476693,9,5929,6643
0.6781289324842877,0.28965763349367,0.75198329332964,0.3142523338829629,-0.0788022217596342,10,5929,6643
0.6781289324842877,0.28965763349367,0.75198329332964,0.3142523338829629,-0.0788022217596342,11,5929,6643
0.6781289324842877,0.28965763349367,0.75198329332964,0.3142523338829629,-0.0788022217596342,12,5929,6643
0.6781289324842877,0.28965763349367,0.75198329332964,0.3142523338829629,-0.0788022217596342,13,5929,6643
0.6777970343069586,0.2772200612319377,0.7906623678365261,0.3130630286685602,-0.0801920848953893,14,5929,6643
0.6800764777193268,0.28965763349367,0.7398337784106926,0.320626140710854,-0.0908672345630642,15,5929,6643
0.6800764777193268,0.28965763349367,0.7398337784106926,0.320626140710854,-0.0908672345630642,16,5929,6643
0.6800764777193268,0.28965763349367,0.7398337784106926,0.320626140710854,-0.0908672345630642,17,5929,6643
0.6800764777193268,0.28965763349367,0.7398337784106926,0.320626140710854,-0.0908672345630642,18,5929,6643
0.6800764777193268,0.28965763349367,0.7398337784106926,0.320626140710854,-0.0908672345630642,19,5929,6643
0.6800764777193268,0.28965763349367,0.7398337784106926,0.320626140710854,-0.0908672345630642,20,5929,6643
0.6800764777193268,0.28965763349367,0.7398337784106926,0.320626140710854,-0.0908672345630642,21,5929,6643
0.6800764777193268,0.28965763349367,0.7398337784106926,0.320626140710854,-0.0908672345630642,22,5929,6643
0.6800764777193268,0.28965763349367,0.7398337784106926,0.320626140710854,-0.0908672345630642,23,5929,6643
0.6884761726978644,0.2794191326503456,0.7396004676991157,0.3162640909367104,-0.0912575039516547,24,5929,6643
0.6884761726978644,0.2794191326503456,0.7396004676991157,0.3162640909367104,-0.0912575039516547,25,5929,6643
0.0732352023260402,0.2585181661080039,0.7391394866325957,0.3196713990858378,-0.0913993045895911,26,5929,6643
0.6887747966108435,0.2611138670797989,0.7400636101326457,0.3162899449633614,-0.091403721059449,27,5929,6643
0.6883298521458269,0.2611138670797989,0.7400636101326457,0.3162899449633614,-0.0931894319358381,28,5929,6643
0.6883298521458269,0.2611138670797989,0.7400636101326457,0.3162899449633614,-0.0931894319358381,29,5929,6643
0.6883298521458269,0.2611138670797989,0.7400636101326457,0.3162899449633614,-0.0931894319358381,30,5929,6643
0.6883298521458269,0.2611138670797989,0.7400636101326457,0.3162899449633614,-0.0931894319358381,31,5929,6643
0.6883298521458269,0.2611138670797989,0.7400636101326457,0.3162899449633614,-0.0931894319358381,32,5929,6643
0.6883298521458269,0.2611138670797989,0.7400636101326457,0.3162899449633614,-0.0931894319358381,33,5929,6643
0.6883298521458269,0.2611138670797989,0.7400636101326457,0.3162899449633614,-0.0931894319358381,34,5929,6643
0.6883298521458269,0.2611138670797989,0.7400636101326457,0.3162899449633614,-0.0931894319358381,35,5929,6643
0.6883298521458269,0.2611138670797989,0.7400636101326457,0.3162899449633614,-0.0931894319358381,36,5929,6643
0.6883298521458269,0.2611138670797989,0.7400636101326457,0.3162899449633614,-0.0931894319358381,37,5929,6643
0.6883298521458269,0.2611138670797989,0.7400636101326457,0.3162899449633614,-0.0931894319358381,38,5929,6643
0.6883298521458269,0.2611138670797989,0.7400636101326457,0.3162899449633614,-0.0931894319358381,39,5929,6643
0.6883298521458269,0.2611138670797989,0.7400636101326457,0.3162899449633614,-0.0931894319358381,40,5929,6643
0.6883298521458269,0.2611138670797989,0.7400636101326457,0.3162899449633614,-0.0931894319358381,41,5929,6643
0.6884909311573976,0.2618613496498402,0.7400599395974484,0.3228365917892182,-0.0938513264083949,42,5929,6643
0.6884909311573976,0.2618613496498402,0.7400599395974484,0.3228365917892182,-0.0938513264083949,43,5929,6643
0.6884909311573976,0.2618613496498402,0.7400599395974484,0.3228365917892182,-0.0938513264083949,44,5929,6643
0.6884909311573976,0.2618613496498402,0.7400599395974484,0.3228365917892182,-0.0938513264083949,45,5929,6643
0.6884909311573976,0.2618613496498402,0.7400599395974484,0.3228365917892182,-0.0938513264083949,46,5929,6643
0.6884909311573976,0.2618613496498402,0.7400599395974484,0.3228365917892182,-0.0938513264083949,47,5929,6643
0.6884909311573976,0.2618613496498402,0.7400599395974484,0.3228365917892182,-0.0938513264083949,48,5929,6643
0.6884909311573976,0.2618613496498402,0.7400599395974484,0.3228365917892182,-0.0938513264083949,49,5929,6643
0.6884909311573976,0.2618613496498402,0.7400599395974484,0.3228365917892182,-0.0938513264083949,50,5929,6643
0.6884909311573976,0.2618613496498402,0.7400599395974484,0.3228365917892182,-0.0938513264083949,51,5929,6643
0.6884909311573976,0.2618613496498402,0.7400599395974484,0.3228365917892182,-0.0938513264083949,52,5929,6643
0.6878044207741478,0.261266718565792,0.7395363786614753,0.3229611334235984,-0.0940588677211424,53,5929,6643
0.6878044207741478,0.261266718565792,0.7395363786614753,0.3229611334235984,-0.0940588677211424,54,5929,6643
0.6878044207741478,0.261266718565792,0.7395363786614753,0.3229611334235984,-0.0940588677211424,55,5929,6643
0.687817643342476,0.2611638479581684,0.740049862188993,0.3227199537720529,-0.0945760162902424,56,5929,6643
0.687817643342476,0.2611638479581684,0.740049862188993,0.3227199537720529,-0.0945760162902424,57,5929,6643
0.687817643342476,0.2611638479581684,0.740049862188993,0.3227199537720529,-0.0945760162902424,58,5929,6643
0.687817643342476,0.2611638479581684,0.740049862188993,0.3227199537720529,-0.0945760162902424,59,5929,6643
0.687817643342476,0.2611638479581684,0.740049862188993,0.3227199537720529,-0.0945760162902424,60,5929,6643
0.687817643342476,0.2611638479581684,0.740049862188993,0.3227199537720529,-0.0945760162902424,61,5929,6643
0.687817643342476,0.2611638479581684,0.740049862188993,0.3227199537720529,-0.0945760162902424,62,5929,6643
0.687817643342476,0.2611638479581684,0.740049862188993,0.3227199537720529,-0.0945760162902424,63,5929,6643
0.687817643342476,0.2611638479581684,0.740049862188993,0.3227199537720529,-0.0945760162902424,64,5929,6643
0.687817643342476,0.2611638479581684,0.740049862188993,0.3227199537720529,-0.0945760162902424,65,5929,6643
0.687817643342476,0.2611638479581684,0.740049862188993,0.3227199537720529,-0.0945760162902424,66,5929,6643
0.687817643342476,0.2611638479581684,0.740049862188993,0.3227199537720529,-0.0945760162902424,67,5929,6643
0.687817643342476,0.2611638479581684,0.740049862188993,0.3227199537720529,-0.0945760162902424,68,5929,6643
0.687817643342476,0.2611638479581684,0.740049862188993,0.3227199537720529,-0.0945760162902424,69,5929,6643
0.687817643342476,0.2611638479581684,0.740049862188993,0.3227199537720529,-0.0945760162902424,70,5929,6643
0.687817643342476,0.2611638479581684,0.740049862188993,0.3227199537720529,-0.0945760162902424,71,5929,6643
0.687817643342476,0.2611638479581684,0.740049862188993,0.3227199537720529,-0.0945760162902424,72,5929,6643
0.687817643342476,0.2611638479581684,0.740049862188993,0.3227199537720529,-0.0945760162902424,73,5929,6643
0.687817643342476,0.2611638479581684,0.740049862188993,0.3227199537720529,-0.0945760162902424,74,5929,6643
0.687817643342476,0.2611638479581684,0.740049862188993,0.3227199537720529,-0.0945760162902424,75,5929,6643
0.687817643342476,0.2611638479581684,0.740049862188993,0.3227199537720529,-0.0945760162902424,76,5929,6643
0.687817643342476,0.2611638479581684,0.740049862188993,0.3227199537720529,-0.0945760162902424,77,5929,6643
0.687817643342476,0.2611638479581684,0.740049862188993,0.3227199537720529,-0.0945760162902424,78,5929,6643
0.7503646726300526,0.6538660110683944,0.7482179590766121,0.4632400362873798,-0.0421759964882716,0,5929,7357
0.7503646726300526,0.6538660110683944,0.7482179590766121,0.4632400362873798,-0.0421759964882716,1,5929,7357
0.6586096387169916,0.4105965116757616,0.7908857873937637,0.4666812762248633,-0.0668186030700125,2,5929,7357
0.1174383642737524,0.2838064889441311,0.8426962797667152,0.3500645292043681,-0.0688230112797335,3,5929,7357
0.1174383642737524,0.2838064889441311,0.8426962797667152,0.3500645292043681,-0.0688230112797335,4,5929,7357
0.6274223909691184,0.3638043957474013,0.778709603047473,0.3480306442626023,-0.0869786032902546,5,5929,7357
0.6274223909691184,0.3638043957474013,0.778709603047473,0.3480306442626023,-0.0869786032902546,6,5929,7357
0.6596614477366874,0.2661616483905336,0.7947677047155819,0.4004570061942215,-0.0877908439521635,7,5929,7357
0.5549491792054125,0.2680167136963203,0.785190569393652,0.4004570061942215,-0.0880431885351003,8,5929,7357
0.5710960465170511,0.295299496239443,0.8421469822080645,0.3998680052940591,-0.090568740289239,9,5929,7357
0.5710960465170511,0.295299496239443,0.8421469822080645,0.3998680052940591,-0.090568740289239,10,5929,7357
0.5930945845074561,0.2997894504289716,0.7642716976885748,0.3240163976547406,-0.1003452220633931,11,5929,7357
0.5930945845074561,0.2997894504289716,0.7642716976885748,0.3240163976547406,-0.1003452220633931,12,5929,7357
0.5930945845074561,0.2997894504289716,0.7642716976885748,0.3240163976547406,-0.1003452220633931,13,5929,7357
0.5778069527227957,0.2956785529197527,0.8367388472168557,0.3236851544572745,-0.1015112828228284,14,5929,7357
0.5778069527227957,0.2956785529197527,0.8367388472168557,0.3236851544572745,-0.1015112828228284,15,5929,7357
0.5906863116357961,0.2580075140988175,0.8390169942190897,0.3187694524375586,-0.101686043086195,16,5929,7357
0.6560839299047914,0.2623371579450669,0.7856527083438446,0.3225337986907984,-0.1023583927006432,17,5929,7357
0.6012361282516236,0.2623371579450669,0.7856527083438446,0.3225337986907984,-0.1033466496145808,18,5929,7357
0.6012361282516236,0.2623371579450669,0.7856527083438446,0.3225337986907984,-0.1033466496145808,19,5929,7357
0.6712167826524155,0.2997894504289716,0.739280187695134,0.3238654121450312,-0.1076409279946698,20,5929,7357
0.6712167826524155,0.2997894504289716,0.739280187695134,0.3238654121450312,-0.1076409279946698,21,5929,7357
0.6712167826524155,0.2997894504289716,0.739280187695134,0.3238654121450312,-0.1076409279946698,22,5929,7357
0.6712167826524155,0.2997894504289716,0.739280187695134,0.3238654121450312,-0.1076409279946698,23,5929,7357
0.6712167826524155,0.2997894504289716,0.739280187695134,0.3238654121450312,-0.1076409279946698,24,5929,7357
0.5841768450190095,0.2645336400721889,0.7383447561168253,0.3235804828682827,-0.1085372678293116,25,5929,7357
0.5724653118877095,0.2636058856775019,0.7377167678679468,0.3225208842752776,-0.1093144370122851,26,5929,7357
0.5724653118877095,0.2636058856775019,0.7377167678679468,0.3225208842752776,-0.1093144370122851,27,5929,7357
0.5724653118877095,0.2636058856775019,0.7377167678679468,0.3225208842752776,-0.1093144370122851,28,5929,7357
0.5724653118877095,0.2636058856775019,0.7377167678679468,0.3225208842752776,-0.1093144370122851,29,5929,7357
0.5724653118877095,0.2636058856775019,0.7377167678679468,0.3225208842752776,-0.1093144370122851,30,5929,7357
0.5669307145830106,0.2634683175017213,0.739874188932516,0.3227738516969743,-0.1097233778884079,31,5929,7357
0.5669307145830106,0.2634683175017213,0.739874188932516,0.3227738516969743,-0.1097233778884079,32,5929,7357
0.5669307145830106,0.2634683175017213,0.739874188932516,0.3227738516969743,-0.1097233778884079,33,5929,7357
0.5669307145830106,0.2634683175017213,0.739874188932516,0.3227738516969743,-0.1097233778884079,34,5929,7357
0.5669307145830106,0.2634683175017213,0.739874188932516,0.3227738516969743,-0.1097233778884079,35,5929,7357
0.5669307145830106,0.2634683175017213,0.739874188932516,0.3227738516969743,-0.1097233778884079,36,5929,7357
0.5669307145830106,0.2634683175017213,0.739874188932516,0.3227738516969743,-0.1097233778884079,37,5929,7357
0.5669307145830106,0.2634683175017213,0.739874188932516,0.3227738516969743,-0.1097233778884079,38,5929,7357
0.5669307145830106,0.2634683175017213,0.739874188932516,0.3227738516969743,-0.1097233778884079,39,5929,7357
0.5669307145830106,0.2634683175017213,0.739874188932516,0.3227738516969743,-0.1097233778884079,40,5929,7357
0.5759669636265896,0.2622567407024895,0.7399573891703973,0.3227850675323971,-0.1097847308492582,41,5929,7357
0.5759669636265896,0.2622567407024895,0.7399573891703973,0.3227850675323971,-0.1097847308492582,42,5929,7357
0.5759669636265896,0.2622567407024895,0.7399573891703973,0.3227850675323971,-0.1097847308492582,43,5929,7357
0.6878318992651076,0.2619450321697548,0.7393041061050022,0.3227691706388875,-0.1111062702205694,44,5929,7357
0.6878318992651076,0.2619450321697548,0.7393041061050022,0.3227691706388875,-0.1111062702205694,45,5929,7357
0.6878318992651076,0.2619450321697548,0.7393041061050022,0.3227691706388875,-0.1111062702205694,46,5929,7357
0.6878318992651076,0.2619450321697548,0.7393041061050022,0.3227691706388875,-0.1111062702205694,47,5929,7357
0.6878318992651076,0.2619450321697548,0.7393041061050022,0.3227691706388875,-0.1111062702205694,48,5929,7357
0.6878318992651076,0.2619450321697548,0.7393041061050022,0.3227691706388875,-0.1111062702205694,49,5929,7357
0.6878318992651076,0.2619450321697548,0.7393041061050022,0.3227691706388875,-0.1111062702205694,50,5929,7357
0.6878318992651076,0.2619450321697548,0.7393041061050022,0.3227691706388875,-0.1111062702205694,51,5929,7357
0.6878318992651076,0.2619450321697548,0.7393041061050022,0.3227691706388875,-0.1111062702205694,52,5929,7357
0.6878318992651076,0.2619450321697548,0.7393041061050022,0.3227691706388875,-0.1111062702205694,53,5929,7357
0.6878318992651076,0.2619450321697548,0.7393041061050022,0.3227691706388875,-0.1111062702205694,54,5929,7357
0.6881513932019503,0.2611100871327534,0.7401102891344883,0.3227971236200874,-0.1119883332911299,55,5929,7357
0.6881513932019503,0.2611100871327534,0.7401102891344883,0.3227971236200874,-0.1119883332911299,56,5929,7357
0.6881513932019503,0.2611100871327534,0.7401102891344883,0.3227971236200874,-0.1119883332911299,57,5929,7357
0.6881513932019503,0.2611100871327534,0.7401102891344883,0.3227971236200874,-0.1119883332911299,58,5929,7357
0.6881513932019503,0.2611100871327534,0.7401102891344883,0.3227971236200874,-0.1119883332911299,59,5929,7357
0.6881513932019503,0.2611100871327534,0.7401102891344883,0.3227971236200874,-0.1119883332911299,60,5929,7357
0.6881513932019503,0.2611100871327534,0.7401102891344883,0.3227971236200874,-0.1119883332911299,61,5929,7357
0.6881513932019503,0.2611100871327534,0.7401102891344883,0.3227971236200874,-0.1119883332911299,62,5929,7357
0.6881513932019503,0.2611100871327534,0.7401102891344883,0.3227971236200874,-0.1119883332911299,63,5929,7357
0.6881513932019503,0.2611100871327534,0.7401102891344883,0.3227971236200874,-0.1119883332911299,64,5929,7357
0.6881513932019503,0.2611100871327534,0.7401102891344883,0.3227971236200874,-0.1119883332911299,65,5929,7357
0.6881513932019503,0.2611100871327534,0.7401102891344883,0.3227971236200874,-0.1119883332911299,66,5929,7357
0.6881513932019503,0.2611100871327534,0.7401102891344883,0.3227971236200874,-0.1119883332911299,67,5929,7357
0.6881513932019503,0.2611100871327534,0.7401102891344883,0.3227971236200874,-0.1119883332911299,68,5929,7357
0.6881513932019503,0.2611100871327534,0.7401102891344883,0.3227971236200874,-0.1119883332911299,69,5929,7357
0.6881513932019503,0.2611100871327534,0.7401102891344883,0.3227971236200874,-0.1119883332911299,70,5929,7357
0.6881513932019503,0.2611100871327534,0.7401102891344883,0.3227971236200874,-0.1119883332911299,71,5929,7357
0.6881513932019503,0.2611100871327534,0.7401102891344883,0.3227971236200874,-0.1119883332911299,72,5929,7357
0.6881513932019503,0.2611100871327534,0.7401102891344883,0.3227971236200874,-0.1119883332911299,73,5929,7357
0.6881513932019503,0.2611100871327534,0.7401102891344883,0.3227971236200874,-0.1119883332911299,74,5929,7357
0.6881513932019503,0.2611100871327534,0.7401102891344883,0.3227971236200874,-0.1119883332911299,75,5929,7357
0.6881513932019503,0.2611100871327534,0.7401102891344883,0.3227971236200874,-0.1119883332911299,76,5929,7357
0.6881513932019503,0.2611100871327534,0.7401102891344883,0.3227971236200874,-0.1119883332911299,77,5929,7357
0.6881513932019503,0.2611100871327534,0.7401102891344883,0.3227971236200874,-0.1119883332911299,78,5929,7357
0.6881513932019503,0.2611100871327534,0.7401102891344883,0.3227971236200874,-0.1119883332911299,79,5929,7357
0.6881513932019503,0.2611100871327534,0.7401102891344883,0.3227971236200874,-0.1119883332911299,80,5929,7357
0.5895020620840481,0.1244603325154798,0.9541513368666424,0.3992910134865952,-0.0126329022670854,0,5929,8072
0.5896056146776595,0.2803028260425833,0.8060357075271236,0.1321788416191956,-0.0163778257881542,1,5929,8072
0.5896056146776595,0.2736976751165315,0.8060357075271236,0.1495193461325817,-0.0292427789342013,2,5929,8072
0.5896056146776595,0.2803028260425833,0.7983078471245951,0.4169017771846597,-0.0540088694987108,3,5929,8072
0.5896056146776595,0.2803028260425833,0.7983078471245951,0.4169017771846597,-0.0540088694987108,4,5929,8072
0.5896056146776595,0.2803028260425833,0.7983078471245951,0.4169017771846597,-0.0540088694987108,5,5929,8072
0.6384748486032826,0.3470950599736677,0.8480411285471998,0.3347062312360757,-0.0593920224212876,6,5929,8072
0.6384748486032826,0.3470950599736677,0.8480411285471998,0.3347062312360757,-0.0593920224212876,7,5929,8072
0.5896056146776595,0.2751390753832594,0.8070885691359249,0.3348001962469853,-0.0662279518317159,8,5929,8072
0.6384748486032826,0.2654783215229686,0.8463486046577042,0.3388209614877516,-0.0702713191232807,9,5929,8072
0.6384748486032826,0.2654783215229686,0.8463486046577042,0.3388209614877516,-0.0702713191232807,10,5929,8072
0.5858394125009733,0.2741621519910668,0.7872264806581649,0.3288263503147249,-0.0731005878331987,11,5929,8072
0.5858394125009733,0.2741621519910668,0.7872264806581649,0.3288263503147249,-0.0731005878331987,12,5929,8072
0.6384748486032826,0.2688436615241986,0.8463486046577042,0.3076771483179255,-0.0744215836207083,13,5929,8072
0.6384748486032826,0.2652124372593942,0.8470699024393644,0.3214503467210651,-0.0795293926301256,14,5929,8072
0.6384748486032826,0.2652124372593942,0.8470699024393644,0.3214503467210651,-0.0795293926301256,15,5929,8072
0.6384748486032826,0.2652124372593942,0.8470699024393644,0.3214503467210651,-0.0795293926301256,16,5929,8072
0.6384748486032826,0.2652124372593942,0.8470699024393644,0.3214503467210651,-0.0795293926301256,17,5929,8072
0.6384748486032826,0.2652124372593942,0.8470699024393644,0.3214503467210651,-0.0795293926301256,18,5929,8072
0.6384748486032826,0.2652124372593942,0.8470699024393644,0.3214503467210651,-0.0795293926301256,19,5929,8072
0.6384748486032826,0.2652124372593942,0.8470699024393644,0.3214503467210651,-0.0795293926301256,20,5929,8072
0.6384748486032826,0.2652124372593942,0.8470699024393644,0.3214503467210651,-0.0795293926301256,21,5929,8072
0.6493030204120898,0.2638703302143731,0.8462422895595808,0.3235357888283797,-0.0802502780677137,22,5929,8072
0.6493030204120898,0.2638703302143731,0.8462422895595808,0.3235357888283797,-0.0802502780677137,23,5929,8072
0.6493030204120898,0.2638703302143731,0.8462422895595808,0.3235357888283797,-0.0802502780677137,24,5929,8072
0.6493030204120898,0.2638703302143731,0.8258393264635215,0.3234874711883337,-0.0803803056712341,25,5929,8072
0.6493030204120898,0.2638703302143731,0.8258393264635215,0.3234874711883337,-0.0803803056712341,26,5929,8072
0.6493030204120898,0.2638703302143731,0.8258393264635215,0.3234874711883337,-0.0803803056712341,27,5929,8072
0.6493030204120898,0.2638703302143731,0.8258393264635215,0.3234874711883337,-0.0803803056712341,28,5929,8072
0.6493030204120898,0.2638703302143731,0.8258393264635215,0.3234874711883337,-0.0803803056712341,29,5929,8072
0.6493030204120898,0.2638703302143731,0.8258393264635215,0.3234874711883337,-0.0803803056712341,30,5929,8072
0.6493030204120898,0.2638703302143731,0.8258393264635215,0.3234874711883337,-0.0803803056712341,31,5929,8072
0.6633470069969294,0.2654416488679906,0.8465362712760394,0.3233428870516229,-0.0807680551611951,32,5929,8072
0.6633470069969294,0.2654416488679906,0.8465362712760394,0.3233428870516229,-0.0807680551611951,33,5929,8072
0.6594606947956524,0.2633437468442324,0.8176914687896628,0.3225822190173906,-0.0808974542403342,34,5929,8072
0.6594606947956524,0.2633437468442324,0.8176914687896628,0.3225822190173906,-0.0808974542403342,35,5929,8072
0.6641112952446476,0.2638612757195708,0.8258393264635215,0.3234468505856904,-0.0808980827647155,36,5929,8072
0.6641112952446476,0.2638606996039774,0.8258393264635215,0.3223812558850769,-0.0814152313338155,37,5929,8072
0.6641112952446476,0.2638606996039774,0.8258393264635215,0.3223812558850769,-0.0814152313338155,38,5929,8072
0.6641112952446476,0.2638606996039774,0.8258393264635215,0.3223812558850769,-0.0814152313338155,39,5929,8072
0.6641112952446476,0.2638606996039774,0.8258393264635215,0.3223812558850769,-0.0814152313338155,40,5929,8072
0.6641112952446476,0.2638606996039774,0.8258393264635215,0.3223812558850769,-0.0814152313338155,41,5929,8072
0.6641112952446476,0.2638606996039774,0.8258393264635215,0.3223812558850769,-0.0814152313338155,42,5929,8072
0.6641112952446476,0.2638606996039774,0.8258393264635215,0.3223812558850769,-0.0814152313338155,43,5929,8072
0.6641112952446476,0.2638606996039774,0.8258393264635215,0.3223812558850769,-0.0814152313338155,44,5929,8072
0.6877514195077682,0.2632550442336316,0.8179007326601259,0.3252904624098292,-0.0823121567625755,45,5929,8072
0.6883182047436518,0.2646799786937253,0.8299633229977815,0.323678681814273,-0.0833818859527203,46,5929,8072
0.6883182047436518,0.2646799786937253,0.8299633229977815,0.323678681814273,-0.0833818859527203,47,5929,8072
0.6883182047436518,0.2646799786937253,0.8299633229977815,0.323678681814273,-0.0833818859527203,48,5929,8072
0.6883182047436518,0.2646799786937253,0.8299633229977815,0.323678681814273,-0.0833818859527203,49,5929,8072
0.6883182047436518,0.2646799786937253,0.8299633229977815,0.323678681814273,-0.0833818859527203,50,5929,8072
0.6883182047436518,0.2639985016198747,0.8573089843014191,0.3237682529924581,-0.0852458152607154,51,5929,8072
0.6883182047436518,0.2639985016198747,0.8573089843014191,0.3237682529924581,-0.0852458152607154,52,5929,8072
0.6883182047436518,0.2639985016198747,0.8573089843014191,0.3237682529924581,-0.0852458152607154,53,5929,8072
0.6883182047436518,0.2639985016198747,0.8573089843014191,0.3237682529924581,-0.0852458152607154,54,5929,8072
0.6883182047436518,0.2639985016198747,0.8573089843014191,0.3237682529924581,-0.0852458152607154,55,5929,8072
0.6883182047436518,0.2639734438041607,0.8573089843014191,0.3226322952271786,-0.0857629638298154,56,5929,8072
0.6883182047436518,0.2639734438041607,0.8573089843014191,0.3226322952271786,-0.0857629638298154,57,5929,8072
0.6883182047436518,0.2639734438041607,0.8573089843014191,0.3226322952271786,-0.0857629638298154,58,5929,8072
0.6883182047436518,0.2639734438041607,0.8573089843014191,0.3226322952271786,-0.0857629638298154,59,5929,8072
0.6883182047436518,0.2639734438041607,0.8573089843014191,0.3226322952271786,-0.0857629638298154,60,5929,8072
0.6883182047436518,0.2639734438041607,0.8573089843014191,0.3226322952271786,-0.0857629638298154,61,5929,8072
0.6883182047436518,0.2639734438041607,0.8573089843014191,0.3226322952271786,-0.0857629638298154,62,5929,8072
0.6883182047436518,0.2639734438041607,0.8573089843014191,0.3226322952271786,-0.0857629638298154,63,5929,8072
0.6883182047436518,0.2639734438041607,0.8573089843014191,0.3226322952271786,-0.0857629638298154,64,5929,8072
0.6883182047436518,0.2639734438041607,0.8573089843014191,0.3226322952271786,-0.0857629638298154,65,5929,8072
0.6883182047436518,0.2639734438041607,0.8573089843014191,0.3226322952271786,-0.0857629638298154,66,5929,8072
0.6883182047436518,0.2639734438041607,0.8573089843014191,0.3226322952271786,-0.0857629638298154,67,5929,8072
0.6883182047436518,0.2639734438041607,0.8573089843014191,0.3226322952271786,-0.0857629638298154,68,5929,8072
0.6883182047436518,0.2639734438041607,0.8573089843014191,0.3226322952271786,-0.0857629638298154,69,5929,8072
0.6883182047436518,0.2639734438041607,0.8573089843014191,0.3226322952271786,-0.0857629638298154,70,5929,8072
0.6883182047436518,0.2639734438041607,0.8573089843014191,0.3226322952271786,-0.0857629638298154,71,5929,8072
0.6883182047436518,0.2639734438041607,0.8573089843014191,0.3226322952271786,-0.0857629638298154,72,5929,8072
0.6883182047436518,0.2639734438041607,0.8573089843014191,0.3226322952271786,-0.0857629638298154,73,5929,8072
0.6883182047436518,0.2639734438041607,0.8573089843014191,0.3226322952271786,-0.0857629638298154,74,5929,8072
0.6883182047436518,0.2639734438041607,0.8573089843014191,0.3226322952271786,-0.0857629638298154,75,5929,8072
0.6883182047436518,0.2639734438041607,0.8573089843014191,0.3226322952271786,-0.0857629638298154,76,5929,8072
0.6234897555375004,0.2578031189967366,0.3626968570578484,0.3391948927801735,-0.1017010252513047,0,6643,3072
0.1624912919021979,0.1409400632756789,0.5365965163832472,0.3860686865331263,-0.1090619916397792,1,6643,3072
0.7083709730664138,0.1326962975467872,0.5103032497386853,0.3597304453686845,-0.1168312818682415,2,6643,3072
0.7083709730664138,0.1326962975467872,0.5103032497386853,0.3597304453686845,-0.1168312818682415,3,6643,3072
0.6234897555375004,0.2578031189967366,0.3637433551698202,0.3461923610654239,-0.1169301876580084,4,6643,3072
0.5563271468207991,0.2939249766163688,0.4070605174983677,0.2650086497133467,-0.1209621667276765,5,6643,3072
0.5563271468207991,0.2939249766163688,0.4070605174983677,0.2650086497133467,-0.1209621667276765,6,6643,3072
0.5559193014462068,0.2050063736564176,0.4986684656818623,0.4157518025109012,-0.1211671499440898,7,6643,3072
0.6360484245038519,0.2416233070451879,0.5413241760020615,0.2765107537936823,-0.1301581826531265,8,6643,3072
0.7088598109848672,0.2421087901861485,0.5407194945764503,0.3375822906851091,-0.1309282637471691,9,6643,3072
0.7088598109848672,0.2421087901861485,0.5407194945764503,0.3375822906851091,-0.1309282637471691,10,6643,3072
0.6885947590943897,0.2434681009053133,0.5402842946360322,0.416400922054585,-0.134779434863182,11,6643,3072
0.5577031611183513,0.2955027561962753,0.5409583161082441,0.2764874661406084,-0.1400288628291716,12,6643,3072
0.5577031611183513,0.2955027561962753,0.5409583161082441,0.2764874661406084,-0.1400288628291716,13,6643,3072
0.5577031611183513,0.2955027561962753,0.5409583161082441,0.2764874661406084,-0.1400288628291716,14,6643,3072
0.5576030083387237,0.2959203967817691,0.5409051158508434,0.3199578006184967,-0.1401012821230055,15,6643,3072
0.5749015375133268,0.2582712997912073,0.5415051941883442,0.2779961793628487,-0.1405826311381535,16,6643,3072
0.6879371144663702,0.2622343636311479,0.5425700242367423,0.3129493215183064,-0.1414075542119041,17,6643,3072
0.6818092904133921,0.2841984159802184,0.5427370459088036,0.2745259546459711,-0.1416590069638047,18,6643,3072
0.6805460029937909,0.2704423122011553,0.5417429550893355,0.2830371585548693,-0.1418012530961372,19,6643,3072
0.6879371144663702,0.281083958042076,0.5395339908349673,0.2739081909714578,-0.1418700250808416,20,6643,3072
0.6879371144663702,0.281083958042076,0.5395339908349673,0.2739081909714578,-0.1418700250808416,21,6643,3072
0.6879371144663702,0.281083958042076,0.5395339908349673,0.2739081909714578,-0.1418700250808416,22,6643,3072
0.6879371144663702,0.281083958042076,0.5395339908349673,0.2739081909714578,-0.1418700250808416,23,6643,3072
0.6879120575141509,0.2622343636311479,0.5425700242367423,0.2768786259008103,-0.1424164142154888,24,6643,3072
0.6791888044335687,0.2637690522022985,0.5437672472415271,0.2855665994362166,-0.1425586603478213,25,6643,3072
0.6847225899589495,0.2589072516034582,0.5382778142435898,0.2828441065203223,-0.1427696784648582,26,6643,3072
0.6847225899589495,0.2589072516034582,0.5382778142435898,0.2828441065203223,-0.1427696784648582,27,6643,3072
0.6847225899589495,0.2589072516034582,0.5382778142435898,0.2828441065203223,-0.1427696784648582,28,6643,3072
0.6847225899589495,0.2589072516034582,0.5382778142435898,0.2828441065203223,-0.1427696784648582,29,6643,3072
0.6847225899589495,0.2589072516034582,0.5382778142435898,0.2828441065203223,-0.1427696784648582,30,6643,3072
0.6847225899589495,0.2589072516034582,0.5382778142435898,0.2828441065203223,-0.1427696784648582,31,6643,3072
0.6847225899589495,0.2589072516034582,0.5382778142435898,0.2828441065203223,-0.1427696784648582,32,6643,3072
0.6834451910203833,0.2603574398486064,0.5427498608398755,0.3270665722469689,-0.1432888094789985,33,6643,3072
0.6834451910203833,0.2603574398486064,0.5427498608398755,0.3270665722469689,-0.1432888094789985,34,6643,3072
0.6834451910203833,0.2603574398486064,0.5427498608398755,0.3270665722469689,-0.1432888094789985,35,6643,3072
0.6834451910203833,0.2603574398486064,0.5427498608398755,0.3270665722469689,-0.1432888094789985,36,6643,3072
0.6879958151014605,0.2638450276062051,0.538514920149203,0.3288619365890952,-0.1434998275960353,37,6643,3072
0.6879958151014605,0.2638450276062051,0.538514920149203,0.3288619365890952,-0.1434998275960353,38,6643,3072
0.6879958151014605,0.2638450276062051,0.538514920149203,0.3288619365890952,-0.1434998275960353,39,6643,3072
0.6879958151014605,0.2638450276062051,0.538514920149203,0.3288619365890952,-0.1434998275960353,40,6643,3072
0.6879958151014605,0.2638450276062051,0.538514920149203,0.3288619365890952,-0.1434998275960353,41,6643,3072
0.6879958151014605,0.2638450276062051,0.538514920149203,0.3288619365890952,-0.1434998275960353,42,6643,3072
0.6879958151014605,0.2638450276062051,0.538514920149203,0.3288619365890952,-0.1434998275960353,43,6643,3072
0.6879958151014605,0.2638450276062051,0.538514920149203,0.3288619365890952,-0.1434998275960353,44,6643,3072
0.6879958151014605,0.2638450276062051,0.538514920149203,0.3288619365890952,-0.1434998275960353,45,6643,3072
0.6879958151014605,0.2638450276062051,0.538514920149203,0.3288619365890952,-0.1434998275960353,46,6643,3072
0.6879958151014605,0.2638450276062051,0.538514920149203,0.3288619365890952,-0.1434998275960353,47,6643,3072
0.6879958151014605,0.2638450276062051,0.538514920149203,0.3288619365890952,-0.1434998275960353,48,6643,3072
0.6879958151014605,0.2638450276062051,0.538514920149203,0.3288619365890952,-0.1434998275960353,49,6643,3072
0.6879958151014605,0.2638450276062051,0.538514920149203,0.3288619365890952,-0.1434998275960353,50,6643,3072
0.6879958151014605,0.2638450276062051,0.538514920149203,0.3288619365890952,-0.1434998275960353,51,6643,3072
0.6879958151014605,0.2638450276062051,0.538514920149203,0.3288619365890952,-0.1434998275960353,52,6643,3072
0.6879958151014605,0.2638450276062051,0.538514920149203,0.3288619365890952,-0.1434998275960353,53,6643,3072
0.6879958151014605,0.2638450276062051,0.538514920149203,0.3288619365890952,-0.1434998275960353,54,6643,3072
0.6879958151014605,0.2638450276062051,0.538514920149203,0.3288619365890952,-0.1434998275960353,55,6643,3072
0.6879958151014605,0.2638450276062051,0.538514920149203,0.3288619365890952,-0.1434998275960353,56,6643,3072
0.6879958151014605,0.2638450276062051,0.538514920149203,0.3288619365890952,-0.1434998275960353,57,6643,3072
0.6879958151014605,0.2638450276062051,0.538514920149203,0.3288619365890952,-0.1434998275960353,58,6643,3072
0.6234897555375004,0.2578031189967366,0.3626968570578484,0.3391948927801735,-0.0719787509515724,0,6643,3786
0.1624912919021979,0.1409400632756789,0.5365965163832472,0.3860686865331263,-0.0907020045390568,1,6643,3786
0.1624912919021979,0.1409400632756789,0.5365965163832472,0.3860686865331263,-0.0907020045390568,2,6643,3786
0.303194829291645,0.2624947127501015,0.3889712819877967,0.3290424694769578,-0.1023205988607326,3,6643,3786
0.1913004756550414,0.3277303893969041,0.539955105924673,0.3812957588962001,-0.1027338044661964,4,6643,3786
0.1913004756550414,0.3277303893969041,0.539955105924673,0.3812957588962001,-0.1027338044661964,5,6643,3786
0.1251555984504938,0.3394533232583778,0.5425959532775873,0.3771140542780434,-0.1057784931007805,6,6643,3786
0.1158656124707703,0.3154059666590015,0.6732086562178449,0.3868414899939411,-0.1191627301053902,7,6643,3786
0.1158656124707703,0.3154059666590015,0.6732086562178449,0.3868414899939411,-0.1191627301053902,8,6643,3786
0.1158656124707703,0.3154059666590015,0.6732086562178449,0.3868414899939411,-0.1191627301053902,9,6643,3786
0.0834110532126035,0.2616164191535853,0.5424114549460761,0.3485745619264337,-0.1204382671949703,10,6643,3786
0.0686244723763952,0.2590941178042047,0.6791462183629904,0.330185309928073,-0.12302147538057,11,6643,3786
0.0686244723763952,0.2590941178042047,0.6791462183629904,0.330185309928073,-0.12302147538057,12,6643,3786
0.1002825487964133,0.2604507062417144,0.6777003366362002,0.322012416235908,-0.1239956472254823,13,6643,3786
0.1002825487964133,0.2604507062417144,0.6777003366362002,0.322012416235908,-0.1239956472254823,14,6643,3786
0.1002825487964133,0.2604507062417144,0.6777003366362002,0.322012416235908,-0.1239956472254823,15,6643,3786
0.0466037192326754,0.2812533196683648,0.7063637191555286,0.3804860614277193,-0.1246419720275495,16,6643,3786
0.0466037192326754,0.2812533196683648,0.7063637191555286,0.3804860614277193,-0.1246419720275495,17,6643,3786
0.0452866416315796,0.2638996888589532,0.6950492742333289,0.3340489698009383,-0.1253307994416968,18,6643,3786
0.0671190936065851,0.2578651483923778,0.7003431989779136,0.330185309928073,-0.1257558671739785,19,6643,3786
0.0671190936065851,0.2578651483923778,0.7003431989779136,0.330185309928073,-0.1257558671739785,20,6643,3786
0.1002825487964133,0.2604274014931915,0.6948532688305366,0.3331731631428815,-0.1264127137815108,21,6643,3786
0.1002825487964133,0.2604274014931915,0.6948532688305366,0.3331731631428815,-0.1264127137815108,22,6643,3786
0.1002825487964133,0.2614966489968177,0.6938770260770974,0.3274248681271124,-0.1284942553654036,23,6643,3786
0.1002825487964133,0.2614966489968177,0.6938770260770974,0.3274248681271124,-0.1284942553654036,24,6643,3786
0.1005545191598903,0.2588487848308685,0.6982982306647665,0.330185309928073,-0.1287930896474736,25,6643,3786
0.1005545191598903,0.2588487848308685,0.6982982306647665,0.330185309928073,-0.1287930896474736,26,6643,3786
0.1005545191598903,0.2588487848308685,0.6982982306647665,0.330185309928073,-0.1287930896474736,27,6643,3786
0.1005545191598903,0.2588487848308685,0.6982982306647665,0.330185309928073,-0.1287930896474736,28,6643,3786
0.1010011870387274,0.2616211203068898,0.7056638716552911,0.3301625100039339,-0.12935878602596,29,6643,3786
0.1010011870387274,0.2616211203068898,0.7056638716552911,0.3301625100039339,-0.12935878602596,30,6643,3786
0.1010011870387274,0.2616211203068898,0.7056638716552911,0.3301625100039339,-0.12935878602596,31,6643,3786
0.1010011870387274,0.2616211203068898,0.7056638716552911,0.3301625100039339,-0.12935878602596,32,6643,3786
0.1010011870387274,0.2616211203068898,0.7056638716552911,0.3301625100039339,-0.12935878602596,33,6643,3786
0.1010011870387274,0.2616211203068898,0.7056638716552911,0.3301625100039339,-0.12935878602596,34,6643,3786
0.1010011870387274,0.2616211203068898,0.7056638716552911,0.3301625100039339,-0.12935878602596,35,6643,3786
0.1010011870387274,0.2616211203068898,0.7056638716552911,0.3301625100039339,-0.12935878602596,36,6643,3786
0.1010011870387274,0.2616211203068898,0.7056638716552911,0.3301625100039339,-0.12935878602596,37,6643,3786
0.1010011870387274,0.2616211203068898,0.7056638716552911,0.3301625100039339,-0.12935878602596,38,6643,3786
0.1010011870387274,0.2616211203068898,0.7056638716552911,0.3301625100039339,-0.12935878602596,39,6643,3786
0.1010011870387274,0.2616211203068898,0.7056638716552911,0.3301625100039339,-0.12935878602596,40,6643,3786
0.1010011870387274,0.2616211203068898,0.7056638716552911,0.3301625100039339,-0.12935878602596,41,6643,3786
0.1010011870387274,0.2616211203068898,0.7056638716552911,0.3301625100039339,-0.12935878602596,42,6643,3786
0.1010011870387274,0.2616211203068898,0.7056638716552911,0.3301625100039339,-0.12935878602596,43,6643,3786
0.1010011870387274,0.2616211203068898,0.7056638716552911,0.3301625100039339,-0.12935878602596,44,6643,3786
0.1010011870387274,0.2616211203068898,0.7056638716552911,0.3301625100039339,-0.12935878602596,45,6643,3786
0.1010011870387274,0.2616211203068898,0.7056638716552911,0.3301625100039339,-0.12935878602596,46,6643,3786
0.1010011870387274,0.2616211203068898,0.7056638716552911,0.3301625100039339,-0.12935878602596,47,6643,3786
0.1010011870387274,0.2616211203068898,0.7056638716552911,0.3301625100039339,-0.12935878602596,48,6643,3786
0.1010011870387274,0.2616211203068898,0.7056638716552911,0.3301625100039339,-0.12935878602596,49,6643,3786
0.1010011870387274,0.2616211203068898,0.7056638716552911,0.3301625100039339,-0.12935878602596,50,6643,3786
0.2034552406761496,0.3804242698865323,0.971598413446888,0.2164535799990539,-0.0528436363932514,0,6643,4500
0.3684417860387493,0.3676528212179015,0.9820322321825072,0.2164535799990539,-0.0557253261342185,1,6643,4500
0.3959338415799076,0.1649000503047414,0.9503138356892662,0.2781583773076302,-0.0651974514218206,2,6643,4500
0.3959338415799076,0.1649000503047414,0.9503138356892662,0.2781583773076302,-0.0651974514218206,3,6643,4500
0.2091002395890823,0.2804028632824193,0.5462497892469849,0.3073651220828864,-0.0787842028844415,4,6643,4500
0.2091002395890823,0.2804028632824193,0.5462497892469849,0.3073651220828864,-0.0787842028844415,5,6643,4500
0.2091002395890823,0.2804028632824193,0.5462497892469849,0.3073651220828864,-0.0787842028844415,6,6643,4500
0.0454775902088655,0.2676407319475138,0.5365965163832472,0.3494969513770751,-0.0840386934082763,7,6643,4500
0.588270380280084,0.2945709068555735,0.9805825601955144,0.3116823686493054,-0.0990998655170876,8,6643,4500
0.0806177895387554,0.2948898789349269,0.9599401620302788,0.3115297095260954,-0.1003438959932835,9,6643,4500
0.6001750480675568,0.2814186493513747,0.9856219155275484,0.315400249989784,-0.1029152380859406,10,6643,4500
0.0891075868033646,0.2804028632824193,0.9298460214314556,0.3078342382525587,-0.1041534930224617,11,6643,4500
0.5495683610509462,0.2901097073775803,0.9862362263326498,0.3166319969072144,-0.1054572754794216,12,6643,4500
0.1003727907976851,0.2804028632824193,0.9298460214314556,0.2650185139991739,-0.1055928867744935,13,6643,4500
0.114674012407837,0.2874220955602802,0.9851111588392604,0.315372053585031,-0.1073128326617599,14,6643,4500
0.114674012407837,0.2874220955602802,0.9851111588392604,0.315372053585031,-0.1073128326617599,15,6643,4500
0.1103276088423017,0.2872014300453072,0.9851111588392604,0.315372053585031,-0.1073167713209766,16,6643,4500
0.1484166890073614,0.2874220955602802,0.9851111588392604,0.315372053585031,-0.1083711861850514,17,6643,4500
0.107136169180641,0.2865448530055536,0.9312699494675268,0.315400249989784,-0.111550507860602,18,6643,4500
0.107136169180641,0.2865448530055536,0.9312699494675268,0.315400249989784,-0.111550507860602,19,6643,4500
0.107136169180641,0.2865448530055536,0.9312699494675268,0.315400249989784,-0.111550507860602,20,6643,4500
0.107136169180641,0.2865448530055536,0.9312699494675268,0.315400249989784,-0.111550507860602,21,6643,4500
0.107136169180641,0.2865448530055536,0.9312699494675268,0.315400249989784,-0.111550507860602,22,6643,4500
0.107136169180641,0.2865448530055536,0.9312699494675268,0.315400249989784,-0.111550507860602,23,6643,4500
0.1001449067662236,0.2924636987589899,0.9285011357832196,0.3224317013244139,-0.1120111304180088,24,6643,4500
0.1001449067662236,0.2924636987589899,0.9285011357832196,0.3224317013244139,-0.1120111304180088,25,6643,4500
0.1001449067662236,0.2924636987589899,0.9285011357832196,0.3224317013244139,-0.1120111304180088,26,6643,4500
0.1001449067662236,0.2924636987589899,0.9285011357832196,0.3224317013244139,-0.1120111304180088,27,6643,4500
0.1001449067662236,0.2924636987589899,0.9285011357832196,0.3224317013244139,-0.1120111304180088,28,6643,4500
0.1001449067662236,0.2924636987589899,0.9285011357832196,0.3224317013244139,-0.1120111304180088,29,6643,4500
0.1001449067662236,0.2924636987589899,0.9285011357832196,0.3224317013244139,-0.1120111304180088,30,6643,4500
0.1001449067662236,0.2924636987589899,0.9285011357832196,0.3224317013244139,-0.1120111304180088,31,6643,4500
0.1001449067662236,0.2924636987589899,0.9285011357832196,0.3224317013244139,-0.1120111304180088,32,6643,4500
0.1001449067662236,0.2924636987589899,0.9285011357832196,0.3224317013244139,-0.1120111304180088,33,6643,4500
0.1001449067662236,0.2924636987589899,0.9285011357832196,0.3224317013244139,-0.1120111304180088,34,6643,4500
0.1001449067662236,0.2924636987589899,0.9285011357832196,0.3224317013244139,-0.1120111304180088,35,6643,4500
0.1001449067662236,0.2924636987589899,0.9285011357832196,0.3224317013244139,-0.1120111304180088,36,6643,4500
0.1001449067662236,0.2924636987589899,0.9285011357832196,0.3224317013244139,-0.1120111304180088,37,6643,4500
0.1001449067662236,0.2924636987589899,0.9285011357832196,0.3224317013244139,-0.1120111304180088,38,6643,4500
0.1001449067662236,0.2924636987589899,0.9285011357832196,0.3224317013244139,-0.1120111304180088,39,6643,4500
0.1001449067662236,0.2924636987589899,0.9285011357832196,0.3224317013244139,-0.1120111304180088,40,6643,4500
0.1001449067662236,0.2924636987589899,0.9285011357832196,0.3224317013244139,-0.1120111304180088,41,6643,4500
0.1001449067662236,0.2924636987589899,0.9285011357832196,0.3224317013244139,-0.1120111304180088,42,6643,4500
0.1001449067662236,0.2924636987589899,0.9285011357832196,0.3224317013244139,-0.1120111304180088,43,6643,4500
0.1001449067662236,0.2924636987589899,0.9285011357832196,0.3224317013244139,-0.1120111304180088,44,6643,4500
0.1001449067662236,0.2924636987589899,0.9285011357832196,0.3224317013244139,-0.1120111304180088,45,6643,4500
0.1001449067662236,0.2924636987589899,0.9285011357832196,0.3224317013244139,-0.1120111304180088,46,6643,4500
0.1001449067662236,0.2924636987589899,0.9285011357832196,0.3224317013244139,-0.1120111304180088,47,6643,4500
0.1001449067662236,0.2924636987589899,0.9285011357832196,0.3224317013244139,-0.1120111304180088,48,6643,4500
0.1001449067662236,0.2924636987589899,0.9285011357832196,0.3224317013244139,-0.1120111304180088,49,6643,4500
0.6234897555375004,0.2578031189967366,0.3626968570578484,0.3391948927801735,-0.0365727532221189,0,6643,5214
0.2610790901671821,0.2624947127501015,0.4846615069210055,0.4101970414528052,-0.0370647529560784,1,6643,5214
0.3613749311555959,0.2838064889441311,0.96891080954925,0.2184914971801917,-0.0563124535377167,2,6643,5214
0.3624828833280666,0.2823069580943144,0.3962680817424854,0.2476245294487906,-0.0587286148344926,3,6643,5214
0.0363410822573365,0.2633724058073575,0.5129046786888473,0.3538630957067679,-0.0644785446512594,4,6643,5214
0.3535825411482096,0.2823069580943144,0.5174418156238855,0.2476245294487906,-0.0677043760318495,5,6643,5214
0.1497705081139395,0.2669714442464822,0.4706526828513553,0.290181125327213,-0.0706903953362687,6,6643,5214
0.7308773639443923,0.2617213472114224,0.5117772983081186,0.2750308906752407,-0.0778366121847847,7,6643,5214
0.1450421994056174,0.2848989354249666,0.5368673212418072,0.2188186685815281,-0.0794561080053968,8,6643,5214
0.6627107101021277,0.2655595964514523,0.5379899896558267,0.2617338934603401,-0.0836858494605144,9,6643,5214
0.6627107101021277,0.2655595964514523,0.5379899896558267,0.2617338934603401,-0.0836858494605144,10,6643,5214
0.6809987145229197,0.2654098847883024,0.5380400584741586,0.230836566329402,-0.0868763525137669,11,6643,5214
0.6809987145229197,0.2654098847883024,0.5380400584741586,0.230836566329402,-0.0868763525137669,12,6643,5214
0.6809987145229197,0.2605990708051277,0.5380400584741586,0.2327802563945467,-0.0887091866605666,13,6643,5214
0.6809987145229197,0.2605990708051277,0.5380400584741586,0.2327802563945467,-0.0887091866605666,14,6643,5214
0.0508841538924342,0.2706179825389895,0.5077797930618078,0.3213465687611055,-0.0895760960010162,15,6643,5214
0.0692382275732025,0.2631869452522737,0.5141222661395424,0.3257177529088744,-0.0897454487179099,16,6643,5214
0.0692382275732025,0.2631869452522737,0.5141222661395424,0.3257177529088744,-0.0897454487179099,17,6643,5214
0.0692382275732025,0.2631869452522737,0.5141222661395424,0.3257177529088744,-0.0897454487179099,18,6643,5214
0.0692382275732025,0.2631869452522737,0.5141222661395424,0.3257177529088744,-0.0897454487179099,19,6643,5214
0.0998389280354048,0.2829828359721447,0.671461639677932,0.3211469557246859,-0.0925904163990183,20,6643,5214
0.0998389280354048,0.2829828359721447,0.671461639677932,0.3211469557246859,-0.0925904163990183,21,6643,5214
0.0998389280354048,0.2829828359721447,0.671461639677932,0.3211469557246859,-0.0925904163990183,22,6643,5214
0.0998389280354048,0.2829828359721447,0.671461639677932,0.3211469557246859,-0.0925904163990183,23,6643,5214
0.0998389280354048,0.2829828359721447,0.671461639677932,0.3211469557246859,-0.0925904163990183,24,6643,5214
0.0998389280354048,0.2829828359721447,0.671461639677932,0.3211469557246859,-0.0925904163990183,25,6643,5214
0.6868479612260114,0.2743605211291191,0.7066946359091525,0.2554633733696986,-0.0928658011235703,26,6643,5214
0.6823632074840482,0.2642036257020427,0.7066946359091525,0.2367848094394202,-0.0932249427059626,27,6643,5214
0.6868900196189962,0.2813893625279208,0.7086810976142862,0.2369166594773997,-0.0944146288069961,28,6643,5214
0.6868900196189962,0.2813893625279208,0.7086810976142862,0.2369166594773997,-0.0944146288069961,29,6643,5214
0.6882938989533068,0.2813893625279208,0.7086810976142862,0.2369166594773997,-0.0952994944735316,30,6643,5214
0.6882938989533068,0.2813893625279208,0.7086810976142862,0.2369166594773997,-0.0952994944735316,31,6643,5214
0.6882938989533068,0.2813893625279208,0.7086810976142862,0.2369166594773997,-0.0952994944735316,32,6643,5214
0.6882938989533068,0.2813893625279208,0.7086810976142862,0.2369166594773997,-0.0952994944735316,33,6643,5214
0.6882938989533068,0.2813893625279208,0.7086810976142862,0.2369166594773997,-0.0952994944735316,34,6643,5214
0.6882938989533068,0.2813893625279208,0.7086810976142862,0.2369166594773997,-0.0952994944735316,35,6643,5214
0.6882938989533068,0.2813893625279208,0.7086810976142862,0.2369166594773997,-0.0952994944735316,36,6643,5214
0.6882938989533068,0.2813893625279208,0.7086810976142862,0.2369166594773997,-0.0952994944735316,37,6643,5214
0.6882938989533068,0.2813893625279208,0.7086810976142862,0.2369166594773997,-0.0952994944735316,38,6643,5214
0.1012354633443965,0.2715894073142788,0.5360810956151342,0.3215290296669907,-0.0958175366571677,39,6643,5214
0.0996109718690269,0.297477056032217,0.7023040085201013,0.3220678352331516,-0.0973357481686772,40,6643,5214
0.0988988288431696,0.2825717725236295,0.7040967078964215,0.3219152662380982,-0.0974403682995656,41,6643,5214
0.0988988288431696,0.2825717725236295,0.7040967078964215,0.3219152662380982,-0.0974403682995656,42,6643,5214
0.0988988288431696,0.2825717725236295,0.7040967078964215,0.3219152662380982,-0.0974403682995656,43,6643,5214
0.0988988288431696,0.2825717725236295,0.7040967078964215,0.3219152662380982,-0.0974403682995656,44,6643,5214
0.0988988288431696,0.2825717725236295,0.7040967078964215,0.3219152662380982,-0.0974403682995656,45,6643,5214
0.0988988288431696,0.2825717725236295,0.7040967078964215,0.3219152662380982,-0.0974403682995656,46,6643,5214
0.0988988288431696,0.2825717725236295,0.7040967078964215,0.3219152662380982,-0.0974403682995656,47,6643,5214
0.0988988288431696,0.2825717725236295,0.7040967078964215,0.3219152662380982,-0.0974403682995656,48,6643,5214
0.0988988288431696,0.2825717725236295,0.7040967078964215,0.3219152662380982,-0.0974403682995656,49,6643,5214
0.0988988288431696,0.2825717725236295,0.7040967078964215,0.3219152662380982,-0.0974403682995656,50,6643,5214
0.0988988288431696,0.2825717725236295,0.7040967078964215,0.3219152662380982,-0.0974403682995656,51,6643,5214
0.0988988288431696,0.2825717725236295,0.7040967078964215,0.3219152662380982,-0.0974403682995656,52,6643,5214
0.0988988288431696,0.2825717725236295,0.7040967078964215,0.3219152662380982,-0.0974403682995656,53,6643,5214
0.0988988288431696,0.2825717725236295,0.7040967078964215,0.3219152662380982,-0.0974403682995656,54,6643,5214
0.0988988288431696,0.2825717725236295,0.7040967078964215,0.3219152662380982,-0.0974403682995656,55,6643,5214
0.0988988288431696,0.2825717725236295,0.7040967078964215,0.3219152662380982,-0.0974403682995656,56,6643,5214
0.0988988288431696,0.2825717725236295,0.7040967078964215,0.3219152662380982,-0.0974403682995656,57,6643,5214
0.0988988288431696,0.2825717725236295,0.7040967078964215,0.3219152662380982,-0.0974403682995656,58,6643,5214
0.0988988288431696,0.2825717725236295,0.7040967078964215,0.3219152662380982,-0.0974403682995656,59,6643,5214
0.0988988288431696,0.2825717725236295,0.7040967078964215,0.3219152662380982,-0.0974403682995656,60,6643,5214
0.0988988288431696,0.2825717725236295,0.7040967078964215,0.3219152662380982,-0.0974403682995656,61,6643,5214
0.0988988288431696,0.2825717725236295,0.7040967078964215,0.3219152662380982,-0.0974403682995656,62,6643,5214
0.1431676150783696,0.2853849577031879,0.7021592795735158,0.321518237925483,-0.0975023774267307,63,6643,5214
0.1431676150783696,0.2853849577031879,0.7021592795735158,0.321518237925483,-0.0975023774267307,64,6643,5214
0.1431676150783696,0.2853849577031879,0.7021592795735158,0.321518237925483,-0.0975023774267307,65,6643,5214
0.1431676150783696,0.2853849577031879,0.7021592795735158,0.321518237925483,-0.0975023774267307,66,6643,5214
0.1431676150783696,0.2853849577031879,0.7021592795735158,0.321518237925483,-0.0975023774267307,67,6643,5214
0.1431676150783696,0.2853849577031879,0.7021592795735158,0.321518237925483,-0.0975023774267307,68,6643,5214
0.1431676150783696,0.2853849577031879,0.7021592795735158,0.321518237925483,-0.0975023774267307,69,6643,5214
0.1431676150783696,0.2853849577031879,0.7021592795735158,0.321518237925483,-0.0975023774267307,70,6643,5214
0.1431676150783696,0.2853849577031879,0.7021592795735158,0.321518237925483,-0.0975023774267307,71,6643,5214
0.1431676150783696,0.2853849577031879,0.7021592795735158,0.321518237925483,-0.0975023774267307,72,6643,5214
0.1431676150783696,0.2853849577031879,0.7021592795735158,0.321518237925483,-0.0975023774267307,73,6643,5214
0.1431676150783696,0.2853849577031879,0.7021592795735158,0.321518237925483,-0.0975023774267307,74,6643,5214
0.1431676150783696,0.2853849577031879,0.7021592795735158,0.321518237925483,-0.0975023774267307,75,6643,5214
0.1431676150783696,0.2853849577031879,0.7021592795735158,0.321518237925483,-0.0975023774267307,76,6643,5214
0.1431676150783696,0.2853849577031879,0.7021592795735158,0.321518237925483,-0.0975023774267307,77,6643,5214
0.1431676150783696,0.2853849577031879,0.7021592795735158,0.321518237925483,-0.0975023774267307,78,6643,5214
0.143165402774644,0.2853849577031879,0.5331520133691415,0.3219185771813554,-0.097949391917501,79,6643,5214
0.143165402774644,0.2853849577031879,0.5331520133691415,0.3219185771813554,-0.097949391917501,80,6643,5214
0.143165402774644,0.2853849577031879,0.5331520133691415,0.3219185771813554,-0.097949391917501,81,6643,5214
0.143165402774644,0.2853849577031879,0.5331520133691415,0.3219185771813554,-0.097949391917501,82,6643,5214
0.143165402774644,0.2853849577031879,0.5331520133691415,0.3219185771813554,-0.097949391917501,83,6643,5214
0.143165402774644,0.2853849577031879,0.5331520133691415,0.3219185771813554,-0.097949391917501,84,6643,5214
0.143165402774644,0.2853849577031879,0.5331520133691415,0.3219185771813554,-0.097949391917501,85,6643,5214
0.143165402774644,0.2853849577031879,0.5331520133691415,0.3219185771813554,-0.097949391917501,86,6643,5214
0.143165402774644,0.2853849577031879,0.5331520133691415,0.3219185771813554,-0.097949391917501,87,6643,5214
0.143165402774644,0.2853849577031879,0.5331520133691415,0.3219185771813554,-0.097949391917501,88,6643,5214
0.143165402774644,0.2853849577031879,0.5331520133691415,0.3219185771813554,-0.097949391917501,89,6643,5214
0.1431447827344453,0.26243400921001,0.5306970241773159,0.3215584513462893,-0.0984545470611352,90,6643,5214
0.1431447827344453,0.26243400921001,0.5306970241773159,0.3215584513462893,-0.0984545470611352,91,6643,5214
0.1431447827344453,0.26243400921001,0.5306970241773159,0.3215584513462893,-0.0984545470611352,92,6643,5214
0.1431447827344453,0.26243400921001,0.5306970241773159,0.3215584513462893,-0.0984545470611352,93,6643,5214
0.1431447827344453,0.26243400921001,0.5306970241773159,0.3215584513462893,-0.0984545470611352,94,6643,5214
0.1431447827344453,0.26243400921001,0.5306970241773159,0.3215584513462893,-0.0984545470611352,95,6643,5214
0.1431447827344453,0.26243400921001,0.5306970241773159,0.3215584513462893,-0.0984545470611352,96,6643,5214
0.1431447827344453,0.26243400921001,0.5306970241773159,0.3215584513462893,-0.0984545470611352,97,6643,5214
0.1431447827344453,0.26243400921001,0.5306970241773159,0.3215584513462893,-0.0984545470611352,98,6643,5214
0.1431447827344453,0.26243400921001,0.5306970241773159,0.3215584513462893,-0.0984545470611352,99,6643,5214
0.1431447827344453,0.26243400921001,0.5306970241773159,0.3215584513462893,-0.0984545470611352,100,6643,5214
0.1431447827344453,0.26243400921001,0.5306970241773159,0.3215584513462893,-0.0984545470611352,101,6643,5214
0.1431447827344453,0.26243400921001,0.5306970241773159,0.3215584513462893,-0.0984545470611352,102,6643,5214
0.1431447827344453,0.26243400921001,0.5306970241773159,0.3215584513462893,-0.0984545470611352,103,6643,5214
0.1431447827344453,0.26243400921001,0.5306970241773159,0.3215584513462893,-0.0984545470611352,104,6643,5214
0.1431447827344453,0.26243400921001,0.5306970241773159,0.3215584513462893,-0.0984545470611352,105,6643,5214
0.1431447827344453,0.26243400921001,0.5306970241773159,0.3215584513462893,-0.0984545470611352,106,6643,5214
0.1431447827344453,0.26243400921001,0.5306970241773159,0.3215584513462893,-0.0984545470611352,107,6643,5214
0.1431447827344453,0.26243400921001,0.5306970241773159,0.3215584513462893,-0.0984545470611352,108,6643,5214
0.1431447827344453,0.26243400921001,0.5306970241773159,0.3215584513462893,-0.0984545470611352,109,6643,5214
0.1431447827344453,0.26243400921001,0.5306970241773159,0.3215584513462893,-0.0984545470611352,110,6643,5214
0.1431447827344453,0.26243400921001,0.5306970241773159,0.3215584513462893,-0.0984545470611352,111,6643,5214
0.1431447827344453,0.26243400921001,0.5306970241773159,0.3215584513462893,-0.0984545470611352,112,6643,5214
0.1431447827344453,0.26243400921001,0.5306970241773159,0.3215584513462893,-0.0984545470611352,113,6643,5214
0.1431447827344453,0.26243400921001,0.5306970241773159,0.3215584513462893,-0.0984545470611352,114,6643,5214
0.1431447827344453,0.26243400921001,0.5306970241773159,0.3215584513462893,-0.0984545470611352,115,6643,5214
0.2034552406761496,0.3804242698865323,0.971598413446888,0.2164535799990539,-0.0267108628680793,0,6643,5929
0.3684417860387493,0.3676528212179015,0.9820322321825072,0.2164535799990539,-0.0279463405646272,1,6643,5929
0.5896056146776595,0.3785480914412882,0.8064963698864336,0.2639035898587401,-0.0392184471807877,2,6643,5929
0.2034552406761496,0.3763561938794814,0.7410068954559613,0.2331581659613836,-0.0531622946658978,3,6643,5929
0.2361716287075608,0.2635780837716394,0.5035280833680197,0.3312819750860562,-0.0543020361704334,4,6643,5929
0.1353708272706205,0.2710807482897494,0.5462497892469849,0.2735874704635962,-0.0677440798527541,5,6643,5929
0.1353708272706205,0.2710807482897494,0.5462497892469849,0.2735874704635962,-0.0677440798527541,6,6643,5929
0.128817436471844,0.2710807482897494,0.5462497892469849,0.2749693590898185,-0.0680212382927347,7,6643,5929
0.128817436471844,0.2793828638168973,0.662001654938131,0.2603828953030075,-0.0740256835956537,8,6643,5929
0.5695384637235671,0.2611438348285554,0.5038715975519039,0.2352899360724195,-0.0806593905952833,9,6643,5929
0.5695384637235671,0.2611438348285554,0.5038715975519039,0.2352899360724195,-0.0806593905952833,10,6643,5929
0.5695384637235671,0.2611438348285554,0.5038715975519039,0.2352899360724195,-0.0806593905952833,11,6643,5929
0.128026921056073,0.27511180004526,0.740486817793767,0.234507272964406,-0.0827415777424274,12,6643,5929
0.1015005996632211,0.2912558131564906,0.743016276735839,0.2333112407909177,-0.083027795725838,13,6643,5929
0.6797625291543327,0.2994562350752172,0.7215126133006992,0.2003918995093254,-0.0894111935096199,14,6643,5929
0.6797625291543327,0.2994562350752172,0.7215126133006992,0.2003918995093254,-0.0894111935096199,15,6643,5929
0.6797625291543327,0.2994562350752172,0.7215126133006992,0.2003918995093254,-0.0894111935096199,16,6643,5929
0.6797625291543327,0.2764748106023889,0.7201553377592408,0.2005267475661397,-0.0918896871527839,17,6643,5929
0.6797625291543327,0.2764748106023889,0.7201553377592408,0.2005267475661397,-0.0918896871527839,18,6643,5929
0.6797625291543327,0.2764748106023889,0.7201553377592408,0.2005267475661397,-0.0918896871527839,19,6643,5929
0.6748162331314383,0.2750585595945418,0.7400089607710384,0.234503133330431,-0.094339135386879,20,6643,5929
0.6748162331314383,0.2750585595945418,0.7400089607710384,0.234503133330431,-0.094339135386879,21,6643,5929
0.6748162331314383,0.2618932983093523,0.7210389106072537,0.2393065227195407,-0.097798573643529,22,6643,5929
0.6748162331314383,0.2618932983093523,0.7210389106072537,0.2393065227195407,-0.097798573643529,23,6643,5929
0.6748162331314383,0.2618932983093523,0.7210389106072537,0.2393065227195407,-0.097798573643529,24,6643,5929
0.6748878004341975,0.2708189836264245,0.7219873726365471,0.2357827326583186,-0.0978777659680902,25,6643,5929
0.6870729669820407,0.2806793534774598,0.7261194455642295,0.2387859917278067,-0.0991189956627226,26,6643,5929
0.6870729669820407,0.2806793534774598,0.7261194455642295,0.2387859917278067,-0.0991189956627226,27,6643,5929
0.6870729669820407,0.2806793534774598,0.7261194455642295,0.2387859917278067,-0.0991189956627226,28,6643,5929
0.6870729669820407,0.2806793534774598,0.7261194455642295,0.2387859917278067,-0.0991189956627226,29,6643,5929
0.6870729669820407,0.2806793534774598,0.7261194455642295,0.2387859917278067,-0.0991189956627226,30,6643,5929
0.6870729669820407,0.2806793534774598,0.7261194455642295,0.2387859917278067,-0.0991189956627226,31,6643,5929
0.6870729669820407,0.2806793534774598,0.7261194455642295,0.2387859917278067,-0.0991189956627226,32,6643,5929
0.6870729669820407,0.2806793534774598,0.7261194455642295,0.2387859917278067,-0.0991189956627226,33,6643,5929
0.6870729669820407,0.2806793534774598,0.7261194455642295,0.2387859917278067,-0.0991189956627226,34,6643,5929
0.6870729669820407,0.2806793534774598,0.7261194455642295,0.2387859917278067,-0.0991189956627226,35,6643,5929
0.6861894454243693,0.2801290059444783,0.7054928027312211,0.2393826336011822,-0.0991300943176497,36,6643,5929
0.6861894454243693,0.2801290059444783,0.7054928027312211,0.2393826336011822,-0.0991300943176497,37,6643,5929
0.6861894454243693,0.2801290059444783,0.7054928027312211,0.2393826336011822,-0.0991300943176497,38,6643,5929
0.6861894454243693,0.2801290059444783,0.7054928027312211,0.2393826336011822,-0.0991300943176497,39,6643,5929
0.6861894454243693,0.2801290059444783,0.7054928027312211,0.2393826336011822,-0.0991300943176497,40,6643,5929
0.6861894454243693,0.2801290059444783,0.7054928027312211,0.2393826336011822,-0.0991300943176497,41,6643,5929
0.6861894454243693,0.2801290059444783,0.7054928027312211,0.2393826336011822,-0.0991300943176497,42,6643,5929
0.6861894454243693,0.2801290059444783,0.7054928027312211,0.2393826336011822,-0.0991300943176497,43,6643,5929
0.6861894454243693,0.2801290059444783,0.7054928027312211,0.2393826336011822,-0.0991300943176497,44,6643,5929
0.6861894454243693,0.2801290059444783,0.7054928027312211,0.2393826336011822,-0.0991300943176497,45,6643,5929
0.6861894454243693,0.2801290059444783,0.7054928027312211,0.2393826336011822,-0.0991300943176497,46,6643,5929
0.6861894454243693,0.2801290059444783,0.7054928027312211,0.2393826336011822,-0.0991300943176497,47,6643,5929
0.6861894454243693,0.2801290059444783,0.7054928027312211,0.2393826336011822,-0.0991300943176497,48,6643,5929
0.6861894454243693,0.2801290059444783,0.7054928027312211,0.2393826336011822,-0.0991300943176497,49,6643,5929
0.6861894454243693,0.2801290059444783,0.7054928027312211,0.2393826336011822,-0.0991300943176497,50,6643,5929
0.6861894454243693,0.2801290059444783,0.7054928027312211,0.2393826336011822,-0.0991300943176497,51,6643,5929
0.6861894454243693,0.2801290059444783,0.7054928027312211,0.2393826336011822,-0.0991300943176497,52,6643,5929
0.6861894454243693,0.2801290059444783,0.7054928027312211,0.2393826336011822,-0.0991300943176497,53,6643,5929
0.6861894454243693,0.2801290059444783,0.7054928027312211,0.2393826336011822,-0.0991300943176497,54,6643,5929
0.6861894454243693,0.2801290059444783,0.7054928027312211,0.2393826336011822,-0.0991300943176497,55,6643,5929
0.6861894454243693,0.2801290059444783,0.7054928027312211,0.2393826336011822,-0.0991300943176497,56,6643,5929
0.6861894454243693,0.2801290059444783,0.7054928027312211,0.2393826336011822,-0.0991300943176497,57,6643,5929
0.6861894454243693,0.2801290059444783,0.7054928027312211,0.2393826336011822,-0.0991300943176497,58,6643,5929
0.6861894454243693,0.2801290059444783,0.7054928027312211,0.2393826336011822,-0.0991300943176497,59,6643,5929
0.6861894454243693,0.2801290059444783,0.7054928027312211,0.2393826336011822,-0.0991300943176497,60,6643,5929
0.6861894454243693,0.2801290059444783,0.7054928027312211,0.2393826336011822,-0.0991300943176497,61,6643,5929
0.2034552406761496,0.3804242698865323,0.971598413446888,0.2164535799990539,-0.0087617555892606,0,6643,6643
0.3684417860387493,0.3676528212179015,0.9820322321825072,0.2164535799990539,-0.010877128168841,1,6643,6643
0.3684417860387493,0.3610410642276292,0.9820322321825072,0.2337940845124397,-0.015284330468363,2,6643,6643
0.3684417860387493,0.3610410642276292,0.9820322321825072,0.2337940845124397,-0.015284330468363,3,6643,6643
0.3684417860387493,0.3610410642276292,0.9820322321825072,0.2337940845124397,-0.015284330468363,4,6643,6643
0.3684417860387493,0.3610410642276292,0.9820322321825072,0.2337940845124397,-0.015284330468363,5,6643,6643
0.1359924342315742,0.3610410642276292,0.937649576550806,0.2663214759070028,-0.0158465054674775,6,6643,6643
0.1430565396818344,0.3296886651231548,0.9596777070087222,0.2818733923061242,-0.0206910834870432,7,6643,6643
0.1430565396818344,0.3307397920038954,0.7881347415150448,0.2818733923061242,-0.0306463011088936,8,6643,6643
0.1430565396818344,0.3307397920038954,0.7881347415150448,0.2818733923061242,-0.0306463011088936,9,6643,6643
0.1430565396818344,0.3307397920038954,0.7881347415150448,0.2818733923061242,-0.0306463011088936,10,6643,6643
0.6780087133951742,0.3643507218501354,0.7591577212888287,0.2493873887400931,-0.0389362972522662,11,6643,6643
0.6780087133951742,0.3643507218501354,0.7591577212888287,0.2493873887400931,-0.0389362972522662,12,6643,6643
0.6780087133951742,0.3643507218501354,0.7591577212888287,0.2493873887400931,-0.0389362972522662,13,6643,6643
0.6833911915703106,0.3676526801279757,0.7392608095095277,0.2416623495115489,-0.0545722862434317,14,6643,6643
0.6833911915703106,0.3676526801279757,0.7392608095095277,0.2416623495115489,-0.0545722862434317,15,6643,6643
0.6833911915703106,0.3676526801279757,0.7392608095095277,0.2416623495115489,-0.0545722862434317,16,6643,6643
0.6833911915703106,0.3676526801279757,0.7392608095095277,0.2416623495115489,-0.0545722862434317,17,6643,6643
0.6833911915703106,0.3676526801279757,0.7392608095095277,0.2416623495115489,-0.0545722862434317,18,6643,6643
0.6833911915703106,0.3676526801279757,0.7392608095095277,0.2416623495115489,-0.0545722862434317,19,6643,6643
0.6833911915703106,0.3676526801279757,0.7392608095095277,0.2416623495115489,-0.0545722862434317,20,6643,6643
0.6872837884230643,0.3609496511187823,0.7392608095095277,0.2413066312087554,-0.0548517121858981,21,6643,6643
0.6787274528017193,0.3643507218501354,0.739098290228394,0.2493873887400931,-0.0550065985365779,22,6643,6643
0.6780087133951742,0.3401910063763814,0.7377804446435151,0.249884561534198,-0.0560347061436966,23,6643,6643
0.6780087133951742,0.3401910063763814,0.7377804446435151,0.249884561534198,-0.0560347061436966,24,6643,6643
0.6778387195877409,0.3497222989647743,0.7395824252878447,0.2619193810372837,-0.0572312205054735,25,6643,6643
0.6779454996999018,0.3479250565243953,0.73583207609123,0.2609303897056397,-0.0580341988457255,26,6643,6643
0.6775376789079719,0.3504099287693095,0.7387897767584047,0.2495083317058082,-0.0581684243097162,27,6643,6643
0.6775376789079719,0.3504099287693095,0.7387897767584047,0.2495083317058082,-0.0581684243097162,28,6643,6643
0.6779944134734913,0.3439195063933701,0.7377804446435151,0.2410878576804657,-0.0583858996401999,29,6643,6643
0.6779944134734913,0.3439195063933701,0.7377804446435151,0.2410878576804657,-0.0583858996401999,30,6643,6643
0.6779944134734913,0.3439195063933701,0.7377804446435151,0.2410878576804657,-0.0583858996401999,31,6643,6643
0.6779944134734913,0.3439195063933701,0.7377804446435151,0.2410878576804657,-0.0583858996401999,32,6643,6643
0.6779944134734913,0.3439195063933701,0.7377804446435151,0.2410878576804657,-0.0583858996401999,33,6643,6643
0.6779944134734913,0.3439195063933701,0.7377804446435151,0.2410878576804657,-0.0583858996401999,34,6643,6643
0.6779944134734913,0.3439195063933701,0.7377804446435151,0.2410878576804657,-0.0583858996401999,35,6643,6643
0.6779944134734913,0.3439195063933701,0.7377804446435151,0.2410878576804657,-0.0583858996401999,36,6643,6643
0.6779944134734913,0.3439195063933701,0.7377804446435151,0.2410878576804657,-0.0583858996401999,37,6643,6643
0.6779944134734913,0.3439195063933701,0.7377804446435151,0.2410878576804657,-0.0583858996401999,38,6643,6643
0.6779944134734913,0.3439195063933701,0.7377804446435151,0.2410878576804657,-0.0583858996401999,39,6643,6643
0.6779944134734913,0.3439195063933701,0.7377804446435151,0.2410878576804657,-0.0583858996401999,40,6643,6643
0.6779944134734913,0.3439195063933701,0.7377804446435151,0.2410878576804657,-0.0583858996401999,41,6643,6643
0.6779944134734913,0.3439195063933701,0.7377804446435151,0.2410878576804657,-0.0583858996401999,42,6643,6643
0.6779944134734913,0.3439195063933701,0.7377804446435151,0.2410878576804657,-0.0583858996401999,43,6643,6643
0.6855858080444611,0.3439167382182203,0.7377804446435151,0.2410951731255255,-0.0584597052470883,44,6643,6643
0.6855858080444611,0.3439167382182203,0.7377804446435151,0.2410951731255255,-0.0584597052470883,45,6643,6643
0.6855858080444611,0.3439167382182203,0.7377804446435151,0.2410951731255255,-0.0584597052470883,46,6643,6643
0.6855858080444611,0.3439167382182203,0.7377804446435151,0.2410951731255255,-0.0584597052470883,47,6643,6643
0.6855858080444611,0.3439167382182203,0.7377804446435151,0.2410951731255255,-0.0584597052470883,48,6643,6643
0.6855858080444611,0.3439167382182203,0.7377804446435151,0.2410951731255255,-0.0584597052470883,49,6643,6643
0.6855858080444611,0.3439167382182203,0.7377804446435151,0.2410951731255255,-0.0584597052470883,50,6643,6643
0.6855858080444611,0.3439167382182203,0.7377804446435151,0.2410951731255255,-0.0584597052470883,51,6643,6643
0.6855858080444611,0.3439167382182203,0.7377804446435151,0.2410951731255255,-0.0584597052470883,52,6643,6643
0.6855858080444611,0.3439167382182203,0.7377804446435151,0.2410951731255255,-0.0584597052470883,53,6643,6643
0.6855858080444611,0.3439167382182203,0.7377804446435151,0.2410951731255255,-0.0584597052470883,54,6643,6643
0.6855858080444611,0.3439167382182203,0.7377804446435151,0.2410951731255255,-0.0584597052470883,55,6643,6643
0.6855858080444611,0.3439167382182203,0.7377804446435151,0.2410951731255255,-0.0584597052470883,56,6643,6643
0.6855858080444611,0.3439167382182203,0.7377804446435151,0.2410951731255255,-0.0584597052470883,57,6643,6643
0.6855858080444611,0.3439167382182203,0.7377804446435151,0.2410951731255255,-0.0584597052470883,58,6643,6643
0.6855858080444611,0.3439167382182203,0.7377804446435151,0.2410951731255255,-0.0584597052470883,59,6643,6643
0.6855858080444611,0.3439167382182203,0.7377804446435151,0.2410951731255255,-0.0584597052470883,60,6643,6643
0.6855858080444611,0.3439167382182203,0.7377804446435151,0.2410951731255255,-0.0584597052470883,61,6643,6643
0.6855858080444611,0.3439167382182203,0.7377804446435151,0.2410951731255255,-0.0584597052470883,62,6643,6643
0.6855858080444611,0.3439167382182203,0.7377804446435151,0.2410951731255255,-0.0584597052470883,63,6643,6643
0.6855858080444611,0.3439167382182203,0.7377804446435151,0.2410951731255255,-0.0584597052470883,64,6643,6643
0.6855858080444611,0.3439167382182203,0.7377804446435151,0.2410951731255255,-0.0584597052470883,65,6643,6643
0.6855858080444611,0.3439167382182203,0.7377804446435151,0.2410951731255255,-0.0584597052470883,66,6643,6643
0.6855858080444611,0.3439167382182203,0.7377804446435151,0.2410951731255255,-0.0584597052470883,67,6643,6643
0.6855858080444611,0.3439167382182203,0.7377804446435151,0.2410951731255255,-0.0584597052470883,68,6643,6643
0.6855858080444611,0.3439167382182203,0.7377804446435151,0.2410951731255255,-0.0584597052470883,69,6643,6643
0.2034552406761496,0.3804242698865323,0.971598413446888,0.2164535799990539,-0.0155393453506286,0,6643,7357
0.3684417860387493,0.3676528212179015,0.9820322321825072,0.2164535799990539,-0.0226540481018604,1,6643,7357
0.3684417860387493,0.3610410642276292,0.9820322321825072,0.2337940845124397,-0.0247643717546285,2,6643,7357
0.5154838164049791,0.3681051966674822,0.7400336460422805,0.2504237225303427,-0.0586718973953829,3,6643,7357
0.515848112885667,0.3376150993391835,0.7400336460422805,0.2540910906193501,-0.0593362193006313,4,6643,7357
0.515848112885667,0.3376150993391835,0.7400336460422805,0.2540910906193501,-0.0593362193006313,5,6643,7357
0.515848112885667,0.3376150993391835,0.7400336460422805,0.2540910906193501,-0.0593362193006313,6,6643,7357
0.515848112885667,0.3376150993391835,0.7400336460422805,0.2540910906193501,-0.0593362193006313,7,6643,7357
0.515848112885667,0.3376150993391835,0.7400336460422805,0.2540910906193501,-0.0593362193006313,8,6643,7357
0.515848112885667,0.3376150993391835,0.7400336460422805,0.2540910906193501,-0.0593362193006313,9,6643,7357
0.5290406548507983,0.3592897085501951,0.7400336460422805,0.2869203778203542,-0.0620111589465636,10,6643,7357
0.595529642210619,0.3581813170993942,0.738390475188318,0.2872131616967206,-0.065372350454849,11,6643,7357
0.5750582120695976,0.3606155299969695,0.7388727714011206,0.2884705866069306,-0.0664946726336614,12,6643,7357
0.5750582120695976,0.3606155299969695,0.7388727714011206,0.2884705866069306,-0.0664946726336614,13,6643,7357
0.5971705292805095,0.3439755111641698,0.7400225438585011,0.2534449961837153,-0.0675309369414626,14,6643,7357
0.5971705292805095,0.3439755111641698,0.7400225438585011,0.2534449961837153,-0.0675309369414626,15,6643,7357
0.673654785120531,0.3672902897751404,0.7368455738280165,0.2884427056250042,-0.0728992309021877,16,6643,7357
0.673654785120531,0.3672902897751404,0.7368455738280165,0.2884427056250042,-0.0728992309021877,17,6643,7357
0.673654785120531,0.3672902897751404,0.7368455738280165,0.2884427056250042,-0.0728992309021877,18,6643,7357
0.6885137608999132,0.359518021468083,0.737789803282549,0.2900987745462485,-0.0733524327538889,19,6643,7357
0.6885137608999132,0.359518021468083,0.737789803282549,0.2900987745462485,-0.0733524327538889,20,6643,7357
0.6885137608999132,0.359518021468083,0.737789803282549,0.2900987745462485,-0.0733524327538889,21,6643,7357
0.6753011401691202,0.3460094154719819,0.7374102130338145,0.2860207362136286,-0.076061056675326,22,6643,7357
0.6753011401691202,0.3460094154719819,0.7374102130338145,0.2860207362136286,-0.076061056675326,23,6643,7357
0.6753011401691202,0.3460094154719819,0.7374102130338145,0.2860207362136286,-0.076061056675326,24,6643,7357
0.6753011401691202,0.3460094154719819,0.7374102130338145,0.2860207362136286,-0.076061056675326,25,6643,7357
0.6753011401691202,0.3460094154719819,0.7374102130338145,0.2860207362136286,-0.076061056675326,26,6643,7357
0.6870926370106529,0.3465702479523383,0.7383438793007133,0.2534933393171142,-0.0760666686769228,27,6643,7357
0.6881444299313654,0.3468711441206378,0.7368816843449746,0.2505398294704251,-0.076913473566503,28,6643,7357
0.6881444299313654,0.3468711441206378,0.7368816843449746,0.2505398294704251,-0.076913473566503,29,6643,7357
0.6881444299313654,0.3468711441206378,0.7368816843449746,0.2505398294704251,-0.076913473566503,30,6643,7357
0.6881444299313654,0.3468711441206378,0.7368816843449746,0.2505398294704251,-0.076913473566503,31,6643,7357
0.6881444299313654,0.3468711441206378,0.7368816843449746,0.2505398294704251,-0.076913473566503,32,6643,7357
0.6881444299313654,0.3468711441206378,0.7368816843449746,0.2505398294704251,-0.076913473566503,33,6643,7357
0.6881922608969494,0.3468331443382542,0.7368116171147643,0.2531444137925748,-0.0771997703558145,34,6643,7357
0.6881922608969494,0.3468331443382542,0.7368116171147643,0.2531444137925748,-0.0771997703558145,35,6643,7357
0.6881922608969494,0.3468331443382542,0.7368116171147643,0.2531444137925748,-0.0771997703558145,36,6643,7357
0.6881922608969494,0.3468331443382542,0.7368116171147643,0.2531444137925748,-0.0771997703558145,37,6643,7357
0.6881922608969494,0.3468331443382542,0.7368116171147643,0.2531444137925748,-0.0771997703558145,38,6643,7357
0.6881922608969494,0.3468331443382542,0.7368116171147643,0.2531444137925748,-0.0771997703558145,39,6643,7357
0.6881922608969494,0.3468331443382542,0.7368116171147643,0.2531444137925748,-0.0771997703558145,40,6643,7357
0.6881922608969494,0.3468331443382542,0.7368116171147643,0.2531444137925748,-0.0771997703558145,41,6643,7357
0.6881922608969494,0.3468331443382542,0.7368116171147643,0.2531444137925748,-0.0771997703558145,42,6643,7357
0.6881922608969494,0.3468331443382542,0.7368116171147643,0.2531444137925748,-0.0771997703558145,43,6643,7357
0.6881922608969494,0.3468331443382542,0.7368116171147643,0.2531444137925748,-0.0771997703558145,44,6643,7357
0.6881922608969494,0.3468331443382542,0.7368116171147643,0.2531444137925748,-0.0771997703558145,45,6643,7357
0.6881922608969494,0.3468331443382542,0.7368116171147643,0.2531444137925748,-0.0771997703558145,46,6643,7357
0.6881922608969494,0.3468331443382542,0.7368116171147643,0.2531444137925748,-0.0771997703558145,47,6643,7357
0.6881922608969494,0.3468331443382542,0.7368116171147643,0.2531444137925748,-0.0771997703558145,48,6643,7357
0.6881922608969494,0.3468331443382542,0.7368116171147643,0.2531444137925748,-0.0771997703558145,49,6643,7357
0.6881922608969494,0.3468331443382542,0.7368116171147643,0.2531444137925748,-0.0771997703558145,50,6643,7357
0.6881922608969494,0.3468331443382542,0.7368116171147643,0.2531444137925748,-0.0771997703558145,51,6643,7357
0.6881922608969494,0.3468331443382542,0.7368116171147643,0.2531444137925748,-0.0771997703558145,52,6643,7357
0.6881922608969494,0.3468331443382542,0.7368116171147643,0.2531444137925748,-0.0771997703558145,53,6643,7357
0.6881922608969494,0.3468331443382542,0.7368116171147643,0.2531444137925748,-0.0771997703558145,54,6643,7357
0.6881922608969494,0.3468331443382542,0.7368116171147643,0.2531444137925748,-0.0771997703558145,55,6643,7357
0.6881922608969494,0.3468331443382542,0.7368116171147643,0.2531444137925748,-0.0771997703558145,56,6643,7357
0.6881922608969494,0.3468331443382542,0.7368116171147643,0.2531444137925748,-0.0771997703558145,57,6643,7357
0.6881922608969494,0.3468331443382542,0.7368116171147643,0.2531444137925748,-0.0771997703558145,58,6643,7357
0.6881922608969494,0.3468331443382542,0.7368116171147643,0.2531444137925748,-0.0771997703558145,59,6643,7357
0.2034552406761496,0.3804242698865323,0.971598413446888,0.2164535799990539,0.0173372670870003,0,6643,8072
0.3684417860387493,0.3676528212179015,0.9820322321825072,0.2164535799990539,0.0113940344733537,1,6643,8072
0.3684417860387493,0.3610410642276292,0.9820322321825072,0.2337940845124397,0.0112462240370771,2,6643,8072
0.5171599893042879,0.3312140863926139,0.7324215175803965,0.29138717937836,-0.0123756805256706,3,6643,8072
0.5171599893042879,0.3312140863926139,0.7324215175803965,0.29138717937836,-0.0123756805256706,4,6643,8072
0.7200614028035093,0.3349876154204861,0.7460161592989875,0.2761843939521597,-0.0177043647099381,5,6643,8072
0.5195907853588779,0.3697360781875212,0.874394953511851,0.2833213765568288,-0.0177204318742848,6,6643,8072
0.5195907853588779,0.3697360781875212,0.874394953511851,0.2833213765568288,-0.0177204318742848,7,6643,8072
0.6532923402170105,0.3697360781875212,0.8728713414933196,0.2833213765568288,-0.0214309312960114,8,6643,8072
0.7355861978636518,0.3356231773943151,0.7365257881686619,0.2757918537972887,-0.0271058452735692,9,6643,8072
0.7355861978636518,0.3356231773943151,0.7365257881686619,0.2757918537972887,-0.0271058452735692,10,6643,8072
0.677218635732222,0.3356231773943151,0.7365257881686619,0.2757918537972887,-0.0302609077334206,11,6643,8072
0.677218635732222,0.3356231773943151,0.7365257881686619,0.2757918537972887,-0.0302609077334206,12,6643,8072
0.677218635732222,0.3356231773943151,0.7365257881686619,0.2757918537972887,-0.0302609077334206,13,6643,8072
0.677218635732222,0.3356231773943151,0.7365257881686619,0.2757918537972887,-0.0302609077334206,14,6643,8072
0.6868567233852249,0.3305862543690718,0.7367708769347817,0.2804004307044966,-0.0324190575507101,15,6643,8072
0.6868567233852249,0.3305862543690718,0.7367708769347817,0.2804004307044966,-0.0324190575507101,16,6643,8072
0.6868567233852249,0.3305862543690718,0.7367708769347817,0.2804004307044966,-0.0324190575507101,17,6643,8072
0.6868567233852249,0.3305862543690718,0.7367708769347817,0.2804004307044966,-0.0324190575507101,18,6643,8072
0.6884072615885024,0.2738345222666145,0.7389839161517265,0.2766429257106196,-0.0336458587151632,19,6643,8072
0.6884674263383515,0.275344304121658,0.7389839161517265,0.2766429257106196,-0.0337184506241049,20,6643,8072
0.6884674263383515,0.275344304121658,0.7389839161517265,0.2766429257106196,-0.0337184506241049,21,6643,8072
0.6884674263383515,0.275344304121658,0.7389839161517265,0.2766429257106196,-0.0337184506241049,22,6643,8072
0.6884674263383515,0.3362112325968246,0.7391277303589113,0.2636023834826786,-0.0337398253491862,23,6643,8072
0.6884674263383515,0.3362112325968246,0.7391277303589113,0.2636023834826786,-0.0337398253491862,24,6643,8072
0.6884072615885024,0.2738345222666145,0.7363273726181206,0.2577805494197991,-0.0337970494317854,25,6643,8072
0.6884072615885024,0.2738345222666145,0.7363273726181206,0.2577805494197991,-0.0337970494317854,26,6643,8072
0.6884072615885024,0.2738345222666145,0.7363273726181206,0.2577805494197991,-0.0337970494317854,27,6643,8072
0.6884072615885024,0.2738345222666145,0.7363273726181206,0.2577805494197991,-0.0337970494317854,28,6643,8072
0.6884327735304132,0.2745146602031438,0.7363053651712016,0.2577805494197991,-0.033869641340727,29,6643,8072
0.6884327735304132,0.2745146602031438,0.7363053651712016,0.2577805494197991,-0.033869641340727,30,6643,8072
0.6884078271797055,0.2847679688173809,0.7367479903004269,0.3280469585412253,-0.0340430367012139,31,6643,8072
0.6884078271797055,0.2847679688173809,0.7367479903004269,0.3280469585412253,-0.0340430367012139,32,6643,8072
0.6884078271797055,0.2847679688173809,0.7367479903004269,0.3280469585412253,-0.0340430367012139,33,6643,8072
0.6884078423681219,0.2633044805931466,0.7367479903004269,0.3259538987061338,-0.0353549193928843,34,6643,8072
0.6884078423681219,0.2633044805931466,0.7367479903004269,0.3259538987061338,-0.0353549193928843,35,6643,8072
0.6884078423681219,0.2633044805931466,0.7367479903004269,0.3259538987061338,-0.0353549193928843,36,6643,8072
0.6884078423681219,0.2633044805931466,0.7367479903004269,0.3259538987061338,-0.0353549193928843,37,6643,8072
0.6884078423681219,0.2633044805931466,0.7367479903004269,0.3259538987061338,-0.0353549193928843,38,6643,8072
0.6884078423681219,0.2633044805931466,0.7367479903004269,0.3259538987061338,-0.0353549193928843,39,6643,8072
0.6884078423681219,0.2633044805931466,0.7367479903004269,0.3259538987061338,-0.0353549193928843,40,6643,8072
0.6884076824693196,0.2628976982344011,0.8239047385942386,0.3259078213128626,-0.035558722391825,41,6643,8072
0.6884076824693196,0.2628976982344011,0.8239047385942386,0.3259078213128626,-0.035558722391825,42,6643,8072
0.6884078281126873,0.2860177035566552,0.7367479903004269,0.3284667288769359,-0.0357979106222461,43,6643,8072
0.6884078281126873,0.2860177035566552,0.7367479903004269,0.3284667288769359,-0.0357979106222461,44,6643,8072
0.6884078281126873,0.2860177035566552,0.7367479903004269,0.3284667288769359,-0.0357979106222461,45,6643,8072
0.6884078281126873,0.2860177035566552,0.7367479903004269,0.3284667288769359,-0.0357979106222461,46,6643,8072
0.6884078431785663,0.2992892287697685,0.7382396872037915,0.3259026923501293,-0.035799599394911,47,6643,8072
0.6884078431785663,0.2992892287697685,0.7382396872037915,0.3259026923501293,-0.035799599394911,48,6643,8072
0.6884078431785663,0.2992892287697685,0.7382396872037915,0.3259026923501293,-0.035799599394911,49,6643,8072
0.6884084448890442,0.2633044805931466,0.86511986895627,0.3259026923501293,-0.0360734232697393,50,6643,8072
0.6884084448890442,0.2633044805931466,0.86511986895627,0.3259026923501293,-0.0360734232697393,51,6643,8072
0.6884084448890442,0.2633044805931466,0.86511986895627,0.3259026923501293,-0.0360734232697393,52,6643,8072
0.6884084448890442,0.2633044805931466,0.86511986895627,0.3259026923501293,-0.0360734232697393,53,6643,8072
0.6884084448890442,0.2633044805931466,0.86511986895627,0.3259026923501293,-0.0360734232697393,54,6643,8072
0.6884084448890442,0.2633044805931466,0.86511986895627,0.3259026923501293,-0.0360734232697393,55,6643,8072
0.6884084448890442,0.2633044805931466,0.86511986895627,0.3259026923501293,-0.0360734232697393,56,6643,8072
0.6884084448890442,0.2633044805931466,0.86511986895627,0.3259026923501293,-0.0360734232697393,57,6643,8072
0.6884084448890442,0.2633044805931466,0.86511986895627,0.3259026923501293,-0.0360734232697393,58,6643,8072
0.6884084448890442,0.2633044805931466,0.86511986895627,0.3259026923501293,-0.0360734232697393,59,6643,8072
0.6884084448890442,0.2633044805931466,0.86511986895627,0.3259026923501293,-0.0360734232697393,60,6643,8072
0.6884084448890442,0.2633044805931466,0.86511986895627,0.3259026923501293,-0.0360734232697393,61,6643,8072
0.6884084448890442,0.2633044805931466,0.86511986895627,0.3259026923501293,-0.0360734232697393,62,6643,8072
0.6884084448890442,0.2633044805931466,0.86511986895627,0.3259026923501293,-0.0360734232697393,63,6643,8072
0.6884084448890442,0.2633044805931466,0.86511986895627,0.3259026923501293,-0.0360734232697393,64,6643,8072
0.6884084448890442,0.2633044805931466,0.86511986895627,0.3259026923501293,-0.0360734232697393,65,6643,8072
0.6884084448890442,0.2633044805931466,0.86511986895627,0.3259026923501293,-0.0360734232697393,66,6643,8072
0.6884084448890442,0.2633044805931466,0.86511986895627,0.3259026923501293,-0.0360734232697393,67,6643,8072
0.6884084448890442,0.2633044805931466,0.86511986895627,0.3259026923501293,-0.0360734232697393,68,6643,8072
0.6884084448890442,0.2633044805931466,0.86511986895627,0.3259026923501293,-0.0360734232697393,69,6643,8072
0.6884084448890442,0.2633044805931466,0.86511986895627,0.3259026923501293,-0.0360734232697393,70,6643,8072
0.6884084448890442,0.2633044805931466,0.86511986895627,0.3259026923501293,-0.0360734232697393,71,6643,8072
0.6884084448890442,0.2633044805931466,0.86511986895627,0.3259026923501293,-0.0360734232697393,72,6643,8072
0.6234897555375004,0.2578031189967366,0.3626968570578484,0.3391948927801735,-0.0755090612809304,0,7357,3072
0.6234897555375004,0.2578031189967366,0.3626968570578484,0.3391948927801735,-0.0755090612809304,1,7357,3072
0.6234897555375004,0.2578031189967366,0.3626968570578484,0.3391948927801735,-0.0755090612809304,2,7357,3072
0.3659443763153495,0.2298700148149425,0.5159835387304746,0.3372629521829725,-0.0792819757559852,3,7357,3072
0.6261590052909823,0.2660094794862077,0.3813269647181139,0.3105364168295878,-0.0916039699098788,4,7357,3072
0.6145015459119038,0.2578031189967366,0.4193007341614485,0.3430022631219303,-0.0939791927523814,5,7357,3072
0.5677740391032321,0.2369252768545824,0.5182969848158647,0.3372629521829725,-0.098850730955236,6,7357,3072
0.6754880681578449,0.269308686888466,0.5245105425642742,0.3841207214673862,-0.1050425083503395,7,7357,3072
0.6754880681578449,0.269308686888466,0.5245105425642742,0.3841207214673862,-0.1050425083503395,8,7357,3072
0.6754880681578449,0.2740177924467932,0.5393825642749687,0.3657413705190926,-0.1147013577703864,9,7357,3072
0.6754880681578449,0.2740177924467932,0.5393825642749687,0.3657413705190926,-0.1147013577703864,10,7357,3072
0.6754880681578449,0.2740177924467932,0.5393825642749687,0.3657413705190926,-0.1147013577703864,11,7357,3072
0.6754880681578449,0.2740177924467932,0.5393825642749687,0.3657413705190926,-0.1147013577703864,12,7357,3072
0.5706114228738594,0.2582429206228675,0.5387889543914923,0.3059641879023378,-0.1158509381944062,13,7357,3072
0.5706114228738594,0.2582429206228675,0.5387889543914923,0.3059641879023378,-0.1158509381944062,14,7357,3072
0.6746721198380375,0.2595791963157374,0.5396870434727729,0.3123177994669778,-0.1159261226736789,15,7357,3072
0.6746721198380375,0.2595791963157374,0.5396870434727729,0.3123177994669778,-0.1159261226736789,16,7357,3072
0.6746721198380375,0.274647811481053,0.5396846634795303,0.3281804715232505,-0.1170499706890892,17,7357,3072
0.6746721198380375,0.274647811481053,0.5396846634795303,0.3281804715232505,-0.1170499706890892,18,7357,3072
0.6746721198380375,0.274647811481053,0.5396846634795303,0.3281804715232505,-0.1170499706890892,19,7357,3072
0.6746721198380375,0.274647811481053,0.5396846634795303,0.3281804715232505,-0.1170499706890892,20,7357,3072
0.6746721198380375,0.2656541052194439,0.5396846634795303,0.3281804715232505,-0.1178073779407733,21,7357,3072
0.6746721198380375,0.2656541052194439,0.5396846634795303,0.3281804715232505,-0.1178073779407733,22,7357,3072
0.6746721198380375,0.2656541052194439,0.5396846634795303,0.3281804715232505,-0.1178073779407733,23,7357,3072
0.6746721198380375,0.2656541052194439,0.5396846634795303,0.3281804715232505,-0.1178073779407733,24,7357,3072
0.6746721198380375,0.2656541052194439,0.5396846634795303,0.3281804715232505,-0.1178073779407733,25,7357,3072
0.6746721198380375,0.2656541052194439,0.5396846634795303,0.3281804715232505,-0.1178073779407733,26,7357,3072
0.6746721198380375,0.2656541052194439,0.5396846634795303,0.3281804715232505,-0.1178073779407733,27,7357,3072
0.6746721198380375,0.2656541052194439,0.5396846634795303,0.3281804715232505,-0.1178073779407733,28,7357,3072
0.6746721198380375,0.2656541052194439,0.5396846634795303,0.3281804715232505,-0.1178073779407733,29,7357,3072
0.6746721198380375,0.2656541052194439,0.5396846634795303,0.3281804715232505,-0.1178073779407733,30,7357,3072
0.6746721198380375,0.2656541052194439,0.5396846634795303,0.3281804715232505,-0.1178073779407733,31,7357,3072
0.6746721198380375,0.2656541052194439,0.5396846634795303,0.3281804715232505,-0.1178073779407733,32,7357,3072
0.6746721198380375,0.2656541052194439,0.5396846634795303,0.3281804715232505,-0.1178073779407733,33,7357,3072
0.6746721198380375,0.2656541052194439,0.5396846634795303,0.3281804715232505,-0.1178073779407733,34,7357,3072
0.6746721198380375,0.2656541052194439,0.5396846634795303,0.3281804715232505,-0.1178073779407733,35,7357,3072
0.6746721198380375,0.2656541052194439,0.5396846634795303,0.3281804715232505,-0.1178073779407733,36,7357,3072
0.6746721198380375,0.2656541052194439,0.5396846634795303,0.3281804715232505,-0.1178073779407733,37,7357,3072
0.6746721198380375,0.2656541052194439,0.5396846634795303,0.3281804715232505,-0.1178073779407733,38,7357,3072
0.6746721198380375,0.2656541052194439,0.5396846634795303,0.3281804715232505,-0.1178073779407733,39,7357,3072
0.6746721198380375,0.2656541052194439,0.5396846634795303,0.3281804715232505,-0.1178073779407733,40,7357,3072
0.6746721198380375,0.2656541052194439,0.5396846634795303,0.3281804715232505,-0.1178073779407733,41,7357,3072
0.6746721198380375,0.2656541052194439,0.5396846634795303,0.3281804715232505,-0.1178073779407733,42,7357,3072
0.6746721198380375,0.2656541052194439,0.5396846634795303,0.3281804715232505,-0.1178073779407733,43,7357,3072
0.6746721198380375,0.2656541052194439,0.5396846634795303,0.3281804715232505,-0.1178073779407733,44,7357,3072
0.6746721198380375,0.2656541052194439,0.5396846634795303,0.3281804715232505,-0.1178073779407733,45,7357,3072
0.6746721198380375,0.2656541052194439,0.5396846634795303,0.3281804715232505,-0.1178073779407733,46,7357,3072
0.6234897555375004,0.2578031189967366,0.3626968570578484,0.3391948927801735,-0.0448372174821973,0,7357,3786
0.1624912919021979,0.1409400632756789,0.5365965163832472,0.3860686865331263,-0.0515206311582018,1,7357,3786
0.2566713539963742,0.2186954792539164,0.3950893404225304,0.4142534227983092,-0.055961529116083,2,7357,3786
0.8799615807026719,0.370197230340884,0.7122326580149044,0.3602054695241494,-0.0559725402904513,3,7357,3786
0.2624850052102883,0.2590085410718229,0.3756915704941758,0.3987545489228931,-0.0701257571620469,4,7357,3786
0.2624850052102883,0.2590085410718229,0.3756915704941758,0.3987545489228931,-0.0701257571620469,5,7357,3786
0.3536635043293391,0.2698744929713115,0.5470155907305441,0.3323628695955925,-0.0865642914393086,6,7357,3786
0.3536635043293391,0.2698744929713115,0.5470155907305441,0.3323628695955925,-0.0865642914393086,7,7357,3786
0.0844905716039983,0.2590003736907789,0.5455506329156163,0.3873157852581274,-0.0888852971951289,8,7357,3786
0.0844905716039983,0.2590003736907789,0.5455506329156163,0.3873157852581274,-0.0888852971951289,9,7357,3786
0.0599620162954522,0.2698744929713115,0.5455243052157593,0.3323719546234262,-0.0894599903194727,10,7357,3786
0.0599620162954522,0.2698744929713115,0.5455243052157593,0.3323719546234262,-0.0894599903194727,11,7357,3786
0.0599620162954522,0.2698744929713115,0.5455243052157593,0.3323719546234262,-0.0894599903194727,12,7357,3786
0.0783454510223194,0.2612654225142719,0.5393691978326312,0.335986494849191,-0.0917835884679504,13,7357,3786
0.0783454510223194,0.2612654225142719,0.5393691978326312,0.335986494849191,-0.0917835884679504,14,7357,3786
0.0567418807142488,0.2635670818571876,0.5456679697075946,0.3434315470547998,-0.0919912500180841,15,7357,3786
0.0514430440946307,0.2584777756102709,0.5462302831340239,0.3453302666627698,-0.0920235896091695,16,7357,3786
0.0514430440946307,0.2584777756102709,0.5462302831340239,0.3453302666627698,-0.0920235896091695,17,7357,3786
0.0515096287229327,0.258130143330555,0.5465937629857915,0.332461531325927,-0.092024176661769,18,7357,3786
0.0790344703520139,0.2612677140057564,0.5457516329578529,0.3397613241447837,-0.0925190170112081,19,7357,3786
0.0790344703520139,0.2612677140057564,0.5457516329578529,0.3397613241447837,-0.0925190170112081,20,7357,3786
0.0622657236045059,0.2588937039860515,0.5383012971397111,0.3276347585328786,-0.0928089667250334,21,7357,3786
0.0622657236045059,0.2588937039860515,0.5383012971397111,0.3276347585328786,-0.0928089667250334,22,7357,3786
0.0622657236045059,0.2588937039860515,0.5383012971397111,0.3276347585328786,-0.0928089667250334,23,7357,3786
0.0622657236045059,0.2588937039860515,0.5383012971397111,0.3276347585328786,-0.0928089667250334,24,7357,3786
0.0737960964121961,0.2622927018141282,0.5458855073880636,0.3277272497127508,-0.0940721622614152,25,7357,3786
0.0737960964121961,0.2622927018141282,0.5458855073880636,0.3277272497127508,-0.0940721622614152,26,7357,3786
0.0737960964121961,0.2622927018141282,0.5458855073880636,0.3277272497127508,-0.0940721622614152,27,7357,3786
0.0737960964121961,0.2622927018141282,0.5458855073880636,0.3277272497127508,-0.0940721622614152,28,7357,3786
0.0737960964121961,0.2622927018141282,0.5458855073880636,0.3277272497127508,-0.0940721622614152,29,7357,3786
0.0737960964121961,0.2622927018141282,0.5458855073880636,0.3277272497127508,-0.0940721622614152,30,7357,3786
0.0737960964121961,0.2622927018141282,0.5458855073880636,0.3277272497127508,-0.0940721622614152,31,7357,3786
0.0737960964121961,0.2622927018141282,0.5458855073880636,0.3277272497127508,-0.0940721622614152,32,7357,3786
0.0737960964121961,0.2622927018141282,0.5458855073880636,0.3277272497127508,-0.0940721622614152,33,7357,3786
0.0737960964121961,0.2622927018141282,0.5458855073880636,0.3277272497127508,-0.0940721622614152,34,7357,3786
0.0737960964121961,0.2622927018141282,0.5458855073880636,0.3277272497127508,-0.0940721622614152,35,7357,3786
0.0737960964121961,0.2622927018141282,0.5458855073880636,0.3277272497127508,-0.0940721622614152,36,7357,3786
0.0737960964121961,0.2622927018141282,0.5458855073880636,0.3277272497127508,-0.0940721622614152,37,7357,3786
0.0737960964121961,0.2622927018141282,0.5458855073880636,0.3277272497127508,-0.0940721622614152,38,7357,3786
0.0737960964121961,0.2622927018141282,0.5458855073880636,0.3277272497127508,-0.0940721622614152,39,7357,3786
0.0737960964121961,0.2622927018141282,0.5458855073880636,0.3277272497127508,-0.0940721622614152,40,7357,3786
0.0737960964121961,0.2622927018141282,0.5458855073880636,0.3277272497127508,-0.0940721622614152,41,7357,3786
0.0737960964121961,0.2622927018141282,0.5458855073880636,0.3277272497127508,-0.0940721622614152,42,7357,3786
0.0737960964121961,0.2622927018141282,0.5458855073880636,0.3277272497127508,-0.0940721622614152,43,7357,3786
0.0737960964121961,0.2622927018141282,0.5458855073880636,0.3277272497127508,-0.0940721622614152,44,7357,3786
0.0737960964121961,0.2622927018141282,0.5458855073880636,0.3277272497127508,-0.0940721622614152,45,7357,3786
0.0737960964121961,0.2622927018141282,0.5458855073880636,0.3277272497127508,-0.0940721622614152,46,7357,3786
0.0737960964121961,0.2622927018141282,0.5458855073880636,0.3277272497127508,-0.0940721622614152,47,7357,3786
0.0737960964121961,0.2622927018141282,0.5458855073880636,0.3277272497127508,-0.0940721622614152,48,7357,3786
0.0737960964121961,0.2622927018141282,0.5458855073880636,0.3277272497127508,-0.0940721622614152,49,7357,3786
0.0737960964121961,0.2622927018141282,0.5458855073880636,0.3277272497127508,-0.0940721622614152,50,7357,3786
0.6234897555375004,0.2578031189967366,0.3626968570578484,0.3391948927801735,-0.0325053056793631,0,7357,4500
0.6234897555375004,0.2578031189967366,0.3626968570578484,0.3391948927801735,-0.0325053056793631,1,7357,4500
0.6234897555375004,0.2578031189967366,0.3626968570578484,0.3391948927801735,-0.0325053056793631,2,7357,4500
0.5897919728703422,0.2737515459757299,0.3632471342047609,0.3355424395424377,-0.0464973348832118,3,7357,4500
0.5897919728703422,0.2737515459757299,0.3632471342047609,0.3355424395424377,-0.0464973348832118,4,7357,4500
0.6234897555375004,0.2578031189967366,0.5260356704556649,0.3756258619824205,-0.0466324939626157,5,7357,4500
0.62517535275631,0.2597005696624014,0.7558312176815712,0.3207206256067044,-0.0735699071670869,6,7357,4500
0.6147229406478641,0.2649701535857947,0.7450620976345971,0.3207206256067044,-0.074159313088704,7,7357,4500
0.6147229406478641,0.2649701535857947,0.7450620976345971,0.3207206256067044,-0.074159313088704,8,7357,4500
0.5887434036514037,0.285286512035418,0.5404589962987862,0.3098407862897026,-0.0797727629368351,9,7357,4500
0.5887434036514037,0.285286512035418,0.5404589962987862,0.3098407862897026,-0.0797727629368351,10,7357,4500
0.5887434036514037,0.285286512035418,0.5404589962987862,0.3098407862897026,-0.0797727629368351,11,7357,4500
0.5887434036514037,0.285286512035418,0.5404589962987862,0.3098407862897026,-0.0797727629368351,12,7357,4500
0.5897919728703422,0.2737515459757299,0.5420414680574746,0.3091947037319184,-0.0807043033894422,13,7357,4500
0.5745674799723102,0.2846536695399596,0.5456764370123262,0.3155854066794866,-0.0872913646244531,14,7357,4500
0.5745674799723102,0.2846536695399596,0.5456764370123262,0.3155854066794866,-0.0872913646244531,15,7357,4500
0.5745674799723102,0.2846536695399596,0.5456764370123262,0.3155854066794866,-0.0872913646244531,16,7357,4500
0.5745674799723102,0.2846536695399596,0.5456764370123262,0.3155854066794866,-0.0872913646244531,17,7357,4500
0.5745674799723102,0.2846536695399596,0.5456764370123262,0.3155854066794866,-0.0872913646244531,18,7357,4500
0.5745674799723102,0.2846536695399596,0.5456764370123262,0.3155854066794866,-0.0872913646244531,19,7357,4500
0.5733961921625136,0.2652179385713836,0.5457648045674546,0.3194019925341541,-0.0904567043902008,20,7357,4500
0.5733961921625136,0.2652179385713836,0.5457648045674546,0.3194019925341541,-0.0904567043902008,21,7357,4500
0.5733961921625136,0.2652179385713836,0.5457648045674546,0.3194019925341541,-0.0904567043902008,22,7357,4500
0.5733961921625136,0.2652179385713836,0.5457648045674546,0.3194019925341541,-0.0904567043902008,23,7357,4500
0.5733961921625136,0.2652179385713836,0.5457648045674546,0.3194019925341541,-0.0904567043902008,24,7357,4500
0.5733961921625136,0.2652179385713836,0.5457648045674546,0.3194019925341541,-0.0904567043902008,25,7357,4500
0.5733961921625136,0.2652179385713836,0.5457648045674546,0.3194019925341541,-0.0904567043902008,26,7357,4500
0.5733961921625136,0.2652179385713836,0.5457648045674546,0.3194019925341541,-0.0904567043902008,27,7357,4500
0.5733961921625136,0.2652179385713836,0.5457648045674546,0.3194019925341541,-0.0904567043902008,28,7357,4500
0.5468152227114317,0.2658679506990443,0.5457559780822602,0.3215766174580874,-0.0924209949209309,29,7357,4500
0.5468152227114317,0.2658679506990443,0.5457559780822602,0.3215766174580874,-0.0924209949209309,30,7357,4500
0.5468152227114317,0.2658679506990443,0.5457559780822602,0.3215766174580874,-0.0924209949209309,31,7357,4500
0.5468152227114317,0.2658679506990443,0.5457559780822602,0.3215766174580874,-0.0924209949209309,32,7357,4500
0.5468182798084527,0.2657252113637723,0.5461600239660573,0.3194019925341541,-0.0926458096055887,33,7357,4500
0.5468182798084527,0.2657252113637723,0.5461600239660573,0.3194019925341541,-0.0926458096055887,34,7357,4500
0.5468182798084527,0.2657252113637723,0.5461600239660573,0.3194019925341541,-0.0926458096055887,35,7357,4500
0.5468182798084527,0.2657252113637723,0.5461600239660573,0.3194019925341541,-0.0926458096055887,36,7357,4500
0.5468182798084527,0.2657252113637723,0.5461600239660573,0.3194019925341541,-0.0926458096055887,37,7357,4500
0.5468182798084527,0.2657252113637723,0.5461600239660573,0.3194019925341541,-0.0926458096055887,38,7357,4500
0.5468182798084527,0.2657252113637723,0.5461600239660573,0.3194019925341541,-0.0926458096055887,39,7357,4500
0.5468182798084527,0.2657252113637723,0.5461600239660573,0.3194019925341541,-0.0926458096055887,40,7357,4500
0.5468182798084527,0.2657252113637723,0.5461600239660573,0.3194019925341541,-0.0926458096055887,41,7357,4500
0.5468182798084527,0.2657252113637723,0.5461600239660573,0.3194019925341541,-0.0926458096055887,42,7357,4500
0.5468182798084527,0.2657252113637723,0.5461600239660573,0.3194019925341541,-0.0926458096055887,43,7357,4500
0.5468182798084527,0.2657252113637723,0.5461600239660573,0.3194019925341541,-0.0926458096055887,44,7357,4500
0.5468182798084527,0.2657252113637723,0.5461600239660573,0.3194019925341541,-0.0926458096055887,45,7357,4500
0.5468182798084527,0.2657252113637723,0.5461600239660573,0.3194019925341541,-0.0926458096055887,46,7357,4500
0.5468182798084527,0.2657252113637723,0.5461600239660573,0.3194019925341541,-0.0926458096055887,47,7357,4500
0.5468182798084527,0.2657252113637723,0.5461600239660573,0.3194019925341541,-0.0926458096055887,48,7357,4500
0.5468182798084527,0.2657252113637723,0.5461600239660573,0.3194019925341541,-0.0926458096055887,49,7357,4500
0.5468182798084527,0.2657252113637723,0.5461600239660573,0.3194019925341541,-0.0926458096055887,50,7357,4500
0.5468182798084527,0.2657252113637723,0.5461600239660573,0.3194019925341541,-0.0926458096055887,51,7357,4500
0.5468182798084527,0.2657252113637723,0.5461600239660573,0.3194019925341541,-0.0926458096055887,52,7357,4500
0.5468182798084527,0.2657252113637723,0.5461600239660573,0.3194019925341541,-0.0926458096055887,53,7357,4500
0.5468182798084527,0.2657252113637723,0.5461600239660573,0.3194019925341541,-0.0926458096055887,54,7357,4500
0.6234897555375004,0.2578031189967366,0.3626968570578484,0.3391948927801735,-0.0219063476850407,0,7357,5214
0.6234897555375004,0.2578031189967366,0.3626968570578484,0.3391948927801735,-0.0219063476850407,1,7357,5214
0.6234897555375004,0.2578031189967366,0.3626968570578484,0.3391948927801735,-0.0219063476850407,2,7357,5214
0.6234897555375004,0.2578031189967366,0.3626968570578484,0.3391948927801735,-0.0219063476850407,3,7357,5214
0.4814700706851352,0.2624947127501015,0.4817476943936101,0.3427004732200719,-0.0390657235789564,4,7357,5214
0.4814700706851352,0.2624947127501015,0.4817476943936101,0.3427004732200719,-0.0390657235789564,5,7357,5214
0.4658822597560771,0.2665955091971701,0.5261565082051659,0.3362807424912521,-0.0468359118612584,6,7357,5214
0.4658822597560771,0.2755826036212156,0.5241650747657182,0.3150327474523601,-0.0568011840932975,7,7357,5214
0.4685068261617222,0.2755826036212156,0.5047370316617422,0.3262156115258651,-0.0579118175062111,8,7357,5214
0.5784635635723889,0.2644289420691363,0.5095207934251925,0.3156940006282518,-0.0611575572028011,9,7357,5214
0.5784635635723889,0.2644289420691363,0.5095207934251925,0.3156940006282518,-0.0611575572028011,10,7357,5214
0.5784635635723889,0.2644289420691363,0.5095207934251925,0.3156940006282518,-0.0611575572028011,11,7357,5214
0.5902037341420243,0.2642563359879838,0.5240100641857822,0.3203272453303017,-0.063657635632854,12,7357,5214
0.5902037341420243,0.2642563359879838,0.5240100641857822,0.3203272453303017,-0.063657635632854,13,7357,5214
0.5263957861561495,0.2672803367992993,0.5060993670613363,0.3229320226133496,-0.0646641821915064,14,7357,5214
0.5370475922887566,0.2810233409646907,0.5108727927563426,0.3251319604153605,-0.0662066645832518,15,7357,5214
0.5908145081977305,0.2772849124506534,0.5470236970094366,0.3270784545496353,-0.066245313200044,16,7357,5214
0.5908145081977305,0.2772849124506534,0.5470236970094366,0.3270784545496353,-0.066245313200044,17,7357,5214
0.5550934049423394,0.2772849124506534,0.546962712377413,0.3272479307969039,-0.0663666203725126,18,7357,5214
0.5377351624732154,0.2817231712867643,0.5463962331350675,0.3199681260687484,-0.0676139490178577,19,7357,5214
0.5377351624732154,0.2817231712867643,0.5463962331350675,0.3199681260687484,-0.0676139490178577,20,7357,5214
0.5377351624732154,0.2817231712867643,0.5463962331350675,0.3199681260687484,-0.0676139490178577,21,7357,5214
0.5686201747931664,0.2590361903864163,0.5468388665250692,0.326423532592035,-0.0680891769417845,22,7357,5214
0.537362865480229,0.2814982801155092,0.5463962331350675,0.325920949314054,-0.0683237762915729,23,7357,5214
0.5361626659581773,0.2642920923165679,0.5474097506996058,0.3270784545496353,-0.0684792615564799,24,7357,5214
0.5373495198887743,0.2789250431324959,0.5464035655352335,0.3252189066514991,-0.0685817786916748,25,7357,5214
0.5373495198887743,0.2789250431324959,0.5464035655352335,0.3252189066514991,-0.0685817786916748,26,7357,5214
0.5373495198887743,0.2789250431324959,0.5464035655352335,0.3252189066514991,-0.0685817786916748,27,7357,5214
0.537362865480229,0.2636709964289671,0.5469182690155099,0.3231422201947859,-0.0690252371237722,28,7357,5214
0.537362865480229,0.2636709964289671,0.5469182690155099,0.3231422201947859,-0.0690252371237722,29,7357,5214
0.537362865480229,0.2636709964289671,0.5469182690155099,0.3231422201947859,-0.0690252371237722,30,7357,5214
0.537362865480229,0.2636709964289671,0.5469182690155099,0.3231422201947859,-0.0690252371237722,31,7357,5214
0.537362865480229,0.2636709964289671,0.5469182690155099,0.3231422201947859,-0.0690252371237722,32,7357,5214
0.537362865480229,0.2636709964289671,0.5469182690155099,0.3231422201947859,-0.0690252371237722,33,7357,5214
0.537362865480229,0.2636709964289671,0.5469182690155099,0.3231422201947859,-0.0690252371237722,34,7357,5214
0.537362865480229,0.2636709964289671,0.5469182690155099,0.3231422201947859,-0.0690252371237722,35,7357,5214
0.537362865480229,0.2636709964289671,0.5469182690155099,0.3231422201947859,-0.0690252371237722,36,7357,5214
0.537362865480229,0.2636709964289671,0.5469182690155099,0.3231422201947859,-0.0690252371237722,37,7357,5214
0.537362865480229,0.2636709964289671,0.5469182690155099,0.3231422201947859,-0.0690252371237722,38,7357,5214
0.537362865480229,0.2636709964289671,0.5469182690155099,0.3231422201947859,-0.0690252371237722,39,7357,5214
0.537362865480229,0.2636709964289671,0.5469182690155099,0.3231422201947859,-0.0690252371237722,40,7357,5214
0.537362865480229,0.2636709964289671,0.5469182690155099,0.3231422201947859,-0.0690252371237722,41,7357,5214
0.537362865480229,0.2636709964289671,0.5469182690155099,0.3231422201947859,-0.0690252371237722,42,7357,5214
0.537362865480229,0.2636709964289671,0.5469182690155099,0.3231422201947859,-0.0690252371237722,43,7357,5214
0.537362865480229,0.2636709964289671,0.5469182690155099,0.3231422201947859,-0.0690252371237722,44,7357,5214
0.6760783717885155,0.2638710905656914,0.5469205751830885,0.3232643620985851,-0.0694770263731772,45,7357,5214
0.6760783717885155,0.2638710905656914,0.5469205751830885,0.3232643620985851,-0.0694770263731772,46,7357,5214
0.6760783717885155,0.2638710905656914,0.5469205751830885,0.3232643620985851,-0.0694770263731772,47,7357,5214
0.6760783717885155,0.2638710905656914,0.5469205751830885,0.3232643620985851,-0.0694770263731772,48,7357,5214
0.6760783717885155,0.2638710905656914,0.5469205751830885,0.3232643620985851,-0.0694770263731772,49,7357,5214
0.6760783717885155,0.2638710905656914,0.5469205751830885,0.3232643620985851,-0.0694770263731772,50,7357,5214
0.6760783717885155,0.2638710905656914,0.5469205751830885,0.3232643620985851,-0.0694770263731772,51,7357,5214
0.6760783717885155,0.2638710905656914,0.5469205751830885,0.3232643620985851,-0.0694770263731772,52,7357,5214
0.6760783717885155,0.2638710905656914,0.5469205751830885,0.3232643620985851,-0.0694770263731772,53,7357,5214
0.6760783717885155,0.2638710905656914,0.5469205751830885,0.3232643620985851,-0.0694770263731772,54,7357,5214
0.6860262113884078,0.2616741418633091,0.5465437323048428,0.3251818454956331,-0.0695508319800657,55,7357,5214
0.6860262113884078,0.2616741418633091,0.5465437323048428,0.3251818454956331,-0.0695508319800657,56,7357,5214
0.6860262113884078,0.2616741418633091,0.5465437323048428,0.3251818454956331,-0.0695508319800657,57,7357,5214
0.6860262113884078,0.2616741418633091,0.5465437323048428,0.3251818454956331,-0.0695508319800657,58,7357,5214
0.6860262113884078,0.2616741418633091,0.5465437323048428,0.3251818454956331,-0.0695508319800657,59,7357,5214
0.6860262113884078,0.2616741418633091,0.5465437323048428,0.3251818454956331,-0.0695508319800657,60,7357,5214
0.6860262113884078,0.2616741418633091,0.5465437323048428,0.3251818454956331,-0.0695508319800657,61,7357,5214
0.6860262113884078,0.2616741418633091,0.5465437323048428,0.3251818454956331,-0.0695508319800657,62,7357,5214
0.6860262113884078,0.2616741418633091,0.5465437323048428,0.3251818454956331,-0.0695508319800657,63,7357,5214
0.6884581226183414,0.263759982329823,0.5469205751830885,0.3231288680477036,-0.0704356976466012,64,7357,5214
0.6884581226183414,0.263759982329823,0.5469205751830885,0.3231288680477036,-0.0704356976466012,65,7357,5214
0.6884581226183414,0.263759982329823,0.5469205751830885,0.3231288680477036,-0.0704356976466012,66,7357,5214
0.6884581226183414,0.263759982329823,0.5469205751830885,0.3231288680477036,-0.0704356976466012,67,7357,5214
0.6884581226183414,0.263759982329823,0.5469205751830885,0.3231288680477036,-0.0704356976466012,68,7357,5214
0.6884581226183414,0.263759982329823,0.5469205751830885,0.3231288680477036,-0.0704356976466012,69,7357,5214
0.6884581226183414,0.263759982329823,0.5469205751830885,0.3231288680477036,-0.0704356976466012,70,7357,5214
0.6884581226183414,0.263759982329823,0.5469205751830885,0.3231288680477036,-0.0704356976466012,71,7357,5214
0.6884581226183414,0.263759982329823,0.5469205751830885,0.3231288680477036,-0.0704356976466012,72,7357,5214
0.6884581226183414,0.263759982329823,0.5469205751830885,0.3231288680477036,-0.0704356976466012,73,7357,5214
0.6884581226183414,0.263759982329823,0.5469205751830885,0.3231288680477036,-0.0704356976466012,74,7357,5214
0.6884581226183414,0.263759982329823,0.5469205751830885,0.3231288680477036,-0.0704356976466012,75,7357,5214
0.6884581226183414,0.263759982329823,0.5469205751830885,0.3231288680477036,-0.0704356976466012,76,7357,5214
0.6884581226183414,0.263759982329823,0.5469205751830885,0.3231288680477036,-0.0704356976466012,77,7357,5214
0.6884581226183414,0.263759982329823,0.5469205751830885,0.3231288680477036,-0.0704356976466012,78,7357,5214
0.6884581226183414,0.263759982329823,0.5469205751830885,0.3231288680477036,-0.0704356976466012,79,7357,5214
0.6884581226183414,0.263759982329823,0.5469205751830885,0.3231288680477036,-0.0704356976466012,80,7357,5214
0.6884581226183414,0.263759982329823,0.5469205751830885,0.3231288680477036,-0.0704356976466012,81,7357,5214
0.6884581226183414,0.263759982329823,0.5469205751830885,0.3231288680477036,-0.0704356976466012,82,7357,5214
0.6884581226183414,0.263759982329823,0.5469205751830885,0.3231288680477036,-0.0704356976466012,83,7357,5214
0.6884581226183414,0.263759982329823,0.5469205751830885,0.3231288680477036,-0.0704356976466012,84,7357,5214
0.6884581226183414,0.263759982329823,0.5469205751830885,0.3231288680477036,-0.0704356976466012,85,7357,5214
0.6884581226183414,0.263759982329823,0.5469205751830885,0.3231288680477036,-0.0704356976466012,86,7357,5214
0.6884581226183414,0.263759982329823,0.5469205751830885,0.3231288680477036,-0.0704356976466012,87,7357,5214
0.6884581226183414,0.263759982329823,0.5469205751830885,0.3231288680477036,-0.0704356976466012,88,7357,5214
0.6884581226183414,0.263759982329823,0.5469205751830885,0.3231288680477036,-0.0704356976466012,89,7357,5214
0.6234897555375004,0.2578031189967366,0.3626968570578484,0.3391948927801735,0.0001021651605322,0,7357,5929
0.6234897555375004,0.2578031189967366,0.3626968570578484,0.3391948927801735,0.0001021651605322,1,7357,5929
0.6234897555375004,0.2578031189967366,0.3626968570578484,0.3391948927801735,0.0001021651605322,2,7357,5929
0.6234897555375004,0.2578031189967366,0.3626968570578484,0.3391948927801735,0.0001021651605322,3,7357,5929
0.6028013530218381,0.2605992927439733,0.3671497847609947,0.3854084035470781,-0.0009036523145391,4,7357,5929
0.5743951356068048,0.3304782003505624,0.8060978953908837,0.3126978643759053,-0.014728833811872,5,7357,5929
0.5931526439527561,0.2621499237175632,0.5103032497386853,0.31270398720265,-0.0515656187536827,6,7357,5929
0.5931526439527561,0.2621499237175632,0.5103032497386853,0.31270398720265,-0.0515656187536827,7,7357,5929
0.5931526439527561,0.2621499237175632,0.5103032497386853,0.31270398720265,-0.0515656187536827,8,7357,5929
0.5931526439527561,0.2621499237175632,0.5103032497386853,0.31270398720265,-0.0515656187536827,9,7357,5929
0.5515155533456676,0.2602532009574978,0.5250875702928235,0.3167239363527391,-0.054358917635426,10,7357,5929
0.5515155533456676,0.2602532009574978,0.5250875702928235,0.3167239363527391,-0.054358917635426,11,7357,5929
0.5975956345728205,0.2635176251293955,0.5271832619919448,0.3229387740293341,-0.0556495478488334,12,7357,5929
0.6791464497635752,0.263844527336432,0.5109025939022016,0.3283018536002297,-0.0591373417651377,13,7357,5929
0.6791464497635752,0.263844527336432,0.5109025939022016,0.3283018536002297,-0.0591373417651377,14,7357,5929
0.6791464497635752,0.263844527336432,0.5109025939022016,0.3283018536002297,-0.0591373417651377,15,7357,5929
0.6791464497635752,0.263844527336432,0.5109025939022016,0.3283018536002297,-0.0591373417651377,16,7357,5929
0.6791464497635752,0.2577490622059154,0.5403603474735127,0.3283018536002297,-0.0608742037886986,17,7357,5929
0.6791464497635752,0.2577490622059154,0.5403603474735127,0.3283018536002297,-0.0608742037886986,18,7357,5929
0.6791464497635752,0.2577490622059154,0.5403603474735127,0.3283018536002297,-0.0608742037886986,19,7357,5929
0.677903556495089,0.2579481978521488,0.5392319415537224,0.3181380941031873,-0.0614463035071269,20,7357,5929
0.677903556495089,0.2579481978521488,0.5392319415537224,0.3181380941031873,-0.0614463035071269,21,7357,5929
0.677903556495089,0.2579481978521488,0.5392319415537224,0.3181380941031873,-0.0614463035071269,22,7357,5929
0.677903556495089,0.2579481978521488,0.5392319415537224,0.3181380941031873,-0.0614463035071269,23,7357,5929
0.6780817806772084,0.2603216007044564,0.5396854247695341,0.3223711482447594,-0.0624059273352745,24,7357,5929
0.6785122072439786,0.2604476028771043,0.5392837934654282,0.3238731873620804,-0.0625182810567025,25,7357,5929
0.6776051520504814,0.2627181238397494,0.5453303614287771,0.3230009229657089,-0.0632706925073267,26,7357,5929
0.6776051520504814,0.2627181238397494,0.5453303614287771,0.3230009229657089,-0.0632706925073267,27,7357,5929
0.6776051520504814,0.2627181238397494,0.5453303614287771,0.3230009229657089,-0.0632706925073267,28,7357,5929
0.6776051520504814,0.2627181238397494,0.5453303614287771,0.3230009229657089,-0.0632706925073267,29,7357,5929
0.6776051520504814,0.2627181238397494,0.5453303614287771,0.3230009229657089,-0.0632706925073267,30,7357,5929
0.6776051520504814,0.2627181238397494,0.5453303614287771,0.3230009229657089,-0.0632706925073267,31,7357,5929
0.6776051520504814,0.2627181238397494,0.5453303614287771,0.3230009229657089,-0.0632706925073267,32,7357,5929
0.6776051520504814,0.2627181238397494,0.5453303614287771,0.3230009229657089,-0.0632706925073267,33,7357,5929
0.6776051520504814,0.2627181238397494,0.5453303614287771,0.3230009229657089,-0.0632706925073267,34,7357,5929
0.6776051520504814,0.2627181238397494,0.5453303614287771,0.3230009229657089,-0.0632706925073267,35,7357,5929
0.6776051520504814,0.2627181238397494,0.5453303614287771,0.3230009229657089,-0.0632706925073267,36,7357,5929
0.6776051520504814,0.2627181238397494,0.5453303614287771,0.3230009229657089,-0.0632706925073267,37,7357,5929
0.6776051520504814,0.2627181238397494,0.5453303614287771,0.3230009229657089,-0.0632706925073267,38,7357,5929
0.6855733234568547,0.2603188181057914,0.545538092424084,0.32386038007015,-0.0633444981142152,39,7357,5929
0.6855733234568547,0.2603188181057914,0.545538092424084,0.32386038007015,-0.0633444981142152,40,7357,5929
0.6855733234568547,0.2603188181057914,0.545538092424084,0.32386038007015,-0.0633444981142152,41,7357,5929
0.6855733234568547,0.2603188181057914,0.545538092424084,0.32386038007015,-0.0633444981142152,42,7357,5929
0.6855733234568547,0.2603188181057914,0.545538092424084,0.32386038007015,-0.0633444981142152,43,7357,5929
0.6855733234568547,0.2603188181057914,0.545538092424084,0.32386038007015,-0.0633444981142152,44,7357,5929
0.6855733234568547,0.2603188181057914,0.545538092424084,0.32386038007015,-0.0633444981142152,45,7357,5929
0.6855733234568547,0.2603188181057914,0.545538092424084,0.32386038007015,-0.0633444981142152,46,7357,5929
0.6855733234568547,0.2603188181057914,0.545538092424084,0.32386038007015,-0.0633444981142152,47,7357,5929
0.6855733234568547,0.2603188181057914,0.545538092424084,0.32386038007015,-0.0633444981142152,48,7357,5929
0.6855733234568547,0.2603188181057914,0.545538092424084,0.32386038007015,-0.0633444981142152,49,7357,5929
0.6855733234568547,0.2603188181057914,0.545538092424084,0.32386038007015,-0.0633444981142152,50,7357,5929
0.6877902964814093,0.2577808575802138,0.545796209984193,0.3239547039500316,-0.0636586180490611,51,7357,5929
0.6877902964814093,0.2577808575802138,0.545796209984193,0.3239547039500316,-0.0636586180490611,52,7357,5929
0.6877902964814093,0.2577808575802138,0.545796209984193,0.3239547039500316,-0.0636586180490611,53,7357,5929
0.6877902964814093,0.2577808575802138,0.545796209984193,0.3239547039500316,-0.0636586180490611,54,7357,5929
0.6877902964814093,0.2577808575802138,0.545796209984193,0.3239547039500316,-0.0636586180490611,55,7357,5929
0.6877902964814093,0.2577808575802138,0.545796209984193,0.3239547039500316,-0.0636586180490611,56,7357,5929
0.6877902964814093,0.2577808575802138,0.545796209984193,0.3239547039500316,-0.0636586180490611,57,7357,5929
0.6877902964814093,0.2577808575802138,0.545796209984193,0.3239547039500316,-0.0636586180490611,58,7357,5929
0.6877902964814093,0.2577808575802138,0.545796209984193,0.3239547039500316,-0.0636586180490611,59,7357,5929
0.6877902964814093,0.2577808575802138,0.545796209984193,0.3239547039500316,-0.0636586180490611,60,7357,5929
0.6877902964814093,0.2577808575802138,0.545796209984193,0.3239547039500316,-0.0636586180490611,61,7357,5929
0.6877902964814093,0.2577808575802138,0.545796209984193,0.3239547039500316,-0.0636586180490611,62,7357,5929
0.6877902964814093,0.2577808575802138,0.545796209984193,0.3239547039500316,-0.0636586180490611,63,7357,5929
0.6877902964814093,0.2577808575802138,0.545796209984193,0.3239547039500316,-0.0636586180490611,64,7357,5929
0.6877902964814093,0.2577808575802138,0.545796209984193,0.3239547039500316,-0.0636586180490611,65,7357,5929
0.6877902964814093,0.2577808575802138,0.545796209984193,0.3239547039500316,-0.0636586180490611,66,7357,5929
0.6877902964814093,0.2577808575802138,0.545796209984193,0.3239547039500316,-0.0636586180490611,67,7357,5929
0.6877902964814093,0.2577808575802138,0.545796209984193,0.3239547039500316,-0.0636586180490611,68,7357,5929
0.6877902964814093,0.2577808575802138,0.545796209984193,0.3239547039500316,-0.0636586180490611,69,7357,5929
0.6877902964814093,0.2577808575802138,0.545796209984193,0.3239547039500316,-0.0636586180490611,70,7357,5929
0.6877902964814093,0.2577808575802138,0.545796209984193,0.3239547039500316,-0.0636586180490611,71,7357,5929
0.6877902964814093,0.2577808575802138,0.545796209984193,0.3239547039500316,-0.0636586180490611,72,7357,5929
0.6877902964814093,0.2577808575802138,0.545796209984193,0.3239547039500316,-0.0636586180490611,73,7357,5929
0.6877902964814093,0.2577808575802138,0.545796209984193,0.3239547039500316,-0.0636586180490611,74,7357,5929
0.6877902964814093,0.2577808575802138,0.545796209984193,0.3239547039500316,-0.0636586180490611,75,7357,5929
0.6877902964814093,0.2577808575802138,0.545796209984193,0.3239547039500316,-0.0636586180490611,76,7357,5929
0.5895020620840481,0.1244603325154798,0.9541513368666424,0.3992910134865952,0.0661897354958143,0,7357,6643
0.5895020620840481,0.1244603325154798,0.9541513368666424,0.3992910134865952,0.0661897354958143,1,7357,6643
0.5135997910865443,0.3815358267026205,0.8225520821793134,0.3726285155755087,0.0441051147341158,2,7357,6643
0.5135997910865443,0.3815358267026205,0.8225520821793134,0.3726285155755087,0.0441051147341158,3,7357,6643
0.0699959609943675,0.6913370352777413,0.7583966918138866,0.3178330359640492,0.0331981158783007,4,7357,6643
0.8291049487531158,0.6901861636948924,0.7566603651270487,0.3287599818983028,0.032748491935695,5,7357,6643
0.5602396284184268,0.7180348081971292,0.9549750461960012,0.324217693613493,0.0258450880917745,6,7357,6643
0.5892168682168895,0.2797968328936653,0.7403665240682652,0.3090728154336144,0.0154991026983316,7,7357,6643
0.5892168682168895,0.2797968328936653,0.7403665240682652,0.3090728154336144,0.0154991026983316,8,7357,6643
0.5135997910865443,0.2826143867827674,0.8225520821793134,0.3216733682664621,0.0142238328365804,9,7357,6643
0.650644771981013,0.259535934365567,0.9966644450661508,0.3212750671969881,0.0097461664799477,10,7357,6643
0.8291049487531158,0.2696091276709695,0.9990685536569466,0.3285593864930779,0.0064428542715669,11,7357,6643
0.6807379899942655,0.3738349704773098,0.7566603651270487,0.3291790870061098,0.003649035513076,12,7357,6643
0.6807379899942655,0.3738349704773098,0.7566603651270487,0.3291790870061098,0.003649035513076,13,7357,6643
0.6842549305428082,0.3309015524912819,0.9701612943467336,0.3154043008286251,-0.0003807495861506,14,7357,6643
0.6842549305428082,0.3309015524912819,0.9701612943467336,0.3154043008286251,-0.0003807495861506,15,7357,6643
0.6842549305428082,0.3309015524912819,0.9701612943467336,0.3154043008286251,-0.0003807495861506,16,7357,6643
0.6742762858816269,0.259535934365567,0.9698462954402498,0.3212750671969881,-0.0042341931132479,17,7357,6643
0.6742762858816269,0.259535934365567,0.9698462954402498,0.3212750671969881,-0.0042341931132479,18,7357,6643
0.6807379899942655,0.2881581698502905,0.9706982155220562,0.3291790870061098,-0.0068929456564124,19,7357,6643
0.6807379899942655,0.2881581698502905,0.9706982155220562,0.3291790870061098,-0.0068929456564124,20,7357,6643
0.6807379899942655,0.2881581698502905,0.9706982155220562,0.3291790870061098,-0.0068929456564124,21,7357,6643
0.6742621776458971,0.2730486942728853,0.7358612392505401,0.3212303544360415,-0.0142626783596912,22,7357,6643
0.6787887310798373,0.3441741281480497,0.7358612392505401,0.3287978806079806,-0.01434813820408,23,7357,6643
0.6787887310798373,0.3441741281480497,0.7358612392505401,0.3287978806079806,-0.01434813820408,24,7357,6643
0.6787887310798373,0.3441741281480497,0.7358612392505401,0.3287978806079806,-0.01434813820408,25,7357,6643
0.6780846956628075,0.2876766326612428,0.7377159392579615,0.3292588463656845,-0.0160914587917589,26,7357,6643
0.6780846956628075,0.2876766326612428,0.7377159392579615,0.3292588463656845,-0.0160914587917589,27,7357,6643
0.6859576934582169,0.2875790191065142,0.7369030624976647,0.3292079501006307,-0.0161652643986474,28,7357,6643
0.6859576934582169,0.2875790191065142,0.7369030624976647,0.3292079501006307,-0.0161652643986474,29,7357,6643
0.6859576934582169,0.2875790191065142,0.7369030624976647,0.3292079501006307,-0.0161652643986474,30,7357,6643
0.6859576934582169,0.2875790191065142,0.7369030624976647,0.3292079501006307,-0.0161652643986474,31,7357,6643
0.6859576934582169,0.2875790191065142,0.7369030624976647,0.3292079501006307,-0.0161652643986474,32,7357,6643
0.6859576934582169,0.2875790191065142,0.7369030624976647,0.3292079501006307,-0.0161652643986474,33,7357,6643
0.6859576934582169,0.2875790191065142,0.7369030624976647,0.3292079501006307,-0.0161652643986474,34,7357,6643
0.6859576934582169,0.2875790191065142,0.7369030624976647,0.3292079501006307,-0.0161652643986474,35,7357,6643
0.6859576934582169,0.2875790191065142,0.7369030624976647,0.3292079501006307,-0.0161652643986474,36,7357,6643
0.6859576934582169,0.2875790191065142,0.7369030624976647,0.3292079501006307,-0.0161652643986474,37,7357,6643
0.6859576934582169,0.2875790191065142,0.7369030624976647,0.3292079501006307,-0.0161652643986474,38,7357,6643
0.6859576934582169,0.2875790191065142,0.7369030624976647,0.3292079501006307,-0.0161652643986474,39,7357,6643
0.6859576934582169,0.2875790191065142,0.7369030624976647,0.3292079501006307,-0.0161652643986474,40,7357,6643
0.6859576934582169,0.2875790191065142,0.7369030624976647,0.3292079501006307,-0.0161652643986474,41,7357,6643
0.6858544763117776,0.2882702628731666,0.7393006723828291,0.329231308176245,-0.016229714610097,42,7357,6643
0.6858544763117776,0.2882702628731666,0.7393006723828291,0.329231308176245,-0.016229714610097,43,7357,6643
0.6858544763117776,0.2882702628731666,0.7393006723828291,0.329231308176245,-0.016229714610097,44,7357,6643
0.6858544763117776,0.2882702628731666,0.7393006723828291,0.329231308176245,-0.016229714610097,45,7357,6643
0.6858544763117776,0.2882702628731666,0.7393006723828291,0.329231308176245,-0.016229714610097,46,7357,6643
0.6858544763117776,0.2882702628731666,0.7393006723828291,0.329231308176245,-0.016229714610097,47,7357,6643
0.6858544763117776,0.2882702628731666,0.7393006723828291,0.329231308176245,-0.016229714610097,48,7357,6643
0.6858544763117776,0.2882702628731666,0.7393006723828291,0.329231308176245,-0.016229714610097,49,7357,6643
0.6858544763117776,0.2882702628731666,0.7393006723828291,0.329231308176245,-0.016229714610097,50,7357,6643
0.6858544763117776,0.2882702628731666,0.7393006723828291,0.329231308176245,-0.016229714610097,51,7357,6643
0.6858544763117776,0.2882702628731666,0.7393006723828291,0.329231308176245,-0.016229714610097,52,7357,6643
0.6858544763117776,0.2882702628731666,0.7393006723828291,0.329231308176245,-0.016229714610097,53,7357,6643
0.6858544763117776,0.2882702628731666,0.7393006723828291,0.329231308176245,-0.016229714610097,54,7357,6643
0.6858544763117776,0.2882702628731666,0.7393006723828291,0.329231308176245,-0.016229714610097,55,7357,6643
0.6858544763117776,0.2882702628731666,0.7393006723828291,0.329231308176245,-0.016229714610097,56,7357,6643
0.6858544763117776,0.2882702628731666,0.7393006723828291,0.329231308176245,-0.016229714610097,57,7357,6643
0.6858544763117776,0.2882702628731666,0.7393006723828291,0.329231308176245,-0.016229714610097,58,7357,6643
0.6858544763117776,0.2882702628731666,0.7393006723828291,0.329231308176245,-0.016229714610097,59,7357,6643
0.6858544763117776,0.2882702628731666,0.7393006723828291,0.329231308176245,-0.016229714610097,60,7357,6643
0.6858544763117776,0.2882702628731666,0.7393006723828291,0.329231308176245,-0.016229714610097,61,7357,6643
0.6858544763117776,0.2882702628731666,0.7393006723828291,0.329231308176245,-0.016229714610097,62,7357,6643
0.6858544763117776,0.2882702628731666,0.7393006723828291,0.329231308176245,-0.016229714610097,63,7357,6643
0.6858544763117776,0.2882702628731666,0.7393006723828291,0.329231308176245,-0.016229714610097,64,7357,6643
0.6858544763117776,0.2882702628731666,0.7393006723828291,0.329231308176245,-0.016229714610097,65,7357,6643
0.6858544763117776,0.2882702628731666,0.7393006723828291,0.329231308176245,-0.016229714610097,66,7357,6643
0.6858544763117776,0.2882702628731666,0.7393006723828291,0.329231308176245,-0.016229714610097,67,7357,6643
0.5895020620840481,0.1244603325154798,0.9541513368666424,0.3992910134865952,0.1147329314608118,0,7357,7357
0.5895020620840481,0.1244603325154798,0.9541513368666424,0.3992910134865952,0.1147329314608118,1,7357,7357
0.6021189107570831,0.4788678858390919,0.931901089415461,0.3366428707748166,0.0832360383283587,2,7357,7357
0.6410940714089455,0.0580172548691136,0.9641715919428374,0.3166469825154926,0.0710884981624881,3,7357,7357
0.6410940714089455,0.0580172548691136,0.9641715919428374,0.3166469825154926,0.0710884981624881,4,7357,7357
0.7040675106150966,0.0571357176281379,0.98584687815107,0.3166469825154926,0.0654909888030653,5,7357,7357
0.7539595513056955,0.0657867201003395,0.9734407956842228,0.3166469825154926,0.0598216653893796,6,7357,7357
0.7539595513056955,0.0657867201003395,0.9734407956842228,0.3166469825154926,0.0598216653893796,7,7357,7357
0.7539595513056955,0.0657867201003395,0.9734407956842228,0.3166469825154926,0.0598216653893796,8,7357,7357
0.6133098297576219,0.2579726844598715,0.93085017001801,0.3166469825154926,0.0548451944341629,9,7357,7357
0.5642266736383317,0.2789639717947219,0.8619335097606461,0.3276980679699116,0.0470597553716836,10,7357,7357
0.5595880392351006,0.2987443425146735,0.9644381378306895,0.3229085062340577,0.0429628564977898,11,7357,7357
0.5595880392351006,0.2987443425146735,0.9644381378306895,0.3229085062340577,0.0429628564977898,12,7357,7357
0.5595880392351006,0.2987443425146735,0.9644381378306895,0.3229085062340577,0.0429628564977898,13,7357,7357
0.5735961675431182,0.3622843221561127,0.7401377511076263,0.3222808436074719,0.0405673224503562,14,7357,7357
0.6749134932584485,0.2594437702904831,0.7502767345597195,0.3187725987407272,0.0378987910460227,15,7357,7357
0.6749134932584485,0.2594437702904831,0.7502767345597195,0.3187725987407272,0.0378987910460227,16,7357,7357
0.6761432589729612,0.2987156966391368,0.780745888713247,0.3290914319702145,0.0369758774462948,17,7357,7357
0.6761432589729612,0.2987156966391368,0.780745888713247,0.3290914319702145,0.0369758774462948,18,7357,7357
0.6844347936312409,0.2604221154400983,0.7502767345597195,0.3268400547383098,0.0366001223039693,19,7357,7357
0.6767481437134126,0.2932996605670706,0.7477683131753722,0.3290914319702145,0.0361180561516131,20,7357,7357
0.6767481437134126,0.2932996605670706,0.7477683131753722,0.3290914319702145,0.0361180561516131,21,7357,7357
0.6846074428455173,0.2613840473522699,0.7633948513255225,0.3258339525736786,0.0358210250751584,22,7357,7357
0.6846074428455173,0.2613840473522699,0.7633948513255225,0.3258339525736786,0.0358210250751584,23,7357,7357
0.680492165570961,0.2915377497396129,0.7382344303814565,0.3289894907716267,0.0297771117534637,24,7357,7357
0.680492165570961,0.2915377497396129,0.7382344303814565,0.3289894907716267,0.0297771117534637,25,7357,7357
0.680492165570961,0.2915377497396129,0.7382344303814565,0.3289894907716267,0.0297771117534637,26,7357,7357
0.680492165570961,0.2915377497396129,0.7382344303814565,0.3289894907716267,0.0297771117534637,27,7357,7357
0.680492165570961,0.2915377497396129,0.7382344303814565,0.3289894907716267,0.0297771117534637,28,7357,7357
0.680492165570961,0.2915377497396129,0.7382344303814565,0.3289894907716267,0.0297771117534637,29,7357,7357
0.6791157976302288,0.2915941208894941,0.7374533755548729,0.3256017637145299,0.0293711153350171,30,7357,7357
0.6791157976302288,0.2915941208894941,0.7374533755548729,0.3256017637145299,0.0293711153350171,31,7357,7357
0.6791157976302288,0.2915941208894941,0.7374533755548729,0.3256017637145299,0.0293711153350171,32,7357,7357
0.6791157976302288,0.2915941208894941,0.7374533755548729,0.3256017637145299,0.0293711153350171,33,7357,7357
0.6791157976302288,0.2915941208894941,0.7374533755548729,0.3256017637145299,0.0293711153350171,34,7357,7357
0.6886540391688338,0.2577635465115545,0.7381304338087563,0.3275186082007424,0.0236553908707295,35,7357,7357
0.6881214361639386,0.2934293167553841,0.7381304338087563,0.3275186082007424,0.0231733247183733,36,7357,7357
0.6881214361639386,0.2934293167553841,0.7381304338087563,0.3275186082007424,0.0231733247183733,37,7357,7357
0.6881214361639386,0.2934293167553841,0.7381304338087563,0.3242206579432068,0.0229563285860896,38,7357,7357
0.6881214361639386,0.2934293167553841,0.7381304338087563,0.3242206579432068,0.0229563285860896,39,7357,7357
0.6881214361639386,0.2934293167553841,0.7381304338087563,0.3242206579432068,0.0229563285860896,40,7357,7357
0.6881214361639386,0.2934293167553841,0.7381304338087563,0.3242206579432068,0.0229563285860896,41,7357,7357
0.6881214361639386,0.2934293167553841,0.7381304338087563,0.3242206579432068,0.0229563285860896,42,7357,7357
0.6881214361639386,0.2934293167553841,0.7381304338087563,0.3242206579432068,0.0229563285860896,43,7357,7357
0.6881252648517652,0.2914084215933198,0.7381305336983446,0.3265082490152384,0.0227673282999267,44,7357,7357
0.6881252648517652,0.2914084215933198,0.7381305336983446,0.3265082490152384,0.0227673282999267,45,7357,7357
0.6881252648517652,0.2914084215933198,0.7381305336983446,0.3265082490152384,0.0227673282999267,46,7357,7357
0.6881252648517652,0.2914084215933198,0.7381305336983446,0.3265082490152384,0.0227673282999267,47,7357,7357
0.6881252648517652,0.2914084215933198,0.7381305336983446,0.3265082490152384,0.0227673282999267,48,7357,7357
0.6881252648517652,0.2914084215933198,0.7381305336983446,0.3265082490152384,0.0227673282999267,49,7357,7357
0.6881252648517652,0.2914084215933198,0.7381305336983446,0.3265082490152384,0.0227673282999267,50,7357,7357
0.6881252648517652,0.2914084215933198,0.7381305336983446,0.3265082490152384,0.0227673282999267,51,7357,7357
0.6881252648517652,0.2914084215933198,0.7381305336983446,0.3265082490152384,0.0227673282999267,52,7357,7357
0.6881252648517652,0.2914084215933198,0.7381305336983446,0.3265082490152384,0.0227673282999267,53,7357,7357
0.6881252648517652,0.2914084215933198,0.7381305336983446,0.3265082490152384,0.0227673282999267,54,7357,7357
0.6881252648517652,0.2914084215933198,0.7381305336983446,0.3265082490152384,0.0227673282999267,55,7357,7357
0.6881214361639386,0.2919518812222499,0.7393915269344802,0.3241444293046083,0.0226919330161678,56,7357,7357
0.6881214361639386,0.2919518812222499,0.7393915269344802,0.3241444293046083,0.0226919330161678,57,7357,7357
0.6881214361639386,0.2919518812222499,0.7393915269344802,0.3241444293046083,0.0226919330161678,58,7357,7357
0.6881214361639386,0.2919518812222499,0.7393915269344802,0.3241444293046083,0.0226919330161678,59,7357,7357
0.6881214361639386,0.2919518812222499,0.7393915269344802,0.3241444293046083,0.0226919330161678,60,7357,7357
0.6881214361639386,0.2919518812222499,0.7393915269344802,0.3241444293046083,0.0226919330161678,61,7357,7357
0.6881214361639386,0.2919518812222499,0.7393915269344802,0.3241444293046083,0.0226919330161678,62,7357,7357
0.6881214361639386,0.2919518812222499,0.7393915269344802,0.3241444293046083,0.0226919330161678,63,7357,7357
0.6881214361639386,0.2919518812222499,0.7393915269344802,0.3241444293046083,0.0226919330161678,64,7357,7357
0.6881214361639386,0.2919518812222499,0.7393915269344802,0.3241444293046083,0.0226919330161678,65,7357,7357
0.6881214361639386,0.2919518812222499,0.7393915269344802,0.3241444293046083,0.0226919330161678,66,7357,7357
0.6881214361639386,0.2919518812222499,0.7393915269344802,0.3241444293046083,0.0226919330161678,67,7357,7357
0.6881214361639386,0.2919518812222499,0.7393915269344802,0.3241444293046083,0.0226919330161678,68,7357,7357
0.6881214361639386,0.2919518812222499,0.7393915269344802,0.3241444293046083,0.0226919330161678,69,7357,7357
0.6881214361639386,0.2919518812222499,0.7393915269344802,0.3241444293046083,0.0226919330161678,70,7357,7357
0.6881214361639386,0.2919518812222499,0.7393915269344802,0.3241444293046083,0.0226919330161678,71,7357,7357
0.6881214361639386,0.2919518812222499,0.7393915269344802,0.3241444293046083,0.0226919330161678,72,7357,7357
0.6881214361639386,0.2919518812222499,0.7393915269344802,0.3241444293046083,0.0226919330161678,73,7357,7357
0.6881214361639386,0.2919518812222499,0.7393915269344802,0.3241444293046083,0.0226919330161678,74,7357,7357
0.6881214361639386,0.2919518812222499,0.7393915269344802,0.3241444293046083,0.0226919330161678,75,7357,7357
0.6881214361639386,0.2919518812222499,0.7393915269344802,0.3241444293046083,0.0226919330161678,76,7357,7357
0.6881214361639386,0.2919518812222499,0.7393915269344802,0.3241444293046083,0.0226919330161678,77,7357,7357
0.6881214361639386,0.2919518812222499,0.7393915269344802,0.3241444293046083,0.0226919330161678,78,7357,7357
0.6881214361639386,0.2919518812222499,0.7393915269344802,0.3241444293046083,0.0226919330161678,79,7357,7357
0.6881214361639386,0.2919518812222499,0.7393915269344802,0.3241444293046083,0.0226919330161678,80,7357,7357
0.6881214361639386,0.2919518812222499,0.7393915269344802,0.3241444293046083,0.0226919330161678,81,7357,7357
0.2034552406761496,0.3804242698865323,0.971598413446888,0.2164535799990539,0.1671065958912211,0,7357,8072
0.3684417860387493,0.3676528212179015,0.9820322321825072,0.2164535799990539,0.1638558019661723,1,7357,8072
0.5969578906736672,0.2803028260425833,0.5204887075788763,0.2876037156706429,0.1391084988963927,2,7357,8072
0.6970561933651692,0.3804242698865323,0.9700125176728974,0.2164535799990539,0.122374237563686,3,7357,8072
0.6970561933651692,0.3804242698865323,0.9700125176728974,0.2164535799990539,0.122374237563686,4,7357,8072
0.5896507451117635,0.2803028260425833,0.8060357075271236,0.2538570161632819,0.0939387427943829,5,7357,8072
0.5896507451117635,0.2803028260425833,0.8060357075271236,0.2538570161632819,0.0939387427943829,6,7357,8072
0.5896507451117635,0.2803028260425833,0.8060357075271236,0.2538570161632819,0.0939387427943829,7,7357,8072
0.5896507451117635,0.2803028260425833,0.9621213384109571,0.2538570161632819,0.0926567308487196,8,7357,8072
0.6873673449359768,0.2812032743741007,0.821855287101729,0.2876470601057403,0.0845191793163009,9,7357,8072
0.6873673449359768,0.2812032743741007,0.821855287101729,0.2876470601057403,0.0845191793163009,10,7357,8072
0.6873673449359768,0.2812032743741007,0.821855287101729,0.2876470601057403,0.0845191793163009,11,7357,8072
0.6873673449359768,0.2812032743741007,0.821855287101729,0.2876470601057403,0.0845191793163009,12,7357,8072
0.6873673449359768,0.2812032743741007,0.821855287101729,0.2876470601057403,0.0845191793163009,13,7357,8072
0.6873673449359768,0.2812032743741007,0.821855287101729,0.2876470601057403,0.0845191793163009,14,7357,8072
0.6873673449359768,0.2812032743741007,0.7371622530742865,0.2876090458747012,0.0791422252687451,15,7357,8072
0.6873673449359768,0.2812032743741007,0.7371622530742865,0.2876090458747012,0.0791422252687451,16,7357,8072
0.6873673449359768,0.2812032743741007,0.7371622530742865,0.2876090458747012,0.0791422252687451,17,7357,8072
0.6873673449359768,0.2812032743741007,0.7371622530742865,0.2876090458747012,0.0791422252687451,18,7357,8072
0.6873673449359768,0.2812032743741007,0.7371622530742865,0.2876090458747012,0.0791422252687451,19,7357,8072
0.6873673449359768,0.2812032743741007,0.7371622530742865,0.2876090458747012,0.0791422252687451,20,7357,8072
0.6873673449359768,0.2812032743741007,0.7371622530742865,0.2876090458747012,0.0791422252687451,21,7357,8072
0.6873673449359768,0.2812032743741007,0.7371622530742865,0.2876090458747012,0.0791422252687451,22,7357,8072
0.6873673449359768,0.2812032743741007,0.7371622530742865,0.2876090458747012,0.0791422252687451,23,7357,8072
0.6887677640478611,0.2715906814396803,0.7371622530742865,0.2869649683268347,0.0790652531572296,24,7357,8072
0.6887677640478611,0.2715906814396803,0.7371622530742865,0.2869649683268347,0.0790652531572296,25,7357,8072
0.6873045222455614,0.2835041261027298,0.7390098804070242,0.2067641752097756,0.078822517724651,26,7357,8072
0.6873045222455614,0.2835041261027298,0.7390098804070242,0.2067641752097756,0.078822517724651,27,7357,8072
0.6873045222455614,0.2835041261027298,0.7390098804070242,0.2067641752097756,0.078822517724651,28,7357,8072
0.6873045222455614,0.2835041261027298,0.7390098804070242,0.2067641752097756,0.078822517724651,29,7357,8072
0.6873045222455614,0.2835041261027298,0.7390098804070242,0.2067641752097756,0.078822517724651,30,7357,8072
0.6886776754608362,0.2835041261027298,0.7390098804070242,0.2067641752097756,0.0775096229529338,31,7357,8072
0.6882908211541152,0.2835111556769322,0.7390098804070242,0.2516354708474089,0.0761128307149676,32,7357,8072
0.6882908211541152,0.2835111556769322,0.7390098804070242,0.2516354708474089,0.0761128307149676,33,7357,8072
0.6885908046356878,0.2852815887637569,0.739874195029668,0.207439296742384,0.0760806506400193,34,7357,8072
0.6885908046356878,0.2852815887637569,0.739874195029668,0.207439296742384,0.0760806506400193,35,7357,8072
0.6882597757776425,0.2833021560022938,0.7398198355608935,0.2516354708474089,0.0759516211718594,36,7357,8072
0.6882597757776425,0.2833021560022938,0.7398198355608935,0.2516354708474089,0.0759516211718594,37,7357,8072
0.6882597757776425,0.2833021560022938,0.7398198355608935,0.2516354708474089,0.0759516211718594,38,7357,8072
0.6882597757776425,0.2833021560022938,0.7398198355608935,0.2516354708474089,0.0759516211718594,39,7357,8072
0.6882597757776425,0.2833021560022938,0.7398198355608935,0.2516354708474089,0.0759516211718594,40,7357,8072
0.6882597757776425,0.2833021560022938,0.7398198355608935,0.2516354708474089,0.0759516211718594,41,7357,8072
0.6882597757776425,0.2833021560022938,0.7398198355608935,0.2516354708474089,0.0759516211718594,42,7357,8072
0.6882597757776425,0.2833021560022938,0.7398198355608935,0.2516354708474089,0.0759516211718594,43,7357,8072
0.6882597757776425,0.2833021560022938,0.7398198355608935,0.2516354708474089,0.0759516211718594,44,7357,8072
0.6882885917710195,0.2905270802689338,0.7400530698565412,0.2515331350127809,0.0758957721733521,45,7357,8072
0.6882885917710195,0.2905270802689338,0.7400530698565412,0.2515331350127809,0.0758957721733521,46,7357,8072
0.6882885917710195,0.2905270802689338,0.7400530698565412,0.2515331350127809,0.0758957721733521,47,7357,8072
0.6882885917710195,0.2905270802689338,0.7400530698565412,0.2515331350127809,0.0758957721733521,48,7357,8072
0.6882885917710195,0.2905270802689338,0.7400530698565412,0.2515331350127809,0.0758957721733521,49,7357,8072
0.6882885917710195,0.2905270802689338,0.7400530698565412,0.2515331350127809,0.0758957721733521,50,7357,8072
0.6882885917710195,0.2905270802689338,0.7400530698565412,0.2515331350127809,0.0758957721733521,51,7357,8072
0.6882885917710195,0.2905270802689338,0.7400530698565412,0.2515331350127809,0.0758957721733521,52,7357,8072
0.6882885917710195,0.2905270802689338,0.7400530698565412,0.2515331350127809,0.0758957721733521,53,7357,8072
0.6882885917710195,0.2905270802689338,0.7400530698565412,0.2515331350127809,0.0758957721733521,54,7357,8072
0.6882885917710195,0.2905270802689338,0.7400530698565412,0.2515331350127809,0.0758957721733521,55,7357,8072
0.6882885917710195,0.2905270802689338,0.7400530698565412,0.2515331350127809,0.0758957721733521,56,7357,8072
0.6882885917710195,0.2905270802689338,0.7400530698565412,0.2515331350127809,0.0758957721733521,57,7357,8072
0.6882885917710195,0.2905270802689338,0.7400530698565412,0.2515331350127809,0.0758957721733521,58,7357,8072
0.6882885917710195,0.2905270802689338,0.7400530698565412,0.2515331350127809,0.0758957721733521,59,7357,8072
0.6882885917710195,0.2905270802689338,0.7400530698565412,0.2515331350127809,0.0758957721733521,60,7357,8072
0.6882885917710195,0.2905270802689338,0.7400530698565412,0.2515331350127809,0.0758957721733521,61,7357,8072
0.6882885917710195,0.2905270802689338,0.7400530698565412,0.2515331350127809,0.0758957721733521,62,7357,8072
0.6882885917710195,0.2905270802689338,0.7400530698565412,0.2515331350127809,0.0758957721733521,63,7357,8072
0.6882885917710195,0.2905270802689338,0.7400530698565412,0.2515331350127809,0.0758957721733521,64,7357,8072
0.6882885917710195,0.2905270802689338,0.7400530698565412,0.2515331350127809,0.0758957721733521,65,7357,8072
0.6882885917710195,0.2905270802689338,0.7400530698565412,0.2515331350127809,0.0758957721733521,66,7357,8072
0.6882885917710195,0.2905270802689338,0.7400530698565412,0.2515331350127809,0.0758957721733521,67,7357,8072
0.6882885917710195,0.2905270802689338,0.7400530698565412,0.2515331350127809,0.0758957721733521,68,7357,8072
0.6882885917710195,0.2905270802689338,0.7400530698565412,0.2515331350127809,0.0758957721733521,69,7357,8072
0.6882885917710195,0.2905270802689338,0.7400530698565412,0.2515331350127809,0.0758957721733521,70,7357,8072
0.6234897555375004,0.2578031189967366,0.3626968570578484,0.3391948927801735,-0.0986004819478828,0,8072,3072
0.6234897555375004,0.2578031189967366,0.3626968570578484,0.3391948927801735,-0.0986004819478828,1,8072,3072
0.6234897555375004,0.2578031189967366,0.3626968570578484,0.3391948927801735,-0.0986004819478828,2,8072,3072
0.6234897555375004,0.2578031189967366,0.3626968570578484,0.3391948927801735,-0.0986004819478828,3,8072,3072
0.6234897555375004,0.2578031189967366,0.3626968570578484,0.3391948927801735,-0.0986004819478828,4,8072,3072
0.7009030639121168,0.2682554774558702,0.209886339773257,0.4115880488308754,-0.1065582752715795,5,8072,3072
0.6234897555375004,0.2512043953089562,0.5354706832593635,0.3565353972906961,-0.1073477613197973,6,8072,3072
0.6142005437799845,0.2607458331267075,0.5365965163832472,0.3839079352152034,-0.1169680995225653,7,8072,3072
0.6142005437799845,0.2607458331267075,0.5365965163832472,0.3839079352152034,-0.1169680995225653,8,8072,3072
0.6142005437799845,0.2607458331267075,0.5365965163832472,0.3839079352152034,-0.1169680995225653,9,8072,3072
0.6801044616806641,0.2616695333806405,0.5078225340607138,0.3620135632215395,-0.118744387627843,10,8072,3072
0.5777245560013118,0.2607458331267075,0.522627861929509,0.3839079352152034,-0.1209262691809159,11,8072,3072
0.6230572265841374,0.2739498675217285,0.5420080069970821,0.3923295907904001,-0.1249713568890021,12,8072,3072
0.584322176911597,0.2580272088181495,0.5392101775908718,0.3886860385353,-0.1284648334511289,13,8072,3072
0.584322176911597,0.2580272088181495,0.5392101775908718,0.3886860385353,-0.1284648334511289,14,8072,3072
0.5873280602606717,0.2607557395393826,0.5414827038347879,0.3442943225615315,-0.1290363373133363,15,8072,3072
0.5846574928998584,0.2737518315645122,0.5388306356924465,0.3436810739212051,-0.1292473554303731,16,8072,3072
0.5846574928998584,0.2737518315645122,0.5388306356924465,0.3436810739212051,-0.1292473554303731,17,8072,3072
0.5846574928998584,0.2737518315645122,0.5388306356924465,0.3436810739212051,-0.1292473554303731,18,8072,3072
0.5788297551938968,0.2593903875051576,0.5416106674786808,0.3514828292500216,-0.1297120485265968,19,8072,3072
0.5757749788225287,0.2728123069810511,0.5402695279401813,0.3500775231107567,-0.1299230666436336,20,8072,3072
0.5895338295917342,0.2581745963552618,0.5385303098889306,0.3267571248251661,-0.1304667171362024,21,8072,3072
0.5895338295917342,0.2581745963552618,0.5385303098889306,0.3267571248251661,-0.1304667171362024,22,8072,3072
0.5895338295917342,0.2581745963552618,0.5385303098889306,0.3267571248251661,-0.1304667171362024,23,8072,3072
0.5895338295917342,0.2581745963552618,0.5385303098889306,0.3267571248251661,-0.1304667171362024,24,8072,3072
0.5895338295917342,0.2581745963552618,0.5385303098889306,0.3267571248251661,-0.1304667171362024,25,8072,3072
0.5759610374068315,0.2615498410907086,0.5385223331927692,0.3274409534554042,-0.1311424283494629,26,8072,3072
0.5759610374068315,0.2615498410907086,0.5385223331927692,0.3274409534554042,-0.1311424283494629,27,8072,3072
0.5759610374068315,0.2615498410907086,0.5385223331927692,0.3274409534554042,-0.1311424283494629,28,8072,3072
0.5759610374068315,0.2615498410907086,0.5385223331927692,0.3274409534554042,-0.1311424283494629,29,8072,3072
0.5759610374068315,0.2615498410907086,0.5385223331927692,0.3274409534554042,-0.1311424283494629,30,8072,3072
0.5759610374068315,0.2615498410907086,0.5385223331927692,0.3274409534554042,-0.1311424283494629,31,8072,3072
0.5759610374068315,0.2615498410907086,0.5385223331927692,0.3274409534554042,-0.1311424283494629,32,8072,3072
0.5759610374068315,0.2615498410907086,0.5385223331927692,0.3274409534554042,-0.1311424283494629,33,8072,3072
0.5759610374068315,0.2615498410907086,0.5385223331927692,0.3274409534554042,-0.1311424283494629,34,8072,3072
0.5759610374068315,0.2615498410907086,0.5385223331927692,0.3274409534554042,-0.1311424283494629,35,8072,3072
0.5759610374068315,0.2615498410907086,0.5385223331927692,0.3274409534554042,-0.1311424283494629,36,8072,3072
0.5759610374068315,0.2615498410907086,0.5385223331927692,0.3274409534554042,-0.1311424283494629,37,8072,3072
0.5759610374068315,0.2615498410907086,0.5385223331927692,0.3274409534554042,-0.1311424283494629,38,8072,3072
0.5759610374068315,0.2615498410907086,0.5385223331927692,0.3274409534554042,-0.1311424283494629,39,8072,3072
0.5759610374068315,0.2615498410907086,0.5385223331927692,0.3274409534554042,-0.1311424283494629,40,8072,3072
0.5759610374068315,0.2615498410907086,0.5385223331927692,0.3274409534554042,-0.1311424283494629,41,8072,3072
0.5759610374068315,0.2615498410907086,0.5385223331927692,0.3274409534554042,-0.1311424283494629,42,8072,3072
0.5759610374068315,0.2615498410907086,0.5385223331927692,0.3274409534554042,-0.1311424283494629,43,8072,3072
0.5759610374068315,0.2615498410907086,0.5385223331927692,0.3274409534554042,-0.1311424283494629,44,8072,3072
0.5759610374068315,0.2615498410907086,0.5385223331927692,0.3274409534554042,-0.1311424283494629,45,8072,3072
0.5759610374068315,0.2615498410907086,0.5385223331927692,0.3274409534554042,-0.1311424283494629,46,8072,3072
0.5759610374068315,0.2615498410907086,0.5385223331927692,0.3274409534554042,-0.1311424283494629,47,8072,3072
0.5759610374068315,0.2615498410907086,0.5385223331927692,0.3274409534554042,-0.1311424283494629,48,8072,3072
0.5759610374068315,0.2615498410907086,0.5385223331927692,0.3274409534554042,-0.1311424283494629,49,8072,3072
0.5759610374068315,0.2615498410907086,0.5385223331927692,0.3274409534554042,-0.1311424283494629,50,8072,3072
0.5759610374068315,0.2615498410907086,0.5385223331927692,0.3274409534554042,-0.1311424283494629,51,8072,3072
0.6234897555375004,0.2578031189967366,0.3626968570578484,0.3391948927801735,-0.0674044317629161,0,8072,3786
0.6234897555375004,0.2578031189967366,0.3626968570578484,0.3391948927801735,-0.0674044317629161,1,8072,3786
0.6234897555375004,0.2578031189967366,0.3626968570578484,0.3391948927801735,-0.0674044317629161,2,8072,3786
0.6234897555375004,0.2578031189967366,0.3626968570578484,0.3391948927801735,-0.0674044317629161,3,8072,3786
0.4534978894806515,0.2659321630002962,0.5038029501945296,0.3994147241824394,-0.0702304204831571,4,8072,3786
0.5650050685792578,0.2657151838737174,0.5171892481594579,0.3850214948872874,-0.0853644968049435,5,8072,3786
0.5650050685792578,0.2657151838737174,0.5171892481594579,0.3850214948872874,-0.0853644968049435,6,8072,3786
0.5650050685792578,0.2657151838737174,0.5171892481594579,0.3850214948872874,-0.0853644968049435,7,8072,3786
0.5928373331072306,0.278737894037107,0.5117719451852026,0.3396020922449972,-0.0877377295441617,8,8072,3786
0.5994371531847764,0.2579177504290491,0.5423599787400492,0.3506318145145041,-0.0963980487951916,9,8072,3786
0.5994371531847764,0.2579177504290491,0.5423599787400492,0.3506318145145041,-0.0963980487951916,10,8072,3786
0.5994371531847764,0.2579177504290491,0.5423599787400492,0.3506318145145041,-0.0963980487951916,11,8072,3786
0.5898449799417557,0.26009948681127,0.5395043684262475,0.3271933765106498,-0.0983162037805922,12,8072,3786
0.5624140252262427,0.2578840978323514,0.5457468265570272,0.3417625088612779,-0.0983238040255479,13,8072,3786
0.5624140252262427,0.2578840978323514,0.5457468265570272,0.3417625088612779,-0.0983238040255479,14,8072,3786
0.5624140252262427,0.2578840978323514,0.5457468265570272,0.3417625088612779,-0.0983238040255479,15,8072,3786
0.5624140252262427,0.2578840978323514,0.5457468265570272,0.3417625088612779,-0.0983238040255479,16,8072,3786
0.5624140252262427,0.2578840978323514,0.5457468265570272,0.3417625088612779,-0.0983238040255479,17,8072,3786
0.5704317541332672,0.263853685609939,0.539453185562246,0.3271667101739321,-0.0989919149938528,18,8072,3786
0.5704317541332672,0.263853685609939,0.539453185562246,0.3271667101739321,-0.0989919149938528,19,8072,3786
0.5704317541332672,0.263853685609939,0.539453185562246,0.3271667101739321,-0.0989919149938528,20,8072,3786
0.5675305087499151,0.2601175758385452,0.5468285522167574,0.3272531382211792,-0.1000309408939116,21,8072,3786
0.5675305087499151,0.2601175758385452,0.5468285522167574,0.3272531382211792,-0.1000309408939116,22,8072,3786
0.5675305087499151,0.2601175758385452,0.5468285522167574,0.3272531382211792,-0.1000309408939116,23,8072,3786
0.5675305087499151,0.2601175758385452,0.5468285522167574,0.3272531382211792,-0.1000309408939116,24,8072,3786
0.5675305087499151,0.2601175758385452,0.5468285522167574,0.3272531382211792,-0.1000309408939116,25,8072,3786
0.5675305087499151,0.2601175758385452,0.5468285522167574,0.3272531382211792,-0.1000309408939116,26,8072,3786
0.5675305087499151,0.2601175758385452,0.5468285522167574,0.3272531382211792,-0.1000309408939116,27,8072,3786
0.5675305087499151,0.2601175758385452,0.5468285522167574,0.3272531382211792,-0.1000309408939116,28,8072,3786
0.5675305087499151,0.2601175758385452,0.5468285522167574,0.3272531382211792,-0.1000309408939116,29,8072,3786
0.5675305087499151,0.2601175758385452,0.5468285522167574,0.3272531382211792,-0.1000309408939116,30,8072,3786
0.5675305087499151,0.2601175758385452,0.5468285522167574,0.3272531382211792,-0.1000309408939116,31,8072,3786
0.5675305087499151,0.2601175758385452,0.5468285522167574,0.3272531382211792,-0.1000309408939116,32,8072,3786
0.5675305087499151,0.2601175758385452,0.5468285522167574,0.3272531382211792,-0.1000309408939116,33,8072,3786
0.5675305087499151,0.2601175758385452,0.5468285522167574,0.3272531382211792,-0.1000309408939116,34,8072,3786
0.5675305087499151,0.2601175758385452,0.5468285522167574,0.3272531382211792,-0.1000309408939116,35,8072,3786
0.5675305087499151,0.2601175758385452,0.5468285522167574,0.3272531382211792,-0.1000309408939116,36,8072,3786
0.5460764055442235,0.2774102773503756,0.5458126754143583,0.328657170891156,-0.1003955582640843,37,8072,3786
0.5460764055442235,0.2774102773503756,0.5458126754143583,0.328657170891156,-0.1003955582640843,38,8072,3786
0.5460764055442235,0.2774102773503756,0.5458126754143583,0.328657170891156,-0.1003955582640843,39,8072,3786
0.5460764055442235,0.2774102773503756,0.5458126754143583,0.328657170891156,-0.1003955582640843,40,8072,3786
0.5469011982367087,0.260091593600649,0.5468077186900959,0.3272622776593978,-0.102169997763611,41,8072,3786
0.5469011982367087,0.260091593600649,0.5468077186900959,0.3272622776593978,-0.102169997763611,42,8072,3786
0.5469011982367087,0.260091593600649,0.5468077186900959,0.3272622776593978,-0.102169997763611,43,8072,3786
0.5469011982367087,0.260091593600649,0.5468077186900959,0.3272622776593978,-0.102169997763611,44,8072,3786
0.5469011982367087,0.260091593600649,0.5468077186900959,0.3272622776593978,-0.102169997763611,45,8072,3786
0.5469011982367087,0.260091593600649,0.5468077186900959,0.3272622776593978,-0.102169997763611,46,8072,3786
0.5469011982367087,0.260091593600649,0.5468077186900959,0.3272622776593978,-0.102169997763611,47,8072,3786
0.5469011982367087,0.260091593600649,0.5468077186900959,0.3272622776593978,-0.102169997763611,48,8072,3786
0.5469011982367087,0.260091593600649,0.5468077186900959,0.3272622776593978,-0.102169997763611,49,8072,3786
0.5469011982367087,0.260091593600649,0.5468077186900959,0.3272622776593978,-0.102169997763611,50,8072,3786
0.5469011982367087,0.260091593600649,0.5468077186900959,0.3272622776593978,-0.102169997763611,51,8072,3786
0.5469011982367087,0.260091593600649,0.5468077186900959,0.3272622776593978,-0.102169997763611,52,8072,3786
0.5469011982367087,0.260091593600649,0.5468077186900959,0.3272622776593978,-0.102169997763611,53,8072,3786
0.5469011982367087,0.260091593600649,0.5468077186900959,0.3272622776593978,-0.102169997763611,54,8072,3786
0.5469011982367087,0.260091593600649,0.5468077186900959,0.3272622776593978,-0.102169997763611,55,8072,3786
0.5469011982367087,0.260091593600649,0.5468077186900959,0.3272622776593978,-0.102169997763611,56,8072,3786
0.5469011982367087,0.260091593600649,0.5468077186900959,0.3272622776593978,-0.102169997763611,57,8072,3786
0.5469011982367087,0.260091593600649,0.5468077186900959,0.3272622776593978,-0.102169997763611,58,8072,3786
0.5469011982367087,0.260091593600649,0.5468077186900959,0.3272622776593978,-0.102169997763611,59,8072,3786
0.5469011982367087,0.260091593600649,0.5468077186900959,0.3272622776593978,-0.102169997763611,60,8072,3786
0.5469011982367087,0.260091593600649,0.5468077186900959,0.3272622776593978,-0.102169997763611,61,8072,3786
0.5469011982367087,0.260091593600649,0.5468077186900959,0.3272622776593978,-0.102169997763611,62,8072,3786
0.6234897555375004,0.2578031189967366,0.3626968570578484,0.3391948927801735,-0.0505733255124828,0,8072,4500
0.6234897555375004,0.2578031189967366,0.3626968570578484,0.3391948927801735,-0.0505733255124828,1,8072,4500
0.6234897555375004,0.2578031189967366,0.3626968570578484,0.3391948927801735,-0.0505733255124828,2,8072,4500
0.6206978876474673,0.260705724506051,0.4023422244150999,0.3416690756302778,-0.0598862896676303,3,8072,4500
0.6206978876474673,0.260705724506051,0.4023422244150999,0.3416690756302778,-0.0598862896676303,4,8072,4500
0.5896056146776595,0.3414643164486182,0.8113758302395654,0.3168073100291975,-0.0646147593047956,5,8072,4500
0.5896056146776595,0.3414643164486182,0.8113758302395654,0.3168073100291975,-0.0646147593047956,6,8072,4500
0.5891956420136663,0.258459975245557,0.3717525439963166,0.3168073100291975,-0.0701276136976761,7,8072,4500
0.57102713559551,0.2720250878759531,0.9541513368666424,0.3190241028021965,-0.0760347985316114,8,8072,4500
0.5229238434882219,0.288594455476875,0.5400962245347706,0.3214207828352806,-0.0771196265828944,9,8072,4500
0.5229238434882219,0.288594455476875,0.5400962245347706,0.3214207828352806,-0.0771196265828944,10,8072,4500
0.5663314454024271,0.2616593862512304,0.5309180526766885,0.3198479725294423,-0.0860198543263413,11,8072,4500
0.5663314454024271,0.2616593862512304,0.5309180526766885,0.3198479725294423,-0.0860198543263413,12,8072,4500
0.5713545538482441,0.2854341150630506,0.5469121223660177,0.3239354773635988,-0.0936200417763644,13,8072,4500
0.5713545538482441,0.2854341150630506,0.5469121223660177,0.3239354773635988,-0.0936200417763644,14,8072,4500
0.5710180409861649,0.2854341150630506,0.5469121223660177,0.3156976802028501,-0.0937325027395942,15,8072,4500
0.5710180409861649,0.2854341150630506,0.5469121223660177,0.3156976802028501,-0.0937325027395942,16,8072,4500
0.5710180409861649,0.2594902213570149,0.5469121223660177,0.3199882653998707,-0.0960607905239832,17,8072,4500
0.5710180409861649,0.2594902213570149,0.5469121223660177,0.3199882653998707,-0.0960607905239832,18,8072,4500
0.5710180409861649,0.2594902213570149,0.5469121223660177,0.3199882653998707,-0.0960607905239832,19,8072,4500
0.5710180409861649,0.2594902213570149,0.5469121223660177,0.3199882653998707,-0.0960607905239832,20,8072,4500
0.5710180409861649,0.2594902213570149,0.5469121223660177,0.3199882653998707,-0.0960607905239832,21,8072,4500
0.5710180409861649,0.2594902213570149,0.5469121223660177,0.3199882653998707,-0.0960607905239832,22,8072,4500
0.5710180409861649,0.2594902213570149,0.5469121223660177,0.3199882653998707,-0.0960607905239832,23,8072,4500
0.5710180409861649,0.2594902213570149,0.5469121223660177,0.3199882653998707,-0.0960607905239832,24,8072,4500
0.5710180409861649,0.2594902213570149,0.5469121223660177,0.3199882653998707,-0.0960607905239832,25,8072,4500
0.5710180409861649,0.2594902213570149,0.5469121223660177,0.3199882653998707,-0.0960607905239832,26,8072,4500
0.5710180409861649,0.2594902213570149,0.5469121223660177,0.3199882653998707,-0.0960607905239832,27,8072,4500
0.5710180409861649,0.2594902213570149,0.5469121223660177,0.3199882653998707,-0.0960607905239832,28,8072,4500
0.5710180409861649,0.2594902213570149,0.5469121223660177,0.3199882653998707,-0.0960607905239832,29,8072,4500
0.5710180409861649,0.2594902213570149,0.5469121223660177,0.3199882653998707,-0.0960607905239832,30,8072,4500
0.5710180409861649,0.2594902213570149,0.5469121223660177,0.3199882653998707,-0.0960607905239832,31,8072,4500
0.5710180409861649,0.2594902213570149,0.5469121223660177,0.3199882653998707,-0.0960607905239832,32,8072,4500
0.5710180409861649,0.2594902213570149,0.5469121223660177,0.3199882653998707,-0.0960607905239832,33,8072,4500
0.5710180409861649,0.2594902213570149,0.5469121223660177,0.3199882653998707,-0.0960607905239832,34,8072,4500
0.5710180409861649,0.2594902213570149,0.5469121223660177,0.3199882653998707,-0.0960607905239832,35,8072,4500
0.5710180409861649,0.2594902213570149,0.5469121223660177,0.3199882653998707,-0.0960607905239832,36,8072,4500
0.5710180409861649,0.2594902213570149,0.5469121223660177,0.3199882653998707,-0.0960607905239832,37,8072,4500
0.5710180409861649,0.2594902213570149,0.5469121223660177,0.3199882653998707,-0.0960607905239832,38,8072,4500
0.6234897555375004,0.2578031189967366,0.3626968570578484,0.3391948927801735,-0.0397571775550731,0,8072,5214
0.6234897555375004,0.2578031189967366,0.3626968570578484,0.3391948927801735,-0.0397571775550731,1,8072,5214
0.6234897555375004,0.2578031189967366,0.3626968570578484,0.3391948927801735,-0.0397571775550731,2,8072,5214
0.6234897555375004,0.2578031189967366,0.3626968570578484,0.3391948927801735,-0.0397571775550731,3,8072,5214
0.6234897555375004,0.2578031189967366,0.3626968570578484,0.3391948927801735,-0.0397571775550731,4,8072,5214
0.4534978894806515,0.294057916501214,0.5038029501945296,0.3856578446575508,-0.0429188626313089,5,8072,5214
0.1617840509875101,0.2838064889441311,0.5296324068888508,0.3123201558971621,-0.0505395498464865,6,8072,5214
0.6345871154431432,0.2633413028240595,0.5052015558092469,0.3271562931289467,-0.0711035997163905,7,8072,5214
0.6345871154431432,0.2633413028240595,0.5052015558092469,0.3271562931289467,-0.0711035997163905,8,8072,5214
0.6345871154431432,0.2633413028240595,0.5052015558092469,0.3271562931289467,-0.0711035997163905,9,8072,5214
0.6345871154431432,0.2633413028240595,0.5052015558092469,0.3271562931289467,-0.0711035997163905,10,8072,5214
0.5862219338998447,0.2755491762462402,0.5243112626765983,0.3237457346213258,-0.0744120652946811,11,8072,5214
0.5862219338998447,0.2755491762462402,0.5243112626765983,0.3237457346213258,-0.0744120652946811,12,8072,5214
0.5862219338998447,0.2755491762462402,0.5243112626765983,0.3237457346213258,-0.0744120652946811,13,8072,5214
0.5943563134056646,0.2653355573755269,0.5035844583997979,0.3232224610515912,-0.0751038196839231,14,8072,5214
0.6837974189773419,0.2769836389130847,0.5042909026688346,0.3138545272576095,-0.0761059392258349,15,8072,5214
0.6851239760203228,0.2633413028240595,0.507767239805112,0.3293053069281495,-0.0797916525471908,16,8072,5214
0.6851239760203228,0.2633413028240595,0.507767239805112,0.3293053069281495,-0.0797916525471908,17,8072,5214
0.6851239760203228,0.2633413028240595,0.507767239805112,0.3293053069281495,-0.0797916525471908,18,8072,5214
0.6851239760203228,0.2633413028240595,0.507767239805112,0.3293053069281495,-0.0797916525471908,19,8072,5214
0.6851239760203228,0.2633413028240595,0.507767239805112,0.3293053069281495,-0.0797916525471908,20,8072,5214
0.6813069772576331,0.2627923130144308,0.5371550573852895,0.325106105196888,-0.080128751668094,21,8072,5214
0.6813069772576331,0.2627923130144308,0.5371550573852895,0.325106105196888,-0.080128751668094,22,8072,5214
0.6867378183027761,0.2651227158927869,0.5035296550736991,0.3189885531047852,-0.080363723231642,23,8072,5214
0.6867378183027761,0.2651227158927869,0.5035296550736991,0.3189885531047852,-0.080363723231642,24,8072,5214
0.6867378183027761,0.2651227158927869,0.5035296550736991,0.3189885531047852,-0.080363723231642,25,8072,5214
0.6867378183027761,0.2651227158927869,0.5035296550736991,0.3189885531047852,-0.080363723231642,26,8072,5214
0.6867378183027761,0.2651227158927869,0.5035296550736991,0.3189885531047852,-0.080363723231642,27,8072,5214
0.68843012295354,0.2632979860443795,0.5077953408541953,0.3264460067453553,-0.0809080614478224,28,8072,5214
0.68843012295354,0.2632979860443795,0.5077953408541953,0.3264460067453553,-0.0809080614478224,29,8072,5214
0.68843012295354,0.2632979860443795,0.5077953408541953,0.3264460067453553,-0.0809080614478224,30,8072,5214
0.68843012295354,0.2632979860443795,0.5077953408541953,0.3264460067453553,-0.0809080614478224,31,8072,5214
0.68843012295354,0.2632979860443795,0.5032702716033379,0.3194422770789777,-0.0812485888981776,32,8072,5214
0.68843012295354,0.2632979860443795,0.5032702716033379,0.3194422770789777,-0.0812485888981776,33,8072,5214
0.68843012295354,0.2632979860443795,0.5032702716033379,0.3194422770789777,-0.0812485888981776,34,8072,5214
0.68843012295354,0.2632979860443795,0.5032702716033379,0.3194422770789777,-0.0812485888981776,35,8072,5214
0.68843012295354,0.2632979860443795,0.5032702716033379,0.3194422770789777,-0.0812485888981776,36,8072,5214
0.68843012295354,0.2632979860443795,0.5032702716033379,0.3194422770789777,-0.0812485888981776,37,8072,5214
0.68843012295354,0.2632979860443795,0.5032702716033379,0.3194422770789777,-0.0812485888981776,38,8072,5214
0.68843012295354,0.2632979860443795,0.5032702716033379,0.3194422770789777,-0.0812485888981776,39,8072,5214
0.68843012295354,0.2632979860443795,0.5032702716033379,0.3194422770789777,-0.0812485888981776,40,8072,5214
0.68843012295354,0.2632979860443795,0.5032702716033379,0.3194422770789777,-0.0812485888981776,41,8072,5214
0.68843012295354,0.2632979860443795,0.5032702716033379,0.3194422770789777,-0.0812485888981776,42,8072,5214
0.68843012295354,0.2632979860443795,0.5032702716033379,0.3194422770789777,-0.0812485888981776,43,8072,5214
0.68843012295354,0.2632979860443795,0.5032702716033379,0.3194422770789777,-0.0812485888981776,44,8072,5214
0.68843012295354,0.2632979860443795,0.5032702716033379,0.3194422770789777,-0.0812485888981776,45,8072,5214
0.68843012295354,0.2632979860443795,0.5032702716033379,0.3194422770789777,-0.0812485888981776,46,8072,5214
0.68843012295354,0.2632979860443795,0.5032702716033379,0.3194422770789777,-0.0812485888981776,47,8072,5214
0.68843012295354,0.2632979860443795,0.5032702716033379,0.3194422770789777,-0.0812485888981776,48,8072,5214
0.68843012295354,0.2632979860443795,0.5032702716033379,0.3194422770789777,-0.0812485888981776,49,8072,5214
0.68843012295354,0.2632979860443795,0.5032702716033379,0.3194422770789777,-0.0812485888981776,50,8072,5214
0.68843012295354,0.2632979860443795,0.5032702716033379,0.3194422770789777,-0.0812485888981776,51,8072,5214
0.68843012295354,0.2632979860443795,0.5032702716033379,0.3194422770789777,-0.0812485888981776,52,8072,5214
0.68843012295354,0.2632979860443795,0.5032702716033379,0.3194422770789777,-0.0812485888981776,53,8072,5214
0.6234897555375004,0.2578031189967366,0.3626968570578484,0.3391948927801735,-0.0198044656525319,0,8072,5929
0.6234897555375004,0.2578031189967366,0.3626968570578484,0.3391948927801735,-0.0198044656525319,1,8072,5929
0.6234897555375004,0.2578031189967366,0.3626968570578484,0.3391948927801735,-0.0198044656525319,2,8072,5929
0.6234897555375004,0.2578031189967366,0.3626968570578484,0.3391948927801735,-0.0198044656525319,3,8072,5929
0.6234897555375004,0.2578031189967366,0.3626968570578484,0.3391948927801735,-0.0198044656525319,4,8072,5929
0.5733661785220416,0.1384972386159432,0.517039352103076,0.3597917205745878,-0.0210204524665987,5,8072,5929
0.5323357700412465,0.2617674227445775,0.5351841410301634,0.3945193473614242,-0.0457893257263415,6,8072,5929
0.1271033894847842,0.2780326697016174,0.5277828483139612,0.3275304314486486,-0.046916271127063,7,8072,5929
0.5259918337350674,0.2692178881391707,0.5341085425252905,0.3115937033633955,-0.0647617452490841,8,8072,5929
0.5259918337350674,0.2692178881391707,0.5341085425252905,0.3115937033633955,-0.0647617452490841,9,8072,5929
0.6109741746494834,0.2623843560886564,0.5101242652306445,0.3218817733835448,-0.066099280841966,10,8072,5929
0.6109741746494834,0.2623843560886564,0.5101242652306445,0.3218817733835448,-0.066099280841966,11,8072,5929
0.5761924688779329,0.2587759596353506,0.503788891600018,0.3242877425644796,-0.0663716153422427,12,8072,5929
0.5384452887036326,0.2885346731707889,0.5339084499175915,0.3236143333977534,-0.0679881656923204,13,8072,5929
0.5414453866968407,0.2789535786487112,0.5182863145406005,0.3253429211952739,-0.0689947722860249,14,8072,5929
0.5421806052298787,0.261717593073327,0.5187676587710137,0.3230399783117885,-0.0690155033736117,15,8072,5929
0.5421806052298787,0.261717593073327,0.5187676587710137,0.3230399783117885,-0.0690155033736117,16,8072,5929
0.5421806052298787,0.261717593073327,0.5187676587710137,0.3230399783117885,-0.0690155033736117,17,8072,5929
0.5421806052298787,0.261717593073327,0.5187676587710137,0.3230399783117885,-0.0690155033736117,18,8072,5929
0.6736205676605893,0.2640987317703928,0.5242794239175433,0.3223222824853772,-0.0743054778393414,19,8072,5929
0.6736205676605893,0.2640987317703928,0.5242794239175433,0.3223222824853772,-0.0743054778393414,20,8072,5929
0.6735845118695857,0.2583517361560286,0.5218765206010445,0.3243665644225588,-0.0744178315607695,21,8072,5929
0.6735845118695857,0.2583517361560286,0.5218765206010445,0.3243665644225588,-0.0744178315607695,22,8072,5929
0.6735845118695857,0.2583517361560286,0.5218765206010445,0.3243665644225588,-0.0744178315607695,23,8072,5929
0.6735845118695857,0.2583517361560286,0.5218765206010445,0.3243665644225588,-0.0744178315607695,24,8072,5929
0.6735845118695857,0.2583517361560286,0.5218765206010445,0.3243665644225588,-0.0744178315607695,25,8072,5929
0.6771212636248497,0.2616999042857569,0.5237217400825014,0.3205381763186771,-0.0745789975174291,26,8072,5929
0.6771212636248497,0.2616999042857569,0.5237217400825014,0.3205381763186771,-0.0745789975174291,27,8072,5929
0.6771212636248497,0.2616999042857569,0.5237217400825014,0.3205381763186771,-0.0745789975174291,28,8072,5929
0.6771212636248497,0.2616999042857569,0.5237217400825014,0.3205381763186771,-0.0745789975174291,29,8072,5929
0.6771212636248497,0.2616999042857569,0.5237217400825014,0.3205381763186771,-0.0745789975174291,30,8072,5929
0.6771212636248497,0.2616999042857569,0.5237217400825014,0.3205381763186771,-0.0745789975174291,31,8072,5929
0.6876720214050522,0.258989790185556,0.5268222328999927,0.3202677569066361,-0.0749669230591634,32,8072,5929
0.6876720214050522,0.258989790185556,0.5268222328999927,0.3202677569066361,-0.0749669230591634,33,8072,5929
0.6876720214050522,0.258989790185556,0.5268222328999927,0.3202677569066361,-0.0749669230591634,34,8072,5929
0.6876720214050522,0.258989790185556,0.5268222328999927,0.3202677569066361,-0.0749669230591634,35,8072,5929
0.6876720214050522,0.258989790185556,0.5268222328999927,0.3202677569066361,-0.0749669230591634,36,8072,5929
0.6876720214050522,0.258989790185556,0.5268222328999927,0.3202677569066361,-0.0749669230591634,37,8072,5929
0.6876720214050522,0.258989790185556,0.5268222328999927,0.3202677569066361,-0.0749669230591634,38,8072,5929
0.6876720214050522,0.258989790185556,0.5268222328999927,0.3202677569066361,-0.0749669230591634,39,8072,5929
0.6876720214050522,0.258989790185556,0.5268222328999927,0.3202677569066361,-0.0749669230591634,40,8072,5929
0.6876720214050522,0.258989790185556,0.5268222328999927,0.3202677569066361,-0.0749669230591634,41,8072,5929
0.6876720214050522,0.258989790185556,0.5268222328999927,0.3202677569066361,-0.0749669230591634,42,8072,5929
0.6876720214050522,0.258989790185556,0.5268222328999927,0.3202677569066361,-0.0749669230591634,43,8072,5929
0.6876720214050522,0.258989790185556,0.5268222328999927,0.3202677569066361,-0.0749669230591634,44,8072,5929
0.6876720214050522,0.258989790185556,0.5268222328999927,0.3202677569066361,-0.0749669230591634,45,8072,5929
0.6876720214050522,0.258989790185556,0.5268222328999927,0.3202677569066361,-0.0749669230591634,46,8072,5929
0.6876720214050522,0.258989790185556,0.5268222328999927,0.3202677569066361,-0.0749669230591634,47,8072,5929
0.6876720214050522,0.258989790185556,0.5268222328999927,0.3202677569066361,-0.0749669230591634,48,8072,5929
0.6876720214050522,0.258989790185556,0.5268222328999927,0.3202677569066361,-0.0749669230591634,49,8072,5929
0.6876720214050522,0.258989790185556,0.5268222328999927,0.3202677569066361,-0.0749669230591634,50,8072,5929
0.6876720214050522,0.258989790185556,0.5268222328999927,0.3202677569066361,-0.0749669230591634,51,8072,5929
0.6876720214050522,0.258989790185556,0.5268222328999927,0.3202677569066361,-0.0749669230591634,52,8072,5929
0.6876720214050522,0.258989790185556,0.5268222328999927,0.3202677569066361,-0.0749669230591634,53,8072,5929
0.6876720214050522,0.258989790185556,0.5268222328999927,0.3202677569066361,-0.0749669230591634,54,8072,5929
0.6876720214050522,0.258989790185556,0.5268222328999927,0.3202677569066361,-0.0749669230591634,55,8072,5929
0.6876720214050522,0.258989790185556,0.5268222328999927,0.3202677569066361,-0.0749669230591634,56,8072,5929
0.6876720214050522,0.258989790185556,0.5268222328999927,0.3202677569066361,-0.0749669230591634,57,8072,5929
0.4534978894806515,0.4211888142289552,0.5038029501945296,0.3856578446575508,0.0634688016777916,0,8072,6643
0.1624912919021979,0.1409400632756789,0.5365965163832472,0.3860686865331263,0.0465220473151172,1,8072,6643
0.6751714272118786,0.4349859426139565,0.749710830712092,0.3768975336315516,0.03461512633127,2,8072,6643
0.6751714272118786,0.4349859426139565,0.749710830712092,0.3768975336315516,0.03461512633127,3,8072,6643
0.1624912919021979,0.2893370789384388,0.5366080837967004,0.3860686865331263,0.0314104099321072,4,8072,6643
0.6760476352085283,0.2887933043008859,0.5358459290623103,0.4001875793362662,0.0169409951046076,5,8072,6643
0.6760476352085283,0.2887933043008859,0.5358459290623103,0.4001875793362662,0.0169409951046076,6,8072,6643
0.6759490819847096,0.2154449516548973,0.977342510811026,0.3155671780844057,0.0116251443280772,7,8072,6643
0.6759490819847096,0.2154449516548973,0.977342510811026,0.3155671780844057,0.0116251443280772,8,8072,6643
0.6759490819847096,0.2154449516548973,0.977342510811026,0.3155671780844057,0.0116251443280772,9,8072,6643
0.6759490819847096,0.2154449516548973,0.977342510811026,0.3155671780844057,0.0116251443280772,10,8072,6643
0.6759490819847096,0.2154449516548973,0.977342510811026,0.3155671780844057,0.0116251443280772,11,8072,6643
0.675506552736244,0.2973152905672945,0.5357118648540714,0.3269168702500309,-0.0033606458267345,12,8072,6643
0.675506552736244,0.2973152905672945,0.5357118648540714,0.3269168702500309,-0.0033606458267345,13,8072,6643
0.6761277592347541,0.2706467230964088,0.7494371591197644,0.3168058815475356,-0.0046822301503025,14,8072,6643
0.672452168078897,0.2723419529276689,0.7383271110263495,0.3137945236675024,-0.0097017665007183,15,8072,6643
0.672452168078897,0.2723419529276689,0.7383271110263495,0.3137945236675024,-0.0097017665007183,16,8072,6643
0.672452168078897,0.2723419529276689,0.7383271110263495,0.3137945236675024,-0.0097017665007183,17,8072,6643
0.6822176257877567,0.2805622600709875,0.7383271110263495,0.3185420111263729,-0.0228048725943444,18,8072,6643
0.6822176257877567,0.2805622600709875,0.7383271110263495,0.3185420111263729,-0.0228048725943444,19,8072,6643
0.6822176257877567,0.2805622600709875,0.7383271110263495,0.3185420111263729,-0.0228048725943444,20,8072,6643
0.6822176257877567,0.2805622600709875,0.7383271110263495,0.3185420111263729,-0.0228048725943444,21,8072,6643
0.6822176257877567,0.2805622600709875,0.7383271110263495,0.3185420111263729,-0.0228048725943444,22,8072,6643
0.6821938860709705,0.2881227387535274,0.7398491153664244,0.318541771088854,-0.0229078856247502,23,8072,6643
0.6821938860709705,0.2881227387535274,0.7398491153664244,0.318541771088854,-0.0229078856247502,24,8072,6643
0.6821938860709705,0.2881227387535274,0.7398491153664244,0.318541771088854,-0.0229078856247502,25,8072,6643
0.6821938860709705,0.2881227387535274,0.7398491153664244,0.318541771088854,-0.0229078856247502,26,8072,6643
0.6811420416312518,0.2653230997653483,0.7383093419704034,0.3185145327470283,-0.0235982474010358,27,8072,6643
0.6811420416312518,0.2653230997653483,0.7383093419704034,0.3185145327470283,-0.0235982474010358,28,8072,6643
0.6811420416312518,0.2653230997653483,0.7383093419704034,0.3185145327470283,-0.0235982474010358,29,8072,6643
0.6811420416312518,0.2653230997653483,0.7383093419704034,0.3185145327470283,-0.0235982474010358,30,8072,6643
0.6811420416312518,0.2653230997653483,0.7383093419704034,0.3185145327470283,-0.0235982474010358,31,8072,6643
0.6885913062047013,0.2826742250948991,0.73853470035201,0.3181846713535878,-0.0263116821019222,32,8072,6643
0.6885913062047013,0.2826742250948991,0.73853470035201,0.3181846713535878,-0.0263116821019222,33,8072,6643
0.6885913062047013,0.2826742250948991,0.73853470035201,0.3181846713535878,-0.0263116821019222,34,8072,6643
0.6885913062047013,0.2826742250948991,0.73853470035201,0.3181846713535878,-0.0263116821019222,35,8072,6643
0.6885913062047013,0.2826742250948991,0.73853470035201,0.3181846713535878,-0.0263116821019222,36,8072,6643
0.6885913062047013,0.2826742250948991,0.73853470035201,0.3181846713535878,-0.0263116821019222,37,8072,6643
0.6885913062047013,0.2826742250948991,0.73853470035201,0.3181846713535878,-0.0263116821019222,38,8072,6643
0.6885913062047013,0.2826742250948991,0.73853470035201,0.3181846713535878,-0.0263116821019222,39,8072,6643
0.6885913062047013,0.2826742250948991,0.73853470035201,0.3181846713535878,-0.0263116821019222,40,8072,6643
0.6885913062047013,0.2826742250948991,0.73853470035201,0.3181846713535878,-0.0263116821019222,41,8072,6643
0.6886075949657529,0.2596952930330216,0.738595395775836,0.3186576520850134,-0.0271050569086136,42,8072,6643
0.6886075949657529,0.2596952930330216,0.738595395775836,0.3186576520850134,-0.0271050569086136,43,8072,6643
0.6886075949657529,0.2596952930330216,0.738595395775836,0.3186576520850134,-0.0271050569086136,44,8072,6643
0.6886075949657529,0.2596952930330216,0.738595395775836,0.3186576520850134,-0.0271050569086136,45,8072,6643
0.6886075949657529,0.2596952930330216,0.738595395775836,0.3186576520850134,-0.0271050569086136,46,8072,6643
0.6886075949657529,0.2596952930330216,0.738595395775836,0.3186576520850134,-0.0271050569086136,47,8072,6643
0.6886075949657529,0.2596952930330216,0.738595395775836,0.3186576520850134,-0.0271050569086136,48,8072,6643
0.6886075949657529,0.2596952930330216,0.738595395775836,0.3186576520850134,-0.0271050569086136,49,8072,6643
0.6886075949657529,0.2596952930330216,0.738595395775836,0.3186576520850134,-0.0271050569086136,50,8072,6643
0.6886075949657529,0.2596952930330216,0.738595395775836,0.3186576520850134,-0.0271050569086136,51,8072,6643
0.6886075949657529,0.2596952930330216,0.738595395775836,0.3186576520850134,-0.0271050569086136,52,8072,6643
0.6886075949657529,0.2596952930330216,0.738595395775836,0.3186576520850134,-0.0271050569086136,53,8072,6643
0.6886075949657529,0.2596952930330216,0.738595395775836,0.3186576520850134,-0.0271050569086136,54,8072,6643
0.6886075949657529,0.2596952930330216,0.738595395775836,0.3186576520850134,-0.0271050569086136,55,8072,6643
0.6886075949657529,0.2596952930330216,0.738595395775836,0.3186576520850134,-0.0271050569086136,56,8072,6643
0.6886075949657529,0.2596952930330216,0.738595395775836,0.3186576520850134,-0.0271050569086136,57,8072,6643
0.6886075949657529,0.2596952930330216,0.738595395775836,0.3186576520850134,-0.0271050569086136,58,8072,6643
0.6886075949657529,0.2596952930330216,0.738595395775836,0.3186576520850134,-0.0271050569086136,59,8072,6643
0.6886075949657529,0.2596952930330216,0.738595395775836,0.3186576520850134,-0.0271050569086136,60,8072,6643
0.6886075949657529,0.2596514120530864,0.7396819019302509,0.3180299480548997,-0.0272964687557123,61,8072,6643
0.6886075949657529,0.2596514120530864,0.7396819019302509,0.3180299480548997,-0.0272964687557123,62,8072,6643
0.6886075949657529,0.2596514120530864,0.7396819019302509,0.3180299480548997,-0.0272964687557123,63,8072,6643
0.6886075949657529,0.2596514120530864,0.7396819019302509,0.3180299480548997,-0.0272964687557123,64,8072,6643
0.6886075949657529,0.2596514120530864,0.7396819019302509,0.3180299480548997,-0.0272964687557123,65,8072,6643
0.6886075949657529,0.2596514120530864,0.7396819019302509,0.3180299480548997,-0.0272964687557123,66,8072,6643
0.6886075949657529,0.2596514120530864,0.7397042229267982,0.3260442535097339,-0.0273401803088958,67,8072,6643
0.6886075949657529,0.2596514120530864,0.7397042229267982,0.3260442535097339,-0.0273401803088958,68,8072,6643
0.6886075949657529,0.2596514120530864,0.7397042229267982,0.3260442535097339,-0.0273401803088958,69,8072,6643
0.6886075949657529,0.2596514120530864,0.7397042229267982,0.3260442535097339,-0.0273401803088958,70,8072,6643
0.6886075949657529,0.2596514120530864,0.7397042229267982,0.3260442535097339,-0.0273401803088958,71,8072,6643
0.6886075949657529,0.2596514120530864,0.7397042229267982,0.3260442535097339,-0.0273401803088958,72,8072,6643
0.6886075949657529,0.2596514120530864,0.7397042229267982,0.3260442535097339,-0.0273401803088958,73,8072,6643
0.6886075949657529,0.2596514120530864,0.7397042229267982,0.3260442535097339,-0.0273401803088958,74,8072,6643
0.6886075949657529,0.2596514120530864,0.7397042229267982,0.3260442535097339,-0.0273401803088958,75,8072,6643
0.6886075949657529,0.2596514120530864,0.7397042229267982,0.3260442535097339,-0.0273401803088958,76,8072,6643
0.6886075949657529,0.2596514120530864,0.7397042229267982,0.3260442535097339,-0.0273401803088958,77,8072,6643
0.6886075949657529,0.2596514120530864,0.7397042229267982,0.3260442535097339,-0.0273401803088958,78,8072,6643
0.6886075949657529,0.2596514120530864,0.7397042229267982,0.3260442535097339,-0.0273401803088958,79,8072,6643
0.6886075949657529,0.2596514120530864,0.7397042229267982,0.3260442535097339,-0.0273401803088958,80,8072,6643
0.6886075949657529,0.2596514120530864,0.7397042229267982,0.3260442535097339,-0.0273401803088958,81,8072,6643
0.6886075949657529,0.2596514120530864,0.7397042229267982,0.3260442535097339,-0.0273401803088958,82,8072,6643
0.6886075949657529,0.2596514120530864,0.7397042229267982,0.3260442535097339,-0.0273401803088958,83,8072,6643
0.6886075949657529,0.2596514120530864,0.7397042229267982,0.3260442535097339,-0.0273401803088958,84,8072,6643
0.6886075949657529,0.2596514120530864,0.7397042229267982,0.3260442535097339,-0.0273401803088958,85,8072,6643
0.6886075949657529,0.2596514120530864,0.7397042229267982,0.3260442535097339,-0.0273401803088958,86,8072,6643
0.6886075949657529,0.2596514120530864,0.7397042229267982,0.3260442535097339,-0.0273401803088958,87,8072,6643
0.6886075949657529,0.2596514120530864,0.7397042229267982,0.3260442535097339,-0.0273401803088958,88,8072,6643
0.6886075949657529,0.2596514120530864,0.7397042229267982,0.3260442535097339,-0.0273401803088958,89,8072,6643
0.6886075949657529,0.2596514120530864,0.7397042229267982,0.3260442535097339,-0.0273401803088958,90,8072,6643
0.6886075949657529,0.2596514120530864,0.7397042229267982,0.3260442535097339,-0.0273401803088958,91,8072,6643
0.6886075949657529,0.2596514120530864,0.7397042229267982,0.3260442535097339,-0.0273401803088958,92,8072,6643
0.5895020620840481,0.1244603325154798,0.9541513368666424,0.3992910134865952,0.0901254315016216,0,8072,7357
0.5895020620840481,0.1244603325154798,0.9541513368666424,0.3992910134865952,0.0901254315016216,1,8072,7357
0.8223058783990785,0.2922270553881868,0.8168877584900717,0.3253564495777712,0.0216460943917725,2,8072,7357
0.8223058783990785,0.2922270553881868,0.8168877584900717,0.3253564495777712,0.0216460943917725,3,8072,7357
0.8223058783990785,0.2922270553881868,0.8168877584900717,0.3253564495777712,0.0216460943917725,4,8072,7357
0.8223058783990785,0.2922270553881868,0.8168877584900717,0.3253564495777712,0.0216460943917725,5,8072,7357
0.8223058783990785,0.2922270553881868,0.8168877584900717,0.3253564495777712,0.0216460943917725,6,8072,7357
0.8223058783990785,0.2922270553881868,0.8168877584900717,0.3253564495777712,0.0216460943917725,7,8072,7357
0.7712107620766999,0.2918157532233063,0.7714084031289681,0.3264154227460037,0.0119139934216161,8,8072,7357
0.5344312614789574,0.2947360762172974,0.7371965675095835,0.3259289584208367,-0.0024163792819151,9,8072,7357
0.5344312614789574,0.2947360762172974,0.7371965675095835,0.3259289584208367,-0.0024163792819151,10,8072,7357
0.5344312614789574,0.2947360762172974,0.7371965675095835,0.3259289584208367,-0.0024163792819151,11,8072,7357
0.5344312614789574,0.2947360762172974,0.7371965675095835,0.3259289584208367,-0.0024163792819151,12,8072,7357
0.5344312614789574,0.2947360762172974,0.7371965675095835,0.3259289584208367,-0.0024163792819151,13,8072,7357
0.6881229626015263,0.2607411933142098,0.7654910708863079,0.3257373268590953,-0.0054776488980099,14,8072,7357
0.6881229626015263,0.2607411933142098,0.7654910708863079,0.3257373268590953,-0.0054776488980099,15,8072,7357
0.6881229626015263,0.2607411933142098,0.7654910708863079,0.3257373268590953,-0.0054776488980099,16,8072,7357
0.6881229626015263,0.2607411933142098,0.7654910708863079,0.3257373268590953,-0.0054776488980099,17,8072,7357
0.6881229626015263,0.2607411933142098,0.7654910708863079,0.3257373268590953,-0.0054776488980099,18,8072,7357
0.6881229626015263,0.2607411933142098,0.7654910708863079,0.3257373268590953,-0.0054776488980099,19,8072,7357
0.6881229626015263,0.2607411933142098,0.7654910708863079,0.3257373268590953,-0.0054776488980099,20,8072,7357
0.6881229626015263,0.2607411933142098,0.7654910708863079,0.3257373268590953,-0.0054776488980099,21,8072,7357
0.6881229626015263,0.2607411933142098,0.7654910708863079,0.3257373268590953,-0.0054776488980099,22,8072,7357
0.6881229626015263,0.2607411933142098,0.7654910708863079,0.3257373268590953,-0.0054776488980099,23,8072,7357
0.6881229626015263,0.2607411933142098,0.7367152112415933,0.3257373268590953,-0.0118125744168464,24,8072,7357
0.6881229626015263,0.2607411933142098,0.7367152112415933,0.3257373268590953,-0.0118125744168464,25,8072,7357
0.6881229626015263,0.2607411933142098,0.7367152112415933,0.3257373268590953,-0.0118125744168464,26,8072,7357
0.6881229626015263,0.2607411933142098,0.7367152112415933,0.3257373268590953,-0.0118125744168464,27,8072,7357
0.6881229626015263,0.2607411933142098,0.7367152112415933,0.3257373268590953,-0.0118125744168464,28,8072,7357
0.6882130734699045,0.2579272489772456,0.908637012953612,0.324292809031485,-0.0148888489124203,29,8072,7357
0.6882130734699045,0.2579272489772456,0.908637012953612,0.324292809031485,-0.0148888489124203,30,8072,7357
0.6882130734699045,0.2579272489772456,0.908637012953612,0.324292809031485,-0.0148888489124203,31,8072,7357
0.6882130734699045,0.2579272489772456,0.908637012953612,0.324292809031485,-0.0148888489124203,32,8072,7357
0.6882130734699045,0.2579272489772456,0.908637012953612,0.324292809031485,-0.0148888489124203,33,8072,7357
0.6882130734699045,0.2579272489772456,0.908637012953612,0.324292809031485,-0.0148888489124203,34,8072,7357
0.6882130734699045,0.2579272489772456,0.908637012953612,0.324292809031485,-0.0148888489124203,35,8072,7357
0.6882130734699045,0.2579272489772456,0.908637012953612,0.324292809031485,-0.0148888489124203,36,8072,7357
0.6882130734699045,0.2579272489772456,0.908637012953612,0.324292809031485,-0.0148888489124203,37,8072,7357
0.6882130734699045,0.2579272489772456,0.908637012953612,0.324292809031485,-0.0148888489124203,38,8072,7357
0.6882130734699045,0.2579272489772456,0.908637012953612,0.324292809031485,-0.0148888489124203,39,8072,7357
0.6882130734699045,0.2579179549172599,0.908637012953612,0.3257086876431735,-0.0154433387343269,40,8072,7357
0.6881229626015263,0.2607411933142098,0.9088188941537984,0.3167414376331041,-0.0181003099483953,41,8072,7357
0.6881229626015263,0.2607411933142098,0.9088188941537984,0.3167414376331041,-0.0181003099483953,42,8072,7357
0.6881227675288567,0.2623041924388594,0.9088188941537984,0.3256142625543314,-0.0209752694633349,43,8072,7357
0.6881227675288567,0.2623041924388594,0.9088188941537984,0.3256142625543314,-0.0209752694633349,44,8072,7357
0.6881227675288567,0.2623041924388594,0.9088188941537984,0.3256142625543314,-0.0209752694633349,45,8072,7357
0.6881227675288567,0.2623041924388594,0.9088188941537984,0.3256142625543314,-0.0209752694633349,46,8072,7357
0.6881227675288567,0.2623041924388594,0.9088188941537984,0.3256142625543314,-0.0209752694633349,47,8072,7357
0.6881227675288567,0.2623041924388594,0.9088188941537984,0.3256142625543314,-0.0209752694633349,48,8072,7357
0.6881227675288567,0.2623041924388594,0.9088188941537984,0.3256142625543314,-0.0209752694633349,49,8072,7357
0.6881227675288567,0.2623041924388594,0.9088188941537984,0.3256142625543314,-0.0209752694633349,50,8072,7357
0.6881227675288567,0.2623041924388594,0.9088188941537984,0.3256142625543314,-0.0209752694633349,51,8072,7357
0.6881227675288567,0.2623041924388594,0.9088188941537984,0.3256142625543314,-0.0209752694633349,52,8072,7357
0.6881227675288567,0.2623041924388594,0.9088188941537984,0.3256142625543314,-0.0209752694633349,53,8072,7357
0.6881227675288567,0.2623041924388594,0.9088188941537984,0.3256142625543314,-0.0209752694633349,54,8072,7357
0.6881227675288567,0.2623041924388594,0.9088188941537984,0.3256142625543314,-0.0209752694633349,55,8072,7357
0.6881227675288567,0.2623041924388594,0.9088188941537984,0.3256142625543314,-0.0209752694633349,56,8072,7357
0.6881227675288567,0.2623041924388594,0.9088188941537984,0.3256142625543314,-0.0209752694633349,57,8072,7357
0.6881227675288567,0.2623041924388594,0.9088188941537984,0.3256142625543314,-0.0209752694633349,58,8072,7357
0.6881227675288567,0.2623041924388594,0.9088188941537984,0.3256142625543314,-0.0209752694633349,59,8072,7357
0.6881227675288567,0.2623041924388594,0.9088188941537984,0.3256142625543314,-0.0209752694633349,60,8072,7357
0.6881227675288567,0.2623041924388594,0.9088188941537984,0.3256142625543314,-0.0209752694633349,61,8072,7357
0.6881227675288567,0.2623041924388594,0.9088188941537984,0.3256142625543314,-0.0209752694633349,62,8072,7357
0.6881227675288567,0.2623041924388594,0.9088188941537984,0.3256142625543314,-0.0209752694633349,63,8072,7357
0.6881227675288567,0.2623041924388594,0.9088188941537984,0.3256142625543314,-0.0209752694633349,64,8072,7357
0.6881227675288567,0.2623041924388594,0.9088188941537984,0.3256142625543314,-0.0209752694633349,65,8072,7357
0.20345524067614962,0.38042426988653233,0.971598413446888,0.2164535799990539,0.1367916193158995,0,8072,8072
0.3684417860387493,0.36765282121790155,0.9820322321825072,0.2164535799990539,0.13157161887287985,1,8072,8072
0.6842509013632248,0.11995104706717391,0.5103032497386853,0.2804364997952059,0.12543601064754503,2,8072,8072
0.203548750147677,0.29950892520386657,0.9936584184192332,0.20216729421407859,0.11656589151344052,3,8072,8072
0.3684417860387493,0.2716418558656254,0.976359404407711,0.23557888636081892,0.10970205376854214,4,8072,8072
0.5896056146776595,0.2877376502967494,0.9687467837727496,0.21836890768858244,0.06698234989915383,5,8072,8072
0.5896056146776595,0.2877376502967494,0.9687467837727496,0.21836890768858244,0.06698234989915383,6,8072,8072
0.6302731858451373,0.2877376502967494,0.8550076865557935,0.21654620258823584,0.06375697313687495,7,8072,8072
0.6302731858451373,0.2877376502967494,0.8550076865557935,0.21654620258823584,0.06375697313687495,8,8072,8072
0.5564182038544779,0.27094149992527783,0.8797331207986152,0.21856095832669203,0.06326044526896131,9,8072,8072
0.6276142486223691,0.2880767074770105,0.8821933866035191,0.28617340314916034,0.06034373111334874,10,8072,8072
0.6834760873856138,0.2741545960946506,0.8912490523231915,0.2070647733143664,0.05568190918767563,11,8072,8072
0.688484781538572,0.2664574311570977,0.8660358145534628,0.2714292800864909,0.053123862988837194,12,8072,8072
0.688484781538572,0.2664574311570977,0.8660358145534628,0.2714292800864909,0.053123862988837194,13,8072,8072
0.688484781538572,0.2664574311570977,0.8660358145534628,0.2714292800864909,0.053123862988837194,14,8072,8072
0.688484781538572,0.2664574311570977,0.8660358145534628,0.2714292800864909,0.053123862988837194,15,8072,8072
0.688484781538572,0.2664574311570977,0.8660358145534628,0.2714292800864909,0.053123862988837194,16,8072,8072
0.688484781538572,0.2664574311570977,0.8660358145534628,0.2714292800864909,0.053123862988837194,17,8072,8072
0.688484781538572,0.26625642567202806,0.9054488614424199,0.20902836342826311,0.05180658380820145,18,8072,8072
0.688484781538572,0.26625642567202806,0.9054488614424199,0.20902836342826311,0.05180658380820145,19,8072,8072
0.6882166405309617,0.2741545960946506,0.8909369534000633,0.28819699007553806,0.05062396266168423,20,8072,8072
0.6886872307482597,0.2741545960946506,0.8912337083713457,0.2529290184620221,0.05016588903255423,21,8072,8072
0.6886872307482597,0.2741545960946506,0.8912337083713457,0.2529290184620221,0.05016588903255423,22,8072,8072
0.6885689547120404,0.26836922629059495,0.907465874799405,0.250455217226511,0.048206060586915365,23,8072,8072
0.6885689547120404,0.26836922629059495,0.907465874799405,0.250455217226511,0.048206060586915365,24,8072,8072
0.6885689547120404,0.26836922629059495,0.907465874799405,0.250455217226511,0.048206060586915365,25,8072,8072
0.6885689547120404,0.26836922629059495,0.907465874799405,0.250455217226511,0.048206060586915365,26,8072,8072
0.6885689547120404,0.26836922629059495,0.907465874799405,0.250455217226511,0.048206060586915365,27,8072,8072
0.6885689547120404,0.26836922629059495,0.907465874799405,0.250455217226511,0.048206060586915365,28,8072,8072
0.6885689547120404,0.26836922629059495,0.907465874799405,0.250455217226511,0.048206060586915365,29,8072,8072
0.6885689547120404,0.26836922629059495,0.907465874799405,0.250455217226511,0.048206060586915365,30,8072,8072
0.6882610543951799,0.27433750042634664,0.9072266913747304,0.256630788731632,0.047908061211351084,31,8072,8072
0.6882610543951799,0.27433750042634664,0.9072266913747304,0.256630788731632,0.047908061211351084,32,8072,8072
0.6882610543951799,0.27433750042634664,0.9072266913747304,0.256630788731632,0.047908061211351084,33,8072,8072
0.6882610543951799,0.27433750042634664,0.9072266913747304,0.256630788731632,0.047908061211351084,34,8072,8072
0.6882610543951799,0.27433750042634664,0.9072266913747304,0.256630788731632,0.047908061211351084,35,8072,8072
0.6882610543951799,0.27433750042634664,0.9072266913747304,0.256630788731632,0.047908061211351084,36,8072,8072
0.6884875204433039,0.2913005085183226,0.9074279234299611,0.24909137227024725,0.047858250218276714,37,8072,8072
0.6884875204433039,0.2913005085183226,0.9074279234299611,0.24909137227024725,0.047858250218276714,38,8072,8072
0.6882205883281631,0.26952639793780375,0.9086182203150364,0.24091233784348903,0.04730481223244909,39,8072,8072
0.6882205883281631,0.26952639793780375,0.9086182203150364,0.26612622356095983,0.04676337187290608,40,8072,8072
0.6882205883281631,0.26952639793780375,0.9086182203150364,0.26612622356095983,0.04676337187290608,41,8072,8072
0.6882205883281631,0.26952639793780375,0.9086182203150364,0.26612622356095983,0.04676337187290608,42,8072,8072
0.6882205883281631,0.26952639793780375,0.9086182203150364,0.26612622356095983,0.04676337187290608,43,8072,8072
0.6883115606702633,0.2899844222231778,0.9086025046523424,0.24909137227024725,0.04598545710573926,44,8072,8072
0.6883115606702633,0.2899844222231778,0.9086025046523424,0.24909137227024725,0.04598545710573926,45,8072,8072
0.6883115606702633,0.2899844222231778,0.9086025046523424,0.24909137227024725,0.04598545710573926,46,8072,8072
0.6883115606702633,0.2899844222231778,0.9086025046523424,0.24909137227024725,0.04598545710573926,47,8072,8072
0.6882210320695051,0.26995978899396256,0.9087032802491858,0.2541973069311915,0.040342458382926286,48,8072,8072
0.6882210320695051,0.26995978899396256,0.9087032802491858,0.2541973069311915,0.040342458382926286,49,8072,8072
0.6882236693964534,0.2948524905465037,0.9087471990776057,0.24909137227024725,0.040140410751235714,50,8072,8072
0.6882236693964534,0.2948524905465037,0.9087471990776057,0.24909137227024725,0.040140410751235714,51,8072,8072
0.6882236693964534,0.2948524905465037,0.9087471990776057,0.24909137227024725,0.040140410751235714,52,8072,8072
0.6882236693964534,0.2948524905465037,0.9087471990776057,0.24909137227024725,0.040140410751235714,53,8072,8072
0.6882236693964534,0.2948524905465037,0.9087471990776057,0.24909137227024725,0.040140410751235714,54,8072,8072
0.6882236693964534,0.2948524905465037,0.9087471990776057,0.24909137227024725,0.040140410751235714,55,8072,8072
0.6882236693964534,0.2948524905465037,0.9087471990776057,0.24909137227024725,0.040140410751235714,56,8072,8072
0.6882236693964534,0.2948524905465037,0.9087471990776057,0.24909137227024725,0.040140410751235714,57,8072,8072
0.6882236693964534,0.2948524905465037,0.9087471990776057,0.24909137227024725,0.040140410751235714,58,8072,8072
0.6882236693964534,0.2948524905465037,0.9087471990776057,0.24909137227024725,0.040140410751235714,59,8072,8072
0.6882236693964534,0.2948524905465037,0.9087471990776057,0.24909137227024725,0.040140410751235714,60,8072,8072
0.6882236693964534,0.2948524905465037,0.9087471990776057,0.24909137227024725,0.040140410751235714,61,8072,8072
0.6882236693964534,0.2948524905465037,0.9087471990776057,0.24909137227024725,0.040140410751235714,62,8072,8072
0.6882236693964534,0.2948524905465037,0.9087471990776057,0.24909137227024725,0.040140410751235714,63,8072,8072
0.6882236693964534,0.2948524905465037,0.9087471990776057,0.24909137227024725,0.040140410751235714,64,8072,8072
0.6882236693964534,0.2948524905465037,0.9087471990776057,0.24909137227024725,0.040140410751235714,65,8072,8072
0.6882236693964534,0.2948524905465037,0.9087471990776057,0.24909137227024725,0.040140410751235714,66,8072,8072
0.6882236693964534,0.2948524905465037,0.9087471990776057,0.24909137227024725,0.040140410751235714,67,8072,8072
0.6882236693964534,0.2948524905465037,0.9087471990776057,0.24909137227024725,0.040140410751235714,68,8072,8072
0.6882236693964534,0.2948524905465037,0.9087471990776057,0.24909137227024725,0.040140410751235714,69,8072,8072
0.6882236693964534,0.2948524905465037,0.9087471990776057,0.24909137227024725,0.040140410751235714,70,8072,8072
0.6882236693964534,0.2948524905465037,0.9087471990776057,0.24909137227024725,0.040140410751235714,71,8072,8072
0.6882236693964534,0.2948524905465037,0.9087471990776057,0.24909137227024725,0.040140410751235714,72,8072,8072
0.6882236693964534,0.2948524905465037,0.9087471990776057,0.24909137227024725,0.040140410751235714,73,8072,8072
0.6882236693964534,0.2948524905465037,0.9087471990776057,0.24909137227024725,0.040140410751235714,74,8072,8072
0.6882236693964534,0.2948524905465037,0.9087471990776057,0.24909137227024725,0.040140410751235714,75,8072,8072
