alpha,gamma,beta,p_frac,performance,iteration,m,n
0.3297317164990921,0.3962561622169864,0.6415135895056033,0.4294641446388775,-0.3050846172529864,0,3072,3072
0.3684417860387493,0.3676528212179015,0.9820322321825072,0.2164535799990539,-0.3122421336167629,1,3072,3072
0.3684417860387493,0.3610410642276292,0.9820322321825072,0.2337940845124397,-0.3161734911896551,2,3072,3072
0.3684417860387493,0.3610410642276292,0.9820322321825072,0.2337940845124397,-0.3161734911896551,3,3072,3072
0.3674048294348954,0.3390683789893042,0.9820322321825072,0.2664566152181137,-0.3167379042782199,4,3072,3072
0.3674048294348954,0.3390683789893042,0.9820322321825072,0.2664566152181137,-0.3167379042782199,5,3072,3072
0.3674048294348954,0.3390683789893042,0.9820322321825072,0.2664566152181137,-0.3167379042782199,6,3072,3072
0.3674048294348954,0.3390683789893042,0.9820322321825072,0.2664566152181137,-0.3167379042782199,7,3072,3072
0.3912890156774109,0.3358437758036642,0.9820322321825072,0.263815650690389,-0.3188591825659744,8,3072,3072
0.3285589566214569,0.2867098855518109,0.9820322321825072,0.2984336576847174,-0.3194727956274482,9,3072,3072
0.4052849577844885,0.3542035053260004,0.9815617562439424,0.2945160534706116,-0.3231759339773857,10,3072,3072
0.4052849577844885,0.3542035053260004,0.9815617562439424,0.2945160534706116,-0.3231759339773857,11,3072,3072
0.4052849577844885,0.3542035053260004,0.9815617562439424,0.2945160534706116,-0.3231759339773857,12,3072,3072
0.4052849577844885,0.3542035053260004,0.9815617562439424,0.2945160534706116,-0.3231759339773857,13,3072,3072
0.4052849577844885,0.3542035053260004,0.9815617562439424,0.2945160534706116,-0.3231759339773857,14,3072,3072
0.4052849577844885,0.3542035053260004,0.9815617562439424,0.2945160534706116,-0.3231759339773857,15,3072,3072
0.4052849577844885,0.3542035053260004,0.9815617562439424,0.2945160534706116,-0.3231759339773857,16,3072,3072
0.4052849577844885,0.3542035053260004,0.9815617562439424,0.2945160534706116,-0.3231759339773857,17,3072,3072
0.4052849577844885,0.3542035053260004,0.9815617562439424,0.2945160534706116,-0.3231759339773857,18,3072,3072
0.4052849577844885,0.3542035053260004,0.9815617562439424,0.2945160534706116,-0.3231759339773857,19,3072,3072
0.4052849577844885,0.3542035053260004,0.9815617562439424,0.2945160534706116,-0.3231759339773857,20,3072,3072
0.4052849577844885,0.3542035053260004,0.9815617562439424,0.2945160534706116,-0.3231759339773857,21,3072,3072
0.4052849577844885,0.3542035053260004,0.9815617562439424,0.2945160534706116,-0.3231759339773857,22,3072,3072
0.4052849577844885,0.3542035053260004,0.9815617562439424,0.2945160534706116,-0.3231759339773857,23,3072,3072
0.4052849577844885,0.3542035053260004,0.9815617562439424,0.2945160534706116,-0.3231759339773857,24,3072,3072
0.4052849577844885,0.3542035053260004,0.9815617562439424,0.2945160534706116,-0.3231759339773857,25,3072,3072
0.4052849577844885,0.3542035053260004,0.9815617562439424,0.2945160534706116,-0.3231759339773857,26,3072,3072
0.4052849577844885,0.3542035053260004,0.9815617562439424,0.2945160534706116,-0.3231759339773857,27,3072,3072
0.4052849577844885,0.3542035053260004,0.9815617562439424,0.2945160534706116,-0.3231759339773857,28,3072,3072
0.4052849577844885,0.3542035053260004,0.9815617562439424,0.2945160534706116,-0.3231759339773857,29,3072,3072
0.4052849577844885,0.3542035053260004,0.9815617562439424,0.2945160534706116,-0.3231759339773857,30,3072,3072
0.4052849577844885,0.3542035053260004,0.9815617562439424,0.2945160534706116,-0.3231759339773857,31,3072,3072
0.4052849577844885,0.3542035053260004,0.9815617562439424,0.2945160534706116,-0.3231759339773857,32,3072,3072
0.4052849577844885,0.3542035053260004,0.9815617562439424,0.2945160534706116,-0.3231759339773857,33,3072,3072
0.3297317164990921,0.3962561622169864,0.6415135895056033,0.4294641446388775,-0.3016850824351049,0,3072,3786
0.3684417860387493,0.3676528212179015,0.9820322321825072,0.2164535799990539,-0.3134798659385774,1,3072,3786
0.3684417860387493,0.3610410642276292,0.9820322321825072,0.2337940845124397,-0.3174112235114696,2,3072,3786
0.3851463719855195,0.3676528212179015,0.9736363797025172,0.3946572283860113,-0.3177583146987547,3,3072,3786
0.3851463719855195,0.3676528212179015,0.9736363797025172,0.3946572283860113,-0.3177583146987547,4,3072,3786
0.4064194526734855,0.2923567633360831,0.9705068875158752,0.1927825061096234,-0.318939583331683,5,3072,3786
0.4064194526734855,0.2923567633360831,0.9705068875158752,0.1927825061096234,-0.318939583331683,6,3072,3786
0.4028850091899377,0.3679772526957001,0.6361941109209196,0.3946572283860113,-0.3191821447826045,7,3072,3786
0.3730561740894517,0.2648282499800299,0.9849613225935706,0.2948709554266,-0.3216994695439046,8,3072,3786
0.3730561740894517,0.2648282499800299,0.9849613225935706,0.2948709554266,-0.3216994695439046,9,3072,3786
0.404895203265952,0.3048813417861486,0.9869882493792324,0.3090749610706782,-0.3227122172406825,10,3072,3786
0.4016545530864703,0.2929976874025348,0.9994849494242832,0.2989792558360439,-0.3238207478316591,11,3072,3786
0.4016545530864703,0.2929976874025348,0.9994849494242832,0.2989792558360439,-0.3238207478316591,12,3072,3786
0.4016545530864703,0.2929976874025348,0.9994849494242832,0.2989792558360439,-0.3238207478316591,13,3072,3786
0.4016545530864703,0.2929976874025348,0.9994849494242832,0.2989792558360439,-0.3238207478316591,14,3072,3786
0.4005612470850108,0.3447182478443404,0.9994041746497896,0.2983145395709233,-0.3244136662992002,15,3072,3786
0.4005612470850108,0.3447182478443404,0.9994041746497896,0.2983145395709233,-0.3244136662992002,16,3072,3786
0.4005612470850108,0.3447182478443404,0.9994041746497896,0.2983145395709233,-0.3244136662992002,17,3072,3786
0.4005612470850108,0.3447182478443404,0.9994041746497896,0.2983145395709233,-0.3244136662992002,18,3072,3786
0.4005612470850108,0.3447182478443404,0.9994041746497896,0.2983145395709233,-0.3244136662992002,19,3072,3786
0.4005612470850108,0.3447182478443404,0.9994041746497896,0.2983145395709233,-0.3244136662992002,20,3072,3786
0.4005612470850108,0.3447182478443404,0.9994041746497896,0.2983145395709233,-0.3244136662992002,21,3072,3786
0.4005612470850108,0.3447182478443404,0.9994041746497896,0.2983145395709233,-0.3244136662992002,22,3072,3786
0.4005612470850108,0.3447182478443404,0.9994041746497896,0.2983145395709233,-0.3244136662992002,23,3072,3786
0.4005612470850108,0.3447182478443404,0.9994041746497896,0.2983145395709233,-0.3244136662992002,24,3072,3786
0.4005612470850108,0.3447182478443404,0.9994041746497896,0.2983145395709233,-0.3244136662992002,25,3072,3786
0.4005612470850108,0.3447182478443404,0.9994041746497896,0.2983145395709233,-0.3244136662992002,26,3072,3786
0.4005612470850108,0.3447182478443404,0.9994041746497896,0.2983145395709233,-0.3244136662992002,27,3072,3786
0.4005612470850108,0.3447182478443404,0.9994041746497896,0.2983145395709233,-0.3244136662992002,28,3072,3786
0.4005612470850108,0.3447182478443404,0.9994041746497896,0.2983145395709233,-0.3244136662992002,29,3072,3786
0.4005612470850108,0.3447182478443404,0.9994041746497896,0.2983145395709233,-0.3244136662992002,30,3072,3786
0.4005612470850108,0.3447182478443404,0.9994041746497896,0.2983145395709233,-0.3244136662992002,31,3072,3786
0.4005612470850108,0.3447182478443404,0.9994041746497896,0.2983145395709233,-0.3244136662992002,32,3072,3786
0.4005612470850108,0.3447182478443404,0.9994041746497896,0.2983145395709233,-0.3244136662992002,33,3072,3786
0.4005612470850108,0.3447182478443404,0.9994041746497896,0.2983145395709233,-0.3244136662992002,34,3072,3786
0.4005612470850108,0.3447182478443404,0.9994041746497896,0.2983145395709233,-0.3244136662992002,35,3072,3786
0.4005612470850108,0.3447182478443404,0.9994041746497896,0.2983145395709233,-0.3244136662992002,36,3072,3786
0.4005612470850108,0.3447182478443404,0.9994041746497896,0.2983145395709233,-0.3244136662992002,37,3072,3786
0.4005612470850108,0.3447182478443404,0.9994041746497896,0.2983145395709233,-0.3244136662992002,38,3072,3786
0.4005612470850108,0.3447182478443404,0.9994041746497896,0.2983145395709233,-0.3244136662992002,39,3072,3786
0.4005612470850108,0.3447182478443404,0.9994041746497896,0.2983145395709233,-0.3244136662992002,40,3072,3786
0.3297317164990921,0.3962561622169864,0.6415135895056033,0.4294641446388775,-0.2695455957969502,0,3072,4500
0.3684417860387493,0.3676528212179015,0.9820322321825072,0.2164535799990539,-0.289322433681895,1,3072,4500
0.3684417860387493,0.3610410642276292,0.9820322321825072,0.2337940845124397,-0.2932537912547872,2,3072,4500
0.3684417860387493,0.3610410642276292,0.9820322321825072,0.2337940845124397,-0.2932537912547872,3,3072,4500
0.3684417860387493,0.3610410642276292,0.9820322321825072,0.2337940845124397,-0.2932537912547872,4,3072,4500
0.3887002697649012,0.2934804323170666,0.9783311911304764,0.2874207873590436,-0.2953465641635653,5,3072,4500
0.3673357377633857,0.2793622857896779,0.9783311911304764,0.2980644514198618,-0.2975420372872222,6,3072,4500
0.3673357377633857,0.2793622857896779,0.9783311911304764,0.2980644514198618,-0.2975420372872222,7,3072,4500
0.3673357377633857,0.2793622857896779,0.9783311911304764,0.2980644514198618,-0.2975420372872222,8,3072,4500
0.4117119262328513,0.3964751941544687,0.9783311911304764,0.2981103273724786,-0.2993501181683121,9,3072,4500
0.4145201708643831,0.3633660584335098,0.9717945472226612,0.2980133934900675,-0.3002562340425176,10,3072,4500
0.4145201708643831,0.3633660584335098,0.9717945472226612,0.2980133934900675,-0.3002562340425176,11,3072,4500
0.4145201708643831,0.3633660584335098,0.9717945472226612,0.2980133934900675,-0.3002562340425176,12,3072,4500
0.4145201708643831,0.3633660584335098,0.9717945472226612,0.2980133934900675,-0.3002562340425176,13,3072,4500
0.4145201708643831,0.3633660584335098,0.9717945472226612,0.2980133934900675,-0.3002562340425176,14,3072,4500
0.4145201708643831,0.3633660584335098,0.9717945472226612,0.2980133934900675,-0.3002562340425176,15,3072,4500
0.4145201708643831,0.3633660584335098,0.9717945472226612,0.2980133934900675,-0.3002562340425176,16,3072,4500
0.4145201708643831,0.3633660584335098,0.9717945472226612,0.2980133934900675,-0.3002562340425176,17,3072,4500
0.4145201708643831,0.3633660584335098,0.9717945472226612,0.2980133934900675,-0.3002562340425176,18,3072,4500
0.4145201708643831,0.3633660584335098,0.9717945472226612,0.2980133934900675,-0.3002562340425176,19,3072,4500
0.4145201708643831,0.3633660584335098,0.9717945472226612,0.2980133934900675,-0.3002562340425176,20,3072,4500
0.4145201708643831,0.3633660584335098,0.9717945472226612,0.2980133934900675,-0.3002562340425176,21,3072,4500
0.4145201708643831,0.3633660584335098,0.9717945472226612,0.2980133934900675,-0.3002562340425176,22,3072,4500
0.4145201708643831,0.3633660584335098,0.9717945472226612,0.2980133934900675,-0.3002562340425176,23,3072,4500
0.4145201708643831,0.3633660584335098,0.9717945472226612,0.2980133934900675,-0.3002562340425176,24,3072,4500
0.4145201708643831,0.3633660584335098,0.9717945472226612,0.2980133934900675,-0.3002562340425176,25,3072,4500
0.4145201708643831,0.3633660584335098,0.9717945472226612,0.2980133934900675,-0.3002562340425176,26,3072,4500
0.4145201708643831,0.3633660584335098,0.9717945472226612,0.2980133934900675,-0.3002562340425176,27,3072,4500
0.4145201708643831,0.3633660584335098,0.9717945472226612,0.2980133934900675,-0.3002562340425176,28,3072,4500
0.4145201708643831,0.3633660584335098,0.9717945472226612,0.2980133934900675,-0.3002562340425176,29,3072,4500
0.4145201708643831,0.3633660584335098,0.9717945472226612,0.2980133934900675,-0.3002562340425176,30,3072,4500
0.4145201708643831,0.3633660584335098,0.9717945472226612,0.2980133934900675,-0.3002562340425176,31,3072,4500
0.3297317164990921,0.3962561622169864,0.6415135895056033,0.4294641446388775,-0.2612444071565277,0,3072,5214
0.3684417860387493,0.3676528212179015,0.9820322321825072,0.2164535799990539,-0.2846492884839433,1,3072,5214
0.3684417860387493,0.3610410642276292,0.9820322321825072,0.2337940845124397,-0.2892026930663258,2,3072,5214
0.3684417860387493,0.3610410642276292,0.9820322321825072,0.2337940845124397,-0.2892026930663258,3,3072,5214
0.3684417860387493,0.3610410642276292,0.9820322321825072,0.2337940845124397,-0.2892026930663258,4,3072,5214
0.3684417860387493,0.3610410642276292,0.9820322321825072,0.2337940845124397,-0.2892026930663258,5,3072,5214
0.4143397502477072,0.2390047345561692,0.9922914575997396,0.3177326464802345,-0.2899184307601676,6,3072,5214
0.4143397502477072,0.2390047345561692,0.9922914575997396,0.3177326464802345,-0.2899184307601676,7,3072,5214
0.4025019142145059,0.2840396747194708,0.995559094470839,0.2535976545188462,-0.291295465975104,8,3072,5214
0.3766648115110881,0.2615965158657294,0.9926909146297116,0.3038699342370246,-0.2934909390987609,9,3072,5214
0.3766648115110881,0.2615965158657294,0.9926909146297116,0.3038699342370246,-0.2934909390987609,10,3072,5214
0.3766648115110881,0.3626334382636375,0.9926909146297116,0.3038699342370246,-0.2940838575663019,11,3072,5214
0.3766648115110881,0.3626334382636375,0.9926909146297116,0.3038699342370246,-0.2940838575663019,12,3072,5214
0.3766648115110881,0.3626334382636375,0.9926909146297116,0.3038699342370246,-0.2940838575663019,13,3072,5214
0.4018269057679286,0.2735588344760248,0.9745209456107083,0.2970776555834128,-0.2956122173865153,14,3072,5214
0.3918109782647744,0.3554161530099953,0.9926909146297116,0.3037077852235511,-0.2962051358540564,15,3072,5214
0.3918109782647744,0.3554161530099953,0.9926909146297116,0.3037077852235511,-0.2962051358540564,16,3072,5214
0.3918109782647744,0.3554161530099953,0.9926909146297116,0.3037077852235511,-0.2962051358540564,17,3072,5214
0.3918109782647744,0.3554161530099953,0.9926909146297116,0.3037077852235511,-0.2962051358540564,18,3072,5214
0.3918109782647744,0.3554161530099953,0.9926909146297116,0.3037077852235511,-0.2962051358540564,19,3072,5214
0.3918109782647744,0.3554161530099953,0.9926909146297116,0.3037077852235511,-0.2962051358540564,20,3072,5214
0.3918109782647744,0.3554161530099953,0.9926909146297116,0.3037077852235511,-0.2962051358540564,21,3072,5214
0.3918109782647744,0.3554161530099953,0.9926909146297116,0.3037077852235511,-0.2962051358540564,22,3072,5214
0.3918109782647744,0.3554161530099953,0.9926909146297116,0.3037077852235511,-0.2962051358540564,23,3072,5214
0.3918109782647744,0.3554161530099953,0.9926909146297116,0.3037077852235511,-0.2962051358540564,24,3072,5214
0.3918109782647744,0.3554161530099953,0.9926909146297116,0.3037077852235511,-0.2962051358540564,25,3072,5214
0.3918109782647744,0.3554161530099953,0.9926909146297116,0.3037077852235511,-0.2962051358540564,26,3072,5214
0.3918109782647744,0.3554161530099953,0.9926909146297116,0.3037077852235511,-0.2962051358540564,27,3072,5214
0.3918109782647744,0.3554161530099953,0.9926909146297116,0.3037077852235511,-0.2962051358540564,28,3072,5214
0.3918109782647744,0.3554161530099953,0.9926909146297116,0.3037077852235511,-0.2962051358540564,29,3072,5214
0.3918109782647744,0.3554161530099953,0.9926909146297116,0.3037077852235511,-0.2962051358540564,30,3072,5214
0.3918109782647744,0.3554161530099953,0.9926909146297116,0.3037077852235511,-0.2962051358540564,31,3072,5214
0.3918109782647744,0.3554161530099953,0.9926909146297116,0.3037077852235511,-0.2962051358540564,32,3072,5214
0.3918109782647744,0.3554161530099953,0.9926909146297116,0.3037077852235511,-0.2962051358540564,33,3072,5214
0.3918109782647744,0.3554161530099953,0.9926909146297116,0.3037077852235511,-0.2962051358540564,34,3072,5214
0.3918109782647744,0.3554161530099953,0.9926909146297116,0.3037077852235511,-0.2962051358540564,35,3072,5214
0.3918109782647744,0.3554161530099953,0.9926909146297116,0.3037077852235511,-0.2962051358540564,36,3072,5214
0.3918109782647744,0.3554161530099953,0.9926909146297116,0.3037077852235511,-0.2962051358540564,37,3072,5214
0.3918109782647744,0.3554161530099953,0.9926909146297116,0.3037077852235511,-0.2962051358540564,38,3072,5214
0.3918109782647744,0.3554161530099953,0.9926909146297116,0.3037077852235511,-0.2962051358540564,39,3072,5214
0.5160685855478787,0.2568674672271027,0.8060357075271236,0.1321788416191956,-0.2821136163222262,0,3072,5929
0.3684417860387493,0.3676528212179015,0.9820322321825072,0.2164535799990539,-0.3118942439991271,1,3072,5929
0.3581370874955897,0.3676528212179015,0.9665990421152062,0.2164535799990539,-0.3119410429812847,2,3072,5929
0.3684417860387493,0.321788464567451,0.9931208101881268,0.2164535799990539,-0.3190799709112076,3,3072,5929
0.3684417860387493,0.321788464567451,0.9931208101881268,0.2164535799990539,-0.3190799709112076,4,3072,5929
0.3703596762724336,0.3777189269381526,0.982804461173973,0.3041586735412602,-0.3221395616343886,5,3072,5929
0.3703596762724336,0.2989723136087442,0.982804461173973,0.2587559452808571,-0.3250085371350578,6,3072,5929
0.4089558064651056,0.2877449584174194,0.9960443862628268,0.2617806407277977,-0.3257179778881013,7,3072,5929
0.3630259515719012,0.3272172316854352,0.9658357071327848,0.3199274105035308,-0.3260648771587255,8,3072,5929
0.3684991470595005,0.3217550424893428,0.9658357071327848,0.3199274105035308,-0.3277540010298367,9,3072,5929
0.4103968873966234,0.3210959513465362,0.9666642582418766,0.3130387996732322,-0.328955966248209,10,3072,5929
0.4103968873966234,0.3210959513465362,0.9666642582418766,0.3130387996732322,-0.328955966248209,11,3072,5929
0.3680406513714718,0.2647457171996258,0.9924086666368108,0.2954005397476635,-0.3293252885464691,12,3072,5929
0.3680406513714718,0.2647457171996258,0.9924086666368108,0.2954005397476635,-0.3293252885464691,13,3072,5929
0.3908184732401812,0.2694967297273667,0.9676076537329068,0.2968888785817303,-0.3300347292995126,14,3072,5929
0.3908184732401812,0.2694967297273667,0.9676076537329068,0.2968888785817303,-0.3300347292995126,15,3072,5929
0.3908184732401812,0.2694967297273667,0.9676076537329068,0.2968888785817303,-0.3300347292995126,16,3072,5929
0.3908184732401812,0.2694967297273667,0.9676076537329068,0.2968888785817303,-0.3300347292995126,17,3072,5929
0.3908184732401812,0.2694967297273667,0.9676076537329068,0.2968888785817303,-0.3300347292995126,18,3072,5929
0.3908184732401812,0.2694967297273667,0.9676076537329068,0.2968888785817303,-0.3300347292995126,19,3072,5929
0.3908184732401812,0.2694967297273667,0.9676076537329068,0.2968888785817303,-0.3300347292995126,20,3072,5929
0.3908184732401812,0.2694967297273667,0.9676076537329068,0.2968888785817303,-0.3300347292995126,21,3072,5929
0.3908184732401812,0.2694967297273667,0.9676076537329068,0.2968888785817303,-0.3300347292995126,22,3072,5929
0.3908184732401812,0.2694967297273667,0.9676076537329068,0.2968888785817303,-0.3300347292995126,23,3072,5929
0.3908184732401812,0.2694967297273667,0.9676076537329068,0.2968888785817303,-0.3300347292995126,24,3072,5929
0.3908184732401812,0.2694967297273667,0.9676076537329068,0.2968888785817303,-0.3300347292995126,25,3072,5929
0.3908184732401812,0.2694967297273667,0.9676076537329068,0.2968888785817303,-0.3300347292995126,26,3072,5929
0.3908184732401812,0.2694967297273667,0.9676076537329068,0.2968888785817303,-0.3300347292995126,27,3072,5929
0.3908184732401812,0.2694967297273667,0.9676076537329068,0.2968888785817303,-0.3300347292995126,28,3072,5929
0.3908184732401812,0.2694967297273667,0.9676076537329068,0.2968888785817303,-0.3300347292995126,29,3072,5929
0.3908184732401812,0.2694967297273667,0.9676076537329068,0.2968888785817303,-0.3300347292995126,30,3072,5929
0.3908184732401812,0.2694967297273667,0.9676076537329068,0.2968888785817303,-0.3300347292995126,31,3072,5929
0.3908184732401812,0.2694967297273667,0.9676076537329068,0.2968888785817303,-0.3300347292995126,32,3072,5929
0.3908184732401812,0.2694967297273667,0.9676076537329068,0.2968888785817303,-0.3300347292995126,33,3072,5929
0.3908184732401812,0.2694967297273667,0.9676076537329068,0.2968888785817303,-0.3300347292995126,34,3072,5929
0.3908184732401812,0.2694967297273667,0.9676076537329068,0.2968888785817303,-0.3300347292995126,35,3072,5929
0.3908184732401812,0.2694967297273667,0.9676076537329068,0.2968888785817303,-0.3300347292995126,36,3072,5929
0.3908184732401812,0.2694967297273667,0.9676076537329068,0.2968888785817303,-0.3300347292995126,37,3072,5929
0.5160685855478787,0.2568674672271027,0.8060357075271236,0.1321788416191956,-0.2815673010206653,0,3072,6643
0.3684417860387493,0.3676528212179015,0.9820322321825072,0.2164535799990539,-0.3128802604258319,1,3072,6643
0.3684417860387493,0.3610410642276292,0.9820322321825072,0.2337940845124397,-0.3159075606453581,2,3072,6643
0.3684417860387493,0.3610410642276292,0.9820322321825072,0.2337940845124397,-0.3159075606453581,3,3072,6643
0.5150498135404084,0.3047869742563141,0.9772285194034422,0.3110220027073175,-0.3182716548848142,4,3072,6643
0.4024367838688181,0.2551972419310292,0.9539199592660512,0.2617024288142403,-0.3216990052571044,5,3072,6643
0.4481175623707396,0.3015746367312837,0.9772285194034422,0.3052981492569298,-0.3218883353497277,6,3072,6643
0.3873580586570351,0.2957437371082655,0.9772285194034422,0.3109025697255133,-0.3279636124617602,7,3072,6643
0.3873580586570351,0.2957437371082655,0.9772285194034422,0.3109025697255133,-0.3279636124617602,8,3072,6643
0.3873580586570351,0.2957437371082655,0.9772285194034422,0.3109025697255133,-0.3279636124617602,9,3072,6643
0.4045706081995985,0.3024017111883958,0.9974720085261084,0.3023845571066959,-0.3293521320121217,10,3072,6643
0.4045706081995985,0.3024017111883958,0.9974720085261084,0.3023845571066959,-0.3293521320121217,11,3072,6643
0.4045706081995985,0.3024017111883958,0.9974720085261084,0.3023845571066959,-0.3293521320121217,12,3072,6643
0.4045706081995985,0.3024017111883958,0.9974720085261084,0.3023845571066959,-0.3293521320121217,13,3072,6643
0.4045706081995985,0.3024017111883958,0.9974720085261084,0.3023845571066959,-0.3293521320121217,14,3072,6643
0.4045706081995985,0.3024017111883958,0.9974720085261084,0.3023845571066959,-0.3293521320121217,15,3072,6643
0.4045706081995985,0.3024017111883958,0.9974720085261084,0.3023845571066959,-0.3293521320121217,16,3072,6643
0.4045706081995985,0.3024017111883958,0.9974720085261084,0.3023845571066959,-0.3293521320121217,17,3072,6643
0.4045706081995985,0.3024017111883958,0.9974720085261084,0.3023845571066959,-0.3293521320121217,18,3072,6643
0.4045706081995985,0.3024017111883958,0.9974720085261084,0.3023845571066959,-0.3293521320121217,19,3072,6643
0.4045706081995985,0.3024017111883958,0.9974720085261084,0.3023845571066959,-0.3293521320121217,20,3072,6643
0.4045706081995985,0.3024017111883958,0.9974720085261084,0.3023845571066959,-0.3293521320121217,21,3072,6643
0.4045706081995985,0.3024017111883958,0.9974720085261084,0.3023845571066959,-0.3293521320121217,22,3072,6643
0.4045706081995985,0.3024017111883958,0.9974720085261084,0.3023845571066959,-0.3293521320121217,23,3072,6643
0.4045706081995985,0.3024017111883958,0.9974720085261084,0.3023845571066959,-0.3293521320121217,24,3072,6643
0.4045706081995985,0.3024017111883958,0.9974720085261084,0.3023845571066959,-0.3293521320121217,25,3072,6643
0.4045706081995985,0.3024017111883958,0.9974720085261084,0.3023845571066959,-0.3293521320121217,26,3072,6643
0.4045706081995985,0.3024017111883958,0.9974720085261084,0.3023845571066959,-0.3293521320121217,27,3072,6643
0.4045706081995985,0.3024017111883958,0.9974720085261084,0.3023845571066959,-0.3293521320121217,28,3072,6643
0.4045706081995985,0.3024017111883958,0.9974720085261084,0.3023845571066959,-0.3293521320121217,29,3072,6643
0.4045706081995985,0.3024017111883958,0.9974720085261084,0.3023845571066959,-0.3293521320121217,30,3072,6643
0.4045706081995985,0.3024017111883958,0.9974720085261084,0.3023845571066959,-0.3293521320121217,31,3072,6643
0.9504636963259352,0.2455522672431775,0.9746928128822892,0.3602638846836431,-0.2887116990963013,0,3072,7357
0.9504636963259352,0.2455522672431775,0.9746928128822892,0.3602638846836431,-0.2887116990963013,1,3072,7357
0.9504636963259352,0.2455522672431775,0.9746928128822892,0.3602638846836431,-0.2887116990963013,2,3072,7357
0.5622325821400533,0.1244603325154798,0.9541513368666424,0.3932737892864537,-0.3052739075340997,3,3072,7357
0.5622325821400533,0.1244603325154798,0.9541513368666424,0.3932737892864537,-0.3052739075340997,4,3072,7357
0.5622325821400533,0.1244603325154798,0.9541513368666424,0.3932737892864537,-0.3052739075340997,5,3072,7357
0.7845036136019017,0.3779864840274818,0.971598413446888,0.3237306572212418,-0.3114763225834472,6,3072,7357
0.7457739044875936,0.1479725199530908,0.9402245017943897,0.3700866971411621,-0.3248394597276389,7,3072,7357
0.7457739044875936,0.1479725199530908,0.9402245017943897,0.3700866971411621,-0.3248394597276389,8,3072,7357
0.7457739044875936,0.1479725199530908,0.9759467369301402,0.3700866971411621,-0.3302399930759273,9,3072,7357
0.7457739044875936,0.1479725199530908,0.9759467369301402,0.3095878446078259,-0.3339269324920537,10,3072,7357
0.7457739044875936,0.1479725199530908,0.9759467369301402,0.3095878446078259,-0.3339269324920537,11,3072,7357
0.7457739044875936,0.1479725199530908,0.9759467369301402,0.3095878446078259,-0.3339269324920537,12,3072,7357
0.7457739044875936,0.1479725199530908,0.9759467369301402,0.3095878446078259,-0.3339269324920537,13,3072,7357
0.7457739044875936,0.1479725199530908,0.9759467369301402,0.3095878446078259,-0.3339269324920537,14,3072,7357
0.7802205161396377,0.1200569587503991,0.9659485271895616,0.3094872264832513,-0.336865980995417,15,3072,7357
0.7802205161396377,0.1200569587503991,0.9659485271895616,0.3094872264832513,-0.336865980995417,16,3072,7357
0.7788871476463471,0.1357701264755254,0.9750384238378804,0.3095448604461741,-0.336935467929066,17,3072,7357
0.7788871476463471,0.1357701264755254,0.9750384238378804,0.3095448604461741,-0.336935467929066,18,3072,7357
0.7710992305349326,0.0998930462906781,0.988194567374594,0.3095945289553002,-0.3372186724558377,19,3072,7357
0.7710992305349326,0.0998930462906781,0.988194567374594,0.3095945289553002,-0.3372186724558377,20,3072,7357
0.7710992305349326,0.0998930462906781,0.988194567374594,0.3095945289553002,-0.3372186724558377,21,3072,7357
0.7710992305349326,0.0998930462906781,0.988194567374594,0.3095945289553002,-0.3372186724558377,22,3072,7357
0.7710992305349326,0.0998930462906781,0.988194567374594,0.3095945289553002,-0.3372186724558377,23,3072,7357
0.7710992305349326,0.0998930462906781,0.988194567374594,0.3095945289553002,-0.3372186724558377,24,3072,7357
0.7710992305349326,0.0998930462906781,0.988194567374594,0.3095945289553002,-0.3372186724558377,25,3072,7357
0.7710992305349326,0.0998930462906781,0.988194567374594,0.3095945289553002,-0.3372186724558377,26,3072,7357
0.7710992305349326,0.0998930462906781,0.988194567374594,0.3095945289553002,-0.3372186724558377,27,3072,7357
0.7710992305349326,0.0998930462906781,0.988194567374594,0.3095945289553002,-0.3372186724558377,28,3072,7357
0.7710992305349326,0.0998930462906781,0.988194567374594,0.3095945289553002,-0.3372186724558377,29,3072,7357
0.7710992305349326,0.0998930462906781,0.988194567374594,0.3095945289553002,-0.3372186724558377,30,3072,7357
0.7710992305349326,0.0998930462906781,0.988194567374594,0.3095945289553002,-0.3372186724558377,31,3072,7357
0.7710992305349326,0.0998930462906781,0.988194567374594,0.3095945289553002,-0.3372186724558377,32,3072,7357
0.7710992305349326,0.0998930462906781,0.988194567374594,0.3095945289553002,-0.3372186724558377,33,3072,7357
0.7710992305349326,0.0998930462906781,0.988194567374594,0.3095945289553002,-0.3372186724558377,34,3072,7357
0.7710992305349326,0.0998930462906781,0.988194567374594,0.3095945289553002,-0.3372186724558377,35,3072,7357
0.7710992305349326,0.0998930462906781,0.988194567374594,0.3095945289553002,-0.3372186724558377,36,3072,7357
0.7710992305349326,0.0998930462906781,0.988194567374594,0.3095945289553002,-0.3372186724558377,37,3072,7357
0.7710992305349326,0.0998930462906781,0.988194567374594,0.3095945289553002,-0.3372186724558377,38,3072,7357
0.7710992305349326,0.0998930462906781,0.988194567374594,0.3095945289553002,-0.3372186724558377,39,3072,7357
0.7710992305349326,0.0998930462906781,0.988194567374594,0.3095945289553002,-0.3372186724558377,40,3072,7357
0.9504636963259352,0.2455522672431775,0.9746928128822892,0.3602638846836431,-0.1944134102207429,0,3072,8072
0.9504636963259352,0.2455522672431775,0.9746928128822892,0.3602638846836431,-0.1944134102207429,1,3072,8072
0.9504636963259352,0.2455522672431775,0.9746928128822892,0.3602638846836431,-0.1944134102207429,2,3072,8072
0.721517923938955,0.1669434476250924,0.9538213400211404,0.3901353016038638,-0.2190646627639633,3,3072,8072
0.7340424708622788,0.1267462813283555,0.9538213400211404,0.3487834509675231,-0.241171679617319,4,3072,8072
0.7340424708622788,0.1267462813283555,0.9538213400211404,0.3487834509675231,-0.241171679617319,5,3072,8072
0.7340424708622788,0.1267462813283555,0.9538213400211404,0.3487834509675231,-0.241171679617319,6,3072,8072
0.7340424708622788,0.1267462813283555,0.9538213400211404,0.3487834509675231,-0.241171679617319,7,3072,8072
0.7340424708622788,0.1267462813283555,0.9538213400211404,0.3487834509675231,-0.241171679617319,8,3072,8072
0.7555553889431865,0.1382395133831161,0.9952807807492624,0.3175662141244075,-0.2439821586809374,9,3072,8072
0.7555553889431865,0.1382395133831161,0.9952807807492624,0.3175662141244075,-0.2439821586809374,10,3072,8072
0.7710420392286176,0.1248907406252434,0.9840931496487062,0.3129617060408437,-0.2453603089082782,11,3072,8072
0.7744079497622322,0.1226493619554747,0.953962409134966,0.318696120995282,-0.2462367692607862,12,3072,8072
0.7744079497622322,0.1226493619554747,0.953962409134966,0.318696120995282,-0.2462367692607862,13,3072,8072
0.7744079497622322,0.1226493619554747,0.953962409134966,0.318696120995282,-0.2462367692607862,14,3072,8072
0.7744079497622322,0.0967970704666644,0.9620669840017788,0.3173268043236741,-0.2465199737875579,15,3072,8072
0.7744079497622322,0.0967970704666644,0.9620669840017788,0.3173268043236741,-0.2465199737875579,16,3072,8072
0.7744079497622322,0.0967970704666644,0.9620669840017788,0.3173268043236741,-0.2465199737875579,17,3072,8072
0.7744079497622322,0.0967970704666644,0.9620669840017788,0.3173268043236741,-0.2465199737875579,18,3072,8072
0.7744079497622322,0.0967970704666644,0.9620669840017788,0.3173268043236741,-0.2465199737875579,19,3072,8072
0.7744079497622322,0.0967970704666644,0.9620669840017788,0.3173268043236741,-0.2465199737875579,20,3072,8072
0.7744079497622322,0.0967970704666644,0.9620669840017788,0.3173268043236741,-0.2465199737875579,21,3072,8072
0.7744079497622322,0.0967970704666644,0.9620669840017788,0.3173268043236741,-0.2465199737875579,22,3072,8072
0.7744079497622322,0.0967970704666644,0.9620669840017788,0.3173268043236741,-0.2465199737875579,23,3072,8072
0.7744079497622322,0.0967970704666644,0.9620669840017788,0.3173268043236741,-0.2465199737875579,24,3072,8072
0.7744079497622322,0.0967970704666644,0.9620669840017788,0.3173268043236741,-0.2465199737875579,25,3072,8072
0.7744079497622322,0.0967970704666644,0.9620669840017788,0.3173268043236741,-0.2465199737875579,26,3072,8072
0.7744079497622322,0.0967970704666644,0.9620669840017788,0.3173268043236741,-0.2465199737875579,27,3072,8072
0.7744079497622322,0.0967970704666644,0.9620669840017788,0.3173268043236741,-0.2465199737875579,28,3072,8072
0.7744079497622322,0.0967970704666644,0.9620669840017788,0.3173268043236741,-0.2465199737875579,29,3072,8072
0.7744079497622322,0.0967970704666644,0.9620669840017788,0.3173268043236741,-0.2465199737875579,30,3072,8072
0.7744079497622322,0.0967970704666644,0.9620669840017788,0.3173268043236741,-0.2465199737875579,31,3072,8072
0.7744079497622322,0.0967970704666644,0.9620669840017788,0.3173268043236741,-0.2465199737875579,32,3072,8072
0.7744079497622322,0.0967970704666644,0.9620669840017788,0.3173268043236741,-0.2465199737875579,33,3072,8072
0.7744079497622322,0.0967970704666644,0.9620669840017788,0.3173268043236741,-0.2465199737875579,34,3072,8072
0.7744079497622322,0.0967970704666644,0.9620669840017788,0.3173268043236741,-0.2465199737875579,35,3072,8072
0.7744079497622322,0.0967970704666644,0.9620669840017788,0.3173268043236741,-0.2465199737875579,36,3072,8072
0.7744079497622322,0.0967970704666644,0.9620669840017788,0.3173268043236741,-0.2465199737875579,37,3072,8072
0.7744079497622322,0.0967970704666644,0.9620669840017788,0.3173268043236741,-0.2465199737875579,38,3072,8072
0.7744079497622322,0.0967970704666644,0.9620669840017788,0.3173268043236741,-0.2465199737875579,39,3072,8072
0.7744079497622322,0.0967970704666644,0.9620669840017788,0.3173268043236741,-0.2465199737875579,40,3072,8072
0.3297317164990921,0.3962561622169864,0.6415135895056033,0.4294641446388775,-0.307660236024267,0,3786,3072
0.3297317164990921,0.3962561622169864,0.6415135895056033,0.4294641446388775,-0.307660236024267,1,3786,3072
0.3297317164990921,0.3962561622169864,0.6415135895056033,0.4294641446388775,-0.307660236024267,2,3786,3072
0.4090712538963624,0.2147537889196373,0.6260714980332611,0.3378733913081252,-0.3089876502124827,3,3786,3072
0.3291162197213822,0.3713722392867967,0.6415135895056033,0.3438325083119974,-0.3168152376900916,4,3786,3072
0.2910230262696328,0.3650072635085589,0.6051365892775145,0.3763437568344392,-0.3231397493053259,5,3786,3072
0.3299349079417056,0.3584273580502501,0.6274315989875401,0.3870484989728625,-0.3252660052445742,6,3786,3072
0.3299349079417056,0.3584273580502501,0.6274315989875401,0.3870484989728625,-0.3252660052445742,7,3786,3072
0.3299349079417056,0.3584273580502501,0.6274315989875401,0.3870484989728625,-0.3252660052445742,8,3786,3072
0.3299349079417056,0.3584273580502501,0.6274315989875401,0.3870484989728625,-0.3252660052445742,9,3786,3072
0.3299349079417056,0.3584273580502501,0.6274315989875401,0.3870484989728625,-0.3252660052445742,10,3786,3072
0.3299349079417056,0.3584273580502501,0.6274315989875401,0.3870484989728625,-0.3252660052445742,11,3786,3072
0.3299349079417056,0.3584273580502501,0.6274315989875401,0.3870484989728625,-0.3252660052445742,12,3786,3072
0.4132139110571837,0.3441485725142036,0.6192415961402753,0.2950373069025197,-0.3263638556512168,13,3786,3072
0.4132139110571837,0.3441485725142036,0.6192415961402753,0.2950373069025197,-0.3263638556512168,14,3786,3072
0.4132139110571837,0.3441485725142036,0.6192415961402753,0.2950373069025197,-0.3263638556512168,15,3786,3072
0.4132139110571837,0.3441485725142036,0.6192415961402753,0.2950373069025197,-0.3263638556512168,16,3786,3072
0.4132139110571837,0.3441485725142036,0.6192415961402753,0.2950373069025197,-0.3263638556512168,17,3786,3072
0.4132139110571837,0.3441485725142036,0.6192415961402753,0.2950373069025197,-0.3263638556512168,18,3786,3072
0.4132139110571837,0.3441485725142036,0.6192415961402753,0.2950373069025197,-0.3263638556512168,19,3786,3072
0.4132139110571837,0.3441485725142036,0.6192415961402753,0.2950373069025197,-0.3263638556512168,20,3786,3072
0.4132139110571837,0.3441485725142036,0.6192415961402753,0.2950373069025197,-0.3263638556512168,21,3786,3072
0.4132139110571837,0.3441485725142036,0.6192415961402753,0.2950373069025197,-0.3263638556512168,22,3786,3072
0.4132139110571837,0.3441485725142036,0.6192415961402753,0.2950373069025197,-0.3263638556512168,23,3786,3072
0.4132139110571837,0.3441485725142036,0.6192415961402753,0.2950373069025197,-0.3263638556512168,24,3786,3072
0.4132139110571837,0.3441485725142036,0.6192415961402753,0.2950373069025197,-0.3263638556512168,25,3786,3072
0.4132139110571837,0.3441485725142036,0.6192415961402753,0.2950373069025197,-0.3263638556512168,26,3786,3072
0.4132139110571837,0.3441485725142036,0.6192415961402753,0.2950373069025197,-0.3263638556512168,27,3786,3072
0.4132139110571837,0.3441485725142036,0.6192415961402753,0.2950373069025197,-0.3263638556512168,28,3786,3072
0.4132139110571837,0.3441485725142036,0.6192415961402753,0.2950373069025197,-0.3263638556512168,29,3786,3072
0.4132139110571837,0.3441485725142036,0.6192415961402753,0.2950373069025197,-0.3263638556512168,30,3786,3072
0.4132139110571837,0.3441485725142036,0.6192415961402753,0.2950373069025197,-0.3263638556512168,31,3786,3072
0.4132139110571837,0.3441485725142036,0.6192415961402753,0.2950373069025197,-0.3263638556512168,32,3786,3072
0.4132139110571837,0.3441485725142036,0.6192415961402753,0.2950373069025197,-0.3263638556512168,33,3786,3072
0.4132139110571837,0.3441485725142036,0.6192415961402753,0.2950373069025197,-0.3263638556512168,34,3786,3072
0.4132139110571837,0.3441485725142036,0.6192415961402753,0.2950373069025197,-0.3263638556512168,35,3786,3072
0.4132139110571837,0.3441485725142036,0.6192415961402753,0.2950373069025197,-0.3263638556512168,36,3786,3072
0.4132139110571837,0.3441485725142036,0.6192415961402753,0.2950373069025197,-0.3263638556512168,37,3786,3072
0.4132139110571837,0.3441485725142036,0.6192415961402753,0.2950373069025197,-0.3263638556512168,38,3786,3072
0.3297317164990921,0.3962561622169864,0.6415135895056033,0.4294641446388775,-0.3042607012063853,0,3786,3786
0.3297317164990921,0.3962561622169864,0.6415135895056033,0.4294641446388775,-0.3042607012063853,1,3786,3786
0.40636055534697,0.1645072664741013,0.5838117645818985,0.2781732219955063,-0.3089111885978217,2,3786,3786
0.40636055534697,0.1645072664741013,0.5838117645818985,0.2781732219955063,-0.3089111885978217,3,3786,3786
0.4124039924100737,0.0731900723909659,0.6303177554434782,0.2765404585616058,-0.3158876901014051,4,3786,3786
0.4161336144724132,0.3411539176235909,0.6346507200914339,0.3536529122590396,-0.3254010336986079,5,3786,3786
0.4161336144724132,0.3411539176235909,0.6346507200914339,0.3536529122590396,-0.3254010336986079,6,3786,3786
0.3292485779403541,0.3629161563272958,0.6416118356438925,0.3880997478427463,-0.3269193497143963,7,3786,3786
0.3292485779403541,0.3629161563272958,0.6416118356438925,0.3880997478427463,-0.3269193497143963,8,3786,3786
0.3292485779403541,0.3629161563272958,0.6416118356438925,0.3880997478427463,-0.3269193497143963,9,3786,3786
0.3292485779403541,0.3629161563272958,0.6416118356438925,0.3880997478427463,-0.3269193497143963,10,3786,3786
0.3292485779403541,0.3629161563272958,0.6416118356438925,0.3880997478427463,-0.3269193497143963,11,3786,3786
0.3292485779403541,0.3629161563272958,0.6416118356438925,0.3880997478427463,-0.3269193497143963,12,3786,3786
0.3292485779403541,0.3629161563272958,0.6416118356438925,0.3880997478427463,-0.3269193497143963,13,3786,3786
0.3292485779403541,0.3629161563272958,0.6416118356438925,0.3880997478427463,-0.3269193497143963,14,3786,3786
0.4161336144724132,0.33879999616064,0.5865992220093246,0.2954399128002997,-0.3269588032981276,15,3786,3786
0.4149609895362188,0.3629161563272958,0.6416039354094961,0.3008035744167316,-0.3270586390245625,16,3786,3786
0.4149609895362188,0.3629161563272958,0.6416039354094961,0.3008035744167316,-0.3270586390245625,17,3786,3786
0.4149609895362188,0.3629161563272958,0.6416039354094961,0.3008035744167316,-0.3270586390245625,18,3786,3786
0.4149609895362188,0.3629161563272958,0.6416039354094961,0.3008035744167316,-0.3270586390245625,19,3786,3786
0.4149609895362188,0.3629161563272958,0.6416039354094961,0.3008035744167316,-0.3270586390245625,20,3786,3786
0.4149609895362188,0.3629161563272958,0.6416039354094961,0.3008035744167316,-0.3270586390245625,21,3786,3786
0.4149609895362188,0.3629161563272958,0.6416039354094961,0.3008035744167316,-0.3270586390245625,22,3786,3786
0.4149609895362188,0.3629161563272958,0.6416039354094961,0.3008035744167316,-0.3270586390245625,23,3786,3786
0.4149609895362188,0.3629161563272958,0.6416039354094961,0.3008035744167316,-0.3270586390245625,24,3786,3786
0.4149609895362188,0.3629161563272958,0.6416039354094961,0.3008035744167316,-0.3270586390245625,25,3786,3786
0.4149609895362188,0.3629161563272958,0.6416039354094961,0.3008035744167316,-0.3270586390245625,26,3786,3786
0.4149609895362188,0.3629161563272958,0.6416039354094961,0.3008035744167316,-0.3270586390245625,27,3786,3786
0.4149609895362188,0.3629161563272958,0.6416039354094961,0.3008035744167316,-0.3270586390245625,28,3786,3786
0.4149609895362188,0.3629161563272958,0.6416039354094961,0.3008035744167316,-0.3270586390245625,29,3786,3786
0.4149609895362188,0.3629161563272958,0.6416039354094961,0.3008035744167316,-0.3270586390245625,30,3786,3786
0.4149609895362188,0.3629161563272958,0.6416039354094961,0.3008035744167316,-0.3270586390245625,31,3786,3786
0.4149609895362188,0.3629161563272958,0.6416039354094961,0.3008035744167316,-0.3270586390245625,32,3786,3786
0.4149609895362188,0.3629161563272958,0.6416039354094961,0.3008035744167316,-0.3270586390245625,33,3786,3786
0.4149609895362188,0.3629161563272958,0.6416039354094961,0.3008035744167316,-0.3270586390245625,34,3786,3786
0.4149609895362188,0.3629161563272958,0.6416039354094961,0.3008035744167316,-0.3270586390245625,35,3786,3786
0.4149609895362188,0.3629161563272958,0.6416039354094961,0.3008035744167316,-0.3270586390245625,36,3786,3786
0.4149609895362188,0.3629161563272958,0.6416039354094961,0.3008035744167316,-0.3270586390245625,37,3786,3786
0.4149609895362188,0.3629161563272958,0.6416039354094961,0.3008035744167316,-0.3270586390245625,38,3786,3786
0.4149609895362188,0.3629161563272958,0.6416039354094961,0.3008035744167316,-0.3270586390245625,39,3786,3786
0.4149609895362188,0.3629161563272958,0.6416039354094961,0.3008035744167316,-0.3270586390245625,40,3786,3786
0.3297317164990921,0.3962561622169864,0.6415135895056033,0.4294641446388775,-0.2602089824664769,0,3786,4500
0.3684417860387493,0.3676528212179015,0.9820322321825072,0.2164535799990539,-0.2806706897006223,1,3786,4500
0.3684417860387493,0.3610410642276292,0.9820322321825072,0.2337940845124397,-0.2895624563424576,2,3786,4500
0.3684417860387493,0.3610410642276292,0.9820322321825072,0.2337940845124397,-0.2895624563424576,3,3786,4500
0.3684417860387493,0.3610410642276292,0.9820322321825072,0.2337940845124397,-0.2895624563424576,4,3786,4500
0.3684417860387493,0.3610410642276292,0.9820322321825072,0.2337940845124397,-0.2895624563424576,5,3786,4500
0.3684417860387493,0.3610410642276292,0.9820322321825072,0.2337940845124397,-0.2895624563424576,6,3786,4500
0.3684417860387493,0.3610410642276292,0.9820322321825072,0.2337940845124397,-0.2895624563424576,7,3786,4500
0.3684417860387493,0.3610410642276292,0.9820322321825072,0.2337940845124397,-0.2895624563424576,8,3786,4500
0.3629601040855207,0.2959810539168789,0.9963166302509788,0.2951559653560186,-0.2921637853669815,9,3786,4500
0.3629601040855207,0.2959810539168789,0.9963166302509788,0.2951559653560186,-0.2921637853669815,10,3786,4500
0.3629601040855207,0.2959810539168789,0.9963166302509788,0.2951559653560186,-0.2921637853669815,11,3786,4500
0.4029900489485167,0.2708401242806816,0.9975603174357296,0.2959412000554604,-0.2940773323296405,12,3786,4500
0.4029900489485167,0.2708401242806816,0.9975603174357296,0.2959412000554604,-0.2940773323296405,13,3786,4500
0.4028400244190008,0.3578885385912748,0.9997779072150356,0.2955842493902941,-0.2946702507971814,14,3786,4500
0.4028400244190008,0.3578885385912748,0.9997779072150356,0.2955842493902941,-0.2946702507971814,15,3786,4500
0.4028400244190008,0.3578885385912748,0.9997779072150356,0.2955842493902941,-0.2946702507971814,16,3786,4500
0.4028400244190008,0.3578885385912748,0.9997779072150356,0.2955842493902941,-0.2946702507971814,17,3786,4500
0.4028400244190008,0.3578885385912748,0.9997779072150356,0.2955842493902941,-0.2946702507971814,18,3786,4500
0.4028400244190008,0.3578885385912748,0.9997779072150356,0.2955842493902941,-0.2946702507971814,19,3786,4500
0.4028400244190008,0.3578885385912748,0.9997779072150356,0.2955842493902941,-0.2946702507971814,20,3786,4500
0.4028400244190008,0.3578885385912748,0.9997779072150356,0.2955842493902941,-0.2946702507971814,21,3786,4500
0.4028400244190008,0.3578885385912748,0.9997779072150356,0.2955842493902941,-0.2946702507971814,22,3786,4500
0.4028400244190008,0.3578885385912748,0.9997779072150356,0.2955842493902941,-0.2946702507971814,23,3786,4500
0.4028400244190008,0.3578885385912748,0.9997779072150356,0.2955842493902941,-0.2946702507971814,24,3786,4500
0.4028400244190008,0.3578885385912748,0.9997779072150356,0.2955842493902941,-0.2946702507971814,25,3786,4500
0.4028400244190008,0.3578885385912748,0.9997779072150356,0.2955842493902941,-0.2946702507971814,26,3786,4500
0.4028400244190008,0.3578885385912748,0.9997779072150356,0.2955842493902941,-0.2946702507971814,27,3786,4500
0.4028400244190008,0.3578885385912748,0.9997779072150356,0.2955842493902941,-0.2946702507971814,28,3786,4500
0.4028400244190008,0.3578885385912748,0.9997779072150356,0.2955842493902941,-0.2946702507971814,29,3786,4500
0.4028400244190008,0.3578885385912748,0.9997779072150356,0.2955842493902941,-0.2946702507971814,30,3786,4500
0.4028400244190008,0.3578885385912748,0.9997779072150356,0.2955842493902941,-0.2946702507971814,31,3786,4500
0.4028400244190008,0.3578885385912748,0.9997779072150356,0.2955842493902941,-0.2946702507971814,32,3786,4500
0.4028400244190008,0.3578885385912748,0.9997779072150356,0.2955842493902941,-0.2946702507971814,33,3786,4500
0.4028400244190008,0.3578885385912748,0.9997779072150356,0.2955842493902941,-0.2946702507971814,34,3786,4500
0.3297317164990921,0.3962561622169864,0.6415135895056033,0.4294641446388775,-0.2519077938260544,0,3786,5214
0.3684417860387493,0.3676528212179015,0.9820322321825072,0.2164535799990539,-0.2759975445026705,1,3786,5214
0.3684417860387493,0.3610410642276292,0.9820322321825072,0.2337940845124397,-0.2855113581539963,2,3786,5214
0.3684417860387493,0.3610410642276292,0.9820322321825072,0.2337940845124397,-0.2855113581539963,3,3786,5214
0.3684417860387493,0.3610410642276292,0.9820322321825072,0.2337940845124397,-0.2855113581539963,4,3786,5214
0.3684417860387493,0.3610410642276292,0.9820322321825072,0.2337940845124397,-0.2855113581539963,5,3786,5214
0.4015864355389733,0.3466407312392619,0.972130303907762,0.3063688305679162,-0.2879302843882051,6,3786,5214
0.4015864355389733,0.3466407312392619,0.972130303907762,0.3063688305679162,-0.2879302843882051,7,3786,5214
0.4015864355389733,0.3466407312392619,0.972130303907762,0.3063688305679162,-0.2879302843882051,8,3786,5214
0.4015864355389733,0.3466407312392619,0.972130303907762,0.3063688305679162,-0.2879302843882051,9,3786,5214
0.3725554197074939,0.3515055676053059,0.9969493949506756,0.3041249487753953,-0.2902173226197016,10,3786,5214
0.4015864355389733,0.3515603330519682,0.9721959036646451,0.303451933370421,-0.2906191526087202,11,3786,5214
0.4015864355389733,0.3515603330519682,0.9721959036646451,0.303451933370421,-0.2906191526087202,12,3786,5214
0.4015864355389733,0.3515603330519682,0.9721959036646451,0.303451933370421,-0.2906191526087202,13,3786,5214
0.4015864355389733,0.3515603330519682,0.9721959036646451,0.303451933370421,-0.2906191526087202,14,3786,5214
0.4015864355389733,0.3515603330519682,0.9721959036646451,0.303451933370421,-0.2906191526087202,15,3786,5214
0.7720380601267897,0.3115632961327245,0.9822413085825684,0.3041435073564862,-0.2911607623913472,16,3786,5214
0.7720380601267897,0.3115632961327245,0.9822413085825684,0.3041435073564862,-0.2911607623913472,17,3786,5214
0.7720380601267897,0.3115632961327245,0.9822413085825684,0.3041435073564862,-0.2911607623913472,18,3786,5214
0.7720380601267897,0.3115632961327245,0.9822413085825684,0.3041435073564862,-0.2911607623913472,19,3786,5214
0.7720380601267897,0.3115632961327245,0.9822413085825684,0.3041435073564862,-0.2911607623913472,20,3786,5214
0.7720380601267897,0.3115632961327245,0.9822413085825684,0.3041435073564862,-0.2911607623913472,21,3786,5214
0.7720380601267897,0.3115632961327245,0.9822413085825684,0.3041435073564862,-0.2911607623913472,22,3786,5214
0.7720380601267897,0.3115632961327245,0.9822413085825684,0.3041435073564862,-0.2911607623913472,23,3786,5214
0.7720380601267897,0.3115632961327245,0.9822413085825684,0.3041435073564862,-0.2911607623913472,24,3786,5214
0.7720380601267897,0.3115632961327245,0.9822413085825684,0.3041435073564862,-0.2911607623913472,25,3786,5214
0.7720380601267897,0.3115632961327245,0.9822413085825684,0.3041435073564862,-0.2911607623913472,26,3786,5214
0.7720380601267897,0.3115632961327245,0.9822413085825684,0.3041435073564862,-0.2911607623913472,27,3786,5214
0.7720380601267897,0.3115632961327245,0.9822413085825684,0.3041435073564862,-0.2911607623913472,28,3786,5214
0.7720380601267897,0.3115632961327245,0.9822413085825684,0.3041435073564862,-0.2911607623913472,29,3786,5214
0.7720380601267897,0.3115632961327245,0.9822413085825684,0.3041435073564862,-0.2911607623913472,30,3786,5214
0.7720380601267897,0.3115632961327245,0.9822413085825684,0.3041435073564862,-0.2911607623913472,31,3786,5214
0.7720380601267897,0.3115632961327245,0.9822413085825684,0.3041435073564862,-0.2911607623913472,32,3786,5214
0.7720380601267897,0.3115632961327245,0.9822413085825684,0.3041435073564862,-0.2911607623913472,33,3786,5214
0.7720380601267897,0.3115632961327245,0.9822413085825684,0.3041435073564862,-0.2911607623913472,34,3786,5214
0.7720380601267897,0.3115632961327245,0.9822413085825684,0.3041435073564862,-0.2911607623913472,35,3786,5214
0.7720380601267897,0.3115632961327245,0.9822413085825684,0.3041435073564862,-0.2911607623913472,36,3786,5214
0.7720380601267897,0.3115632961327245,0.9822413085825684,0.3041435073564862,-0.2911607623913472,37,3786,5214
0.7720380601267897,0.3115632961327245,0.9822413085825684,0.3041435073564862,-0.2911607623913472,38,3786,5214
0.7720380601267897,0.3115632961327245,0.9822413085825684,0.3041435073564862,-0.2911607623913472,39,3786,5214
0.7720380601267897,0.3115632961327245,0.9822413085825684,0.3041435073564862,-0.2911607623913472,40,3786,5214
0.7720380601267897,0.3115632961327245,0.9822413085825684,0.3041435073564862,-0.2911607623913472,41,3786,5214
0.1158656124707703,0.0731900723909659,0.6303177554434782,0.3867305731718615,-0.2726029054352434,0,3786,5929
0.3684417860387493,0.3676528212179015,0.9820322321825072,0.2164535799990539,-0.2966692008785079,1,3786,5929
0.3684417860387493,0.3610410642276292,0.9820322321825072,0.2337940845124397,-0.3061830145298338,2,3786,5929
0.4175333581868404,0.124039231288004,0.9448131281327118,0.2734085867409869,-0.3111571932768096,3,3786,5929
0.4108909111953691,0.0808474435682136,0.9751675243587554,0.2639397121595598,-0.3272289661409073,4,3786,5929
0.4108909111953691,0.0808474435682136,0.9751675243587554,0.2639397121595598,-0.3272289661409073,5,3786,5929
0.4108909111953691,0.0808474435682136,0.9751675243587554,0.2639397121595598,-0.3272289661409073,6,3786,5929
0.4108909111953691,0.0808474435682136,0.9751675243587554,0.2639397121595598,-0.3272289661409073,7,3786,5929
0.4108909111953691,0.0808474435682136,0.9751675243587554,0.2639397121595598,-0.3272289661409073,8,3786,5929
0.4119452900760553,0.0834156220408992,0.9915164743157224,0.3133757237354017,-0.3277985966137888,9,3786,5929
0.4119452900760553,0.0834156220408992,0.9915164743157224,0.3133757237354017,-0.3277985966137888,10,3786,5929
0.4119452900760553,0.0834156220408992,0.9915164743157224,0.3133757237354017,-0.3277985966137888,11,3786,5929
0.4119452900760553,0.0834156220408992,0.9915164743157224,0.3133757237354017,-0.3277985966137888,12,3786,5929
0.4119452900760553,0.0834156220408992,0.9915164743157224,0.3133757237354017,-0.3277985966137888,13,3786,5929
0.4119452900760553,0.0834156220408992,0.9915164743157224,0.3133757237354017,-0.3277985966137888,14,3786,5929
0.4119452900760553,0.0834156220408992,0.9915164743157224,0.3133757237354017,-0.3277985966137888,15,3786,5929
0.4119452900760553,0.0834156220408992,0.9915164743157224,0.3133757237354017,-0.3277985966137888,16,3786,5929
0.4119452900760553,0.0834156220408992,0.9915164743157224,0.3133757237354017,-0.3277985966137888,17,3786,5929
0.4119452900760553,0.0834156220408992,0.9915164743157224,0.3133757237354017,-0.3277985966137888,18,3786,5929
0.4119452900760553,0.0834156220408992,0.9915164743157224,0.3133757237354017,-0.3277985966137888,19,3786,5929
0.4119452900760553,0.0834156220408992,0.9915164743157224,0.3133757237354017,-0.3277985966137888,20,3786,5929
0.4119452900760553,0.0834156220408992,0.9915164743157224,0.3133757237354017,-0.3277985966137888,21,3786,5929
0.4119452900760553,0.0834156220408992,0.9915164743157224,0.3133757237354017,-0.3277985966137888,22,3786,5929
0.4119452900760553,0.0834156220408992,0.9915164743157224,0.3133757237354017,-0.3277985966137888,23,3786,5929
0.4119452900760553,0.0834156220408992,0.9915164743157224,0.3133757237354017,-0.3277985966137888,24,3786,5929
0.4119452900760553,0.0834156220408992,0.9915164743157224,0.3133757237354017,-0.3277985966137888,25,3786,5929
0.4119452900760553,0.0834156220408992,0.9915164743157224,0.3133757237354017,-0.3277985966137888,26,3786,5929
0.4119452900760553,0.0834156220408992,0.9915164743157224,0.3133757237354017,-0.3277985966137888,27,3786,5929
0.4119452900760553,0.0834156220408992,0.9915164743157224,0.3133757237354017,-0.3277985966137888,28,3786,5929
0.4119452900760553,0.0834156220408992,0.9915164743157224,0.3133757237354017,-0.3277985966137888,29,3786,5929
0.4119452900760553,0.0834156220408992,0.9915164743157224,0.3133757237354017,-0.3277985966137888,30,3786,5929
0.4119452900760553,0.0834156220408992,0.9915164743157224,0.3133757237354017,-0.3277985966137888,31,3786,5929
0.4119452900760553,0.0834156220408992,0.9915164743157224,0.3133757237354017,-0.3277985966137888,32,3786,5929
0.4119452900760553,0.0834156220408992,0.9915164743157224,0.3133757237354017,-0.3277985966137888,33,3786,5929
0.4119452900760553,0.0834156220408992,0.9915164743157224,0.3133757237354017,-0.3277985966137888,34,3786,5929
0.9504636963259352,0.2455522672431775,0.9746928128822892,0.3602638846836431,-0.2693349616205324,0,3786,6643
0.3684417860387493,0.3676528212179015,0.9820322321825072,0.2164535799990539,-0.2976552173052128,1,3786,6643
0.3684417860387493,0.3610410642276292,0.9820322321825072,0.2337940845124397,-0.3056429265936822,2,3786,6643
0.3684417860387493,0.3610410642276292,0.9820322321825072,0.2337940845124397,-0.3056429265936822,3,3786,6643
0.3873405281778446,0.1397674651762254,0.9746928128822892,0.3602638846836431,-0.3176838872657385,4,3786,6643
0.3873405281778446,0.1397674651762254,0.9746928128822892,0.3602638846836431,-0.3176838872657385,5,3786,6643
0.3873405281778446,0.1397674651762254,0.9746928128822892,0.3602638846836431,-0.3176838872657385,6,3786,6643
0.3684417860387493,0.1074058702169065,0.999245007622134,0.2990654466152996,-0.3187506261300139,7,3786,6643
0.4149186672847903,0.1301040460760457,0.9985495718265648,0.301439422657614,-0.3228462953922468,8,3786,6643
0.3684417860387493,0.0959049140763776,0.9998730548403074,0.2543820552734868,-0.3238572124244828,9,3786,6643
0.3684417860387493,0.0959049140763776,0.9998730548403074,0.2543820552734868,-0.3238572124244828,10,3786,6643
0.4033026153472251,0.1303548751380106,0.9837804907462234,0.2820843001081652,-0.3239077748454733,11,3786,6643
0.3659751500203572,0.1349041022513886,0.9784652434880768,0.2543820552734868,-0.3259998281284201,12,3786,6643
0.3659751500203572,0.1349041022513886,0.9784652434880768,0.2543820552734868,-0.3259998281284201,13,3786,6643
0.3659751500203572,0.1349041022513886,0.9784652434880768,0.2543820552734868,-0.3259998281284201,14,3786,6643
0.3659751500203572,0.1349041022513886,0.9784652434880768,0.2543820552734868,-0.3259998281284201,15,3786,6643
0.3659751500203572,0.1349041022513886,0.9784652434880768,0.2543820552734868,-0.3259998281284201,16,3786,6643
0.3659751500203572,0.1349041022513886,0.9784652434880768,0.2543820552734868,-0.3259998281284201,17,3786,6643
0.3659751500203572,0.1349041022513886,0.9784652434880768,0.2543820552734868,-0.3259998281284201,18,3786,6643
0.3659751500203572,0.1349041022513886,0.9784652434880768,0.2543820552734868,-0.3259998281284201,19,3786,6643
0.3659751500203572,0.1349041022513886,0.9784652434880768,0.2543820552734868,-0.3259998281284201,20,3786,6643
0.3659751500203572,0.1349041022513886,0.9784652434880768,0.2543820552734868,-0.3259998281284201,21,3786,6643
0.3659751500203572,0.1349041022513886,0.9784652434880768,0.2543820552734868,-0.3259998281284201,22,3786,6643
0.3659751500203572,0.1349041022513886,0.9784652434880768,0.2543820552734868,-0.3259998281284201,23,3786,6643
0.3659751500203572,0.1349041022513886,0.9784652434880768,0.2543820552734868,-0.3259998281284201,24,3786,6643
0.3659751500203572,0.1349041022513886,0.9784652434880768,0.2543820552734868,-0.3259998281284201,25,3786,6643
0.3659751500203572,0.1349041022513886,0.9784652434880768,0.2543820552734868,-0.3259998281284201,26,3786,6643
0.3659751500203572,0.1349041022513886,0.9784652434880768,0.2543820552734868,-0.3259998281284201,27,3786,6643
0.3659751500203572,0.1349041022513886,0.9784652434880768,0.2543820552734868,-0.3259998281284201,28,3786,6643
0.3659751500203572,0.1349041022513886,0.9784652434880768,0.2543820552734868,-0.3259998281284201,29,3786,6643
0.3659751500203572,0.1349041022513886,0.9784652434880768,0.2543820552734868,-0.3259998281284201,30,3786,6643
0.3659751500203572,0.1349041022513886,0.9784652434880768,0.2543820552734868,-0.3259998281284201,31,3786,6643
0.3659751500203572,0.1349041022513886,0.9784652434880768,0.2543820552734868,-0.3259998281284201,32,3786,6643
0.9504636963259352,0.2455522672431775,0.9746928128822892,0.3602638846836431,-0.2844077808478248,0,3786,7357
0.9504636963259352,0.2455522672431775,0.9746928128822892,0.3602638846836431,-0.2844077808478248,1,3786,7357
0.4534978894806515,0.2772091684830681,0.9678171516783084,0.3856578446575508,-0.2868892782808794,2,3786,7357
0.4534978894806515,0.2772091684830681,0.9678171516783084,0.3856578446575508,-0.2868892782808794,3,3786,7357
0.5622253653711686,0.122595925479115,0.9541513368666424,0.3786264653457813,-0.313485887504274,4,3786,7357
0.5622253653711686,0.122595925479115,0.9541513368666424,0.3786264653457813,-0.313485887504274,5,3786,7357
0.83630873786056,0.0777830382479572,0.9628080330355228,0.353839617285908,-0.3158759788142165,6,3786,7357
0.757353227310583,0.0717198342937861,0.9628163115378028,0.3264288904844942,-0.3353233075132308,7,3786,7357
0.757353227310583,0.0717198342937861,0.9628163115378028,0.3264288904844942,-0.3353233075132308,8,3786,7357
0.7160612954675643,0.1372458655681563,0.9541513368666424,0.3381964172480826,-0.3361026777751846,9,3786,7357
0.7504584524444601,0.0685456630545587,0.9668708405208516,0.3086354909161975,-0.3386855043324128,10,3786,7357
0.7581008590270809,0.1113733411401207,0.9637181729606734,0.3867365132281787,-0.342405815373548,11,3786,7357
0.7540595517986314,0.1066030838089739,0.9986622541558864,0.3062700250660849,-0.3466341309780979,12,3786,7357
0.7540595517986314,0.1066030838089739,0.9986622541558864,0.3062700250660849,-0.3466341309780979,13,3786,7357
0.7682919971023351,0.1173831690872092,0.9999611967325852,0.3119133649685687,-0.3480122812054388,14,3786,7357
0.7682919971023351,0.1173831690872092,0.9999611967325852,0.3119133649685687,-0.3480122812054388,15,3786,7357
0.7682919971023351,0.1173831690872092,0.9999611967325852,0.3119133649685687,-0.3480122812054388,16,3786,7357
0.7682919971023351,0.1173831690872092,0.9999611967325852,0.3119133649685687,-0.3480122812054388,17,3786,7357
0.7682919971023351,0.1173831690872092,0.9999611967325852,0.3119133649685687,-0.3480122812054388,18,3786,7357
0.7682919971023351,0.1173831690872092,0.9999611967325852,0.3119133649685687,-0.3480122812054388,19,3786,7357
0.7682919971023351,0.1173831690872092,0.9999611967325852,0.3119133649685687,-0.3480122812054388,20,3786,7357
0.7691830883164795,0.1025810260092867,0.9750762284339808,0.3156548545308988,-0.3483649726658595,21,3786,7357
0.7691830883164795,0.1025810260092867,0.9750762284339808,0.3156548545308988,-0.3483649726658595,22,3786,7357
0.7691830883164795,0.1025810260092867,0.9750762284339808,0.3156548545308988,-0.3483649726658595,23,3786,7357
0.7691830883164795,0.1025810260092867,0.9750762284339808,0.3156548545308988,-0.3483649726658595,24,3786,7357
0.7691830883164795,0.1025810260092867,0.9750762284339808,0.3156548545308988,-0.3483649726658595,25,3786,7357
0.7691830883164795,0.1025810260092867,0.9750762284339808,0.3156548545308988,-0.3483649726658595,26,3786,7357
0.7691830883164795,0.1025810260092867,0.9750762284339808,0.3156548545308988,-0.3483649726658595,27,3786,7357
0.7691830883164795,0.1025810260092867,0.9750762284339808,0.3156548545308988,-0.3483649726658595,28,3786,7357
0.7691830883164795,0.1025810260092867,0.9750762284339808,0.3156548545308988,-0.3483649726658595,29,3786,7357
0.7691830883164795,0.1025810260092867,0.9750762284339808,0.3156548545308988,-0.3483649726658595,30,3786,7357
0.7691830883164795,0.1025810260092867,0.9750762284339808,0.3156548545308988,-0.3483649726658595,31,3786,7357
0.7691830883164795,0.1025810260092867,0.9750762284339808,0.3156548545308988,-0.3483649726658595,32,3786,7357
0.7691830883164795,0.1025810260092867,0.9750762284339808,0.3156548545308988,-0.3483649726658595,33,3786,7357
0.7691830883164795,0.1025810260092867,0.9750762284339808,0.3156548545308988,-0.3483649726658595,34,3786,7357
0.7691830883164795,0.1025810260092867,0.9750762284339808,0.3156548545308988,-0.3483649726658595,35,3786,7357
0.7691830883164795,0.1025810260092867,0.9750762284339808,0.3156548545308988,-0.3483649726658595,36,3786,7357
0.7691830883164795,0.1025810260092867,0.9750762284339808,0.3156548545308988,-0.3483649726658595,37,3786,7357
0.7691830883164795,0.1025810260092867,0.9750762284339808,0.3156548545308988,-0.3483649726658595,38,3786,7357
0.7691830883164795,0.1025810260092867,0.9750762284339808,0.3156548545308988,-0.3483649726658595,39,3786,7357
0.7691830883164795,0.1025810260092867,0.9750762284339808,0.3156548545308988,-0.3483649726658595,40,3786,7357
0.7691830883164795,0.1025810260092867,0.9750762284339808,0.3156548545308988,-0.3483649726658595,41,3786,7357
0.7691830883164795,0.1025810260092867,0.9750762284339808,0.3156548545308988,-0.3483649726658595,42,3786,7357
0.7691830883164795,0.1025810260092867,0.9750762284339808,0.3156548545308988,-0.3483649726658595,43,3786,7357
0.7691830883164795,0.1025810260092867,0.9750762284339808,0.3156548545308988,-0.3483649726658595,44,3786,7357
0.7691830883164795,0.1025810260092867,0.9750762284339808,0.3156548545308988,-0.3483649726658595,45,3786,7357
0.7691830883164795,0.1025810260092867,0.9750762284339808,0.3156548545308988,-0.3483649726658595,46,3786,7357
0.9504636963259352,0.2455522672431775,0.9746928128822892,0.3602638846836431,-0.1901094919722664,0,3786,8072
0.9504636963259352,0.2455522672431775,0.9746928128822892,0.3602638846836431,-0.1901094919722664,1,3786,8072
0.4534978894806515,0.2772091684830681,0.9678171516783084,0.3856578446575508,-0.1953141192600916,2,3786,8072
0.4534978894806515,0.2772091684830681,0.9678171516783084,0.3856578446575508,-0.1953141192600916,3,3786,8072
0.5895020620840481,0.1230765006480291,0.9988256960914584,0.3891852741886895,-0.2224716942612126,4,3786,8072
0.5295948172778656,0.1230765006480291,0.9571240609580816,0.3643494778848085,-0.2259309791482179,5,3786,8072
0.5295948172778656,0.1230765006480291,0.9571240609580816,0.3643494778848085,-0.2259309791482179,6,3786,8072
0.3994910444598383,0.1114575554980708,0.9570006793603724,0.3677308481914343,-0.2329682243027112,7,3786,8072
0.3994910444598383,0.1114575554980708,0.9570006793603724,0.3677308481914343,-0.2329682243027112,8,3786,8072
0.7663981696125882,0.0627209373580519,0.9398047352761104,0.3350899470597586,-0.2416103071299681,9,3786,8072
0.7794346936311642,0.087253741938168,0.9567423169318146,0.3187419238506571,-0.2494681044789029,10,3786,8072
0.7887011063644089,0.1215234817459952,0.9710719705305412,0.3161483425483761,-0.2528183074443377,11,3786,8072
0.7887011063644089,0.1114427454517796,0.9710719705305412,0.3161483425483761,-0.2564371221846511,12,3786,8072
0.7887011063644089,0.1114427454517796,0.9710719705305412,0.3161483425483761,-0.2564371221846511,13,3786,8072
0.7887011063644089,0.1114427454517796,0.9710719705305412,0.3161483425483761,-0.2564371221846511,14,3786,8072
0.7887011063644089,0.1114427454517796,0.9710719705305412,0.3161483425483761,-0.2564371221846511,15,3786,8072
0.7783530591104671,0.10251603927489,0.956132813846712,0.3181914450705096,-0.2576662739975799,16,3786,8072
0.7783530591104671,0.10251603927489,0.956132813846712,0.3181914450705096,-0.2576662739975799,17,3786,8072
0.7783530591104671,0.10251603927489,0.956132813846712,0.3181914450705096,-0.2576662739975799,18,3786,8072
0.7783530591104671,0.10251603927489,0.956132813846712,0.3181914450705096,-0.2576662739975799,19,3786,8072
0.7783530591104671,0.10251603927489,0.956132813846712,0.3181914450705096,-0.2576662739975799,20,3786,8072
0.7783530591104671,0.10251603927489,0.956132813846712,0.3181914450705096,-0.2576662739975799,21,3786,8072
0.7783530591104671,0.10251603927489,0.956132813846712,0.3181914450705096,-0.2576662739975799,22,3786,8072
0.7783530591104671,0.10251603927489,0.956132813846712,0.3181914450705096,-0.2576662739975799,23,3786,8072
0.7783530591104671,0.10251603927489,0.956132813846712,0.3181914450705096,-0.2576662739975799,24,3786,8072
0.7783530591104671,0.10251603927489,0.956132813846712,0.3181914450705096,-0.2576662739975799,25,3786,8072
0.7783530591104671,0.10251603927489,0.956132813846712,0.3181914450705096,-0.2576662739975799,26,3786,8072
0.7783530591104671,0.10251603927489,0.956132813846712,0.3181914450705096,-0.2576662739975799,27,3786,8072
0.7783530591104671,0.10251603927489,0.956132813846712,0.3181914450705096,-0.2576662739975799,28,3786,8072
0.7783530591104671,0.10251603927489,0.956132813846712,0.3181914450705096,-0.2576662739975799,29,3786,8072
0.7783530591104671,0.10251603927489,0.956132813846712,0.3181914450705096,-0.2576662739975799,30,3786,8072
0.7783530591104671,0.10251603927489,0.956132813846712,0.3181914450705096,-0.2576662739975799,31,3786,8072
0.7783530591104671,0.10251603927489,0.956132813846712,0.3181914450705096,-0.2576662739975799,32,3786,8072
0.7783530591104671,0.10251603927489,0.956132813846712,0.3181914450705096,-0.2576662739975799,33,3786,8072
0.7783530591104671,0.10251603927489,0.956132813846712,0.3181914450705096,-0.2576662739975799,34,3786,8072
0.7783530591104671,0.10251603927489,0.956132813846712,0.3181914450705096,-0.2576662739975799,35,3786,8072
0.7783530591104671,0.10251603927489,0.956132813846712,0.3181914450705096,-0.2576662739975799,36,3786,8072
0.7783530591104671,0.10251603927489,0.956132813846712,0.3181914450705096,-0.2576662739975799,37,3786,8072
0.7783530591104671,0.10251603927489,0.956132813846712,0.3181914450705096,-0.2576662739975799,38,3786,8072
0.7783530591104671,0.10251603927489,0.956132813846712,0.3181914450705096,-0.2576662739975799,39,3786,8072
0.7783530591104671,0.10251603927489,0.956132813846712,0.3181914450705096,-0.2576662739975799,40,3786,8072
0.7783530591104671,0.10251603927489,0.956132813846712,0.3181914450705096,-0.2576662739975799,41,3786,8072
0.1913239260572002,0.7911339481728052,0.5292228076303601,0.6457213655596336,-0.2515947113488976,0,4500,3072
0.0219094265122291,0.3618499169701485,0.3309118901380318,0.5530311083399869,-0.2565639775728098,1,4500,3072
0.0219094265122291,0.3618499169701485,0.3309118901380318,0.5530311083399869,-0.2565639775728098,2,4500,3072
0.191437683719913,0.2818817159354239,0.5948156882463991,0.5875817944286805,-0.2641529505474138,3,4500,3072
0.191437683719913,0.0695387019434616,0.1691939546499784,0.5875817944286805,-0.2747775621783916,4,4500,3072
0.1983728825645758,0.0695387019434616,0.1691939546499784,0.5716815388787508,-0.2755850451579231,5,4500,3072
0.0202104097295002,0.5976163390470871,0.5691692338557819,0.6236819944213564,-0.2796361336299598,6,4500,3072
0.2205890049916598,0.5919010828495629,0.576966520941969,0.4765806959309435,-0.2864943193385277,7,4500,3072
0.2205890049916598,0.5919010828495629,0.576966520941969,0.4765806959309435,-0.2864943193385277,8,4500,3072
0.2205890049916598,0.5919010828495629,0.576966520941969,0.4765806959309435,-0.2864943193385277,9,4500,3072
0.2148139218854145,0.3549417669564476,0.2601237388189075,0.4667436936346096,-0.2926761004630885,10,4500,3072
0.2148139218854145,0.3549417669564476,0.2601237388189075,0.4667436936346096,-0.2926761004630885,11,4500,3072
0.2148139218854145,0.3549417669564476,0.2601237388189075,0.4667436936346096,-0.2926761004630885,12,4500,3072
0.2148139218854145,0.3549417669564476,0.2601237388189075,0.4667436936346096,-0.2926761004630885,13,4500,3072
0.2148139218854145,0.3549417669564476,0.2601237388189075,0.4667436936346096,-0.2926761004630885,14,4500,3072
0.2205890049916598,0.5991351001388987,0.1970474461083672,0.4765806959309435,-0.2927280387887614,15,4500,3072
0.2205890049916598,0.5991351001388987,0.1970474461083672,0.4765806959309435,-0.2927280387887614,16,4500,3072
0.2205890049916598,0.5991351001388987,0.1970474461083672,0.4765806959309435,-0.2927280387887614,17,4500,3072
0.2242024043571749,0.3512953396533119,0.1678858297383424,0.458492656342088,-0.2963383625002765,18,4500,3072
0.2242024043571749,0.3512953396533119,0.1678858297383424,0.458492656342088,-0.2963383625002765,19,4500,3072
0.2242024043571749,0.3512953396533119,0.1678858297383424,0.458492656342088,-0.2963383625002765,20,4500,3072
0.2242024043571749,0.3512953396533119,0.1678858297383424,0.458492656342088,-0.2963383625002765,21,4500,3072
0.2242024043571749,0.3512953396533119,0.1678858297383424,0.458492656342088,-0.2963383625002765,22,4500,3072
0.2242024043571749,0.3512953396533119,0.1678858297383424,0.458492656342088,-0.2963383625002765,23,4500,3072
0.2242024043571749,0.3512953396533119,0.1678858297383424,0.458492656342088,-0.2963383625002765,24,4500,3072
0.2242024043571749,0.3512953396533119,0.1678858297383424,0.458492656342088,-0.2963383625002765,25,4500,3072
0.2242024043571749,0.3512953396533119,0.1678858297383424,0.458492656342088,-0.2963383625002765,26,4500,3072
0.2242024043571749,0.3512953396533119,0.1678858297383424,0.458492656342088,-0.2963383625002765,27,4500,3072
0.2242024043571749,0.3512953396533119,0.1678858297383424,0.458492656342088,-0.2963383625002765,28,4500,3072
0.2242024043571749,0.3512953396533119,0.1678858297383424,0.458492656342088,-0.2963383625002765,29,4500,3072
0.2242024043571749,0.3512953396533119,0.1678858297383424,0.458492656342088,-0.2963383625002765,30,4500,3072
0.2242024043571749,0.3512953396533119,0.1678858297383424,0.458492656342088,-0.2963383625002765,31,4500,3072
0.2242024043571749,0.3512953396533119,0.1678858297383424,0.458492656342088,-0.2963383625002765,32,4500,3072
0.2242024043571749,0.3512953396533119,0.1678858297383424,0.458492656342088,-0.2963383625002765,33,4500,3072
0.2242024043571749,0.3512953396533119,0.1678858297383424,0.458492656342088,-0.2963383625002765,34,4500,3072
0.2242024043571749,0.3512953396533119,0.1678858297383424,0.458492656342088,-0.2963383625002765,35,4500,3072
0.2242024043571749,0.3512953396533119,0.1678858297383424,0.458492656342088,-0.2963383625002765,36,4500,3072
0.2242024043571749,0.3512953396533119,0.1678858297383424,0.458492656342088,-0.2963383625002765,37,4500,3072
0.2242024043571749,0.3512953396533119,0.1678858297383424,0.458492656342088,-0.2963383625002765,38,4500,3072
0.2242024043571749,0.3512953396533119,0.1678858297383424,0.458492656342088,-0.2963383625002765,39,4500,3072
0.2242024043571749,0.3512953396533119,0.1678858297383424,0.458492656342088,-0.2963383625002765,40,4500,3072
0.1158656124707703,0.0731900723909659,0.6303177554434782,0.3867305731718615,-0.2505693529536118,0,4500,3786
0.1158656124707703,0.0731900723909659,0.6303177554434782,0.3461256205244711,-0.2506719432722725,1,4500,3786
0.1158656124707703,0.0731900723909659,0.6303177554434782,0.3461256205244711,-0.2506719432722725,2,4500,3786
0.2160707937164202,0.2643671313666031,0.6291238730107358,0.3391948927801735,-0.2725389205648271,3,4500,3786
0.2160707937164202,0.2643671313666031,0.6291238730107358,0.3391948927801735,-0.2725389205648271,4,4500,3786
0.2160707937164202,0.2643671313666031,0.6291238730107358,0.3391948927801735,-0.2725389205648271,5,4500,3786
0.2160707937164202,0.2643671313666031,0.6291238730107358,0.3391948927801735,-0.2725389205648271,6,4500,3786
0.2160707937164202,0.2643671313666031,0.6291238730107358,0.3391948927801735,-0.2725389205648271,7,4500,3786
0.2160707937164202,0.2643671313666031,0.6291238730107358,0.3391948927801735,-0.2725389205648271,8,4500,3786
0.2160707937164202,0.2643671313666031,0.6291238730107358,0.3391948927801735,-0.2725389205648271,9,4500,3786
0.2157726391602865,0.3867835893517093,0.6303361868090662,0.3325467441410515,-0.2729219037307897,10,4500,3786
0.2161690256071997,0.263827440937079,0.6286487141690341,0.3842067374459439,-0.2736327830798918,11,4500,3786
0.2136719549789688,0.3325870564696898,0.6033558116161342,0.3750489615201206,-0.2756724978575683,12,4500,3786
0.2136719549789688,0.3325870564696898,0.6033558116161342,0.3750489615201206,-0.2756724978575683,13,4500,3786
0.2136719549789688,0.3325870564696898,0.6033558116161342,0.3750489615201206,-0.2756724978575683,14,4500,3786
0.2136719549789688,0.3325870564696898,0.6033558116161342,0.3750489615201206,-0.2756724978575683,15,4500,3786
0.2136719549789688,0.3325870564696898,0.6033558116161342,0.3750489615201206,-0.2756724978575683,16,4500,3786
0.2136719549789688,0.3325870564696898,0.6033558116161342,0.3750489615201206,-0.2756724978575683,17,4500,3786
0.2136719549789688,0.3325870564696898,0.6033558116161342,0.3750489615201206,-0.2756724978575683,18,4500,3786
0.2136719549789688,0.3325870564696898,0.6033558116161342,0.3750489615201206,-0.2756724978575683,19,4500,3786
0.2136719549789688,0.3325870564696898,0.6033558116161342,0.3750489615201206,-0.2756724978575683,20,4500,3786
0.2136719549789688,0.3325870564696898,0.6033558116161342,0.3750489615201206,-0.2756724978575683,21,4500,3786
0.2136719549789688,0.3325870564696898,0.6033558116161342,0.3750489615201206,-0.2756724978575683,22,4500,3786
0.2136719549789688,0.3325870564696898,0.6033558116161342,0.3750489615201206,-0.2756724978575683,23,4500,3786
0.2136719549789688,0.3325870564696898,0.6033558116161342,0.3750489615201206,-0.2756724978575683,24,4500,3786
0.2136719549789688,0.3325870564696898,0.6033558116161342,0.3750489615201206,-0.2756724978575683,25,4500,3786
0.2136719549789688,0.3325870564696898,0.6033558116161342,0.3750489615201206,-0.2756724978575683,26,4500,3786
0.2136719549789688,0.3325870564696898,0.6033558116161342,0.3750489615201206,-0.2756724978575683,27,4500,3786
0.2136719549789688,0.3325870564696898,0.6033558116161342,0.3750489615201206,-0.2756724978575683,28,4500,3786
0.2136719549789688,0.3325870564696898,0.6033558116161342,0.3750489615201206,-0.2756724978575683,29,4500,3786
0.2136719549789688,0.3325870564696898,0.6033558116161342,0.3750489615201206,-0.2756724978575683,30,4500,3786
0.2136719549789688,0.3325870564696898,0.6033558116161342,0.3750489615201206,-0.2756724978575683,31,4500,3786
0.2136719549789688,0.3325870564696898,0.6033558116161342,0.3750489615201206,-0.2756724978575683,32,4500,3786
0.2136719549789688,0.3325870564696898,0.6033558116161342,0.3750489615201206,-0.2756724978575683,33,4500,3786
0.2136719549789688,0.3325870564696898,0.6033558116161342,0.3750489615201206,-0.2756724978575683,34,4500,3786
0.2136719549789688,0.3325870564696898,0.6033558116161342,0.3750489615201206,-0.2756724978575683,35,4500,3786
0.2034552406761496,0.3804242698865323,0.971598413446888,0.2164535799990539,-0.20254084231668,0,4500,4500
0.3684417860387493,0.3676528212179015,0.9820322321825072,0.2164535799990539,-0.213352852327498,1,4500,4500
0.3684417860387493,0.3610410642276292,0.9820322321825072,0.2337940845124397,-0.2221187183980871,2,4500,4500
0.3684417860387493,0.3610410642276292,0.9820322321825072,0.2337940845124397,-0.2221187183980871,3,4500,4500
0.3537733132394519,0.4198886217976187,0.9820322321825072,0.292736641924785,-0.2242157108303283,4,4500,4500
0.3537733132394519,0.4198886217976187,0.9820322321825072,0.292736641924785,-0.2242157108303283,5,4500,4500
0.3537733132394519,0.4198886217976187,0.9820322321825072,0.292736641924785,-0.2242157108303283,6,4500,4500
0.2211726931447225,0.3092626579641745,0.9747019226307064,0.3451256220736769,-0.2285888153264069,7,4500,4500
0.3758841500897413,0.3639960099518341,0.9820322321825072,0.3217953471332353,-0.2286149244907759,8,4500,4500
0.2239248400338546,0.3610410642276292,0.9806681025077012,0.3694444840617031,-0.2322867680200758,9,4500,4500
0.3549356430902077,0.3496483811802137,0.9747019226307064,0.3451256220736769,-0.2334985291636712,10,4500,4500
0.3549356430902077,0.3496483811802137,0.9747019226307064,0.3451256220736769,-0.2334985291636712,11,4500,4500
0.3352405821473956,0.3567410654861869,0.9919038420104812,0.2965282274508116,-0.2355609908807447,12,4500,4500
0.3352405821473956,0.3567410654861869,0.9919038420104812,0.2965282274508116,-0.2355609908807447,13,4500,4500
0.3352405821473956,0.3567410654861869,0.9919038420104812,0.2965282274508116,-0.2355609908807447,14,4500,4500
0.3352405821473956,0.3567410654861869,0.9919038420104812,0.2965282274508116,-0.2355609908807447,15,4500,4500
0.3352405821473956,0.3567410654861869,0.9919038420104812,0.2965282274508116,-0.2355609908807447,16,4500,4500
0.3352405821473956,0.3567410654861869,0.9919038420104812,0.2965282274508116,-0.2355609908807447,17,4500,4500
0.3352405821473956,0.3567410654861869,0.9919038420104812,0.2965282274508116,-0.2355609908807447,18,4500,4500
0.3352405821473956,0.3567410654861869,0.9919038420104812,0.2965282274508116,-0.2355609908807447,19,4500,4500
0.3352405821473956,0.3567410654861869,0.9919038420104812,0.2965282274508116,-0.2355609908807447,20,4500,4500
0.3352405821473956,0.3567410654861869,0.9919038420104812,0.2965282274508116,-0.2355609908807447,21,4500,4500
0.3352405821473956,0.3567410654861869,0.9919038420104812,0.2965282274508116,-0.2355609908807447,22,4500,4500
0.3352405821473956,0.3567410654861869,0.9919038420104812,0.2965282274508116,-0.2355609908807447,23,4500,4500
0.3352405821473956,0.3567410654861869,0.9919038420104812,0.2965282274508116,-0.2355609908807447,24,4500,4500
0.3352405821473956,0.3567410654861869,0.9919038420104812,0.2965282274508116,-0.2355609908807447,25,4500,4500
0.3352405821473956,0.3567410654861869,0.9919038420104812,0.2965282274508116,-0.2355609908807447,26,4500,4500
0.3352405821473956,0.3567410654861869,0.9919038420104812,0.2965282274508116,-0.2355609908807447,27,4500,4500
0.3352405821473956,0.3567410654861869,0.9919038420104812,0.2965282274508116,-0.2355609908807447,28,4500,4500
0.3352405821473956,0.3567410654861869,0.9919038420104812,0.2965282274508116,-0.2355609908807447,29,4500,4500
0.3352405821473956,0.3567410654861869,0.9919038420104812,0.2965282274508116,-0.2355609908807447,30,4500,4500
0.3352405821473956,0.3567410654861869,0.9919038420104812,0.2965282274508116,-0.2355609908807447,31,4500,4500
0.3352405821473956,0.3567410654861869,0.9919038420104812,0.2965282274508116,-0.2355609908807447,32,4500,4500
0.2034552406761496,0.3804242698865323,0.971598413446888,0.2164535799990539,-0.2061076984441097,0,4500,5214
0.3684417860387493,0.3676528212179015,0.9820322321825072,0.2164535799990539,-0.2161161366893887,1,4500,5214
0.3684417860387493,0.3610410642276292,0.9820322321825072,0.2337940845124397,-0.2255040497694682,2,4500,5214
0.3684417860387493,0.3610410642276292,0.9820322321825072,0.2337940845124397,-0.2255040497694682,3,4500,5214
0.3684417860387493,0.3610410642276292,0.9820322321825072,0.2337940845124397,-0.2255040497694682,4,4500,5214
0.3558427409929312,0.359429319216492,0.9917298441657844,0.2405105296205956,-0.2350061325152259,5,4500,5214
0.2183720562210205,0.345766435275186,0.9673008978371904,0.3582498262181099,-0.2364152623051038,6,4500,5214
0.2183720562210205,0.345766435275186,0.9673008978371904,0.3582498262181099,-0.2364152623051038,7,4500,5214
0.2183720562210205,0.345766435275186,0.9673008978371904,0.3582498262181099,-0.2364152623051038,8,4500,5214
0.3499128364744686,0.3507280028340168,0.9756270409748432,0.3839050202794941,-0.2373072791862535,9,4500,5214
0.3278098279566793,0.3500953253557918,0.9952731282225225,0.3584327115656012,-0.2374454986926507,10,4500,5214
0.3278098279566793,0.3500953253557918,0.9952731282225225,0.3584327115656012,-0.2374454986926507,11,4500,5214
0.3458717890807302,0.3627841622420441,0.9669912607386704,0.3214162464031508,-0.239374209281975,12,4500,5214
0.3458717890807302,0.3627841622420441,0.9669912607386704,0.3214162464031508,-0.239374209281975,13,4500,5214
0.3458717890807302,0.3627841622420441,0.9669912607386704,0.3214162464031508,-0.239374209281975,14,4500,5214
0.3458717890807302,0.3627841622420441,0.9669912607386704,0.3214162464031508,-0.239374209281975,15,4500,5214
0.3458717890807302,0.3627841622420441,0.9669912607386704,0.3214162464031508,-0.239374209281975,16,4500,5214
0.3458717890807302,0.3627841622420441,0.9669912607386704,0.3214162464031508,-0.239374209281975,17,4500,5214
0.3458717890807302,0.3627841622420441,0.9669912607386704,0.3214162464031508,-0.239374209281975,18,4500,5214
0.3458717890807302,0.3627841622420441,0.9669912607386704,0.3214162464031508,-0.239374209281975,19,4500,5214
0.3458717890807302,0.3627841622420441,0.9669912607386704,0.3214162464031508,-0.239374209281975,20,4500,5214
0.3458717890807302,0.3627841622420441,0.9669912607386704,0.3214162464031508,-0.239374209281975,21,4500,5214
0.3458717890807302,0.3627841622420441,0.9669912607386704,0.3214162464031508,-0.239374209281975,22,4500,5214
0.3458717890807302,0.3627841622420441,0.9669912607386704,0.3214162464031508,-0.239374209281975,23,4500,5214
0.3458717890807302,0.3627841622420441,0.9669912607386704,0.3214162464031508,-0.239374209281975,24,4500,5214
0.3458717890807302,0.3627841622420441,0.9669912607386704,0.3214162464031508,-0.239374209281975,25,4500,5214
0.3458717890807302,0.3627841622420441,0.9669912607386704,0.3214162464031508,-0.239374209281975,26,4500,5214
0.3458717890807302,0.3627841622420441,0.9669912607386704,0.3214162464031508,-0.239374209281975,27,4500,5214
0.3458717890807302,0.3627841622420441,0.9669912607386704,0.3214162464031508,-0.239374209281975,28,4500,5214
0.3458717890807302,0.3627841622420441,0.9669912607386704,0.3214162464031508,-0.239374209281975,29,4500,5214
0.3458717890807302,0.3627841622420441,0.9669912607386704,0.3214162464031508,-0.239374209281975,30,4500,5214
0.3458717890807302,0.3627841622420441,0.9669912607386704,0.3214162464031508,-0.239374209281975,31,4500,5214
0.3458717890807302,0.3627841622420441,0.9669912607386704,0.3214162464031508,-0.239374209281975,32,4500,5214
0.3458717890807302,0.3627841622420441,0.9669912607386704,0.3214162464031508,-0.239374209281975,33,4500,5214
0.3458717890807302,0.3627841622420441,0.9669912607386704,0.3214162464031508,-0.239374209281975,34,4500,5214
0.3458717890807302,0.3627841622420441,0.9669912607386704,0.3214162464031508,-0.239374209281975,35,4500,5214
0.3458717890807302,0.3627841622420441,0.9669912607386704,0.3214162464031508,-0.239374209281975,36,4500,5214
0.3458717890807302,0.3627841622420441,0.9669912607386704,0.3214162464031508,-0.239374209281975,37,4500,5214
0.1158656124707703,0.0731900723909659,0.6303177554434782,0.3867305731718615,-0.2339992457757756,0,4500,5929
0.1158656124707703,0.0731900723909659,0.6303177554434782,0.3461256205244711,-0.234260267708276,1,4500,5929
0.1158656124707703,0.0731900723909659,0.6303177554434782,0.3461256205244711,-0.234260267708276,2,4500,5929
0.1158656124707703,0.0731900723909659,0.6303177554434782,0.3461256205244711,-0.234260267708276,3,4500,5929
0.1639590506634073,0.0737634622983379,0.9751675243587554,0.3602638846836431,-0.2482759627523612,4,4500,5929
0.1639590506634073,0.0737634622983379,0.9751675243587554,0.3602638846836431,-0.2482759627523612,5,4500,5929
0.7010213907946419,0.1254040585858945,0.9788288144086972,0.3239554956409151,-0.2555991072178264,6,4500,5929
0.7010213907946419,0.1254040585858945,0.9788288144086972,0.3239554956409151,-0.2555991072178264,7,4500,5929
0.2272737953676609,0.0678507760915042,0.9856088635702032,0.3475502953030712,-0.2569333986497534,8,4500,5929
0.2272737953676609,0.0678507760915042,0.9856088635702032,0.3475502953030712,-0.2569333986497534,9,4500,5929
0.7194520239871943,0.0775281587471711,0.9777238051944148,0.3461256205244711,-0.2576988830159129,10,4500,5929
0.2272737953676609,0.0675232236891131,0.9856088635702032,0.283152295874279,-0.2593646574719901,11,4500,5929
0.2891648059459325,0.0675523046376652,0.9787218767335883,0.2879299621358069,-0.2740027631770756,12,4500,5929
0.2891648059459325,0.0675523046376652,0.9787218767335883,0.2879299621358069,-0.2740027631770756,13,4500,5929
0.2891648059459325,0.0675523046376652,0.9787218767335883,0.2879299621358069,-0.2740027631770756,14,4500,5929
0.2891648059459325,0.0675523046376652,0.9787218767335883,0.2879299621358069,-0.2740027631770756,15,4500,5929
0.2891648059459325,0.0675523046376652,0.9787218767335883,0.2879299621358069,-0.2740027631770756,16,4500,5929
0.2891648059459325,0.0675523046376652,0.9787218767335883,0.2879299621358069,-0.2740027631770756,17,4500,5929
0.2891648059459325,0.0675523046376652,0.9787218767335883,0.2879299621358069,-0.2740027631770756,18,4500,5929
0.2891648059459325,0.0675523046376652,0.9787218767335883,0.2879299621358069,-0.2740027631770756,19,4500,5929
0.2891648059459325,0.0675523046376652,0.9787218767335883,0.2879299621358069,-0.2740027631770756,20,4500,5929
0.2891648059459325,0.0675523046376652,0.9787218767335883,0.2879299621358069,-0.2740027631770756,21,4500,5929
0.2891648059459325,0.0675523046376652,0.9787218767335883,0.2879299621358069,-0.2740027631770756,22,4500,5929
0.2891648059459325,0.0675523046376652,0.9787218767335883,0.2879299621358069,-0.2740027631770756,23,4500,5929
0.2891648059459325,0.0675523046376652,0.9787218767335883,0.2879299621358069,-0.2740027631770756,24,4500,5929
0.2891648059459325,0.0675523046376652,0.9787218767335883,0.2879299621358069,-0.2740027631770756,25,4500,5929
0.2891648059459325,0.0675523046376652,0.9787218767335883,0.2879299621358069,-0.2740027631770756,26,4500,5929
0.2891648059459325,0.0675523046376652,0.9787218767335883,0.2879299621358069,-0.2740027631770756,27,4500,5929
0.2891648059459325,0.0675523046376652,0.9787218767335883,0.2879299621358069,-0.2740027631770756,28,4500,5929
0.2891648059459325,0.0675523046376652,0.9787218767335883,0.2879299621358069,-0.2740027631770756,29,4500,5929
0.2891648059459325,0.0675523046376652,0.9787218767335883,0.2879299621358069,-0.2740027631770756,30,4500,5929
0.2891648059459325,0.0675523046376652,0.9787218767335883,0.2879299621358069,-0.2740027631770756,31,4500,5929
0.2891648059459325,0.0675523046376652,0.9787218767335883,0.2879299621358069,-0.2740027631770756,32,4500,5929
0.2891648059459325,0.0675523046376652,0.9787218767335883,0.2879299621358069,-0.2740027631770756,33,4500,5929
0.2891648059459325,0.0675523046376652,0.9787218767335883,0.2879299621358069,-0.2740027631770756,34,4500,5929
0.2891648059459325,0.0675523046376652,0.9787218767335883,0.2879299621358069,-0.2740027631770756,35,4500,5929
0.2891648059459325,0.0675523046376652,0.9787218767335883,0.2879299621358069,-0.2740027631770756,36,4500,5929
0.2891648059459325,0.0675523046376652,0.9787218767335883,0.2879299621358069,-0.2740027631770756,37,4500,5929
0.2034552406761496,0.3804242698865323,0.971598413446888,0.2164535799990539,-0.2224980409971297,0,4500,6643
0.2034552406761496,0.3804242698865323,0.971598413446888,0.2164535799990539,-0.2224980409971297,1,4500,6643
0.2034552406761496,0.3804242698865323,0.971598413446888,0.2164535799990539,-0.2224980409971297,2,4500,6643
0.7494426911021309,0.1172688137050984,0.9532158927001926,0.27713333487199,-0.2638068907692262,3,4500,6643
0.7494426911021309,0.1172688137050984,0.9532158927001926,0.27713333487199,-0.2638068907692262,4,4500,6643
0.7494426911021309,0.1172688137050984,0.9532158927001926,0.27713333487199,-0.2638068907692262,5,4500,6643
0.7494426911021309,0.1172688137050984,0.9532158927001926,0.27713333487199,-0.2638068907692262,6,4500,6643
0.7494426911021309,0.1172688137050984,0.9532158927001926,0.27713333487199,-0.2638068907692262,7,4500,6643
0.7494426911021309,0.1172688137050984,0.9532158927001926,0.27713333487199,-0.2638068907692262,8,4500,6643
0.7494426911021309,0.1172688137050984,0.9532158927001926,0.27713333487199,-0.2638068907692262,9,4500,6643
0.7830834952172687,0.1166778445198662,0.9907585791312594,0.2781231086410689,-0.2726213339493327,10,4500,6643
0.7823765230979325,0.0982937276362997,0.9837083528195204,0.2598686217826528,-0.2729740254097535,11,4500,6643
0.7823765230979325,0.0982937276362997,0.9837083528195204,0.2598686217826528,-0.2729740254097535,12,4500,6643
0.2890967937278672,0.1003280437926647,0.9743930156124314,0.2719059741352593,-0.2768356257337725,13,4500,6643
0.2890967937278672,0.1003280437926647,0.9743930156124314,0.2719059741352593,-0.2768356257337725,14,4500,6643
0.2890967937278672,0.1003280437926647,0.9743930156124314,0.2719059741352593,-0.2768356257337725,15,4500,6643
0.2890967937278672,0.1003280437926647,0.9743930156124314,0.2719059741352593,-0.2768356257337725,16,4500,6643
0.2890967937278672,0.1003280437926647,0.9743930156124314,0.2719059741352593,-0.2768356257337725,17,4500,6643
0.2890967937278672,0.1003280437926647,0.9743930156124314,0.2719059741352593,-0.2768356257337725,18,4500,6643
0.2890967937278672,0.1003280437926647,0.9743930156124314,0.2719059741352593,-0.2768356257337725,19,4500,6643
0.2890967937278672,0.1003280437926647,0.9743930156124314,0.2719059741352593,-0.2768356257337725,20,4500,6643
0.2890967937278672,0.1003280437926647,0.9743930156124314,0.2719059741352593,-0.2768356257337725,21,4500,6643
0.2890967937278672,0.1003280437926647,0.9743930156124314,0.2719059741352593,-0.2768356257337725,22,4500,6643
0.2890967937278672,0.1003280437926647,0.9743930156124314,0.2719059741352593,-0.2768356257337725,23,4500,6643
0.2890967937278672,0.1003280437926647,0.9743930156124314,0.2719059741352593,-0.2768356257337725,24,4500,6643
0.2910359308875041,0.1359701045917562,0.9845584273692344,0.2764795600830007,-0.2774908183592073,25,4500,6643
0.2910359308875041,0.1359701045917562,0.9845584273692344,0.2764795600830007,-0.2774908183592073,26,4500,6643
0.2910359308875041,0.1359701045917562,0.9845584273692344,0.2764795600830007,-0.2774908183592073,27,4500,6643
0.2910359308875041,0.1359701045917562,0.9845584273692344,0.2764795600830007,-0.2774908183592073,28,4500,6643
0.2910359308875041,0.1359701045917562,0.9845584273692344,0.2764795600830007,-0.2774908183592073,29,4500,6643
0.2910359308875041,0.1359701045917562,0.9845584273692344,0.2764795600830007,-0.2774908183592073,30,4500,6643
0.2910359308875041,0.1359701045917562,0.9845584273692344,0.2764795600830007,-0.2774908183592073,31,4500,6643
0.2910359308875041,0.1359701045917562,0.9845584273692344,0.2764795600830007,-0.2774908183592073,32,4500,6643
0.2910359308875041,0.1359701045917562,0.9845584273692344,0.2764795600830007,-0.2774908183592073,33,4500,6643
0.2910359308875041,0.1359701045917562,0.9845584273692344,0.2764795600830007,-0.2774908183592073,34,4500,6643
0.2910359308875041,0.1359701045917562,0.9845584273692344,0.2764795600830007,-0.2774908183592073,35,4500,6643
0.2910359308875041,0.1359701045917562,0.9845584273692344,0.2764795600830007,-0.2774908183592073,36,4500,6643
0.2910359308875041,0.1359701045917562,0.9845584273692344,0.2764795600830007,-0.2774908183592073,37,4500,6643
0.2910359308875041,0.1359701045917562,0.9845584273692344,0.2764795600830007,-0.2774908183592073,38,4500,6643
0.2910359308875041,0.1359701045917562,0.9845584273692344,0.2764795600830007,-0.2774908183592073,39,4500,6643
0.2910359308875041,0.1359701045917562,0.9845584273692344,0.2764795600830007,-0.2774908183592073,40,4500,6643
0.2910359308875041,0.1359701045917562,0.9845584273692344,0.2764795600830007,-0.2774908183592073,41,4500,6643
0.2910359308875041,0.1359701045917562,0.9845584273692344,0.2764795600830007,-0.2774908183592073,42,4500,6643
0.2910359308875041,0.1359701045917562,0.9845584273692344,0.2764795600830007,-0.2774908183592073,43,4500,6643
0.2910359308875041,0.1359701045917562,0.9845584273692344,0.2764795600830007,-0.2774908183592073,44,4500,6643
0.2910359308875041,0.1359701045917562,0.9845584273692344,0.2764795600830007,-0.2774908183592073,45,4500,6643
0.2910359308875041,0.1359701045917562,0.9845584273692344,0.2764795600830007,-0.2774908183592073,46,4500,6643
0.2910359308875041,0.1359701045917562,0.9845584273692344,0.2764795600830007,-0.2774908183592073,47,4500,6643
0.2910359308875041,0.1359701045917562,0.9845584273692344,0.2764795600830007,-0.2774908183592073,48,4500,6643
0.2910359308875041,0.1359701045917562,0.9845584273692344,0.2764795600830007,-0.2774908183592073,49,4500,6643
0.2910359308875041,0.1359701045917562,0.9845584273692344,0.2764795600830007,-0.2774908183592073,50,4500,6643
0.9504636963259352,0.2455522672431775,0.9746928128822892,0.3602638846836431,-0.1862152519173676,0,4500,7357
0.9738919168635466,0.1235723022392885,0.1789607612408248,0.3345873400535566,-0.2137232582739019,1,4500,7357
0.9738919168635466,0.1174012600732055,0.1789607612408248,0.3519278445647941,-0.2156234512083186,2,4500,7357
0.9172977047909028,0.1279785824099912,0.9930842301568276,0.2135600874842086,-0.2315837847777407,3,4500,7357
0.9839438696037328,0.1222067039781948,0.939963694733855,0.3482169938558872,-0.2702886262497974,4,4500,7357
0.9699254132161326,0.1381743059461309,0.9840182043128184,0.3674393949605543,-0.2745219058736099,5,4500,7357
0.7496035737767571,0.1318340993822732,0.9936728279571424,0.3481199633610142,-0.2906377738161011,6,4500,7357
0.7496035737767571,0.1318340993822732,0.9936728279571424,0.3481199633610142,-0.2906377738161011,7,4500,7357
0.7175351338251345,0.1235603639486399,0.954627989647592,0.3212281022874269,-0.2907050597452675,8,4500,7357
0.729902766973114,0.1237740654510464,0.9936728279571424,0.3217819034381718,-0.2928617046298798,9,4500,7357
0.729902766973114,0.1237740654510464,0.9936728279571424,0.3217819034381718,-0.2928617046298798,10,4500,7357
0.7379873526254803,0.124573627772615,0.9789006694806928,0.3172261100241976,-0.3009428596358418,11,4500,7357
0.7379873526254803,0.124573627772615,0.9789006694806928,0.3172261100241976,-0.3009428596358418,12,4500,7357
0.7765227506613067,0.1242309237787476,0.9822149584397614,0.3089103900459923,-0.3042514391048516,13,4500,7357
0.7765227506613067,0.1242309237787476,0.9822149584397614,0.3089103900459923,-0.3042514391048516,14,4500,7357
0.7648526326071993,0.1162465097884611,0.9998308019704938,0.3089103900459923,-0.3065494626486213,15,4500,7357
0.7648526326071993,0.1162465097884611,0.9998308019704938,0.3089103900459923,-0.3065494626486213,16,4500,7357
0.7648526326071993,0.1162465097884611,0.9998308019704938,0.3089103900459923,-0.3065494626486213,17,4500,7357
0.7648526326071993,0.1162465097884611,0.9998308019704938,0.3089103900459923,-0.3065494626486213,18,4500,7357
0.7774959647015247,0.1005723503679346,0.9764954644863147,0.3161059280958009,-0.3069021541090421,19,4500,7357
0.7774959647015247,0.1005723503679346,0.9764954644863147,0.3161059280958009,-0.3069021541090421,20,4500,7357
0.7774959647015247,0.1005723503679346,0.9764954644863147,0.3161059280958009,-0.3069021541090421,21,4500,7357
0.7774959647015247,0.1005723503679346,0.9764954644863147,0.3161059280958009,-0.3069021541090421,22,4500,7357
0.7774959647015247,0.1005723503679346,0.9764954644863147,0.3161059280958009,-0.3069021541090421,23,4500,7357
0.7774959647015247,0.1005723503679346,0.9764954644863147,0.3161059280958009,-0.3069021541090421,24,4500,7357
0.7774959647015247,0.1005723503679346,0.9764954644863147,0.3161059280958009,-0.3069021541090421,25,4500,7357
0.7774959647015247,0.1005723503679346,0.9764954644863147,0.3161059280958009,-0.3069021541090421,26,4500,7357
0.7774959647015247,0.1005723503679346,0.9764954644863147,0.3161059280958009,-0.3069021541090421,27,4500,7357
0.7774959647015247,0.1005723503679346,0.9764954644863147,0.3161059280958009,-0.3069021541090421,28,4500,7357
0.7774959647015247,0.1005723503679346,0.9764954644863147,0.3161059280958009,-0.3069021541090421,29,4500,7357
0.7774959647015247,0.1005723503679346,0.9764954644863147,0.3161059280958009,-0.3069021541090421,30,4500,7357
0.7774959647015247,0.1005723503679346,0.9764954644863147,0.3161059280958009,-0.3069021541090421,31,4500,7357
0.7774959647015247,0.1005723503679346,0.9764954644863147,0.3161059280958009,-0.3069021541090421,32,4500,7357
0.7774959647015247,0.1005723503679346,0.9764954644863147,0.3161059280958009,-0.3069021541090421,33,4500,7357
0.7774959647015247,0.1005723503679346,0.9764954644863147,0.3161059280958009,-0.3069021541090421,34,4500,7357
0.7774959647015247,0.1005723503679346,0.9764954644863147,0.3161059280958009,-0.3069021541090421,35,4500,7357
0.7774959647015247,0.1005723503679346,0.9764954644863147,0.3161059280958009,-0.3069021541090421,36,4500,7357
0.7774959647015247,0.1005723503679346,0.9764954644863147,0.3161059280958009,-0.3069021541090421,37,4500,7357
0.7774959647015247,0.1005723503679346,0.9764954644863147,0.3161059280958009,-0.3069021541090421,38,4500,7357
0.7774959647015247,0.1005723503679346,0.9764954644863147,0.3161059280958009,-0.3069021541090421,39,4500,7357
0.7774959647015247,0.1005723503679346,0.9764954644863147,0.3161059280958009,-0.3069021541090421,40,4500,7357
0.7774959647015247,0.1005723503679346,0.9764954644863147,0.3161059280958009,-0.3069021541090421,41,4500,7357
0.7774959647015247,0.1005723503679346,0.9764954644863147,0.3161059280958009,-0.3069021541090421,42,4500,7357
0.7774959647015247,0.1005723503679346,0.9764954644863147,0.3161059280958009,-0.3069021541090421,43,4500,7357
0.7774959647015247,0.1005723503679346,0.9764954644863147,0.3161059280958009,-0.3069021541090421,44,4500,7357
0.9504636963259352,0.2455522672431775,0.9746928128822892,0.3602638846836431,-0.0919169630418094,0,4500,8072
0.9738919168635466,0.1235723022392885,0.1789607612408248,0.3345873400535566,-0.1244403687884698,1,4500,8072
0.9960793835255376,0.1244603325154798,0.9572571814329348,0.3447907341425736,-0.1811000773505596,2,4500,8072
0.9960793835255376,0.1244603325154798,0.9572571814329348,0.3447907341425736,-0.1811000773505596,3,4500,8072
0.956864731413866,0.1101273517646719,0.9723895266043352,0.3165278245045819,-0.1928906584536433,4,4500,8072
0.956864731413866,0.1101273517646719,0.9723895266043352,0.3165278245045819,-0.1928906584536433,5,4500,8072
0.7700076746597553,0.0554641883082598,0.9610165064724576,0.3487611834164573,-0.1958861077153197,6,4500,8072
0.7700076746597553,0.0554641883082598,0.9610165064724576,0.3487611834164573,-0.1958861077153197,7,4500,8072
0.7700076746597553,0.0554641883082598,0.9610165064724576,0.3487611834164573,-0.1958861077153197,8,4500,8072
0.7732305201074732,0.1069053276772666,0.9743517303321344,0.3491584271093227,-0.2043492487319099,9,4500,8072
0.7732305201074732,0.1069053276772666,0.9743517303321344,0.3491584271093227,-0.2043492487319099,10,4500,8072
0.7732305201074732,0.1069053276772666,0.9743517303321344,0.3491584271093227,-0.2043492487319099,11,4500,8072
0.7860149188563552,0.1195099967016051,0.9817977867272676,0.3177597067009487,-0.2149743036278336,12,4500,8072
0.7860149188563552,0.1195099967016051,0.9817977867272676,0.3177597067009487,-0.2149743036278336,13,4500,8072
0.7878957246430613,0.1076037997011025,0.9621561588023368,0.3121936751270176,-0.2158507639803416,14,4500,8072
0.7878957246430613,0.1076037997011025,0.9621561588023368,0.3121936751270176,-0.2158507639803416,15,4500,8072
0.7878957246430613,0.1076037997011025,0.9621561588023368,0.3121936751270176,-0.2158507639803416,16,4500,8072
0.7878957246430613,0.1076037997011025,0.9621561588023368,0.3121936751270176,-0.2158507639803416,17,4500,8072
0.7878957246430613,0.1076037997011025,0.9621561588023368,0.3121936751270176,-0.2158507639803416,18,4500,8072
0.7878957246430613,0.1076037997011025,0.9621561588023368,0.3121936751270176,-0.2158507639803416,19,4500,8072
0.7878957246430613,0.1076037997011025,0.9621561588023368,0.3121936751270176,-0.2158507639803416,20,4500,8072
0.7878957246430613,0.1076037997011025,0.9621561588023368,0.3121936751270176,-0.2158507639803416,21,4500,8072
0.7878957246430613,0.1076037997011025,0.9621561588023368,0.3121936751270176,-0.2158507639803416,22,4500,8072
0.7727734318670791,0.0997421732175106,0.9601369299391416,0.3142052171848924,-0.2162034554407624,23,4500,8072
0.7727734318670791,0.0997421732175106,0.9601369299391416,0.3142052171848924,-0.2162034554407624,24,4500,8072
0.7727734318670791,0.0997421732175106,0.9601369299391416,0.3142052171848924,-0.2162034554407624,25,4500,8072
0.7727734318670791,0.0997421732175106,0.9601369299391416,0.3142052171848924,-0.2162034554407624,26,4500,8072
0.7727734318670791,0.0997421732175106,0.9601369299391416,0.3142052171848924,-0.2162034554407624,27,4500,8072
0.7727734318670791,0.0997421732175106,0.9601369299391416,0.3142052171848924,-0.2162034554407624,28,4500,8072
0.7727734318670791,0.0997421732175106,0.9601369299391416,0.3142052171848924,-0.2162034554407624,29,4500,8072
0.7727734318670791,0.0997421732175106,0.9601369299391416,0.3142052171848924,-0.2162034554407624,30,4500,8072
0.7727734318670791,0.0997421732175106,0.9601369299391416,0.3142052171848924,-0.2162034554407624,31,4500,8072
0.7727734318670791,0.0997421732175106,0.9601369299391416,0.3142052171848924,-0.2162034554407624,32,4500,8072
0.7727734318670791,0.0997421732175106,0.9601369299391416,0.3142052171848924,-0.2162034554407624,33,4500,8072
0.7727734318670791,0.0997421732175106,0.9601369299391416,0.3142052171848924,-0.2162034554407624,34,4500,8072
0.7727734318670791,0.0997421732175106,0.9601369299391416,0.3142052171848924,-0.2162034554407624,35,4500,8072
0.7727734318670791,0.0997421732175106,0.9601369299391416,0.3142052171848924,-0.2162034554407624,36,4500,8072
0.7727734318670791,0.0997421732175106,0.9601369299391416,0.3142052171848924,-0.2162034554407624,37,4500,8072
0.7727734318670791,0.0997421732175106,0.9601369299391416,0.3142052171848924,-0.2162034554407624,38,4500,8072
0.7727734318670791,0.0997421732175106,0.9601369299391416,0.3142052171848924,-0.2162034554407624,39,4500,8072
0.7727734318670791,0.0997421732175106,0.9601369299391416,0.3142052171848924,-0.2162034554407624,40,4500,8072
0.7727734318670791,0.0997421732175106,0.9601369299391416,0.3142052171848924,-0.2162034554407624,41,4500,8072
0.7727734318670791,0.0997421732175106,0.9601369299391416,0.3142052171848924,-0.2162034554407624,42,4500,8072
0.7727734318670791,0.0997421732175106,0.9601369299391416,0.3142052171848924,-0.2162034554407624,43,4500,8072
0.7727734318670791,0.0997421732175106,0.9601369299391416,0.3142052171848924,-0.2162034554407624,44,4500,8072
0.7727734318670791,0.0997421732175106,0.9601369299391416,0.3142052171848924,-0.2162034554407624,45,4500,8072
0.7727734318670791,0.0997421732175106,0.9601369299391416,0.3142052171848924,-0.2162034554407624,46,4500,8072
0.7727734318670791,0.0997421732175106,0.9601369299391416,0.3142052171848924,-0.2162034554407624,47,4500,8072
0.7727734318670791,0.0997421732175106,0.9601369299391416,0.3142052171848924,-0.2162034554407624,48,4500,8072
0.2740483886137183,0.0770838085005387,0.1585550339867126,0.27713333487199,-0.1865361868744677,0,5214,3072
0.0219094265122291,0.3618499169701485,0.3309118901380318,0.5530311083399869,-0.2097460424949492,1,5214,3072
0.0219094265122291,0.3618499169701485,0.3309118901380318,0.5530311083399869,-0.2097460424949492,2,5214,3072
0.0060761838110331,0.399073475759892,0.2558424912928149,0.5530311083399869,-0.2131283792202523,3,5214,3072
0.0203453422381037,0.3678893439499131,0.1929329611890579,0.5594023050029551,-0.2262047118804702,4,5214,3072
0.1355191400350537,0.506064922529373,0.1417433529144587,0.6074920195438027,-0.2393031562722424,5,5214,3072
0.1355191400350537,0.506064922529373,0.1417433529144587,0.6074920195438027,-0.2393031562722424,6,5214,3072
0.1246526371388825,0.5725068242248122,0.1499783929836241,0.6473244812376286,-0.2545678787739159,7,5214,3072
0.2562998978922478,0.6094061449827995,0.1615305061222683,0.6103857057293294,-0.2555489869056325,8,5214,3072
0.1551851810439342,0.5725068242248122,0.1492699700151465,0.6473244812376286,-0.257854612265135,9,5214,3072
0.1551851810439342,0.5725068242248122,0.1492699700151465,0.6473244812376286,-0.257854612265135,10,5214,3072
0.1551851810439342,0.5725068242248122,0.1492699700151465,0.6473244812376286,-0.257854612265135,11,5214,3072
0.1354168351293404,0.5725068242248122,0.1416947446502996,0.7162652109934126,-0.2596645784342218,12,5214,3072
0.1354168351293404,0.5725068242248122,0.1416947446502996,0.7162652109934126,-0.2596645784342218,13,5214,3072
0.219785533414521,0.5916263774213134,0.1619253273262896,0.6122301684807416,-0.2631506876000522,14,5214,3072
0.219785533414521,0.5916263774213134,0.1619253273262896,0.6122301684807416,-0.2631506876000522,15,5214,3072
0.2374132441638432,0.5710138438830679,0.1492699700151465,0.6473244812376286,-0.2655349050197734,16,5214,3072
0.2424269533608336,0.582952941634968,0.1548181746945152,0.610621657203914,-0.266482014169203,17,5214,3072
0.232090505707474,0.5778652050785936,0.1600924592406566,0.7229337531141853,-0.2705372360903633,18,5214,3072
0.232090505707474,0.5778652050785936,0.1600924592406566,0.7229337531141853,-0.2705372360903633,19,5214,3072
0.240048146275218,0.5721423436893748,0.1532549705515257,0.7204350586269115,-0.2714843452397929,20,5214,3072
0.240048146275218,0.5721423436893748,0.1532549705515257,0.7204350586269115,-0.2714843452397929,21,5214,3072
0.240048146275218,0.5721423436893748,0.1532549705515257,0.7204350586269115,-0.2714843452397929,22,5214,3072
0.240048146275218,0.5721423436893748,0.1532549705515257,0.7204350586269115,-0.2714843452397929,23,5214,3072
0.240048146275218,0.5721423436893748,0.1532549705515257,0.7204350586269115,-0.2714843452397929,24,5214,3072
0.240048146275218,0.5721423436893748,0.1532549705515257,0.7204350586269115,-0.2714843452397929,25,5214,3072
0.240048146275218,0.5721423436893748,0.1532549705515257,0.7204350586269115,-0.2714843452397929,26,5214,3072
0.240048146275218,0.5721423436893748,0.1532549705515257,0.7204350586269115,-0.2714843452397929,27,5214,3072
0.240048146275218,0.5721423436893748,0.1532549705515257,0.7204350586269115,-0.2714843452397929,28,5214,3072
0.240048146275218,0.5721423436893748,0.1532549705515257,0.7204350586269115,-0.2714843452397929,29,5214,3072
0.240048146275218,0.5721423436893748,0.1532549705515257,0.7204350586269115,-0.2714843452397929,30,5214,3072
0.240048146275218,0.5721423436893748,0.1532549705515257,0.7204350586269115,-0.2714843452397929,31,5214,3072
0.240048146275218,0.5721423436893748,0.1532549705515257,0.7204350586269115,-0.2714843452397929,32,5214,3072
0.240048146275218,0.5721423436893748,0.1532549705515257,0.7204350586269115,-0.2714843452397929,33,5214,3072
0.240048146275218,0.5721423436893748,0.1532549705515257,0.7204350586269115,-0.2714843452397929,34,5214,3072
0.240048146275218,0.5721423436893748,0.1532549705515257,0.7204350586269115,-0.2714843452397929,35,5214,3072
0.240048146275218,0.5721423436893748,0.1532549705515257,0.7204350586269115,-0.2714843452397929,36,5214,3072
0.240048146275218,0.5721423436893748,0.1532549705515257,0.7204350586269115,-0.2714843452397929,37,5214,3072
0.240048146275218,0.5721423436893748,0.1532549705515257,0.7204350586269115,-0.2714843452397929,38,5214,3072
0.240048146275218,0.5721423436893748,0.1532549705515257,0.7204350586269115,-0.2714843452397929,39,5214,3072
0.240048146275218,0.5721423436893748,0.1532549705515257,0.7204350586269115,-0.2714843452397929,40,5214,3072
0.240048146275218,0.5721423436893748,0.1532549705515257,0.7204350586269115,-0.2714843452397929,41,5214,3072
0.240048146275218,0.5721423436893748,0.1532549705515257,0.7204350586269115,-0.2714843452397929,42,5214,3072
0.240048146275218,0.5721423436893748,0.1532549705515257,0.7204350586269115,-0.2714843452397929,43,5214,3072
0.240048146275218,0.5721423436893748,0.1532549705515257,0.7204350586269115,-0.2714843452397929,44,5214,3072
0.240048146275218,0.5721423436893748,0.1532549705515257,0.7204350586269115,-0.2714843452397929,45,5214,3072
0.2740483886137183,0.0770838085005387,0.1585550339867126,0.27713333487199,-0.1817841225796186,0,5214,3786
0.2740483886137183,0.0770838085005387,0.1585550339867126,0.27713333487199,-0.1817841225796186,1,5214,3786
0.1096702315359752,0.0554793207679946,0.5972128308441158,0.3464009326227465,-0.182146156957665,2,5214,3786
0.1321138470633236,0.0731900723909659,0.2204902645115664,0.4702006769658295,-0.1927584246520368,3,5214,3786
0.2696925038686514,0.506064922529373,0.1570346798176248,0.4244635846320775,-0.1943278759860305,4,5214,3786
0.2696925038686514,0.506064922529373,0.1570346798176248,0.4244635846320775,-0.1943278759860305,5,5214,3786
0.2044848009966162,0.3649368102459306,0.1586997670472099,0.1563466499035863,-0.2195431801926694,6,5214,3786
0.2148167139091047,0.3613927084610863,0.1586997670472099,0.1561336356866312,-0.2271772798869371,7,5214,3786
0.2148167139091047,0.3613927084610863,0.1586997670472099,0.1561336356866312,-0.2271772798869371,8,5214,3786
0.2148167139091047,0.3613927084610863,0.158134045469006,0.1867019682558004,-0.2300664821891725,9,5214,3786
0.2229101682104716,0.3564932713684606,0.1477258001488205,0.2870565314119033,-0.2315791666138939,10,5214,3786
0.2229101682104716,0.3564932713684606,0.1477258001488205,0.2870565314119033,-0.2315791666138939,11,5214,3786
0.2229101682104716,0.3564932713684606,0.1477258001488205,0.2870565314119033,-0.2315791666138939,12,5214,3786
0.2298007339969427,0.2741861540361968,0.1539930337803839,0.1671382024012697,-0.2319559414495627,13,5214,3786
0.2401397095151121,0.3549703658748469,0.1539892524665861,0.2766424439322293,-0.2348702497104966,14,5214,3786
0.2401397095151121,0.3549703658748469,0.1539892524665861,0.2766424439322293,-0.2348702497104966,15,5214,3786
0.2401397095151121,0.3549703658748469,0.1539892524665861,0.2766424439322293,-0.2348702497104966,16,5214,3786
0.2401397095151121,0.3549703658748469,0.1539892524665861,0.2766424439322293,-0.2348702497104966,17,5214,3786
0.2401397095151121,0.3549703658748469,0.1539892524665861,0.2766424439322293,-0.2348702497104966,18,5214,3786
0.2401397095151121,0.3549703658748469,0.1539892524665861,0.2766424439322293,-0.2348702497104966,19,5214,3786
0.2401397095151121,0.3549703658748469,0.1539892524665861,0.2766424439322293,-0.2348702497104966,20,5214,3786
0.2401397095151121,0.3549703658748469,0.1539892524665861,0.2766424439322293,-0.2348702497104966,21,5214,3786
0.2401397095151121,0.3549703658748469,0.1539892524665861,0.2766424439322293,-0.2348702497104966,22,5214,3786
0.2401397095151121,0.3549703658748469,0.1539892524665861,0.2766424439322293,-0.2348702497104966,23,5214,3786
0.2401397095151121,0.3549703658748469,0.1539892524665861,0.2766424439322293,-0.2348702497104966,24,5214,3786
0.2401397095151121,0.3549703658748469,0.1539892524665861,0.2766424439322293,-0.2348702497104966,25,5214,3786
0.2401397095151121,0.3549703658748469,0.1539892524665861,0.2766424439322293,-0.2348702497104966,26,5214,3786
0.2401397095151121,0.3549703658748469,0.1539892524665861,0.2766424439322293,-0.2348702497104966,27,5214,3786
0.2401397095151121,0.3549703658748469,0.1539892524665861,0.2766424439322293,-0.2348702497104966,28,5214,3786
0.2401397095151121,0.3549703658748469,0.1539892524665861,0.2766424439322293,-0.2348702497104966,29,5214,3786
0.2401397095151121,0.3549703658748469,0.1539892524665861,0.2766424439322293,-0.2348702497104966,30,5214,3786
0.2401397095151121,0.3549703658748469,0.1539892524665861,0.2766424439322293,-0.2348702497104966,31,5214,3786
0.2401397095151121,0.3549703658748469,0.1539892524665861,0.2766424439322293,-0.2348702497104966,32,5214,3786
0.2401397095151121,0.3549703658748469,0.1539892524665861,0.2766424439322293,-0.2348702497104966,33,5214,3786
0.2401397095151121,0.3549703658748469,0.1539892524665861,0.2766424439322293,-0.2348702497104966,34,5214,3786
0.2401397095151121,0.3549703658748469,0.1539892524665861,0.2766424439322293,-0.2348702497104966,35,5214,3786
0.2401397095151121,0.3549703658748469,0.1539892524665861,0.2766424439322293,-0.2348702497104966,36,5214,3786
0.2401397095151121,0.3549703658748469,0.1539892524665861,0.2766424439322293,-0.2348702497104966,37,5214,3786
0.2401397095151121,0.3549703658748469,0.1539892524665861,0.2766424439322293,-0.2348702497104966,38,5214,3786
0.2034552406761496,0.3804242698865323,0.971598413446888,0.2164535799990539,-0.1406502367242493,0,5214,4500
0.2034552406761496,0.3804242698865323,0.971598413446888,0.2164535799990539,-0.1406502367242493,1,5214,4500
0.0219094265122291,0.3604976695400573,0.8187883610368007,0.3232423044297158,-0.144622349353811,2,5214,4500
0.1721220020576804,0.506064922529373,0.14687616226266,0.4244635846320775,-0.1614779201369084,3,5214,4500
0.1721220020576804,0.506064922529373,0.14687616226266,0.4244635846320775,-0.1614779201369084,4,5214,4500
0.2158227659529707,0.345975268836072,0.1673844219124441,0.3160689434940904,-0.1709692283600403,5,5214,4500
0.0108839717947691,0.3650542217767989,0.1625039848932938,0.2460043080468043,-0.1762609925399562,6,5214,4500
0.2114316367564852,0.3740284524676285,0.150427406706306,0.3258184169486716,-0.1823911339770605,7,5214,4500
0.2114316367564852,0.3740284524676285,0.150427406706306,0.3258184169486716,-0.1823911339770605,8,5214,4500
0.2192783429623404,0.357780955424797,0.150427406706306,0.3258184169486716,-0.18545237807808,9,5214,4500
0.2145724760338341,0.3660276086884722,0.1451605141440071,0.2871401801851244,-0.1907065716041618,10,5214,4500
0.2145724760338341,0.3660276086884722,0.1451605141440071,0.2871401801851244,-0.1907065716041618,11,5214,4500
0.2145724760338341,0.3660276086884722,0.1451605141440071,0.2871401801851244,-0.1907065716041618,12,5214,4500
0.2145724760338341,0.3660276086884722,0.1451605141440071,0.2871401801851244,-0.1907065716041618,13,5214,4500
0.2296844576958818,0.3879830866060142,0.149197333448928,0.2842622973708462,-0.1924182998368636,14,5214,4500
0.2393592440312983,0.3578219940458797,0.1602827537878744,0.220040615255779,-0.1924207672071189,15,5214,4500
0.2429571015818343,0.3546685553994257,0.1503006275657383,0.2909658395226717,-0.1939334516318403,16,5214,4500
0.2429571015818343,0.3546685553994257,0.1503006275657383,0.2909658395226717,-0.1939334516318403,17,5214,4500
0.2429571015818343,0.3546685553994257,0.1503006275657383,0.2909658395226717,-0.1939334516318403,18,5214,4500
0.2429571015818343,0.3546685553994257,0.1503006275657383,0.2909658395226717,-0.1939334516318403,19,5214,4500
0.2429571015818343,0.3546685553994257,0.1503006275657383,0.2909658395226717,-0.1939334516318403,20,5214,4500
0.2429571015818343,0.3546685553994257,0.1503006275657383,0.2909658395226717,-0.1939334516318403,21,5214,4500
0.2429571015818343,0.3546685553994257,0.1503006275657383,0.2909658395226717,-0.1939334516318403,22,5214,4500
0.2429571015818343,0.3546685553994257,0.1503006275657383,0.2909658395226717,-0.1939334516318403,23,5214,4500
0.2429571015818343,0.3546685553994257,0.1503006275657383,0.2909658395226717,-0.1939334516318403,24,5214,4500
0.2429571015818343,0.3546685553994257,0.1503006275657383,0.2909658395226717,-0.1939334516318403,25,5214,4500
0.2429571015818343,0.3546685553994257,0.1503006275657383,0.2909658395226717,-0.1939334516318403,26,5214,4500
0.2429571015818343,0.3546685553994257,0.1503006275657383,0.2909658395226717,-0.1939334516318403,27,5214,4500
0.2429571015818343,0.3546685553994257,0.1503006275657383,0.2909658395226717,-0.1939334516318403,28,5214,4500
0.2429571015818343,0.3546685553994257,0.1503006275657383,0.2909658395226717,-0.1939334516318403,29,5214,4500
0.2429571015818343,0.3546685553994257,0.1503006275657383,0.2909658395226717,-0.1939334516318403,30,5214,4500
0.2429571015818343,0.3546685553994257,0.1503006275657383,0.2909658395226717,-0.1939334516318403,31,5214,4500
0.2429571015818343,0.3546685553994257,0.1503006275657383,0.2909658395226717,-0.1939334516318403,32,5214,4500
0.2429571015818343,0.3546685553994257,0.1503006275657383,0.2909658395226717,-0.1939334516318403,33,5214,4500
0.2429571015818343,0.3546685553994257,0.1503006275657383,0.2909658395226717,-0.1939334516318403,34,5214,4500
0.2429571015818343,0.3546685553994257,0.1503006275657383,0.2909658395226717,-0.1939334516318403,35,5214,4500
0.2429571015818343,0.3546685553994257,0.1503006275657383,0.2909658395226717,-0.1939334516318403,36,5214,4500
0.2429571015818343,0.3546685553994257,0.1503006275657383,0.2909658395226717,-0.1939334516318403,37,5214,4500
0.2429571015818343,0.3546685553994257,0.1503006275657383,0.2909658395226717,-0.1939334516318403,38,5214,4500
0.2429571015818343,0.3546685553994257,0.1503006275657383,0.2909658395226717,-0.1939334516318403,39,5214,4500
0.2034552406761496,0.3804242698865323,0.971598413446888,0.2164535799990539,-0.1509173635394889,0,5214,5214
0.2034552406761496,0.3804242698865323,0.971598413446888,0.2164535799990539,-0.1509173635394889,1,5214,5214
0.2622102967577981,0.1490480233707125,0.1606922802132237,0.2217371873384278,-0.1516889127153024,2,5214,5214
0.2647751460255306,0.0770838085005387,0.1585550339867126,0.27713333487199,-0.1560912592420991,3,5214,5214
0.128299088055147,0.3128040984711814,0.919603612919851,0.2966307105732615,-0.1647649244634179,4,5214,5214
0.2144894407093843,0.0738406557537022,0.7405602832951129,0.2704848827321873,-0.1687404064304225,5,5214,5214
0.2144894407093843,0.0738406557537022,0.7405602832951129,0.2704848827321873,-0.1687404064304225,6,5214,5214
0.1982045386194025,0.3694297147266525,0.1579185802629636,0.2914972325062522,-0.1809751056342849,7,5214,5214
0.1982045386194025,0.3694297147266525,0.1579185802629636,0.2914972325062522,-0.1809751056342849,8,5214,5214
0.1986464368968859,0.3642128320063618,0.1439586711468351,0.220085766766934,-0.1829204952564144,9,5214,5214
0.1986464368968859,0.3642128320063618,0.1439586711468351,0.220085766766934,-0.1829204952564144,10,5214,5214
0.2233747315487642,0.3642128320063618,0.1439586711468351,0.220085766766934,-0.1931508479901955,11,5214,5214
0.2159408257857683,0.3647521275343806,0.1475898789807357,0.2635177861357918,-0.1942667024690855,12,5214,5214
0.2159408257857683,0.3647521275343806,0.1475898789807357,0.2635177861357918,-0.1942667024690855,13,5214,5214
0.2159408257857683,0.3647521275343806,0.1475898789807357,0.2635177861357918,-0.1942667024690855,14,5214,5214
0.2159408257857683,0.3647521275343806,0.1475898789807357,0.2635177861357918,-0.1942667024690855,15,5214,5214
0.232203276506289,0.3442514216769545,0.1620193898782381,0.2876938472597111,-0.1949043195877121,16,5214,5214
0.232203276506289,0.3442514216769545,0.1620193898782381,0.2876938472597111,-0.1949043195877121,17,5214,5214
0.232203276506289,0.3442514216769545,0.1620193898782381,0.2876938472597111,-0.1949043195877121,18,5214,5214
0.232203276506289,0.3442514216769545,0.1620193898782381,0.2876938472597111,-0.1949043195877121,19,5214,5214
0.232203276506289,0.3442514216769545,0.1620193898782381,0.2876938472597111,-0.1949043195877121,20,5214,5214
0.232203276506289,0.3442514216769545,0.1620193898782381,0.2876938472597111,-0.1949043195877121,21,5214,5214
0.2419388655815597,0.3641950787421563,0.1429440992127782,0.2659776899192005,-0.1955417712751428,22,5214,5214
0.2419388655815597,0.3641950787421563,0.1429440992127782,0.2659776899192005,-0.1955417712751428,23,5214,5214
0.2419388655815597,0.3641950787421563,0.1429440992127782,0.2659776899192005,-0.1955417712751428,24,5214,5214
0.2419388655815597,0.3641950787421563,0.1429440992127782,0.2659776899192005,-0.1955417712751428,25,5214,5214
0.2419388655815597,0.3641950787421563,0.1429440992127782,0.2659776899192005,-0.1955417712751428,26,5214,5214
0.2419388655815597,0.3641950787421563,0.1429440992127782,0.2659776899192005,-0.1955417712751428,27,5214,5214
0.2419388655815597,0.3641950787421563,0.1429440992127782,0.2659776899192005,-0.1955417712751428,28,5214,5214
0.2419388655815597,0.3641950787421563,0.1429440992127782,0.2659776899192005,-0.1955417712751428,29,5214,5214
0.2419388655815597,0.3641950787421563,0.1429440992127782,0.2659776899192005,-0.1955417712751428,30,5214,5214
0.2419388655815597,0.3641950787421563,0.1429440992127782,0.2659776899192005,-0.1955417712751428,31,5214,5214
0.2419388655815597,0.3641950787421563,0.1429440992127782,0.2659776899192005,-0.1955417712751428,32,5214,5214
0.2419388655815597,0.3641950787421563,0.1429440992127782,0.2659776899192005,-0.1955417712751428,33,5214,5214
0.2419388655815597,0.3641950787421563,0.1429440992127782,0.2659776899192005,-0.1955417712751428,34,5214,5214
0.2419388655815597,0.3641950787421563,0.1429440992127782,0.2659776899192005,-0.1955417712751428,35,5214,5214
0.2419388655815597,0.3641950787421563,0.1429440992127782,0.2659776899192005,-0.1955417712751428,36,5214,5214
0.2419388655815597,0.3641950787421563,0.1429440992127782,0.2659776899192005,-0.1955417712751428,37,5214,5214
0.2419388655815597,0.3641950787421563,0.1429440992127782,0.2659776899192005,-0.1955417712751428,38,5214,5214
0.2419388655815597,0.3641950787421563,0.1429440992127782,0.2659776899192005,-0.1955417712751428,39,5214,5214
0.2419388655815597,0.3641950787421563,0.1429440992127782,0.2659776899192005,-0.1955417712751428,40,5214,5214
0.2419388655815597,0.3641950787421563,0.1429440992127782,0.2659776899192005,-0.1955417712751428,41,5214,5214
0.2419388655815597,0.3641950787421563,0.1429440992127782,0.2659776899192005,-0.1955417712751428,42,5214,5214
0.2419388655815597,0.3641950787421563,0.1429440992127782,0.2659776899192005,-0.1955417712751428,43,5214,5214
0.2419388655815597,0.3641950787421563,0.1429440992127782,0.2659776899192005,-0.1955417712751428,44,5214,5214
0.2419388655815597,0.3641950787421563,0.1429440992127782,0.2659776899192005,-0.1955417712751428,45,5214,5214
0.2419388655815597,0.3641950787421563,0.1429440992127782,0.2659776899192005,-0.1955417712751428,46,5214,5214
0.2419388655815597,0.3641950787421563,0.1429440992127782,0.2659776899192005,-0.1955417712751428,47,5214,5214
0.2034552406761496,0.3804242698865323,0.971598413446888,0.2164535799990539,-0.1644779752321546,0,5214,5929
0.2034552406761496,0.3804242698865323,0.971598413446888,0.2164535799990539,-0.1644779752321546,1,5214,5929
0.2272065290273717,0.0770838085005387,0.1666470349078846,0.0925836865026847,-0.1648545631964042,2,5214,5929
0.2669624948893234,0.1172688137050984,0.5462497892469849,0.27713333487199,-0.1676454525076438,3,5214,5929
0.2034552406761496,0.3804242698865323,0.945444244563952,0.2448275965583523,-0.1791985796957788,4,5214,5929
0.7331280314813706,0.0488927519353824,0.9366232045558052,0.2791409609661282,-0.1970938644516056,5,5214,5929
0.7331280314813706,0.0488927519353824,0.9366232045558052,0.2791409609661282,-0.1970938644516056,6,5214,5929
0.7331280314813706,0.0488927519353824,0.9366232045558052,0.2791409609661282,-0.1970938644516056,7,5214,5929
0.7331280314813706,0.0488927519353824,0.9366232045558052,0.2791409609661282,-0.1970938644516056,8,5214,5929
0.2480285793255971,0.0800921638482487,0.9641682669167752,0.2510011651637414,-0.2063991507096257,9,5214,5929
0.262887114321189,0.0664774694657005,0.9373693885339758,0.2795965094441023,-0.2070362485262835,10,5214,5929
0.2383073457753524,0.0712948184764683,0.9521500966549818,0.260916363879883,-0.2078141266624385,11,5214,5929
0.2383073457753524,0.0712948184764683,0.9521500966549818,0.260916363879883,-0.2078141266624385,12,5214,5929
0.2383073457753524,0.0712948184764683,0.9521500966549818,0.260916363879883,-0.2078141266624385,13,5214,5929
0.2391407392173062,0.0707692862601716,0.9521500966549818,0.2478023954218752,-0.2079111909927478,14,5214,5929
0.2391407392173062,0.0707692862601716,0.9521500966549818,0.2478023954218752,-0.2079111909927478,15,5214,5929
0.2391407392173062,0.0707692862601716,0.9521500966549818,0.2478023954218752,-0.2079111909927478,16,5214,5929
0.2480574373297497,0.1313374077630348,0.9447364138681542,0.2748564875859801,-0.2085411345588488,17,5214,5929
0.2480574373297497,0.1313374077630348,0.9447364138681542,0.2748564875859801,-0.2085411345588488,18,5214,5929
0.2480574373297497,0.1313374077630348,0.9447364138681542,0.2748564875859801,-0.2085411345588488,19,5214,5929
0.2480574373297497,0.1313374077630348,0.9447364138681542,0.2748564875859801,-0.2085411345588488,20,5214,5929
0.2480574373297497,0.1313374077630348,0.9447364138681542,0.2748564875859801,-0.2085411345588488,21,5214,5929
0.2480574373297497,0.1313374077630348,0.9447364138681542,0.2748564875859801,-0.2085411345588488,22,5214,5929
0.2480574373297497,0.1313374077630348,0.9447364138681542,0.2748564875859801,-0.2085411345588488,23,5214,5929
0.2480574373297497,0.1313374077630348,0.9447364138681542,0.2748564875859801,-0.2085411345588488,24,5214,5929
0.2480574373297497,0.1313374077630348,0.9447364138681542,0.2748564875859801,-0.2085411345588488,25,5214,5929
0.2480574373297497,0.1313374077630348,0.9447364138681542,0.2748564875859801,-0.2085411345588488,26,5214,5929
0.2480574373297497,0.1313374077630348,0.9447364138681542,0.2748564875859801,-0.2085411345588488,27,5214,5929
0.2480574373297497,0.1313374077630348,0.9447364138681542,0.2748564875859801,-0.2085411345588488,28,5214,5929
0.2480574373297497,0.1313374077630348,0.9447364138681542,0.2748564875859801,-0.2085411345588488,29,5214,5929
0.2480574373297497,0.1313374077630348,0.9447364138681542,0.2748564875859801,-0.2085411345588488,30,5214,5929
0.2480574373297497,0.1313374077630348,0.9447364138681542,0.2748564875859801,-0.2085411345588488,31,5214,5929
0.2480574373297497,0.1313374077630348,0.9447364138681542,0.2748564875859801,-0.2085411345588488,32,5214,5929
0.2480574373297497,0.1313374077630348,0.9447364138681542,0.2748564875859801,-0.2085411345588488,33,5214,5929
0.2480574373297497,0.1313374077630348,0.9447364138681542,0.2748564875859801,-0.2085411345588488,34,5214,5929
0.2480574373297497,0.1313374077630348,0.9447364138681542,0.2748564875859801,-0.2085411345588488,35,5214,5929
0.2480574373297497,0.1313374077630348,0.9447364138681542,0.2748564875859801,-0.2085411345588488,36,5214,5929
0.2480574373297497,0.1313374077630348,0.9447364138681542,0.2748564875859801,-0.2085411345588488,37,5214,5929
0.2480574373297497,0.1313374077630348,0.9447364138681542,0.2748564875859801,-0.2085411345588488,38,5214,5929
0.2480574373297497,0.1313374077630348,0.9447364138681542,0.2748564875859801,-0.2085411345588488,39,5214,5929
0.2480574373297497,0.1313374077630348,0.9447364138681542,0.2748564875859801,-0.2085411345588488,40,5214,5929
0.2480574373297497,0.1313374077630348,0.9447364138681542,0.2748564875859801,-0.2085411345588488,41,5214,5929
0.2480574373297497,0.1313374077630348,0.9447364138681542,0.2748564875859801,-0.2085411345588488,42,5214,5929
0.2034552406761496,0.3804242698865323,0.971598413446888,0.2164535799990539,-0.1687406571716658,0,5214,6643
0.2034552406761496,0.3804242698865323,0.971598413446888,0.2164535799990539,-0.1687406571716658,1,5214,6643
0.2109183692674607,0.376582275935865,0.1748355378976236,0.1433436760654803,-0.1803739969193166,2,5214,6643
0.2109183692674607,0.376582275935865,0.1748355378976236,0.1433436760654803,-0.1803739969193166,3,5214,6643
0.2290511646830559,0.3738123500509143,0.971598413446888,0.2711602839395465,-0.1948018780115872,4,5214,6643
0.2313409211803638,0.1166029504132417,0.975937069649224,0.3087943995947307,-0.2021761937555817,5,5214,6643
0.2313409211803638,0.1166029504132417,0.975937069649224,0.3087943995947307,-0.2021761937555817,6,5214,6643
0.2313409211803638,0.1166029504132417,0.975937069649224,0.3087943995947307,-0.2021761937555817,7,5214,6643
0.2275759570451485,0.1309001170302358,0.9677258625963172,0.2125296123532636,-0.2023907015529452,8,5214,6643
0.2275759570451485,0.1309001170302358,0.9677258625963172,0.2125296123532636,-0.2023907015529452,9,5214,6643
0.2139809664436058,0.1141829915858672,0.9483014610066848,0.2926717062514348,-0.2098027493084805,10,5214,6643
0.2315018679696344,0.1021741043689018,0.9500875967886506,0.2592919766939837,-0.2120536686222916,11,5214,6643
0.2315018679696344,0.1021741043689018,0.9500875967886506,0.2592919766939837,-0.2120536686222916,12,5214,6643
0.2282209947992378,0.1311822737610927,0.970674056318496,0.2666002724446231,-0.2131691402209168,13,5214,6643
0.2359375720658685,0.1306477122897529,0.9887905009039216,0.2683573194193854,-0.2161479145905777,14,5214,6643
0.2359375720658685,0.1306477122897529,0.9887905009039216,0.2683573194193854,-0.2161479145905777,15,5214,6643
0.2338215401494019,0.1315941139111656,0.9507523849077087,0.2432837408086178,-0.2167850124072354,16,5214,6643
0.2617587426869012,0.1352651929421609,0.970674056318496,0.2669994402138981,-0.2169347615687,17,5214,6643
0.2617587426869012,0.1352651929421609,0.970674056318496,0.2669994402138981,-0.2169347615687,18,5214,6643
0.261305982518829,0.1355466561850108,0.935472662037555,0.2704977738731083,-0.2175718593853578,19,5214,6643
0.261305982518829,0.1355466561850108,0.935472662037555,0.2704977738731083,-0.2175718593853578,20,5214,6643
0.261305982518829,0.1355466561850108,0.935472662037555,0.2704977738731083,-0.2175718593853578,21,5214,6643
0.261305982518829,0.1355466561850108,0.935472662037555,0.2704977738731083,-0.2175718593853578,22,5214,6643
0.261305982518829,0.1355466561850108,0.935472662037555,0.2704977738731083,-0.2175718593853578,23,5214,6643
0.261305982518829,0.1355466561850108,0.935472662037555,0.2704977738731083,-0.2175718593853578,24,5214,6643
0.261305982518829,0.1355466561850108,0.935472662037555,0.2704977738731083,-0.2175718593853578,25,5214,6643
0.261305982518829,0.1355466561850108,0.935472662037555,0.2704977738731083,-0.2175718593853578,26,5214,6643
0.261305982518829,0.1355466561850108,0.935472662037555,0.2704977738731083,-0.2175718593853578,27,5214,6643
0.261305982518829,0.1355466561850108,0.935472662037555,0.2704977738731083,-0.2175718593853578,28,5214,6643
0.261305982518829,0.1355466561850108,0.935472662037555,0.2704977738731083,-0.2175718593853578,29,5214,6643
0.261305982518829,0.1355466561850108,0.935472662037555,0.2704977738731083,-0.2175718593853578,30,5214,6643
0.261305982518829,0.1355466561850108,0.935472662037555,0.2704977738731083,-0.2175718593853578,31,5214,6643
0.261305982518829,0.1355466561850108,0.935472662037555,0.2704977738731083,-0.2175718593853578,32,5214,6643
0.261305982518829,0.1355466561850108,0.935472662037555,0.2704977738731083,-0.2175718593853578,33,5214,6643
0.261305982518829,0.1355466561850108,0.935472662037555,0.2704977738731083,-0.2175718593853578,34,5214,6643
0.261305982518829,0.1355466561850108,0.935472662037555,0.2704977738731083,-0.2175718593853578,35,5214,6643
0.261305982518829,0.1355466561850108,0.935472662037555,0.2704977738731083,-0.2175718593853578,36,5214,6643
0.261305982518829,0.1355466561850108,0.935472662037555,0.2704977738731083,-0.2175718593853578,37,5214,6643
0.261305982518829,0.1355466561850108,0.935472662037555,0.2704977738731083,-0.2175718593853578,38,5214,6643
0.261305982518829,0.1355466561850108,0.935472662037555,0.2704977738731083,-0.2175718593853578,39,5214,6643
0.9504636963259352,0.2455522672431775,0.9746928128822892,0.3602638846836431,-0.1023789932430772,0,5214,7357
0.9738919168635466,0.1235723022392885,0.1789607612408248,0.3345873400535566,-0.1493597075064714,1,5214,7357
0.9960793835255376,0.1244603325154798,0.9572571814329348,0.3447907341425736,-0.1899845193204058,2,5214,7357
0.9960793835255376,0.1244603325154798,0.9572571814329348,0.3447907341425736,-0.1899845193204058,3,5214,7357
0.9051611509585026,0.1041553546521975,0.9572571814329348,0.3453594044104757,-0.1923253394597449,4,5214,7357
0.8961181900434817,0.1131958233507245,0.9746928128822892,0.3602638846836431,-0.1923825548879574,5,5214,7357
0.7371246578839556,0.048059105890083,0.9354193418046458,0.3254413854678449,-0.2067287912817247,6,5214,7357
0.7371246578839556,0.0681159773027462,0.9354193418046458,0.3252533041327693,-0.2079469513180618,7,5214,7357
0.7371246578839556,0.0681159773027462,0.9354193418046458,0.3252533041327693,-0.2079469513180618,8,5214,7357
0.7725576188638292,0.1012978972679169,0.9367628056679465,0.3608043687212381,-0.2173052952027963,9,5214,7357
0.7725576188638292,0.1012978972679169,0.9367628056679465,0.3608043687212381,-0.2173052952027963,10,5214,7357
0.7725576188638292,0.1012978972679169,0.9367628056679465,0.3608043687212381,-0.2173052952027963,11,5214,7357
0.7092345787076707,0.1272169171892147,0.9523126195710316,0.3149324291613634,-0.2187305581901005,12,5214,7357
0.7307610576576536,0.1268975110631082,0.9344390078641855,0.3145358941103293,-0.222177643401112,13,5214,7357
0.7697967911437431,0.1130144766441619,0.9536488842339204,0.3152558307510587,-0.2276432617361302,14,5214,7357
0.7631127066072703,0.0980547467334361,0.9403531119288318,0.319725479980386,-0.2281102098747372,15,5214,7357
0.7631127066072703,0.0980547467334361,0.9403531119288318,0.319725479980386,-0.2281102098747372,16,5214,7357
0.7631127066072703,0.0980547467334361,0.9403531119288318,0.319725479980386,-0.2281102098747372,17,5214,7357
0.7631127066072703,0.0980547467334361,0.9403531119288318,0.319725479980386,-0.2281102098747372,18,5214,7357
0.7631127066072703,0.0980547467334361,0.9403531119288318,0.319725479980386,-0.2281102098747372,19,5214,7357
0.7631127066072703,0.0980547467334361,0.9403531119288318,0.319725479980386,-0.2281102098747372,20,5214,7357
0.7631127066072703,0.0980547467334361,0.9403531119288318,0.319725479980386,-0.2281102098747372,21,5214,7357
0.7631127066072703,0.0980547467334361,0.9403531119288318,0.319725479980386,-0.2281102098747372,22,5214,7357
0.7631127066072703,0.0980547467334361,0.9403531119288318,0.319725479980386,-0.2281102098747372,23,5214,7357
0.7631127066072703,0.0980547467334361,0.9403531119288318,0.319725479980386,-0.2281102098747372,24,5214,7357
0.7631127066072703,0.0980547467334361,0.9403531119288318,0.319725479980386,-0.2281102098747372,25,5214,7357
0.7631127066072703,0.0980547467334361,0.9403531119288318,0.319725479980386,-0.2281102098747372,26,5214,7357
0.7631127066072703,0.0980547467334361,0.9403531119288318,0.319725479980386,-0.2281102098747372,27,5214,7357
0.7631127066072703,0.0980547467334361,0.9403531119288318,0.319725479980386,-0.2281102098747372,28,5214,7357
0.7631127066072703,0.0980547467334361,0.9403531119288318,0.319725479980386,-0.2281102098747372,29,5214,7357
0.7631127066072703,0.0980547467334361,0.9403531119288318,0.319725479980386,-0.2281102098747372,30,5214,7357
0.7631127066072703,0.0980547467334361,0.9403531119288318,0.319725479980386,-0.2281102098747372,31,5214,7357
0.7631127066072703,0.0980547467334361,0.9403531119288318,0.319725479980386,-0.2281102098747372,32,5214,7357
0.7631127066072703,0.0980547467334361,0.9403531119288318,0.319725479980386,-0.2281102098747372,33,5214,7357
0.7631127066072703,0.0980547467334361,0.9403531119288318,0.319725479980386,-0.2281102098747372,34,5214,7357
0.7631127066072703,0.0980547467334361,0.9403531119288318,0.319725479980386,-0.2281102098747372,35,5214,7357
0.7631127066072703,0.0980547467334361,0.9403531119288318,0.319725479980386,-0.2281102098747372,36,5214,7357
0.7631127066072703,0.0980547467334361,0.9403531119288318,0.319725479980386,-0.2281102098747372,37,5214,7357
0.1158656124707703,0.0731900723909659,0.6303177554434782,0.3867305731718615,-0.0050573740062523,0,5214,8072
0.9738919168635466,0.1235723022392885,0.1789607612408248,0.3345873400535566,-0.0407981124010143,1,5214,8072
0.9738919168635466,0.1235723022392885,0.1789607612408248,0.3345873400535566,-0.0407981124010143,2,5214,8072
0.8087461900081294,0.0731900723909659,0.9587527801345344,0.3461256205244711,-0.0795309333858112,3,5214,8072
0.9704436725409504,0.1249289624295495,0.9666571032427874,0.3270733426345263,-0.0803525496258253,4,5214,8072
0.9704436725409504,0.1249289624295495,0.9666571032427874,0.3270733426345263,-0.0803525496258253,5,5214,8072
0.7890482112879351,0.0493974082204962,0.9593296481624104,0.351025166993549,-0.0934339041171437,6,5214,8072
0.7890482112879351,0.0505367409397288,0.9680376068099592,0.3166809776426196,-0.1033623584365767,7,5214,8072
0.7890482112879351,0.0505367409397288,0.9680376068099592,0.3166809776426196,-0.1033623584365767,8,5214,8072
0.7768054495310843,0.1252209215820512,0.948712371763166,0.3465771679069929,-0.1065651071972662,9,5214,8072
0.7768054495310843,0.1252209215820512,0.948712371763166,0.3465771679069929,-0.1065651071972662,10,5214,8072
0.7768054495310843,0.1252209215820512,0.948712371763166,0.3465771679069929,-0.1065651071972662,11,5214,8072
0.7768054495310843,0.1359674642958764,0.9487541530956792,0.3113794060659684,-0.1170309023957097,12,5214,8072
0.7768054495310843,0.1359674642958764,0.9487541530956792,0.3113794060659684,-0.1170309023957097,13,5214,8072
0.7890112278467145,0.1077348919818733,0.9409065358168002,0.3185831716672663,-0.1192070916590323,14,5214,8072
0.7890112278467145,0.1077348919818733,0.9409065358168002,0.3185831716672663,-0.1192070916590323,15,5214,8072
0.7890112278467145,0.1077348919818733,0.9409065358168002,0.3185831716672663,-0.1192070916590323,16,5214,8072
0.7890112278467145,0.1077348919818733,0.9409065358168002,0.3185831716672663,-0.1192070916590323,17,5214,8072
0.7890112278467145,0.1077348919818733,0.9409065358168002,0.3185831716672663,-0.1192070916590323,18,5214,8072
0.7886178934416768,0.0991548309187183,0.9367140443812442,0.3167165050826525,-0.1196740397976394,19,5214,8072
0.7886178934416768,0.0991548309187183,0.9367140443812442,0.3167165050826525,-0.1196740397976394,20,5214,8072
0.7886178934416768,0.0991548309187183,0.9367140443812442,0.3167165050826525,-0.1196740397976394,21,5214,8072
0.7886178934416768,0.0991548309187183,0.9367140443812442,0.3167165050826525,-0.1196740397976394,22,5214,8072
0.7886178934416768,0.0991548309187183,0.9367140443812442,0.3167165050826525,-0.1196740397976394,23,5214,8072
0.7886178934416768,0.0991548309187183,0.9367140443812442,0.3167165050826525,-0.1196740397976394,24,5214,8072
0.7886178934416768,0.0991548309187183,0.9367140443812442,0.3167165050826525,-0.1196740397976394,25,5214,8072
0.7886178934416768,0.0991548309187183,0.9367140443812442,0.3167165050826525,-0.1196740397976394,26,5214,8072
0.7886178934416768,0.0991548309187183,0.9367140443812442,0.3167165050826525,-0.1196740397976394,27,5214,8072
0.7886178934416768,0.0991548309187183,0.9367140443812442,0.3167165050826525,-0.1196740397976394,28,5214,8072
0.7886178934416768,0.0991548309187183,0.9367140443812442,0.3167165050826525,-0.1196740397976394,29,5214,8072
0.7886178934416768,0.0991548309187183,0.9367140443812442,0.3167165050826525,-0.1196740397976394,30,5214,8072
0.7886178934416768,0.0991548309187183,0.9367140443812442,0.3167165050826525,-0.1196740397976394,31,5214,8072
0.7886178934416768,0.0991548309187183,0.9367140443812442,0.3167165050826525,-0.1196740397976394,32,5214,8072
0.7886178934416768,0.0991548309187183,0.9367140443812442,0.3167165050826525,-0.1196740397976394,33,5214,8072
0.7886178934416768,0.0991548309187183,0.9367140443812442,0.3167165050826525,-0.1196740397976394,34,5214,8072
0.7886178934416768,0.0991548309187183,0.9367140443812442,0.3167165050826525,-0.1196740397976394,35,5214,8072
0.7886178934416768,0.0991548309187183,0.9367140443812442,0.3167165050826525,-0.1196740397976394,36,5214,8072
0.7886178934416768,0.0991548309187183,0.9367140443812442,0.3167165050826525,-0.1196740397976394,37,5214,8072
0.7886178934416768,0.0991548309187183,0.9367140443812442,0.3167165050826525,-0.1196740397976394,38,5214,8072
0.7886178934416768,0.0991548309187183,0.9367140443812442,0.3167165050826525,-0.1196740397976394,39,5214,8072
0.7886178934416768,0.0991548309187183,0.9367140443812442,0.3167165050826525,-0.1196740397976394,40,5214,8072
0.7886178934416768,0.0991548309187183,0.9367140443812442,0.3167165050826525,-0.1196740397976394,41,5214,8072
0.7886178934416768,0.0991548309187183,0.9367140443812442,0.3167165050826525,-0.1196740397976394,42,5214,8072
0.7886178934416768,0.0991548309187183,0.9367140443812442,0.3167165050826525,-0.1196740397976394,43,5214,8072
0.7886178934416768,0.0991548309187183,0.9367140443812442,0.3167165050826525,-0.1196740397976394,44,5214,8072
0.1913239260572002,0.7911339481728052,0.5292228076303601,0.6457213655596336,-0.1689381746269528,0,5929,3072
0.1913239260572002,0.7911339481728052,0.5292228076303601,0.6457213655596336,-0.1689381746269528,1,5929,3072
0.0393582078194018,0.473158044035861,0.1468212423149653,0.6195188386630515,-0.2159030371663328,2,5929,3072
0.0393582078194018,0.473158044035861,0.1468212423149653,0.6195188386630515,-0.2159030371663328,3,5929,3072
0.0393582078194018,0.473158044035861,0.1468212423149653,0.6195188386630515,-0.2159030371663328,4,5929,3072
0.0393582078194018,0.473158044035861,0.1468212423149653,0.6195188386630515,-0.2159030371663328,5,5929,3072
0.7252813009832311,0.5779835851715681,0.1588196485002457,0.6342971530786907,-0.2406292791836221,6,5929,3072
0.7252813009832311,0.5779835851715681,0.1588196485002457,0.6342971530786907,-0.2406292791836221,7,5929,3072
0.7252813009832311,0.5779835851715681,0.1588196485002457,0.6342971530786907,-0.2406292791836221,8,5929,3072
0.7252813009832311,0.5779835851715681,0.1588196485002457,0.6342971530786907,-0.2406292791836221,9,5929,3072
0.7630120422582973,0.5779835851715681,0.1509980719865611,0.6342971530786907,-0.2437579160899305,10,5929,3072
0.7630120422582973,0.5779835851715681,0.1509980719865611,0.6342971530786907,-0.2437579160899305,11,5929,3072
0.7872359458397375,0.5749538389156218,0.1481837575918217,0.698051282885346,-0.2470278487865373,12,5929,3072
0.7872359458397375,0.5749538389156218,0.1481837575918217,0.698051282885346,-0.2470278487865373,13,5929,3072
0.2318411406698958,0.6173898423556513,0.1598029932200068,0.7272330081760207,-0.2472734883998726,14,5929,3072
0.2318411406698958,0.6173898423556513,0.1598029932200068,0.7272330081760207,-0.2472734883998726,15,5929,3072
0.2318411406698958,0.6173898423556513,0.1598029932200068,0.7272330081760207,-0.2472734883998726,16,5929,3072
0.2318411406698958,0.6173898423556513,0.1598029932200068,0.7272330081760207,-0.2472734883998726,17,5929,3072
0.2318411406698958,0.6173898423556513,0.1598029932200068,0.7272330081760207,-0.2472734883998726,18,5929,3072
0.2318411406698958,0.6173898423556513,0.1598029932200068,0.7272330081760207,-0.2472734883998726,19,5929,3072
0.2318411406698958,0.6173898423556513,0.1598029932200068,0.7272330081760207,-0.2472734883998726,20,5929,3072
0.2412056059832638,0.5756335858511026,0.1441622601658726,0.7312924586351319,-0.2482205975493021,21,5929,3072
0.2412056059832638,0.5756335858511026,0.1441622601658726,0.7312924586351319,-0.2482205975493021,22,5929,3072
0.2412056059832638,0.5756335858511026,0.1441622601658726,0.7312924586351319,-0.2482205975493021,23,5929,3072
0.2412056059832638,0.5756335858511026,0.1441622601658726,0.7312924586351319,-0.2482205975493021,24,5929,3072
0.2412056059832638,0.5756335858511026,0.1441622601658726,0.7312924586351319,-0.2482205975493021,25,5929,3072
0.2412056059832638,0.5756335858511026,0.1441622601658726,0.7312924586351319,-0.2482205975493021,26,5929,3072
0.2412056059832638,0.5756335858511026,0.1441622601658726,0.7312924586351319,-0.2482205975493021,27,5929,3072
0.2412056059832638,0.5756335858511026,0.1441622601658726,0.7312924586351319,-0.2482205975493021,28,5929,3072
0.2412056059832638,0.5756335858511026,0.1441622601658726,0.7312924586351319,-0.2482205975493021,29,5929,3072
0.2412056059832638,0.5756335858511026,0.1441622601658726,0.7312924586351319,-0.2482205975493021,30,5929,3072
0.2412056059832638,0.5756335858511026,0.1441622601658726,0.7312924586351319,-0.2482205975493021,31,5929,3072
0.2412056059832638,0.5756335858511026,0.1441622601658726,0.7312924586351319,-0.2482205975493021,32,5929,3072
0.2412056059832638,0.5756335858511026,0.1441622601658726,0.7312924586351319,-0.2482205975493021,33,5929,3072
0.2412056059832638,0.5756335858511026,0.1441622601658726,0.7312924586351319,-0.2482205975493021,34,5929,3072
0.2412056059832638,0.5756335858511026,0.1441622601658726,0.7312924586351319,-0.2482205975493021,35,5929,3072
0.2412056059832638,0.5756335858511026,0.1441622601658726,0.7312924586351319,-0.2482205975493021,36,5929,3072
0.2412056059832638,0.5756335858511026,0.1441622601658726,0.7312924586351319,-0.2482205975493021,37,5929,3072
0.2412056059832638,0.5756335858511026,0.1441622601658726,0.7312924586351319,-0.2482205975493021,38,5929,3072
0.2412056059832638,0.5756335858511026,0.1441622601658726,0.7312924586351319,-0.2482205975493021,39,5929,3072
0.2412056059832638,0.5756335858511026,0.1441622601658726,0.7312924586351319,-0.2482205975493021,40,5929,3072
0.2412056059832638,0.5756335858511026,0.1441622601658726,0.7312924586351319,-0.2482205975493021,41,5929,3072
0.2412056059832638,0.5756335858511026,0.1441622601658726,0.7312924586351319,-0.2482205975493021,42,5929,3072
0.2412056059832638,0.5756335858511026,0.1441622601658726,0.7312924586351319,-0.2482205975493021,43,5929,3072
0.2412056059832638,0.5756335858511026,0.1441622601658726,0.7312924586351319,-0.2482205975493021,44,5929,3072
0.2412056059832638,0.5756335858511026,0.1441622601658726,0.7312924586351319,-0.2482205975493021,45,5929,3072
0.2412056059832638,0.5756335858511026,0.1441622601658726,0.7312924586351319,-0.2482205975493021,46,5929,3072
0.8355692165002742,0.506064922529373,0.1440028750192576,0.4244635846320775,-0.1578788987597273,0,5929,3786
0.8355692165002742,0.506064922529373,0.1440028750192576,0.4244635846320775,-0.1578788987597273,1,5929,3786
0.8307013533217953,0.5743447297084969,0.2585759848980751,0.681945583513768,-0.1608494062998206,2,5929,3786
0.8307013533217953,0.5743447297084969,0.2585759848980751,0.681945583513768,-0.1608494062998206,3,5929,3786
0.8307013533217953,0.5743447297084969,0.2585759848980751,0.681945583513768,-0.1608494062998206,4,5929,3786
0.8307013533217953,0.5743447297084969,0.2585759848980751,0.681945583513768,-0.1608494062998206,5,5929,3786
0.7751166790990904,0.3763411891615105,0.1436071630814453,0.2381281892134676,-0.1770294567122848,6,5929,3786
0.7736145839291914,0.2881863558169361,0.1910137041821069,0.5417838011012414,-0.1964787872028271,7,5929,3786
0.8307013533217953,0.5498189166557663,0.1417507897778347,0.681945583513768,-0.2163659754564417,8,5929,3786
0.8307013533217953,0.5498189166557663,0.1417507897778347,0.681945583513768,-0.2163659754564417,9,5929,3786
0.8307013533217953,0.5498189166557663,0.1417507897778347,0.681945583513768,-0.2163659754564417,10,5929,3786
0.8307013533217953,0.5498189166557663,0.1417507897778347,0.681945583513768,-0.2163659754564417,11,5929,3786
0.7635622535881506,0.5553873214459877,0.1417894146390386,0.6799952205396764,-0.2342326559356206,12,5929,3786
0.7635622535881506,0.5553873214459877,0.1417894146390386,0.6799952205396764,-0.2342326559356206,13,5929,3786
0.7635622535881506,0.5553873214459877,0.1417894146390386,0.6799952205396764,-0.2342326559356206,14,5929,3786
0.7635622535881506,0.5553873214459877,0.1417894146390386,0.6799952205396764,-0.2342326559356206,15,5929,3786
0.7635622535881506,0.5537560181405854,0.1417894146390386,0.7159557249849494,-0.2373998480567062,16,5929,3786
0.7635622535881506,0.5537560181405854,0.1417894146390386,0.7159557249849494,-0.2373998480567062,17,5929,3786
0.7635622535881506,0.5537560181405854,0.1417894146390386,0.7159557249849494,-0.2373998480567062,18,5929,3786
0.7635622535881506,0.5537560181405854,0.1417894146390386,0.7159557249849494,-0.2373998480567062,19,5929,3786
0.7635622535881506,0.5537560181405854,0.1417894146390386,0.7159557249849494,-0.2373998480567062,20,5929,3786
0.7635622535881506,0.5537560181405854,0.1417894146390386,0.7159557249849494,-0.2373998480567062,21,5929,3786
0.7635622535881506,0.5537560181405854,0.1417894146390386,0.7159557249849494,-0.2373998480567062,22,5929,3786
0.7635622535881506,0.5537560181405854,0.1417894146390386,0.7159557249849494,-0.2373998480567062,23,5929,3786
0.7635622535881506,0.5537560181405854,0.1417894146390386,0.7159557249849494,-0.2373998480567062,24,5929,3786
0.7635622535881506,0.5537560181405854,0.1417894146390386,0.7159557249849494,-0.2373998480567062,25,5929,3786
0.7635622535881506,0.5537560181405854,0.1417894146390386,0.7159557249849494,-0.2373998480567062,26,5929,3786
0.7635622535881506,0.5537560181405854,0.1417894146390386,0.7159557249849494,-0.2373998480567062,27,5929,3786
0.7635622535881506,0.5537560181405854,0.1417894146390386,0.7159557249849494,-0.2373998480567062,28,5929,3786
0.7635622535881506,0.5537560181405854,0.1417894146390386,0.7159557249849494,-0.2373998480567062,29,5929,3786
0.7635622535881506,0.5537560181405854,0.1417894146390386,0.7159557249849494,-0.2373998480567062,30,5929,3786
0.7635622535881506,0.5537560181405854,0.1417894146390386,0.7159557249849494,-0.2373998480567062,31,5929,3786
0.7635622535881506,0.5537560181405854,0.1417894146390386,0.7159557249849494,-0.2373998480567062,32,5929,3786
0.7635622535881506,0.5537560181405854,0.1417894146390386,0.7159557249849494,-0.2373998480567062,33,5929,3786
0.7635622535881506,0.5537560181405854,0.1417894146390386,0.7159557249849494,-0.2373998480567062,34,5929,3786
0.7635622535881506,0.5537560181405854,0.1417894146390386,0.7159557249849494,-0.2373998480567062,35,5929,3786
0.7635622535881506,0.5537560181405854,0.1417894146390386,0.7159557249849494,-0.2373998480567062,36,5929,3786
0.7635622535881506,0.5537560181405854,0.1417894146390386,0.7159557249849494,-0.2373998480567062,37,5929,3786
0.8355692165002742,0.506064922529373,0.1440028750192576,0.4244635846320775,-0.1290749094835129,0,5929,4500
0.8355692165002742,0.506064922529373,0.1440028750192576,0.4244635846320775,-0.1290749094835129,1,5929,4500
0.6845835895880691,0.3053667804874456,0.9541513368666424,0.3931041982357768,-0.1442341930810385,2,5929,4500
0.6845835895880691,0.3053667804874456,0.9541513368666424,0.3931041982357768,-0.1442341930810385,3,5929,4500
0.6845835895880691,0.3053667804874456,0.9541513368666424,0.3931041982357768,-0.1442341930810385,4,5929,4500
0.7568994936641146,0.4152080706344312,0.9473172893608052,0.3638276395445886,-0.1481443016235644,5,5929,4500
0.7568994936641146,0.4152080706344312,0.9473172893608052,0.3638276395445886,-0.1481443016235644,6,5929,4500
0.7366375146680515,0.3482089888609323,0.974010996284254,0.3762833612865884,-0.1631439789721673,7,5929,4500
0.7366375146680515,0.3482089888609323,0.974010996284254,0.3762833612865884,-0.1631439789721673,8,5929,4500
0.7366375146680515,0.3482089888609323,0.974010996284254,0.3762833612865884,-0.1631439789721673,9,5929,4500
0.7774341364484201,0.3053218163236104,0.9938192828722622,0.3872519920222074,-0.1698701093831983,10,5929,4500
0.7774341364484201,0.3053218163236104,0.9938192828722622,0.3872519920222074,-0.1698701093831983,11,5929,4500
0.7774341364484201,0.3053218163236104,0.9938192828722622,0.3872519920222074,-0.1698701093831983,12,5929,4500
0.7792658583430444,0.3290929954910555,0.995387327889139,0.2876911335029913,-0.171710179342877,13,5929,4500
0.7792658583430444,0.3290929954910555,0.995387327889139,0.2876911335029913,-0.171710179342877,14,5929,4500
0.7792658583430444,0.3290929954910555,0.995387327889139,0.2876911335029913,-0.171710179342877,15,5929,4500
0.7792658583430444,0.3290929954910555,0.995387327889139,0.2876911335029913,-0.171710179342877,16,5929,4500
0.7792658583430444,0.3290929954910555,0.995387327889139,0.2876911335029913,-0.171710179342877,17,5929,4500
0.7885869839964992,0.3076590325702495,0.9877074239510208,0.2977379642477518,-0.1720178475347423,18,5929,4500
0.7885869839964992,0.3076590325702495,0.9877074239510208,0.2977379642477518,-0.1720178475347423,19,5929,4500
0.7885869839964992,0.3076590325702495,0.9877074239510208,0.2977379642477518,-0.1720178475347423,20,5929,4500
0.7885869839964992,0.3076590325702495,0.9877074239510208,0.2977379642477518,-0.1720178475347423,21,5929,4500
0.7885869839964992,0.3076590325702495,0.9877074239510208,0.2977379642477518,-0.1720178475347423,22,5929,4500
0.7885869839964992,0.3076590325702495,0.9877074239510208,0.2977379642477518,-0.1720178475347423,23,5929,4500
0.7885869839964992,0.3076590325702495,0.9877074239510208,0.2977379642477518,-0.1720178475347423,24,5929,4500
0.7885869839964992,0.3076590325702495,0.9877074239510208,0.2977379642477518,-0.1720178475347423,25,5929,4500
0.7885869839964992,0.3076590325702495,0.9877074239510208,0.2977379642477518,-0.1720178475347423,26,5929,4500
0.7885869839964992,0.3076590325702495,0.9877074239510208,0.2977379642477518,-0.1720178475347423,27,5929,4500
0.7885869839964992,0.3076590325702495,0.9877074239510208,0.2977379642477518,-0.1720178475347423,28,5929,4500
0.7885869839964992,0.3076590325702495,0.9877074239510208,0.2977379642477518,-0.1720178475347423,29,5929,4500
0.7885869839964992,0.3076590325702495,0.9877074239510208,0.2977379642477518,-0.1720178475347423,30,5929,4500
0.7885869839964992,0.3076590325702495,0.9877074239510208,0.2977379642477518,-0.1720178475347423,31,5929,4500
0.7885869839964992,0.3076590325702495,0.9877074239510208,0.2977379642477518,-0.1720178475347423,32,5929,4500
0.7885869839964992,0.3076590325702495,0.9877074239510208,0.2977379642477518,-0.1720178475347423,33,5929,4500
0.7885869839964992,0.3076590325702495,0.9877074239510208,0.2977379642477518,-0.1720178475347423,34,5929,4500
0.7885869839964992,0.3076590325702495,0.9877074239510208,0.2977379642477518,-0.1720178475347423,35,5929,4500
0.7885869839964992,0.3076590325702495,0.9877074239510208,0.2977379642477518,-0.1720178475347423,36,5929,4500
0.7885869839964992,0.3076590325702495,0.9877074239510208,0.2977379642477518,-0.1720178475347423,37,5929,4500
0.7885869839964992,0.3076590325702495,0.9877074239510208,0.2977379642477518,-0.1720178475347423,38,5929,4500
0.8355692165002742,0.506064922529373,0.1440028750192576,0.4244635846320775,-0.1324058529930324,0,5929,5214
0.8355692165002742,0.506064922529373,0.1440028750192576,0.4244635846320775,-0.1324058529930324,1,5929,5214
0.8355692165002742,0.506064922529373,0.1440028750192576,0.4244635846320775,-0.1324058529930324,2,5929,5214
0.81264914457881,0.4990395147874627,0.9132473156165108,0.3867305731718615,-0.1370685726393423,3,5929,5214
0.8139029939653849,0.4578604038927613,0.9132473156165108,0.3864023112433926,-0.1415024359543319,4,5929,5214
0.9504821978370342,0.2617190011027303,0.9789864741372614,0.3389655770628111,-0.1515065671741834,5,5929,5214
0.9504821978370342,0.2617190011027303,0.9789864741372614,0.3389655770628111,-0.1515065671741834,6,5929,5214
0.7700290581134738,0.064709818043837,0.9173534261058373,0.2381420517654594,-0.1596651535517281,7,5929,5214
0.7108607636545781,0.3513906116862225,0.9514999847822164,0.3496319527521409,-0.1639387556691875,8,5929,5214
0.7807856935607013,0.4166644484633164,0.9175382481069748,0.3865972290027418,-0.1640868026877444,9,5929,5214
0.7449549717301387,0.2617190011027303,0.9789864741372614,0.3855949013631578,-0.1780735081710073,10,5929,5214
0.768618730394926,0.2617190011027303,0.9789864741372614,0.3778212831321019,-0.1812488956257664,11,5929,5214
0.768618730394926,0.2617190011027303,0.9789864741372614,0.3778212831321019,-0.1812488956257664,12,5929,5214
0.768618730394926,0.2617190011027303,0.9789864741372614,0.3778212831321019,-0.1812488956257664,13,5929,5214
0.768618730394926,0.2617190011027303,0.9789864741372614,0.3778212831321019,-0.1812488956257664,14,5929,5214
0.768618730394926,0.2617190011027303,0.9789864741372614,0.3778212831321019,-0.1812488956257664,15,5929,5214
0.768618730394926,0.2617190011027303,0.9789864741372614,0.3778212831321019,-0.1812488956257664,16,5929,5214
0.768618730394926,0.2617190011027303,0.9789864741372614,0.3778212831321019,-0.1812488956257664,17,5929,5214
0.768618730394926,0.2617190011027303,0.9789864741372614,0.3778212831321019,-0.1812488956257664,18,5929,5214
0.768618730394926,0.2617190011027303,0.9789864741372614,0.3778212831321019,-0.1812488956257664,19,5929,5214
0.768618730394926,0.2617190011027303,0.9789864741372614,0.3778212831321019,-0.1812488956257664,20,5929,5214
0.768618730394926,0.2617190011027303,0.9789864741372614,0.3778212831321019,-0.1812488956257664,21,5929,5214
0.768618730394926,0.2617190011027303,0.9789864741372614,0.3778212831321019,-0.1812488956257664,22,5929,5214
0.768618730394926,0.2617190011027303,0.9789864741372614,0.3778212831321019,-0.1812488956257664,23,5929,5214
0.768618730394926,0.2617190011027303,0.9789864741372614,0.3778212831321019,-0.1812488956257664,24,5929,5214
0.768618730394926,0.2617190011027303,0.9789864741372614,0.3778212831321019,-0.1812488956257664,25,5929,5214
0.768618730394926,0.2617190011027303,0.9789864741372614,0.3778212831321019,-0.1812488956257664,26,5929,5214
0.768618730394926,0.2617190011027303,0.9789864741372614,0.3778212831321019,-0.1812488956257664,27,5929,5214
0.768618730394926,0.2617190011027303,0.9789864741372614,0.3778212831321019,-0.1812488956257664,28,5929,5214
0.768618730394926,0.2617190011027303,0.9789864741372614,0.3778212831321019,-0.1812488956257664,29,5929,5214
0.768618730394926,0.2617190011027303,0.9789864741372614,0.3778212831321019,-0.1812488956257664,30,5929,5214
0.768618730394926,0.2617190011027303,0.9789864741372614,0.3778212831321019,-0.1812488956257664,31,5929,5214
0.768618730394926,0.2617190011027303,0.9789864741372614,0.3778212831321019,-0.1812488956257664,32,5929,5214
0.2034552406761496,0.3804242698865323,0.971598413446888,0.2164535799990539,-0.1407376104308414,0,5929,5929
0.2034552406761496,0.3804242698865323,0.971598413446888,0.2164535799990539,-0.1407376104308414,1,5929,5929
0.2034552406761496,0.3804242698865323,0.971598413446888,0.2164535799990539,-0.1407376104308414,2,5929,5929
0.2034552406761496,0.3738123500509143,0.9517609384588434,0.2486617203728525,-0.1525687755105911,3,5929,5929
0.9431875115959532,0.0773429325259438,0.9696544247968472,0.3479761640018954,-0.1678741040988984,4,5929,5929
0.9431875115959532,0.0773429325259438,0.9696544247968472,0.3479761640018954,-0.1678741040988984,5,5929,5929
0.7666855635471661,0.1254048615623533,0.9537324265559254,0.3638340817446248,-0.1893363278678949,6,5929,5929
0.7666855635471661,0.1254048615623533,0.9537324265559254,0.3638340817446248,-0.1893363278678949,7,5929,5929
0.7666855635471661,0.1055836643440803,0.9537324265559254,0.363032330338058,-0.1920111587799157,8,5929,5929
0.7666855635471661,0.1254048615623533,0.9534633337292394,0.2531525031013343,-0.1995203467602919,9,5929,5929
0.7666855635471661,0.1254048615623533,0.9534633337292394,0.2531525031013343,-0.1995203467602919,10,5929,5929
0.7704372501362108,0.0686642491286758,0.9536087626930948,0.2488209274021503,-0.2019958338170787,11,5929,5929
0.7704372501362108,0.0686642491286758,0.9536087626930948,0.2488209274021503,-0.2019958338170787,12,5929,5929
0.7730831499094317,0.0633210430279882,0.9657034983257632,0.2532723529954743,-0.2031640654006868,13,5929,5929
0.7730831499094317,0.0633210430279882,0.9657034983257632,0.2532723529954743,-0.2031640654006868,14,5929,5929
0.7730831499094317,0.0633210430279882,0.9657034983257632,0.2532723529954743,-0.2031640654006868,15,5929,5929
0.7730831499094317,0.0633210430279882,0.9657034983257632,0.2532723529954743,-0.2031640654006868,16,5929,5929
0.7730831499094317,0.0633210430279882,0.9657034983257632,0.2532723529954743,-0.2031640654006868,17,5929,5929
0.7730831499094317,0.0633210430279882,0.9657034983257632,0.2532723529954743,-0.2031640654006868,18,5929,5929
0.7730831499094317,0.0633210430279882,0.9657034983257632,0.2532723529954743,-0.2031640654006868,19,5929,5929
0.7730831499094317,0.0633210430279882,0.9657034983257632,0.2532723529954743,-0.2031640654006868,20,5929,5929
0.7730831499094317,0.0633210430279882,0.9657034983257632,0.2532723529954743,-0.2031640654006868,21,5929,5929
0.7730831499094317,0.0633210430279882,0.9657034983257632,0.2532723529954743,-0.2031640654006868,22,5929,5929
0.7730831499094317,0.0633210430279882,0.9657034983257632,0.2532723529954743,-0.2031640654006868,23,5929,5929
0.7730831499094317,0.0633210430279882,0.9657034983257632,0.2532723529954743,-0.2031640654006868,24,5929,5929
0.7730831499094317,0.0633210430279882,0.9657034983257632,0.2532723529954743,-0.2031640654006868,25,5929,5929
0.7730831499094317,0.0633210430279882,0.9657034983257632,0.2532723529954743,-0.2031640654006868,26,5929,5929
0.7730831499094317,0.0633210430279882,0.9657034983257632,0.2532723529954743,-0.2031640654006868,27,5929,5929
0.7730831499094317,0.0633210430279882,0.9657034983257632,0.2532723529954743,-0.2031640654006868,28,5929,5929
0.7730831499094317,0.0633210430279882,0.9657034983257632,0.2532723529954743,-0.2031640654006868,29,5929,5929
0.7730831499094317,0.0633210430279882,0.9657034983257632,0.2532723529954743,-0.2031640654006868,30,5929,5929
0.7730831499094317,0.0633210430279882,0.9657034983257632,0.2532723529954743,-0.2031640654006868,31,5929,5929
0.7730831499094317,0.0633210430279882,0.9657034983257632,0.2532723529954743,-0.2031640654006868,32,5929,5929
0.7730831499094317,0.0633210430279882,0.9657034983257632,0.2532723529954743,-0.2031640654006868,33,5929,5929
0.7730831499094317,0.0633210430279882,0.9657034983257632,0.2532723529954743,-0.2031640654006868,34,5929,5929
0.7730831499094317,0.0633210430279882,0.9657034983257632,0.2532723529954743,-0.2031640654006868,35,5929,5929
0.7730831499094317,0.0633210430279882,0.9657034983257632,0.2532723529954743,-0.2031640654006868,36,5929,5929
0.7730831499094317,0.0633210430279882,0.9657034983257632,0.2532723529954743,-0.2031640654006868,37,5929,5929
0.7730831499094317,0.0633210430279882,0.9657034983257632,0.2532723529954743,-0.2031640654006868,38,5929,5929
0.2034552406761496,0.3804242698865323,0.971598413446888,0.2164535799990539,-0.1386637563785623,0,5929,6643
0.2034552406761496,0.3804242698865323,0.971598413446888,0.2164535799990539,-0.1386637563785623,1,5929,6643
0.949712211035708,0.1286732123171694,0.9955342924701818,0.155590018657678,-0.1497982654029417,2,5929,6643
0.9738919168635466,0.1235723022392885,0.9963145522579212,0.3381658239524479,-0.1630996776745533,3,5929,6643
0.787096941554801,0.0624622772854774,0.9450731447286236,0.3469633941165428,-0.1769544181975597,4,5929,6643
0.787096941554801,0.0624622772854774,0.9450731447286236,0.309150742718607,-0.1858446776402348,5,5929,6643
0.787096941554801,0.0624622772854774,0.9450731447286236,0.309150742718607,-0.1858446776402348,6,5929,6643
0.787096941554801,0.0624622772854774,0.9450731447286236,0.309150742718607,-0.1858446776402348,7,5929,6643
0.8442036489358192,0.1209601251101544,0.9813879944226876,0.2714282139077343,-0.1867607329939704,8,5929,6643
0.7843881200909403,0.1267555146701257,0.9221083689025024,0.2616842700893361,-0.2039405338232556,9,5929,6643
0.7843881200909403,0.1267555146701257,0.9221083689025024,0.2616842700893361,-0.2039405338232556,10,5929,6643
0.7843881200909403,0.1267555146701257,0.9221083689025024,0.2616842700893361,-0.2039405338232556,11,5929,6643
0.7843881200909403,0.1267555146701257,0.9221083689025024,0.2616842700893361,-0.2039405338232556,12,5929,6643
0.7662771952522196,0.1405329520999952,0.950214776672022,0.292754669246951,-0.2051911448679441,13,5929,6643
0.7843881200909403,0.1214407015143395,0.9449087020664192,0.2611600591018732,-0.2052102952652586,14,5929,6643
0.7843881200909403,0.1214407015143395,0.9449087020664192,0.2611600591018732,-0.2052102952652586,15,5929,6643
0.7843881200909403,0.1214407015143395,0.9449087020664192,0.2611600591018732,-0.2052102952652586,16,5929,6643
0.7843881200909403,0.1214407015143395,0.9449087020664192,0.2611600591018732,-0.2052102952652586,17,5929,6643
0.7843881200909403,0.1214407015143395,0.9449087020664192,0.2611600591018732,-0.2052102952652586,18,5929,6643
0.7843881200909403,0.1214407015143395,0.9449087020664192,0.2611600591018732,-0.2052102952652586,19,5929,6643
0.7843881200909403,0.1214407015143395,0.9449087020664192,0.2611600591018732,-0.2052102952652586,20,5929,6643
0.7843881200909403,0.1214407015143395,0.9449087020664192,0.2611600591018732,-0.2052102952652586,21,5929,6643
0.7843881200909403,0.1214407015143395,0.9449087020664192,0.2611600591018732,-0.2052102952652586,22,5929,6643
0.7843881200909403,0.1214407015143395,0.9449087020664192,0.2611600591018732,-0.2052102952652586,23,5929,6643
0.7843881200909403,0.1214407015143395,0.9449087020664192,0.2611600591018732,-0.2052102952652586,24,5929,6643
0.7843881200909403,0.1214407015143395,0.9449087020664192,0.2611600591018732,-0.2052102952652586,25,5929,6643
0.7843881200909403,0.1214407015143395,0.9449087020664192,0.2611600591018732,-0.2052102952652586,26,5929,6643
0.7843881200909403,0.1214407015143395,0.9449087020664192,0.2611600591018732,-0.2052102952652586,27,5929,6643
0.7843881200909403,0.1214407015143395,0.9449087020664192,0.2611600591018732,-0.2052102952652586,28,5929,6643
0.7843881200909403,0.1214407015143395,0.9449087020664192,0.2611600591018732,-0.2052102952652586,29,5929,6643
0.7843881200909403,0.1214407015143395,0.9449087020664192,0.2611600591018732,-0.2052102952652586,30,5929,6643
0.7843881200909403,0.1214407015143395,0.9449087020664192,0.2611600591018732,-0.2052102952652586,31,5929,6643
0.7843881200909403,0.1214407015143395,0.9449087020664192,0.2611600591018732,-0.2052102952652586,32,5929,6643
0.7843881200909403,0.1214407015143395,0.9449087020664192,0.2611600591018732,-0.2052102952652586,33,5929,6643
0.7843881200909403,0.1214407015143395,0.9449087020664192,0.2611600591018732,-0.2052102952652586,34,5929,6643
0.7843881200909403,0.1214407015143395,0.9449087020664192,0.2611600591018732,-0.2052102952652586,35,5929,6643
0.7843881200909403,0.1214407015143395,0.9449087020664192,0.2611600591018732,-0.2052102952652586,36,5929,6643
0.7843881200909403,0.1214407015143395,0.9449087020664192,0.2611600591018732,-0.2052102952652586,37,5929,6643
0.7843881200909403,0.1214407015143395,0.9449087020664192,0.2611600591018732,-0.2052102952652586,38,5929,6643
0.7843881200909403,0.1214407015143395,0.9449087020664192,0.2611600591018732,-0.2052102952652586,39,5929,6643
0.9504636963259352,0.2455522672431775,0.9746928128822892,0.3602638846836431,-0.1114770866578786,0,5929,7357
0.9738919168635466,0.1235723022392885,0.1789607612408248,0.3345873400535566,-0.1474025001596654,1,5929,7357
0.9738919168635466,0.1174012600732055,0.1789607612408248,0.3519278445647941,-0.1486611779105279,2,5929,7357
0.9172977047909028,0.1041251240724031,0.9955945905505748,0.3794442132945638,-0.1784533338079365,3,5929,7357
0.9172977047909028,0.1041251240724031,0.9955945905505748,0.3794442132945638,-0.1784533338079365,4,5929,7357
0.9254207360394612,0.0837998539051404,0.9789097884242276,0.3604625236548454,-0.1947877730594982,5,5929,7357
0.9636708728449708,0.1131336196103988,0.9398265634148228,0.3179551940919177,-0.2157861486616561,6,5929,7357
0.9636708728449708,0.1131336196103988,0.9398265634148228,0.3179551940919177,-0.2157861486616561,7,5929,7357
0.9636708728449708,0.1131336196103988,0.9398265634148228,0.3179551940919177,-0.2157861486616561,8,5929,7357
0.7762444363846278,0.1224743320823633,0.9779198922051456,0.3466340780690513,-0.2280148908539533,9,5929,7357
0.7777028243191064,0.1047929674587195,0.990020144069851,0.3170888778365153,-0.2385860902704167,10,5929,7357
0.7777028243191064,0.1047929674587195,0.990020144069851,0.3170888778365153,-0.2385860902704167,11,5929,7357
0.7762444363846278,0.1199142127642493,0.9408875603285662,0.310103916608766,-0.240727995651273,12,5929,7357
0.7762444363846278,0.1199142127642493,0.9408875603285662,0.310103916608766,-0.240727995651273,13,5929,7357
0.7762444363846278,0.1199142127642493,0.9408875603285662,0.310103916608766,-0.240727995651273,14,5929,7357
0.7762444363846278,0.1199142127642493,0.9408875603285662,0.310103916608766,-0.240727995651273,15,5929,7357
0.7762444363846278,0.1199142127642493,0.9408875603285662,0.310103916608766,-0.240727995651273,16,5929,7357
0.7762444363846278,0.1199142127642493,0.9408875603285662,0.310103916608766,-0.240727995651273,17,5929,7357
0.7762444363846278,0.1199142127642493,0.9408875603285662,0.310103916608766,-0.240727995651273,18,5929,7357
0.7762444363846278,0.1199142127642493,0.9408875603285662,0.310103916608766,-0.240727995651273,19,5929,7357
0.7762444363846278,0.1199142127642493,0.9408875603285662,0.310103916608766,-0.240727995651273,20,5929,7357
0.7762444363846278,0.1199142127642493,0.9408875603285662,0.310103916608766,-0.240727995651273,21,5929,7357
0.7762444363846278,0.1199142127642493,0.9408875603285662,0.310103916608766,-0.240727995651273,22,5929,7357
0.7762444363846278,0.1199142127642493,0.9408875603285662,0.310103916608766,-0.240727995651273,23,5929,7357
0.7762444363846278,0.1199142127642493,0.9408875603285662,0.310103916608766,-0.240727995651273,24,5929,7357
0.7762444363846278,0.1199142127642493,0.9408875603285662,0.310103916608766,-0.240727995651273,25,5929,7357
0.7762444363846278,0.1199142127642493,0.9408875603285662,0.310103916608766,-0.240727995651273,26,5929,7357
0.7762444363846278,0.1199142127642493,0.9408875603285662,0.310103916608766,-0.240727995651273,27,5929,7357
0.7762444363846278,0.1199142127642493,0.9408875603285662,0.310103916608766,-0.240727995651273,28,5929,7357
0.7762444363846278,0.1199142127642493,0.9408875603285662,0.310103916608766,-0.240727995651273,29,5929,7357
0.7762444363846278,0.1199142127642493,0.9408875603285662,0.310103916608766,-0.240727995651273,30,5929,7357
0.7762444363846278,0.1199142127642493,0.9408875603285662,0.310103916608766,-0.240727995651273,31,5929,7357
0.7762444363846278,0.1199142127642493,0.9408875603285662,0.310103916608766,-0.240727995651273,32,5929,7357
0.7762444363846278,0.1199142127642493,0.9408875603285662,0.310103916608766,-0.240727995651273,33,5929,7357
0.7762444363846278,0.1199142127642493,0.9408875603285662,0.310103916608766,-0.240727995651273,34,5929,7357
0.7762444363846278,0.1199142127642493,0.9408875603285662,0.310103916608766,-0.240727995651273,35,5929,7357
0.7762444363846278,0.1199142127642493,0.9408875603285662,0.310103916608766,-0.240727995651273,36,5929,7357
0.7762444363846278,0.1199142127642493,0.9408875603285662,0.310103916608766,-0.240727995651273,37,5929,7357
0.9504636963259352,0.2455522672431775,0.9746928128822892,0.3602638846836431,-0.0003997795582601,0,5929,8072
0.9738919168635466,0.1235723022392885,0.1789607612408248,0.3345873400535566,-0.0407327772864519,1,5929,8072
0.9738919168635466,0.1174012600732055,0.1789607612408248,0.3519278445647941,-0.0419914550373144,2,5929,8072
0.9738919168635466,0.1174012600732055,0.1789607612408248,0.3519278445647941,-0.0419914550373144,3,5929,8072
0.8667644586090868,0.1037281812043232,0.9552955331429764,0.3856578446575508,-0.0682524870608257,4,5929,8072
0.8667644586090868,0.1036566929719859,0.9552955331429764,0.3463020236715726,-0.094183370327805,5,5929,8072
0.8667644586090868,0.1036566929719859,0.9552955331429764,0.3463020236715726,-0.094183370327805,6,5929,8072
0.8667644586090868,0.1036566929719859,0.9552955331429764,0.3463020236715726,-0.094183370327805,7,5929,8072
0.9125369841105804,0.0997892716376964,0.9391623973361548,0.3519034313640716,-0.0968862414863876,8,5929,8072
0.7271749804002721,0.1036566929719859,0.9552955331429764,0.3170244608570334,-0.1162881322494878,9,5929,8072
0.7271749804002721,0.1036566929719859,0.9552955331429764,0.3170244608570334,-0.1162881322494878,10,5929,8072
0.7870305533723871,0.1213880149954051,0.9873968519859252,0.352957038123917,-0.1196607136091051,11,5929,8072
0.7694741555423855,0.1113828478226175,0.9983104624003925,0.3131043823631942,-0.1302319130255685,12,5929,8072
0.7694741555423855,0.1113828478226175,0.9983104624003925,0.3131043823631942,-0.1302319130255685,13,5929,8072
0.7892568671858995,0.1058212721562558,0.94305571073399,0.3126570256815172,-0.1338112445366591,14,5929,8072
0.7892568671858995,0.1058212721562558,0.94305571073399,0.3126570256815172,-0.1338112445366591,15,5929,8072
0.7892568671858995,0.1058212721562558,0.94305571073399,0.3126570256815172,-0.1338112445366591,16,5929,8072
0.7892568671858995,0.1058212721562558,0.94305571073399,0.3126570256815172,-0.1338112445366591,17,5929,8072
0.7892568671858995,0.1058212721562558,0.94305571073399,0.3126570256815172,-0.1338112445366591,18,5929,8072
0.7892568671858995,0.1058212721562558,0.94305571073399,0.3126570256815172,-0.1338112445366591,19,5929,8072
0.7892568671858995,0.1058212721562558,0.94305571073399,0.3126570256815172,-0.1338112445366591,20,5929,8072
0.7892568671858995,0.1058212721562558,0.94305571073399,0.3126570256815172,-0.1338112445366591,21,5929,8072
0.7892568671858995,0.1058212721562558,0.94305571073399,0.3126570256815172,-0.1338112445366591,22,5929,8072
0.7892568671858995,0.1058212721562558,0.94305571073399,0.3126570256815172,-0.1338112445366591,23,5929,8072
0.7892568671858995,0.1058212721562558,0.94305571073399,0.3126570256815172,-0.1338112445366591,24,5929,8072
0.7892568671858995,0.1058212721562558,0.94305571073399,0.3126570256815172,-0.1338112445366591,25,5929,8072
0.7892568671858995,0.1058212721562558,0.94305571073399,0.3126570256815172,-0.1338112445366591,26,5929,8072
0.7892568671858995,0.1058212721562558,0.94305571073399,0.3126570256815172,-0.1338112445366591,27,5929,8072
0.7892568671858995,0.1058212721562558,0.94305571073399,0.3126570256815172,-0.1338112445366591,28,5929,8072
0.7892568671858995,0.1058212721562558,0.94305571073399,0.3126570256815172,-0.1338112445366591,29,5929,8072
0.7892568671858995,0.1058212721562558,0.94305571073399,0.3126570256815172,-0.1338112445366591,30,5929,8072
0.7892568671858995,0.1058212721562558,0.94305571073399,0.3126570256815172,-0.1338112445366591,31,5929,8072
0.7892568671858995,0.1058212721562558,0.94305571073399,0.3126570256815172,-0.1338112445366591,32,5929,8072
0.7892568671858995,0.1058212721562558,0.94305571073399,0.3126570256815172,-0.1338112445366591,33,5929,8072
0.7892568671858995,0.1058212721562558,0.94305571073399,0.3126570256815172,-0.1338112445366591,34,5929,8072
0.7892568671858995,0.1058212721562558,0.94305571073399,0.3126570256815172,-0.1338112445366591,35,5929,8072
0.7892568671858995,0.1058212721562558,0.94305571073399,0.3126570256815172,-0.1338112445366591,36,5929,8072
0.7892568671858995,0.1058212721562558,0.94305571073399,0.3126570256815172,-0.1338112445366591,37,5929,8072
0.7892568671858995,0.1058212721562558,0.94305571073399,0.3126570256815172,-0.1338112445366591,38,5929,8072
0.7892568671858995,0.1058212721562558,0.94305571073399,0.3126570256815172,-0.1338112445366591,39,5929,8072
0.2034552406761496,0.3804242698865323,0.971598413446888,0.2164535799990539,-0.1364493068639343,0,6643,3072
0.2034552406761496,0.3804242698865323,0.971598413446888,0.2164535799990539,-0.1364493068639343,1,6643,3072
0.6988205395807969,0.2681556169604374,0.8503031083948354,0.2600946250055248,-0.1513330553156336,2,6643,3072
0.7744149571380934,0.3201152806329796,0.9956163420117204,0.215020152561808,-0.1810120974798127,3,6643,3072
0.130590098969362,0.92370033984193,0.5723657396035889,0.5762863478978419,-0.1834507094362302,4,6643,3072
0.130590098969362,0.92370033984193,0.5723657396035889,0.5762863478978419,-0.1834507094362302,5,6643,3072
0.130590098969362,0.92370033984193,0.5723657396035889,0.5762863478978419,-0.1834507094362302,6,6643,3072
0.130590098969362,0.92370033984193,0.5723657396035889,0.5762863478978419,-0.1834507094362302,7,6643,3072
0.7293865053137452,0.3123327462548972,0.9865392358148402,0.3765130092231357,-0.1877208319243631,8,6643,3072
0.7293865053137452,0.3123327462548972,0.9865392358148402,0.3765130092231357,-0.1877208319243631,9,6643,3072
0.7293865053137452,0.3123327462548972,0.994969479613716,0.2683836830555899,-0.1893480084795925,10,6643,3072
0.7293865053137452,0.3123327462548972,0.994969479613716,0.2683836830555899,-0.1893480084795925,11,6643,3072
0.7293865053137452,0.3123327462548972,0.994969479613716,0.2683836830555899,-0.1893480084795925,12,6643,3072
0.7293865053137452,0.3123327462548972,0.994969479613716,0.2683836830555899,-0.1893480084795925,13,6643,3072
0.7293865053137452,0.3123327462548972,0.994969479613716,0.2683836830555899,-0.1893480084795925,14,6643,3072
0.7568945749910111,0.2703781559351022,0.996755116130206,0.297698860434571,-0.1904589665111766,15,6643,3072
0.7568945749910111,0.2703781559351022,0.996755116130206,0.297698860434571,-0.1904589665111766,16,6643,3072
0.7568945749910111,0.2703781559351022,0.996755116130206,0.297698860434571,-0.1904589665111766,17,6643,3072
0.7568945749910111,0.2703781559351022,0.996755116130206,0.297698860434571,-0.1904589665111766,18,6643,3072
0.7568945749910111,0.2703781559351022,0.996755116130206,0.297698860434571,-0.1904589665111766,19,6643,3072
0.7568945749910111,0.2703781559351022,0.996755116130206,0.297698860434571,-0.1904589665111766,20,6643,3072
0.7568945749910111,0.2703781559351022,0.996755116130206,0.297698860434571,-0.1904589665111766,21,6643,3072
0.7568945749910111,0.2703781559351022,0.996755116130206,0.297698860434571,-0.1904589665111766,22,6643,3072
0.7568945749910111,0.2703781559351022,0.996755116130206,0.297698860434571,-0.1904589665111766,23,6643,3072
0.7568945749910111,0.2703781559351022,0.996755116130206,0.297698860434571,-0.1904589665111766,24,6643,3072
0.7568945749910111,0.2703781559351022,0.996755116130206,0.297698860434571,-0.1904589665111766,25,6643,3072
0.7568945749910111,0.2703781559351022,0.996755116130206,0.297698860434571,-0.1904589665111766,26,6643,3072
0.7568945749910111,0.2703781559351022,0.996755116130206,0.297698860434571,-0.1904589665111766,27,6643,3072
0.7568945749910111,0.2703781559351022,0.996755116130206,0.297698860434571,-0.1904589665111766,28,6643,3072
0.7568945749910111,0.2703781559351022,0.996755116130206,0.297698860434571,-0.1904589665111766,29,6643,3072
0.7568945749910111,0.2703781559351022,0.996755116130206,0.297698860434571,-0.1904589665111766,30,6643,3072
0.7568945749910111,0.2703781559351022,0.996755116130206,0.297698860434571,-0.1904589665111766,31,6643,3072
0.7568945749910111,0.2703781559351022,0.996755116130206,0.297698860434571,-0.1904589665111766,32,6643,3072
0.7568945749910111,0.2703781559351022,0.996755116130206,0.297698860434571,-0.1904589665111766,33,6643,3072
0.7568945749910111,0.2703781559351022,0.996755116130206,0.297698860434571,-0.1904589665111766,34,6643,3072
0.7568945749910111,0.2703781559351022,0.996755116130206,0.297698860434571,-0.1904589665111766,35,6643,3072
0.7568945749910111,0.2703781559351022,0.996755116130206,0.297698860434571,-0.1904589665111766,36,6643,3072
0.7568945749910111,0.2703781559351022,0.996755116130206,0.297698860434571,-0.1904589665111766,37,6643,3072
0.7568945749910111,0.2703781559351022,0.996755116130206,0.297698860434571,-0.1904589665111766,38,6643,3072
0.7568945749910111,0.2703781559351022,0.996755116130206,0.297698860434571,-0.1904589665111766,39,6643,3072
0.7568945749910111,0.2703781559351022,0.996755116130206,0.297698860434571,-0.1904589665111766,40,6643,3072
0.2034552406761496,0.3804242698865323,0.971598413446888,0.2164535799990539,-0.1367133724269969,0,6643,3786
0.2034552406761496,0.3804242698865323,0.971598413446888,0.2164535799990539,-0.1367133724269969,1,6643,3786
0.9513558477086724,0.2700611875887359,0.9760486690961018,0.3602638846836431,-0.159317056179319,2,6643,3786
0.9513558477086724,0.2700611875887359,0.9760486690961018,0.3602638846836431,-0.159317056179319,3,6643,3786
0.7532841651042355,0.0619135867513099,0.9280477703841188,0.3824561786209152,-0.1653266800422767,4,6643,3786
0.7532841651042355,0.0619135867513099,0.9280477703841188,0.3824561786209152,-0.1653266800422767,5,6643,3786
0.7365878321725841,0.272253658406635,0.9980062430132596,0.4160112509998614,-0.1875684333406433,6,6643,3786
0.7365878321725841,0.272253658406635,0.9980062430132596,0.4160112509998614,-0.1875684333406433,7,6643,3786
0.7365878321725841,0.272253658406635,0.9980062430132596,0.4160112509998614,-0.1875684333406433,8,6643,3786
0.7313649287185944,0.3218188760106457,0.9348086868061624,0.3798120422197075,-0.1921978360952915,9,6643,3786
0.7313649287185944,0.3218188760106457,0.9348086868061624,0.3798120422197075,-0.1921978360952915,10,6643,3786
0.7313649287185944,0.3218188760106457,0.9348086868061624,0.3798120422197075,-0.1921978360952915,11,6643,3786
0.7604995024274903,0.2816426307399951,0.9935709051416622,0.3123964735558159,-0.1942130970253136,12,6643,3786
0.7604995024274903,0.2816426307399951,0.9935709051416622,0.3123964735558159,-0.1942130970253136,13,6643,3786
0.7604995024274903,0.2816426307399951,0.9935709051416622,0.3123964735558159,-0.1942130970253136,14,6643,3786
0.7604995024274903,0.2816426307399951,0.9935709051416622,0.3123964735558159,-0.1942130970253136,15,6643,3786
0.7604995024274903,0.2816426307399951,0.9935709051416622,0.3123964735558159,-0.1942130970253136,16,6643,3786
0.7604995024274903,0.2816426307399951,0.9935709051416622,0.3123964735558159,-0.1942130970253136,17,6643,3786
0.7604995024274903,0.2816426307399951,0.9935709051416622,0.3123964735558159,-0.1942130970253136,18,6643,3786
0.7604995024274903,0.2816426307399951,0.9935709051416622,0.3123964735558159,-0.1942130970253136,19,6643,3786
0.7604995024274903,0.2816426307399951,0.9935709051416622,0.3123964735558159,-0.1942130970253136,20,6643,3786
0.7604995024274903,0.2816426307399951,0.9935709051416622,0.3123964735558159,-0.1942130970253136,21,6643,3786
0.7604995024274903,0.2816426307399951,0.9935709051416622,0.3123964735558159,-0.1942130970253136,22,6643,3786
0.7604995024274903,0.2816426307399951,0.9935709051416622,0.3123964735558159,-0.1942130970253136,23,6643,3786
0.7604995024274903,0.2816426307399951,0.9935709051416622,0.3123964735558159,-0.1942130970253136,24,6643,3786
0.7604995024274903,0.2816426307399951,0.9935709051416622,0.3123964735558159,-0.1942130970253136,25,6643,3786
0.7604995024274903,0.2816426307399951,0.9935709051416622,0.3123964735558159,-0.1942130970253136,26,6643,3786
0.7604995024274903,0.2816426307399951,0.9935709051416622,0.3123964735558159,-0.1942130970253136,27,6643,3786
0.7604995024274903,0.2816426307399951,0.9935709051416622,0.3123964735558159,-0.1942130970253136,28,6643,3786
0.7604995024274903,0.2816426307399951,0.9935709051416622,0.3123964735558159,-0.1942130970253136,29,6643,3786
0.7604995024274903,0.2816426307399951,0.9935709051416622,0.3123964735558159,-0.1942130970253136,30,6643,3786
0.7604995024274903,0.2816426307399951,0.9935709051416622,0.3123964735558159,-0.1942130970253136,31,6643,3786
0.7604995024274903,0.2816426307399951,0.9935709051416622,0.3123964735558159,-0.1942130970253136,32,6643,3786
0.7604995024274903,0.2816426307399951,0.9935709051416622,0.3123964735558159,-0.1942130970253136,33,6643,3786
0.7604995024274903,0.2816426307399951,0.9935709051416622,0.3123964735558159,-0.1942130970253136,34,6643,3786
0.7604995024274903,0.2816426307399951,0.9935709051416622,0.3123964735558159,-0.1942130970253136,35,6643,3786
0.7604995024274903,0.2816426307399951,0.9935709051416622,0.3123964735558159,-0.1942130970253136,36,6643,3786
0.7604995024274903,0.2816426307399951,0.9935709051416622,0.3123964735558159,-0.1942130970253136,37,6643,3786
0.2034552406761496,0.3804242698865323,0.971598413446888,0.2164535799990539,-0.131866515754765,0,6643,4500
0.2034552406761496,0.3804242698865323,0.971598413446888,0.2164535799990539,-0.131866515754765,1,6643,4500
0.7930152968033071,0.5345534934708447,0.9727074842676278,0.337854202779255,-0.1427584294834579,2,6643,4500
0.7370282790718297,0.4514759309489851,0.952783745762658,0.2908860781310077,-0.1730026494202565,3,6643,4500
0.7437932160069286,0.4096011088207975,0.952783745762658,0.2904087686566698,-0.1794092820382544,4,6643,4500
0.7437932160069286,0.4096011088207975,0.952783745762658,0.2904087686566698,-0.1794092820382544,5,6643,4500
0.7437932160069286,0.4096011088207975,0.952783745762658,0.2904087686566698,-0.1794092820382544,6,6643,4500
0.7142815424799815,0.3011373938723267,0.9047855530046922,0.2949077268882557,-0.1807991499552051,7,6643,4500
0.7142815424799815,0.3011373938723267,0.9866091497545244,0.2949122984565215,-0.1853345494308871,8,6643,4500
0.7406821529672732,0.2937272833809389,0.9822110563404598,0.3318568436011763,-0.1853707953568602,9,6643,4500
0.7406824324670401,0.3011373938723267,0.989102225571613,0.2949077268882557,-0.1902565016429737,10,6643,4500
0.7406824324670401,0.3011373938723267,0.989102225571613,0.2949077268882557,-0.1902565016429737,11,6643,4500
0.7406824324670401,0.3011373938723267,0.989102225571613,0.2949077268882557,-0.1902565016429737,12,6643,4500
0.7406824324670401,0.3011373938723267,0.989102225571613,0.2949077268882557,-0.1902565016429737,13,6643,4500
0.7406824324670401,0.3011373938723267,0.989102225571613,0.2949077268882557,-0.1902565016429737,14,6643,4500
0.7406824324670401,0.3011373938723267,0.989102225571613,0.2949077268882557,-0.1902565016429737,15,6643,4500
0.7406824324670401,0.3011373938723267,0.989102225571613,0.2949077268882557,-0.1902565016429737,16,6643,4500
0.7406824324670401,0.3011373938723267,0.989102225571613,0.2949077268882557,-0.1902565016429737,17,6643,4500
0.7406824324670401,0.3011373938723267,0.989102225571613,0.2949077268882557,-0.1902565016429737,18,6643,4500
0.7406824324670401,0.3011373938723267,0.989102225571613,0.2949077268882557,-0.1902565016429737,19,6643,4500
0.7406824324670401,0.3011373938723267,0.989102225571613,0.2949077268882557,-0.1902565016429737,20,6643,4500
0.7406824324670401,0.3011373938723267,0.989102225571613,0.2949077268882557,-0.1902565016429737,21,6643,4500
0.7406824324670401,0.3011373938723267,0.989102225571613,0.2949077268882557,-0.1902565016429737,22,6643,4500
0.7406824324670401,0.3011373938723267,0.989102225571613,0.2949077268882557,-0.1902565016429737,23,6643,4500
0.7406824324670401,0.3011373938723267,0.989102225571613,0.2949077268882557,-0.1902565016429737,24,6643,4500
0.7406824324670401,0.3011373938723267,0.989102225571613,0.2949077268882557,-0.1902565016429737,25,6643,4500
0.7406824324670401,0.3011373938723267,0.989102225571613,0.2949077268882557,-0.1902565016429737,26,6643,4500
0.7406824324670401,0.3011373938723267,0.989102225571613,0.2949077268882557,-0.1902565016429737,27,6643,4500
0.7406824324670401,0.3011373938723267,0.989102225571613,0.2949077268882557,-0.1902565016429737,28,6643,4500
0.7406824324670401,0.3011373938723267,0.989102225571613,0.2949077268882557,-0.1902565016429737,29,6643,4500
0.7406824324670401,0.3011373938723267,0.989102225571613,0.2949077268882557,-0.1902565016429737,30,6643,4500
0.7406824324670401,0.3011373938723267,0.989102225571613,0.2949077268882557,-0.1902565016429737,31,6643,4500
0.7406824324670401,0.3011373938723267,0.989102225571613,0.2949077268882557,-0.1902565016429737,32,6643,4500
0.2034552406761496,0.3804242698865323,0.971598413446888,0.2164535799990539,-0.1454393316295451,0,6643,5214
0.2034552406761496,0.3804242698865323,0.971598413446888,0.2164535799990539,-0.1454393316295451,1,6643,5214
0.9504636963259352,0.2928642144101886,0.9739428606318248,0.3602638846836431,-0.1598423986211239,2,6643,5214
0.9504636963259352,0.2928642144101886,0.9739428606318248,0.3602638846836431,-0.1598423986211239,3,6643,5214
0.8973870465645973,0.3075110184618945,0.9880158530015892,0.3035614066623728,-0.1630466000279899,4,6643,5214
0.770916094695876,0.5174813978958922,0.950452388883918,0.2807121533426475,-0.1743180989783206,5,6643,5214
0.7780668878814899,0.3544825070186261,0.9839977169385704,0.3445170423998989,-0.188814368406504,6,6643,5214
0.7780668878814899,0.3544825070186261,0.9839977169385704,0.3445170423998989,-0.188814368406504,7,6643,5214
0.7729808260096426,0.3012678723989736,0.979086149396984,0.2597411399438699,-0.1950239944607982,8,6643,5214
0.7524770233330483,0.3603842208353926,0.9880772579274334,0.2953600556906596,-0.195344504584998,9,6643,5214
0.7524770233330483,0.3603842208353926,0.9880772579274334,0.2953600556906596,-0.195344504584998,10,6643,5214
0.7485510174808987,0.3103667036485324,0.977736556953774,0.2934324732352169,-0.1971947914614543,11,6643,5214
0.7485510174808987,0.3103667036485324,0.977736556953774,0.2934324732352169,-0.1971947914614543,12,6643,5214
0.7606440406971744,0.3157614217367599,0.9924241953401632,0.3833147366931678,-0.1983918091683381,13,6643,5214
0.7606440406971744,0.3157614217367599,0.9924241953401632,0.3833147366931678,-0.1983918091683381,14,6643,5214
0.7606440406971744,0.3157614217367599,0.9924241953401632,0.3833147366931678,-0.1983918091683381,15,6643,5214
0.7606440406971744,0.3157614217367599,0.9924241953401632,0.3833147366931678,-0.1983918091683381,16,6643,5214
0.7606440406971744,0.3157614217367599,0.9924241953401632,0.3833147366931678,-0.1983918091683381,17,6643,5214
0.7606440406971744,0.3157614217367599,0.9924241953401632,0.3833147366931678,-0.1983918091683381,18,6643,5214
0.7606440406971744,0.3157614217367599,0.9924241953401632,0.3833147366931678,-0.1983918091683381,19,6643,5214
0.7606440406971744,0.3157614217367599,0.9924241953401632,0.3833147366931678,-0.1983918091683381,20,6643,5214
0.7606440406971744,0.3157614217367599,0.9924241953401632,0.3833147366931678,-0.1983918091683381,21,6643,5214
0.7606440406971744,0.3157614217367599,0.9924241953401632,0.3833147366931678,-0.1983918091683381,22,6643,5214
0.7606440406971744,0.3157614217367599,0.9924241953401632,0.3833147366931678,-0.1983918091683381,23,6643,5214
0.7606440406971744,0.3157614217367599,0.9924241953401632,0.3833147366931678,-0.1983918091683381,24,6643,5214
0.7606440406971744,0.3157614217367599,0.9924241953401632,0.3833147366931678,-0.1983918091683381,25,6643,5214
0.7606440406971744,0.3157614217367599,0.9924241953401632,0.3833147366931678,-0.1983918091683381,26,6643,5214
0.7606440406971744,0.3157614217367599,0.9924241953401632,0.3833147366931678,-0.1983918091683381,27,6643,5214
0.7606440406971744,0.3157614217367599,0.9924241953401632,0.3833147366931678,-0.1983918091683381,28,6643,5214
0.7606440406971744,0.3157614217367599,0.9924241953401632,0.3833147366931678,-0.1983918091683381,29,6643,5214
0.7606440406971744,0.3157614217367599,0.9924241953401632,0.3833147366931678,-0.1983918091683381,30,6643,5214
0.7606440406971744,0.3157614217367599,0.9924241953401632,0.3833147366931678,-0.1983918091683381,31,6643,5214
0.7606440406971744,0.3157614217367599,0.9924241953401632,0.3833147366931678,-0.1983918091683381,32,6643,5214
0.7606440406971744,0.3157614217367599,0.9924241953401632,0.3833147366931678,-0.1983918091683381,33,6643,5214
0.7606440406971744,0.3157614217367599,0.9924241953401632,0.3833147366931678,-0.1983918091683381,34,6643,5214
0.7606440406971744,0.3157614217367599,0.9924241953401632,0.3833147366931678,-0.1983918091683381,35,6643,5214
0.7606440406971744,0.3157614217367599,0.9924241953401632,0.3833147366931678,-0.1983918091683381,36,6643,5214
0.7606440406971744,0.3157614217367599,0.9924241953401632,0.3833147366931678,-0.1983918091683381,37,6643,5214
0.7606440406971744,0.3157614217367599,0.9924241953401632,0.3833147366931678,-0.1983918091683381,38,6643,5214
0.2034552406761496,0.3804242698865323,0.971598413446888,0.2164535799990539,-0.1477539306750469,0,6643,5929
0.2034552406761496,0.3804242698865323,0.971598413446888,0.2164535799990539,-0.1477539306750469,1,6643,5929
0.2034552406761496,0.3804242698865323,0.971598413446888,0.2164535799990539,-0.1477539306750469,2,6643,5929
0.2034552406761496,0.3804242698865323,0.971598413446888,0.2164535799990539,-0.1477539306750469,3,6643,5929
0.2034552406761496,0.3584115786129321,0.9448939553074184,0.2337940845124397,-0.1532826876651251,4,6643,5929
0.11517122383228,0.3677079566350678,0.971598413446888,0.2453931821762111,-0.1614404359865721,5,6643,5929
0.11517122383228,0.3677079566350678,0.971598413446888,0.2453931821762111,-0.1614404359865721,6,6643,5929
0.1171723721373921,0.3569612850081809,0.967742176143306,0.2835549072022357,-0.1655553365289189,7,6643,5929
0.2128922804111714,0.265160207190209,0.9648188791146688,0.2968482254332898,-0.1699122338146072,8,6643,5929
0.2128906701991296,0.347746273932204,0.9645952998668472,0.2968482254332898,-0.1726523518986506,9,6643,5929
0.2343207969377161,0.3624421492797544,0.9948266385437394,0.240256503361034,-0.1737401863416979,10,6643,5929
0.2343207969377161,0.3624421492797544,0.9948266385437394,0.240256503361034,-0.1737401863416979,11,6643,5929
0.2343207969377161,0.3624421492797544,0.9948266385437394,0.240256503361034,-0.1737401863416979,12,6643,5929
0.2296578189369561,0.3453628042420604,0.9648188791146688,0.2951170048768258,-0.1741794847961694,13,6643,5929
0.2296578189369561,0.3453628042420604,0.9648188791146688,0.2951170048768258,-0.1741794847961694,14,6643,5929
0.2296578189369561,0.3453628042420604,0.9648188791146688,0.2951170048768258,-0.1741794847961694,15,6643,5929
0.2296578189369561,0.3453628042420604,0.9648188791146688,0.2951170048768258,-0.1741794847961694,16,6643,5929
0.2296578189369561,0.3453628042420604,0.9648188791146688,0.2951170048768258,-0.1741794847961694,17,6643,5929
0.2296578189369561,0.3453628042420604,0.9648188791146688,0.2951170048768258,-0.1741794847961694,18,6643,5929
0.2296578189369561,0.3453628042420604,0.9648188791146688,0.2951170048768258,-0.1741794847961694,19,6643,5929
0.2296578189369561,0.3453628042420604,0.9648188791146688,0.2951170048768258,-0.1741794847961694,20,6643,5929
0.2296578189369561,0.3453628042420604,0.9648188791146688,0.2951170048768258,-0.1741794847961694,21,6643,5929
0.2296578189369561,0.3453628042420604,0.9648188791146688,0.2951170048768258,-0.1741794847961694,22,6643,5929
0.2296578189369561,0.3453628042420604,0.9648188791146688,0.2951170048768258,-0.1741794847961694,23,6643,5929
0.2296578189369561,0.3453628042420604,0.9648188791146688,0.2951170048768258,-0.1741794847961694,24,6643,5929
0.2296578189369561,0.3453628042420604,0.9648188791146688,0.2951170048768258,-0.1741794847961694,25,6643,5929
0.2296578189369561,0.3453628042420604,0.9648188791146688,0.2951170048768258,-0.1741794847961694,26,6643,5929
0.2296578189369561,0.3453628042420604,0.9648188791146688,0.2951170048768258,-0.1741794847961694,27,6643,5929
0.2296578189369561,0.3453628042420604,0.9648188791146688,0.2951170048768258,-0.1741794847961694,28,6643,5929
0.2296578189369561,0.3453628042420604,0.9648188791146688,0.2951170048768258,-0.1741794847961694,29,6643,5929
0.2296578189369561,0.3453628042420604,0.9648188791146688,0.2951170048768258,-0.1741794847961694,30,6643,5929
0.2296578189369561,0.3453628042420604,0.9648188791146688,0.2951170048768258,-0.1741794847961694,31,6643,5929
0.2296578189369561,0.3453628042420604,0.9648188791146688,0.2951170048768258,-0.1741794847961694,32,6643,5929
0.2296578189369561,0.3453628042420604,0.9648188791146688,0.2951170048768258,-0.1741794847961694,33,6643,5929
0.2296578189369561,0.3453628042420604,0.9648188791146688,0.2951170048768258,-0.1741794847961694,34,6643,5929
0.2296578189369561,0.3453628042420604,0.9648188791146688,0.2951170048768258,-0.1741794847961694,35,6643,5929
0.2296578189369561,0.3453628042420604,0.9648188791146688,0.2951170048768258,-0.1741794847961694,36,6643,5929
0.2296578189369561,0.3453628042420604,0.9648188791146688,0.2951170048768258,-0.1741794847961694,37,6643,5929
0.2296578189369561,0.3453628042420604,0.9648188791146688,0.2951170048768258,-0.1741794847961694,38,6643,5929
0.2034552406761496,0.3804242698865323,0.971598413446888,0.2164535799990539,-0.1463123310197973,0,6643,6643
0.2034552406761496,0.3804242698865323,0.971598413446888,0.2164535799990539,-0.1463123310197973,1,6643,6643
0.2034552406761496,0.3804242698865323,0.971598413446888,0.2164535799990539,-0.1463123310197973,2,6643,6643
0.2034552406761496,0.3804242698865323,0.971598413446888,0.2164535799990539,-0.1463123310197973,3,6643,6643
0.2034552406761496,0.3804242698865323,0.971598413446888,0.2164535799990539,-0.1463123310197973,4,6643,6643
0.9726243346848306,0.1207745980329552,0.9971614288223296,0.2523343359096785,-0.1609768177690056,5,6643,6643
0.7820488302997699,0.0925895366677217,0.9991463762706944,0.2523343359096785,-0.1803220936269661,6,6643,6643
0.7820488302997699,0.0925895366677217,0.9991463762706944,0.2523343359096785,-0.1803220936269661,7,6643,6643
0.7820488302997699,0.0925895366677217,0.9991463762706944,0.2523343359096785,-0.1803220936269661,8,6643,6643
0.7891223750693586,0.0983514209377098,0.9859529826771398,0.2992953687174031,-0.186509243243732,9,6643,6643
0.7891223750693586,0.0983514209377098,0.9859529826771398,0.2992953687174031,-0.186509243243732,10,6643,6643
0.7891223750693586,0.0983514209377098,0.9859529826771398,0.2992953687174031,-0.186509243243732,11,6643,6643
0.7891223750693586,0.0983514209377098,0.9859529826771398,0.2992953687174031,-0.186509243243732,12,6643,6643
0.7876584660340088,0.1216462595001756,0.999152739882369,0.2435375288033433,-0.1935193080438257,13,6643,6643
0.7876584660340088,0.1216462595001756,0.999152739882369,0.2435375288033433,-0.1935193080438257,14,6643,6643
0.7876584660340088,0.1216462595001756,0.999152739882369,0.2435375288033433,-0.1935193080438257,15,6643,6643
0.7876584660340088,0.1216462595001756,0.999152739882369,0.2435375288033433,-0.1935193080438257,16,6643,6643
0.7876584660340088,0.1216462595001756,0.999152739882369,0.2435375288033433,-0.1935193080438257,17,6643,6643
0.7600943146878341,0.1324965748820215,0.997159939099708,0.261802410486305,-0.1958850918768218,18,6643,6643
0.7891223750693586,0.1310001450339945,0.913863276416862,0.2802635617519018,-0.1960858373280813,19,6643,6643
0.7891223750693586,0.1310001450339945,0.913863276416862,0.2802635617519018,-0.1960858373280813,20,6643,6643
0.7783291065633704,0.1324965748820215,0.9412181630539238,0.261802410486305,-0.1973555987700843,21,6643,6643
0.7783291065633704,0.1324965748820215,0.9412181630539238,0.261802410486305,-0.1973555987700843,22,6643,6643
0.7783291065633704,0.1324965748820215,0.9412181630539238,0.261802410486305,-0.1973555987700843,23,6643,6643
0.7783291065633704,0.1324965748820215,0.9412181630539238,0.261802410486305,-0.1973555987700843,24,6643,6643
0.7783291065633704,0.1324965748820215,0.9412181630539238,0.261802410486305,-0.1973555987700843,25,6643,6643
0.7783291065633704,0.1324965748820215,0.9412181630539238,0.261802410486305,-0.1973555987700843,26,6643,6643
0.7783291065633704,0.1324965748820215,0.9412181630539238,0.261802410486305,-0.1973555987700843,27,6643,6643
0.7783291065633704,0.1324965748820215,0.9412181630539238,0.261802410486305,-0.1973555987700843,28,6643,6643
0.7783291065633704,0.1324965748820215,0.9412181630539238,0.261802410486305,-0.1973555987700843,29,6643,6643
0.7783291065633704,0.1324965748820215,0.9412181630539238,0.261802410486305,-0.1973555987700843,30,6643,6643
0.7783291065633704,0.1324965748820215,0.9412181630539238,0.261802410486305,-0.1973555987700843,31,6643,6643
0.7783291065633704,0.1324965748820215,0.9412181630539238,0.261802410486305,-0.1973555987700843,32,6643,6643
0.7783291065633704,0.1324965748820215,0.9412181630539238,0.261802410486305,-0.1973555987700843,33,6643,6643
0.7783291065633704,0.1324965748820215,0.9412181630539238,0.261802410486305,-0.1973555987700843,34,6643,6643
0.7783291065633704,0.1324965748820215,0.9412181630539238,0.261802410486305,-0.1973555987700843,35,6643,6643
0.7783291065633704,0.1324965748820215,0.9412181630539238,0.261802410486305,-0.1973555987700843,36,6643,6643
0.7783291065633704,0.1324965748820215,0.9412181630539238,0.261802410486305,-0.1973555987700843,37,6643,6643
0.7783291065633704,0.1324965748820215,0.9412181630539238,0.261802410486305,-0.1973555987700843,38,6643,6643
0.7783291065633704,0.1324965748820215,0.9412181630539238,0.261802410486305,-0.1973555987700843,39,6643,6643
0.7783291065633704,0.1324965748820215,0.9412181630539238,0.261802410486305,-0.1973555987700843,40,6643,6643
0.7783291065633704,0.1324965748820215,0.9412181630539238,0.261802410486305,-0.1973555987700843,41,6643,6643
0.7783291065633704,0.1324965748820215,0.9412181630539238,0.261802410486305,-0.1973555987700843,42,6643,6643
0.7783291065633704,0.1324965748820215,0.9412181630539238,0.261802410486305,-0.1973555987700843,43,6643,6643
0.7783291065633704,0.1324965748820215,0.9412181630539238,0.261802410486305,-0.1973555987700843,44,6643,6643
0.2034552406761496,0.3804242698865323,0.971598413446888,0.2164535799990539,-0.0495837818423781,0,6643,7357
0.2034552406761496,0.3804242698865323,0.971598413446888,0.2164535799990539,-0.0495837818423781,1,6643,7357
0.7916110660616098,0.119526292272944,0.9628645784432278,0.0979061348570222,-0.0655256597602223,2,6643,7357
0.8985458938320172,0.1192341575536765,0.9459556270427454,0.3920801515988596,-0.1180155448495446,3,6643,7357
0.787096941554801,0.1136141543096248,0.9864657834167816,0.2820023882164736,-0.1458564011609662,4,6643,7357
0.787096941554801,0.1136141543096248,0.9864657834167816,0.2820023882164736,-0.1458564011609662,5,6643,7357
0.787096941554801,0.1136141543096248,0.9864657834167816,0.2820023882164736,-0.1458564011609662,6,6643,7357
0.787096941554801,0.1197312074351815,0.9862290540905402,0.3288813962008742,-0.1729617993474925,7,6643,7357
0.787096941554801,0.1197312074351815,0.9862290540905402,0.3288813962008742,-0.1729617993474925,8,6643,7357
0.787096941554801,0.1197312074351815,0.9862290540905402,0.3288813962008742,-0.1729617993474925,9,6643,7357
0.7856095133049641,0.1137011092767697,0.9842012135158124,0.3044833597653214,-0.1837615565115835,10,6643,7357
0.7889240254623542,0.1346462413069482,0.9448956552960944,0.3191261151804229,-0.1886955737357546,11,6643,7357
0.7889240254623542,0.1346462413069482,0.9448956552960944,0.3191261151804229,-0.1886955737357546,12,6643,7357
0.7889240254623542,0.1346462413069482,0.9448956552960944,0.3191261151804229,-0.1886955737357546,13,6643,7357
0.7889240254623542,0.1346462413069482,0.9448956552960944,0.3191261151804229,-0.1886955737357546,14,6643,7357
0.7889240254623542,0.1346462413069482,0.9448956552960944,0.3191261151804229,-0.1886955737357546,15,6643,7357
0.7889240254623542,0.1346462413069482,0.9448956552960944,0.3191261151804229,-0.1886955737357546,16,6643,7357
0.7889240254623542,0.1346462413069482,0.9448956552960944,0.3191261151804229,-0.1886955737357546,17,6643,7357
0.7889240254623542,0.1346462413069482,0.9448956552960944,0.3191261151804229,-0.1886955737357546,18,6643,7357
0.7889240254623542,0.1346462413069482,0.9448956552960944,0.3191261151804229,-0.1886955737357546,19,6643,7357
0.7889240254623542,0.1346462413069482,0.9448956552960944,0.3191261151804229,-0.1886955737357546,20,6643,7357
0.7889240254623542,0.1346462413069482,0.9448956552960944,0.3191261151804229,-0.1886955737357546,21,6643,7357
0.7889240254623542,0.1346462413069482,0.9448956552960944,0.3191261151804229,-0.1886955737357546,22,6643,7357
0.7889240254623542,0.1346462413069482,0.9448956552960944,0.3191261151804229,-0.1886955737357546,23,6643,7357
0.7889240254623542,0.1346462413069482,0.9448956552960944,0.3191261151804229,-0.1886955737357546,24,6643,7357
0.7889240254623542,0.1346462413069482,0.9448956552960944,0.3191261151804229,-0.1886955737357546,25,6643,7357
0.7889240254623542,0.1346462413069482,0.9448956552960944,0.3191261151804229,-0.1886955737357546,26,6643,7357
0.7889240254623542,0.1346462413069482,0.9448956552960944,0.3191261151804229,-0.1886955737357546,27,6643,7357
0.7889240254623542,0.1346462413069482,0.9448956552960944,0.3191261151804229,-0.1886955737357546,28,6643,7357
0.7889240254623542,0.1346462413069482,0.9448956552960944,0.3191261151804229,-0.1886955737357546,29,6643,7357
0.7889240254623542,0.1346462413069482,0.9448956552960944,0.3191261151804229,-0.1886955737357546,30,6643,7357
0.7889240254623542,0.1346462413069482,0.9448956552960944,0.3191261151804229,-0.1886955737357546,31,6643,7357
0.7889240254623542,0.1346462413069482,0.9448956552960944,0.3191261151804229,-0.1886955737357546,32,6643,7357
0.2034552406761496,0.3804242698865323,0.971598413446888,0.2164535799990539,0.0505696127234508,0,6643,8072
0.2034552406761496,0.3804242698865323,0.971598413446888,0.2164535799990539,0.0505696127234508,1,6643,8072
0.1158656124707703,0.1205020195579895,0.9577551869684678,0.3867305731718615,0.0222436897422387,2,6643,8072
0.1158656124707703,0.1205020195579895,0.9577551869684678,0.3867305731718615,0.0222436897422387,3,6643,8072
0.7546398941508303,0.1305313476012394,0.9628645784432278,0.3062949041712596,-0.0800488489743279,4,6643,8072
0.7546398941508303,0.1305313476012394,0.9628645784432278,0.3062949041712596,-0.0800488489743279,5,6643,8072
0.7546398941508303,0.1305313476012394,0.9628645784432278,0.3062949041712596,-0.0800488489743279,6,6643,8072
0.7467970132548026,0.1046921698839022,0.9492450833423748,0.3177034767748565,-0.0808534062016685,7,6643,8072
0.7467970132548026,0.1046921698839022,0.9492450833423748,0.3177034767748565,-0.0808534062016685,8,6643,8072
0.7831117345639621,0.1305313476012394,0.9437138839283504,0.3184484492008032,-0.084271295019491,9,6643,8072
0.7831117345639621,0.1305313476012394,0.9437138839283504,0.3184484492008032,-0.084271295019491,10,6643,8072
0.7831117345639621,0.1305313476012394,0.9437138839283504,0.3184484492008032,-0.084271295019491,11,6643,8072
0.7831117345639621,0.1305313476012394,0.9437138839283504,0.3184484492008032,-0.084271295019491,12,6643,8072
0.7831117345639621,0.1305313476012394,0.9437138839283504,0.3184484492008032,-0.084271295019491,13,6643,8072
0.7831117345639621,0.1305313476012394,0.9437138839283504,0.3184484492008032,-0.084271295019491,14,6643,8072
0.7831117345639621,0.1305313476012394,0.9437138839283504,0.3184484492008032,-0.084271295019491,15,6643,8072
0.7831117345639621,0.1305313476012394,0.9437138839283504,0.3184484492008032,-0.084271295019491,16,6643,8072
0.7831117345639621,0.1305313476012394,0.9437138839283504,0.3184484492008032,-0.084271295019491,17,6643,8072
0.7831117345639621,0.1305313476012394,0.9437138839283504,0.3184484492008032,-0.084271295019491,18,6643,8072
0.7831117345639621,0.1305313476012394,0.9437138839283504,0.3184484492008032,-0.084271295019491,19,6643,8072
0.7831117345639621,0.1305313476012394,0.9437138839283504,0.3184484492008032,-0.084271295019491,20,6643,8072
0.7831117345639621,0.1305313476012394,0.9437138839283504,0.3184484492008032,-0.084271295019491,21,6643,8072
0.7831117345639621,0.1305313476012394,0.9437138839283504,0.3184484492008032,-0.084271295019491,22,6643,8072
0.7831117345639621,0.1305313476012394,0.9437138839283504,0.3184484492008032,-0.084271295019491,23,6643,8072
0.7831117345639621,0.1305313476012394,0.9437138839283504,0.3184484492008032,-0.084271295019491,24,6643,8072
0.7831117345639621,0.1305313476012394,0.9437138839283504,0.3184484492008032,-0.084271295019491,25,6643,8072
0.7831117345639621,0.1305313476012394,0.9437138839283504,0.3184484492008032,-0.084271295019491,26,6643,8072
0.7831117345639621,0.1305313476012394,0.9437138839283504,0.3184484492008032,-0.084271295019491,27,6643,8072
0.7831117345639621,0.1305313476012394,0.9437138839283504,0.3184484492008032,-0.084271295019491,28,6643,8072
0.7831117345639621,0.1305313476012394,0.9437138839283504,0.3184484492008032,-0.084271295019491,29,6643,8072
0.7831117345639621,0.1305313476012394,0.9437138839283504,0.3184484492008032,-0.084271295019491,30,6643,8072
0.7831117345639621,0.1305313476012394,0.9437138839283504,0.3184484492008032,-0.084271295019491,31,6643,8072
0.7831117345639621,0.1305313476012394,0.9437138839283504,0.3184484492008032,-0.084271295019491,32,6643,8072
0.5895020620840481,0.1244603325154798,0.9541513368666424,0.3992910134865952,-0.1060747827841007,0,7357,3072
0.5895020620840481,0.1244603325154798,0.9541513368666424,0.3992910134865952,-0.1060747827841007,1,7357,3072
0.1913239260572002,0.7911339481728052,0.5292228076303601,0.5261291012000046,-0.1079485173183411,2,7357,3072
0.7249351830925898,0.5381644811472738,0.9616972361006552,0.2995823677912104,-0.1235012521864608,3,7357,3072
0.7249351830925898,0.5381644811472738,0.9616972361006552,0.2995823677912104,-0.1235012521864608,4,7357,3072
0.7225771780189086,0.1329736224146698,0.9414945042855946,0.2684682237882336,-0.1461238961273816,5,7357,3072
0.6994563394487322,0.0511810410451807,0.9509950443211752,0.2678161693162946,-0.1490578629619396,6,7357,3072
0.6994563394487322,0.0511810410451807,0.9509950443211752,0.2678161693162946,-0.1490578629619396,7,7357,3072
0.6994563394487322,0.0511810410451807,0.9509950443211752,0.2678161693162946,-0.1490578629619396,8,7357,3072
0.731442687513973,0.0511810410451807,0.9527956835079308,0.2676716189741718,-0.1495605619454985,9,7357,3072
0.731442687513973,0.0511810410451807,0.9527956835079308,0.2676716189741718,-0.1495605619454985,10,7357,3072
0.731442687513973,0.0511810410451807,0.9527956835079308,0.2676716189741718,-0.1495605619454985,11,7357,3072
0.731442687513973,0.0511810410451807,0.9527956835079308,0.2676716189741718,-0.1495605619454985,12,7357,3072
0.731442687513973,0.0511810410451807,0.9527956835079308,0.2676716189741718,-0.1495605619454985,13,7357,3072
0.731442687513973,0.0511810410451807,0.9527956835079308,0.2676716189741718,-0.1495605619454985,14,7357,3072
0.731442687513973,0.0511810410451807,0.9527956835079308,0.2676716189741718,-0.1495605619454985,15,7357,3072
0.731442687513973,0.0511810410451807,0.9526747174238788,0.3003929834910229,-0.1497468046048007,16,7357,3072
0.731442687513973,0.0511810410451807,0.9526747174238788,0.3003929834910229,-0.1497468046048007,17,7357,3072
0.731442687513973,0.0511810410451807,0.9526747174238788,0.3003929834910229,-0.1497468046048007,18,7357,3072
0.731442687513973,0.0511810410451807,0.9526747174238788,0.3003929834910229,-0.1497468046048007,19,7357,3072
0.731442687513973,0.0511810410451807,0.9526747174238788,0.3003929834910229,-0.1497468046048007,20,7357,3072
0.731442687513973,0.0511810410451807,0.9526747174238788,0.3003929834910229,-0.1497468046048007,21,7357,3072
0.731442687513973,0.0511810410451807,0.9526747174238788,0.3003929834910229,-0.1497468046048007,22,7357,3072
0.731442687513973,0.0511810410451807,0.9526747174238788,0.3003929834910229,-0.1497468046048007,23,7357,3072
0.731442687513973,0.0511810410451807,0.9526747174238788,0.3003929834910229,-0.1497468046048007,24,7357,3072
0.731442687513973,0.0511810410451807,0.9526747174238788,0.3003929834910229,-0.1497468046048007,25,7357,3072
0.731442687513973,0.0511810410451807,0.9526747174238788,0.3003929834910229,-0.1497468046048007,26,7357,3072
0.731442687513973,0.0511810410451807,0.9526747174238788,0.3003929834910229,-0.1497468046048007,27,7357,3072
0.731442687513973,0.0511810410451807,0.9526747174238788,0.3003929834910229,-0.1497468046048007,28,7357,3072
0.731442687513973,0.0511810410451807,0.9526747174238788,0.3003929834910229,-0.1497468046048007,29,7357,3072
0.731442687513973,0.0511810410451807,0.9526747174238788,0.3003929834910229,-0.1497468046048007,30,7357,3072
0.731442687513973,0.0511810410451807,0.9526747174238788,0.3003929834910229,-0.1497468046048007,31,7357,3072
0.731442687513973,0.0511810410451807,0.9526747174238788,0.3003929834910229,-0.1497468046048007,32,7357,3072
0.731442687513973,0.0511810410451807,0.9526747174238788,0.3003929834910229,-0.1497468046048007,33,7357,3072
0.731442687513973,0.0511810410451807,0.9526747174238788,0.3003929834910229,-0.1497468046048007,34,7357,3072
0.731442687513973,0.0511810410451807,0.9526747174238788,0.3003929834910229,-0.1497468046048007,35,7357,3072
0.731442687513973,0.0511810410451807,0.9526747174238788,0.3003929834910229,-0.1497468046048007,36,7357,3072
0.731442687513973,0.0511810410451807,0.9526747174238788,0.3003929834910229,-0.1497468046048007,37,7357,3072
0.731442687513973,0.0511810410451807,0.9526747174238788,0.3003929834910229,-0.1497468046048007,38,7357,3072
0.731442687513973,0.0511810410451807,0.9526747174238788,0.3003929834910229,-0.1497468046048007,39,7357,3072
0.731442687513973,0.0511810410451807,0.9526747174238788,0.3003929834910229,-0.1497468046048007,40,7357,3072
0.731442687513973,0.0511810410451807,0.9526747174238788,0.3003929834910229,-0.1497468046048007,41,7357,3072
0.5895020620840481,0.1244603325154798,0.9541513368666424,0.3992910134865952,-0.1011443833936085,0,7357,3786
0.5895020620840481,0.1244603325154798,0.9541513368666424,0.3992910134865952,-0.1011443833936085,1,7357,3786
0.7211363341490498,0.1331832305442339,0.988327333572525,0.3959726754101497,-0.1389974488892366,2,7357,3786
0.7211363341490498,0.1331832305442339,0.988327333572525,0.3959726754101497,-0.1389974488892366,3,7357,3786
0.7211363341490498,0.1331832305442339,0.988327333572525,0.3959726754101497,-0.1389974488892366,4,7357,3786
0.7715728410477636,0.285162136137134,0.9630767017113844,0.3107620683028217,-0.1487632267564143,5,7357,3786
0.7715728410477636,0.285162136137134,0.9630767017113844,0.3107620683028217,-0.1487632267564143,6,7357,3786
0.7715728410477636,0.285162136137134,0.9630767017113844,0.3107620683028217,-0.1487632267564143,7,7357,3786
0.7696555139401348,0.3606658817295425,0.9471740805113948,0.368014808436848,-0.1492486561767671,8,7357,3786
0.7715728410477636,0.3040474328942575,0.9050789016735518,0.3127803185722608,-0.1495228012944828,9,7357,3786
0.7449359684993818,0.2904506485668033,0.9631431412105916,0.3457359048605666,-0.149561044935808,10,7357,3786
0.7721551989018921,0.359098048167899,0.9364022890955086,0.3970790693868226,-0.151830066906345,11,7357,3786
0.7660736237972781,0.2803162689994893,0.9341866049130616,0.3726261229367507,-0.1539880219746668,12,7357,3786
0.7660736237972781,0.2803162689994893,0.9341866049130616,0.3726261229367507,-0.1539880219746668,13,7357,3786
0.7660736237972781,0.2803162689994893,0.9341866049130616,0.3726261229367507,-0.1539880219746668,14,7357,3786
0.7508035236413131,0.3248360308434896,0.952801485357686,0.3104457376840444,-0.1546401911977293,15,7357,3786
0.7508035236413131,0.3248360308434896,0.952801485357686,0.3104457376840444,-0.1546401911977293,16,7357,3786
0.7508035236413131,0.3248360308434896,0.952801485357686,0.3104457376840444,-0.1546401911977293,17,7357,3786
0.7591655129705023,0.2885517706468666,0.9456986717554636,0.3880292527264409,-0.1560266212279963,18,7357,3786
0.7591655129705023,0.2885517706468666,0.9456986717554636,0.3880292527264409,-0.1560266212279963,19,7357,3786
0.7591655129705023,0.2885517706468666,0.9456986717554636,0.3880292527264409,-0.1560266212279963,20,7357,3786
0.7591655129705023,0.2885517706468666,0.9456986717554636,0.3880292527264409,-0.1560266212279963,21,7357,3786
0.7591655129705023,0.2885517706468666,0.9456986717554636,0.3880292527264409,-0.1560266212279963,22,7357,3786
0.7591655129705023,0.2885517706468666,0.9456986717554636,0.3880292527264409,-0.1560266212279963,23,7357,3786
0.7591655129705023,0.2885517706468666,0.9456986717554636,0.3880292527264409,-0.1560266212279963,24,7357,3786
0.7591655129705023,0.2885517706468666,0.9456986717554636,0.3880292527264409,-0.1560266212279963,25,7357,3786
0.7591655129705023,0.2885517706468666,0.9456986717554636,0.3880292527264409,-0.1560266212279963,26,7357,3786
0.7591655129705023,0.2885517706468666,0.9456986717554636,0.3880292527264409,-0.1560266212279963,27,7357,3786
0.7591655129705023,0.2885517706468666,0.9456986717554636,0.3880292527264409,-0.1560266212279963,28,7357,3786
0.7591655129705023,0.2885517706468666,0.9456986717554636,0.3880292527264409,-0.1560266212279963,29,7357,3786
0.7591655129705023,0.2885517706468666,0.9456986717554636,0.3880292527264409,-0.1560266212279963,30,7357,3786
0.7591655129705023,0.2885517706468666,0.9456986717554636,0.3880292527264409,-0.1560266212279963,31,7357,3786
0.7591655129705023,0.2885517706468666,0.9456986717554636,0.3880292527264409,-0.1560266212279963,32,7357,3786
0.7591655129705023,0.2885517706468666,0.9456986717554636,0.3880292527264409,-0.1560266212279963,33,7357,3786
0.7591655129705023,0.2885517706468666,0.9456986717554636,0.3880292527264409,-0.1560266212279963,34,7357,3786
0.7591655129705023,0.2885517706468666,0.9456986717554636,0.3880292527264409,-0.1560266212279963,35,7357,3786
0.7591655129705023,0.2885517706468666,0.9456986717554636,0.3880292527264409,-0.1560266212279963,36,7357,3786
0.7591655129705023,0.2885517706468666,0.9456986717554636,0.3880292527264409,-0.1560266212279963,37,7357,3786
0.7591655129705023,0.2885517706468666,0.9456986717554636,0.3880292527264409,-0.1560266212279963,38,7357,3786
0.7591655129705023,0.2885517706468666,0.9456986717554636,0.3880292527264409,-0.1560266212279963,39,7357,3786
0.7591655129705023,0.2885517706468666,0.9456986717554636,0.3880292527264409,-0.1560266212279963,40,7357,3786
0.2034552406761496,0.3804242698865323,0.971598413446888,0.2164535799990539,-0.0911299276987037,0,7357,4500
0.2034552406761496,0.3804242698865323,0.971598413446888,0.2164535799990539,-0.0911299276987037,1,7357,4500
0.5579362594254091,0.0627179225707682,0.9047923611782384,0.2649656791958512,-0.1035886513547737,2,7357,4500
0.7896758651951358,0.5830093600690566,0.9743496472244496,0.3856578446575508,-0.1105940520416654,3,7357,4500
0.7842400635536051,0.1172688137050984,0.990793783799134,0.2480027355270285,-0.1276625862766442,4,7357,4500
0.7513604049281261,0.0734605524677952,0.9041224193960228,0.2649656791958512,-0.1318174170731426,5,7357,4500
0.7513604049281261,0.0734605524677952,0.9041224193960228,0.2649656791958512,-0.1318174170731426,6,7357,4500
0.7513604049281261,0.0734605524677952,0.9041224193960228,0.2649656791958512,-0.1318174170731426,7,7357,4500
0.7513604049281261,0.0734605524677952,0.9041224193960228,0.2649656791958512,-0.1318174170731426,8,7357,4500
0.7513604049281261,0.0734605524677952,0.9041224193960228,0.2649656791958512,-0.1318174170731426,9,7357,4500
0.7612456668416353,0.2713189497563125,0.9743475161481466,0.2951542463288116,-0.1320677273267367,10,7357,4500
0.7450189079203416,0.2790838148015245,0.977386401031744,0.3842997977933988,-0.1332060023969423,11,7357,4500
0.7424297133138619,0.280674332071367,0.910802981447512,0.3823163208582509,-0.1341911977393563,12,7357,4500
0.7744278379424223,0.3270039836995333,0.9365208161528896,0.3903521879856503,-0.1350515687062232,13,7357,4500
0.751434010133606,0.2750868347749778,0.9365208161528896,0.3903521879856503,-0.1370901679595527,14,7357,4500
0.751434010133606,0.2750868347749778,0.9365208161528896,0.3903521879856503,-0.1370901679595527,15,7357,4500
0.751434010133606,0.2750868347749778,0.9365208161528896,0.3903521879856503,-0.1370901679595527,16,7357,4500
0.751434010133606,0.2750868347749778,0.9365208161528896,0.3903521879856503,-0.1370901679595527,17,7357,4500
0.751434010133606,0.2750868347749778,0.9365208161528896,0.3903521879856503,-0.1370901679595527,18,7357,4500
0.751434010133606,0.2750868347749778,0.9365208161528896,0.3903521879856503,-0.1370901679595527,19,7357,4500
0.751434010133606,0.2750868347749778,0.9365208161528896,0.3903521879856503,-0.1370901679595527,20,7357,4500
0.751434010133606,0.2750868347749778,0.9365208161528896,0.3903521879856503,-0.1370901679595527,21,7357,4500
0.751434010133606,0.2750868347749778,0.9365208161528896,0.3903521879856503,-0.1370901679595527,22,7357,4500
0.751434010133606,0.2750868347749778,0.9365208161528896,0.3903521879856503,-0.1370901679595527,23,7357,4500
0.751434010133606,0.2750868347749778,0.9365208161528896,0.3903521879856503,-0.1370901679595527,24,7357,4500
0.751434010133606,0.2750868347749778,0.9365208161528896,0.3903521879856503,-0.1370901679595527,25,7357,4500
0.751434010133606,0.2750868347749778,0.9365208161528896,0.3903521879856503,-0.1370901679595527,26,7357,4500
0.751434010133606,0.2750868347749778,0.9365208161528896,0.3903521879856503,-0.1370901679595527,27,7357,4500
0.751434010133606,0.2750868347749778,0.9365208161528896,0.3903521879856503,-0.1370901679595527,28,7357,4500
0.751434010133606,0.2750868347749778,0.9365208161528896,0.3903521879856503,-0.1370901679595527,29,7357,4500
0.751434010133606,0.2750868347749778,0.9365208161528896,0.3903521879856503,-0.1370901679595527,30,7357,4500
0.751434010133606,0.2750868347749778,0.9365208161528896,0.3903521879856503,-0.1370901679595527,31,7357,4500
0.751434010133606,0.2750868347749778,0.9365208161528896,0.3903521879856503,-0.1370901679595527,32,7357,4500
0.751434010133606,0.2750868347749778,0.9365208161528896,0.3903521879856503,-0.1370901679595527,33,7357,4500
0.751434010133606,0.2750868347749778,0.9365208161528896,0.3903521879856503,-0.1370901679595527,34,7357,4500
0.751434010133606,0.2750868347749778,0.9365208161528896,0.3903521879856503,-0.1370901679595527,35,7357,4500
0.2034552406761496,0.3804242698865323,0.971598413446888,0.2164535799990539,-0.1050086839586997,0,7357,5214
0.2034552406761496,0.3804242698865323,0.971598413446888,0.2164535799990539,-0.1050086839586997,1,7357,5214
0.2034552406761496,0.3804242698865323,0.971598413446888,0.2164535799990539,-0.1050086839586997,2,7357,5214
0.9504636963259352,0.2928642144101886,0.9489240898678934,0.3608175738336764,-0.1087481045656356,3,7357,5214
0.114180519914894,0.3629505799822741,0.9820322321825072,0.2174685830029737,-0.1123839112789649,4,7357,5214
0.7942457796811913,0.3572087062165406,0.951210187808838,0.3500538053574924,-0.1137774460943166,5,7357,5214
0.7714073724276944,0.2770469749889298,0.9895245331001468,0.2255868489666827,-0.1315139403639021,6,7357,5214
0.7714073724276944,0.2770469749889298,0.9895245331001468,0.2255868489666827,-0.1315139403639021,7,7357,5214
0.7444954648968157,0.1327914297918733,0.9893670303163622,0.3619619193923981,-0.1338859253807352,8,7357,5214
0.7366694356833716,0.0993024823033533,0.9967727471075472,0.2773723706447842,-0.1378498893185621,9,7357,5214
0.7366694356833716,0.0993024823033533,0.9967727471075472,0.2773723706447842,-0.1378498893185621,10,7357,5214
0.7499112019668382,0.3570086097587874,0.951172802450345,0.3500538053574924,-0.1408347637514126,11,7357,5214
0.7754771973597063,0.2606102536475181,0.9969283614956612,0.3731717691228555,-0.1422833716473278,12,7357,5214
0.7432461544264997,0.0620262624900367,0.9458826785460294,0.2829072304965002,-0.1443824162652501,13,7357,5214
0.7432461544264997,0.0620262624900367,0.9458826785460294,0.2829072304965002,-0.1443824162652501,14,7357,5214
0.7722314571430569,0.2675274260147368,0.9390743108180452,0.3727872623941526,-0.1461675372099382,15,7357,5214
0.7722314571430569,0.2675274260147368,0.9390743108180452,0.3727872623941526,-0.1461675372099382,16,7357,5214
0.7722314571430569,0.2675274260147368,0.9390743108180452,0.3727872623941526,-0.1461675372099382,17,7357,5214
0.7447522161830038,0.2675274260147368,0.9496943221569388,0.3727872623941526,-0.1482061364632677,18,7357,5214
0.7447522161830038,0.2675274260147368,0.9496943221569388,0.3727872623941526,-0.1482061364632677,19,7357,5214
0.7447522161830038,0.2675274260147368,0.9496943221569388,0.3727872623941526,-0.1482061364632677,20,7357,5214
0.7447522161830038,0.2675274260147368,0.9496943221569388,0.3727872623941526,-0.1482061364632677,21,7357,5214
0.7447522161830038,0.2675274260147368,0.9496943221569388,0.3727872623941526,-0.1482061364632677,22,7357,5214
0.7447522161830038,0.2675274260147368,0.9496943221569388,0.3727872623941526,-0.1482061364632677,23,7357,5214
0.7447522161830038,0.2675274260147368,0.9496943221569388,0.3727872623941526,-0.1482061364632677,24,7357,5214
0.7447522161830038,0.2675274260147368,0.9496943221569388,0.3727872623941526,-0.1482061364632677,25,7357,5214
0.7447522161830038,0.2675274260147368,0.9496943221569388,0.3727872623941526,-0.1482061364632677,26,7357,5214
0.7447522161830038,0.2675274260147368,0.9496943221569388,0.3727872623941526,-0.1482061364632677,27,7357,5214
0.7447522161830038,0.2675274260147368,0.9496943221569388,0.3727872623941526,-0.1482061364632677,28,7357,5214
0.7447522161830038,0.2675274260147368,0.9496943221569388,0.3727872623941526,-0.1482061364632677,29,7357,5214
0.7447522161830038,0.2675274260147368,0.9496943221569388,0.3727872623941526,-0.1482061364632677,30,7357,5214
0.7447522161830038,0.2675274260147368,0.9496943221569388,0.3727872623941526,-0.1482061364632677,31,7357,5214
0.7447522161830038,0.2675274260147368,0.9496943221569388,0.3727872623941526,-0.1482061364632677,32,7357,5214
0.7447522161830038,0.2675274260147368,0.9496943221569388,0.3727872623941526,-0.1482061364632677,33,7357,5214
0.7447522161830038,0.2675274260147368,0.9496943221569388,0.3727872623941526,-0.1482061364632677,34,7357,5214
0.7447522161830038,0.2675274260147368,0.9496943221569388,0.3727872623941526,-0.1482061364632677,35,7357,5214
0.7447522161830038,0.2675274260147368,0.9496943221569388,0.3727872623941526,-0.1482061364632677,36,7357,5214
0.7447522161830038,0.2675274260147368,0.9496943221569388,0.3727872623941526,-0.1482061364632677,37,7357,5214
0.7447522161830038,0.2675274260147368,0.9496943221569388,0.3727872623941526,-0.1482061364632677,38,7357,5214
0.7447522161830038,0.2675274260147368,0.9496943221569388,0.3727872623941526,-0.1482061364632677,39,7357,5214
0.7447522161830038,0.2675274260147368,0.9496943221569388,0.3727872623941526,-0.1482061364632677,40,7357,5214
0.7447522161830038,0.2675274260147368,0.9496943221569388,0.3727872623941526,-0.1482061364632677,41,7357,5214
0.7447522161830038,0.2675274260147368,0.9496943221569388,0.3727872623941526,-0.1482061364632677,42,7357,5214
0.7447522161830038,0.2675274260147368,0.9496943221569388,0.3727872623941526,-0.1482061364632677,43,7357,5214
0.2034552406761496,0.3804242698865323,0.971598413446888,0.2164535799990539,-0.095643746445571,0,7357,5929
0.2034552406761496,0.3804242698865323,0.971598413446888,0.2164535799990539,-0.095643746445571,1,7357,5929
0.2034552406761496,0.3804242698865323,0.971598413446888,0.2164535799990539,-0.095643746445571,2,7357,5929
0.0280416602713374,0.4299804161695595,0.95245114208045,0.2486335524461773,-0.111589104291182,3,7357,5929
0.0280416602713374,0.4299804161695595,0.95245114208045,0.2486335524461773,-0.111589104291182,4,7357,5929
0.0280416602713374,0.4299804161695595,0.95245114208045,0.2486335524461773,-0.111589104291182,5,7357,5929
0.0280416602713374,0.4299804161695595,0.95245114208045,0.2486335524461773,-0.111589104291182,6,7357,5929
0.2321790315293689,0.3045751276113828,0.9722995213966054,0.2720535226990762,-0.1181524963208584,7,7357,5929
0.243025671651616,0.1409400632756789,0.919426714998083,0.297429689271147,-0.1206342082210449,8,7357,5929
0.2430053974566198,0.1409400632756789,0.923529327813853,0.2917015130365785,-0.1211228205165479,9,7357,5929
0.2430053974566198,0.1409400632756789,0.923529327813853,0.2917015130365785,-0.1211228205165479,10,7357,5929
0.7379034967513324,0.0982455741399974,0.9645120045021346,0.266431089808149,-0.1242731053518328,11,7357,5929
0.7379034967513324,0.0724700018765438,0.9995041429622924,0.2733114995427818,-0.1268732284720405,12,7357,5929
0.7379034967513324,0.0724700018765438,0.9995041429622924,0.2733114995427818,-0.1268732284720405,13,7357,5929
0.7379034967513324,0.0724700018765438,0.9995041429622924,0.2733114995427818,-0.1268732284720405,14,7357,5929
0.7379034967513324,0.0724700018765438,0.9995041429622924,0.2733114995427818,-0.1268732284720405,15,7357,5929
0.734762457229098,0.0692860503998411,0.910913320890155,0.2733114995427818,-0.1287389606300293,16,7357,5929
0.7248547646229242,0.1311364220009605,0.9672704353992442,0.265119869738665,-0.1295390508230173,17,7357,5929
0.7378465629726206,0.1124301853691936,0.9511484101257572,0.2629293993071799,-0.1307290679437263,18,7357,5929
0.7378465629726206,0.1124301853691936,0.9511484101257572,0.2629293993071799,-0.1307290679437263,19,7357,5929
0.7618207148057232,0.1339654349704283,0.9522446221940686,0.2775581547126929,-0.1316402218382442,20,7357,5929
0.7618207148057232,0.1339654349704283,0.9522446221940686,0.2775581547126929,-0.1316402218382442,21,7357,5929
0.7302519256394073,0.1336173073090526,0.947766385588738,0.2775838985468016,-0.1335561584026252,22,7357,5929
0.7302519256394073,0.1336173073090526,0.947766385588738,0.2775838985468016,-0.1335561584026252,23,7357,5929
0.7302519256394073,0.1336173073090526,0.947766385588738,0.2775838985468016,-0.1335561584026252,24,7357,5929
0.7302519256394073,0.1336173073090526,0.947766385588738,0.2775838985468016,-0.1335561584026252,25,7357,5929
0.7302519256394073,0.1336173073090526,0.947766385588738,0.2775838985468016,-0.1335561584026252,26,7357,5929
0.7302519256394073,0.1336173073090526,0.947766385588738,0.2775838985468016,-0.1335561584026252,27,7357,5929
0.7302519256394073,0.1336173073090526,0.947766385588738,0.2775838985468016,-0.1335561584026252,28,7357,5929
0.7302519256394073,0.1336173073090526,0.947766385588738,0.2775838985468016,-0.1335561584026252,29,7357,5929
0.7302519256394073,0.1336173073090526,0.947766385588738,0.2775838985468016,-0.1335561584026252,30,7357,5929
0.7302519256394073,0.1336173073090526,0.947766385588738,0.2775838985468016,-0.1335561584026252,31,7357,5929
0.7302519256394073,0.1336173073090526,0.947766385588738,0.2775838985468016,-0.1335561584026252,32,7357,5929
0.7302519256394073,0.1336173073090526,0.947766385588738,0.2775838985468016,-0.1335561584026252,33,7357,5929
0.7302519256394073,0.1336173073090526,0.947766385588738,0.2775838985468016,-0.1335561584026252,34,7357,5929
0.7302519256394073,0.1336173073090526,0.947766385588738,0.2775838985468016,-0.1335561584026252,35,7357,5929
0.7302519256394073,0.1336173073090526,0.947766385588738,0.2775838985468016,-0.1335561584026252,36,7357,5929
0.7302519256394073,0.1336173073090526,0.947766385588738,0.2775838985468016,-0.1335561584026252,37,7357,5929
0.7302519256394073,0.1336173073090526,0.947766385588738,0.2775838985468016,-0.1335561584026252,38,7357,5929
0.7302519256394073,0.1336173073090526,0.947766385588738,0.2775838985468016,-0.1335561584026252,39,7357,5929
0.7302519256394073,0.1336173073090526,0.947766385588738,0.2775838985468016,-0.1335561584026252,40,7357,5929
0.7302519256394073,0.1336173073090526,0.947766385588738,0.2775838985468016,-0.1335561584026252,41,7357,5929
0.7302519256394073,0.1336173073090526,0.947766385588738,0.2775838985468016,-0.1335561584026252,42,7357,5929
0.7302519256394073,0.1336173073090526,0.947766385588738,0.2775838985468016,-0.1335561584026252,43,7357,5929
0.7302519256394073,0.1336173073090526,0.947766385588738,0.2775838985468016,-0.1335561584026252,44,7357,5929
0.7302519256394073,0.1336173073090526,0.947766385588738,0.2775838985468016,-0.1335561584026252,45,7357,5929
0.7302519256394073,0.1336173073090526,0.947766385588738,0.2775838985468016,-0.1335561584026252,46,7357,5929
0.7302519256394073,0.1336173073090526,0.947766385588738,0.2775838985468016,-0.1335561584026252,47,7357,5929
0.2034552406761496,0.3804242698865323,0.971598413446888,0.2164535799990539,-0.0512200557656067,0,7357,6643
0.2034552406761496,0.3804242698865323,0.971598413446888,0.2164535799990539,-0.0512200557656067,1,7357,6643
0.2034552406761496,0.3804242698865323,0.971598413446888,0.2164535799990539,-0.0512200557656067,2,7357,6643
0.1646424707354902,0.333488191724957,0.9574392733616988,0.2835666265701888,-0.0655790039876954,3,7357,6643
0.1158656124707703,0.105670474849413,0.8987000105289777,0.1106054692062282,-0.0676595816381553,4,7357,6643
0.7444058663724983,0.106946886060767,0.965963396347558,0.1314413658762668,-0.0908171578130323,5,7357,6643
0.7444058663724983,0.106946886060767,0.965963396347558,0.1314413658762668,-0.0908171578130323,6,7357,6643
0.7444058663724983,0.1370123839378716,0.9926678544870274,0.2270792965360785,-0.1136992147475202,7,7357,6643
0.7444058663724983,0.1370123839378716,0.9926678544870274,0.2270792965360785,-0.1136992147475202,8,7357,6643
0.7444058663724983,0.1370123839378716,0.9926678544870274,0.2270792965360785,-0.1136992147475202,9,7357,6643
0.7444058663724983,0.1370123839378716,0.9926678544870274,0.2270792965360785,-0.1136992147475202,10,7357,6643
0.7444058663724983,0.1370123839378716,0.9934401030527144,0.2805896794740178,-0.124269448086493,11,7357,6643
0.7599990205298122,0.132938238452218,0.9053130448947418,0.281548842861927,-0.12841526735352,12,7357,6643
0.7599990205298122,0.132938238452218,0.9053130448947418,0.281548842861927,-0.12841526735352,13,7357,6643
0.7599990205298122,0.132938238452218,0.9053130448947418,0.281548842861927,-0.12841526735352,14,7357,6643
0.7599990205298122,0.132938238452218,0.9053130448947418,0.281548842861927,-0.12841526735352,15,7357,6643
0.7599990205298122,0.132938238452218,0.9053130448947418,0.281548842861927,-0.12841526735352,16,7357,6643
0.744396311489961,0.1356355365651349,0.9380136152369712,0.2705776346981977,-0.1299906978274251,17,7357,6643
0.744396311489961,0.1356355365651349,0.9380136152369712,0.2705776346981977,-0.1299906978274251,18,7357,6643
0.744396311489961,0.1356355365651349,0.9380136152369712,0.2705776346981977,-0.1299906978274251,19,7357,6643
0.7750484432965089,0.1430755585192698,0.9402395706641302,0.254549231288274,-0.1307820830530624,20,7357,6643
0.7750484432965089,0.1430755585192698,0.9402395706641302,0.254549231288274,-0.1307820830530624,21,7357,6643
0.7750484432965089,0.1430755585192698,0.9402395706641302,0.254549231288274,-0.1307820830530624,22,7357,6643
0.7750484432965089,0.1430755585192698,0.9402395706641302,0.254549231288274,-0.1307820830530624,23,7357,6643
0.7750484432965089,0.1430755585192698,0.9402395706641302,0.254549231288274,-0.1307820830530624,24,7357,6643
0.7750484432965089,0.1430755585192698,0.9402395706641302,0.254549231288274,-0.1307820830530624,25,7357,6643
0.7750484432965089,0.1430755585192698,0.9402395706641302,0.254549231288274,-0.1307820830530624,26,7357,6643
0.7750484432965089,0.1430755585192698,0.9402395706641302,0.254549231288274,-0.1307820830530624,27,7357,6643
0.7750484432965089,0.1430755585192698,0.9402395706641302,0.254549231288274,-0.1307820830530624,28,7357,6643
0.7750484432965089,0.1430755585192698,0.9402395706641302,0.254549231288274,-0.1307820830530624,29,7357,6643
0.7750484432965089,0.1430755585192698,0.9402395706641302,0.254549231288274,-0.1307820830530624,30,7357,6643
0.7750484432965089,0.1430755585192698,0.9402395706641302,0.254549231288274,-0.1307820830530624,31,7357,6643
0.7750484432965089,0.1430755585192698,0.9402395706641302,0.254549231288274,-0.1307820830530624,32,7357,6643
0.7750484432965089,0.1430755585192698,0.9402395706641302,0.254549231288274,-0.1307820830530624,33,7357,6643
0.7750484432965089,0.1430755585192698,0.9402395706641302,0.254549231288274,-0.1307820830530624,34,7357,6643
0.7750484432965089,0.1430755585192698,0.9402395706641302,0.254549231288274,-0.1307820830530624,35,7357,6643
0.7750484432965089,0.1430755585192698,0.9402395706641302,0.254549231288274,-0.1307820830530624,36,7357,6643
0.7750484432965089,0.1430755585192698,0.9402395706641302,0.254549231288274,-0.1307820830530624,37,7357,6643
0.7750484432965089,0.1430755585192698,0.9402395706641302,0.254549231288274,-0.1307820830530624,38,7357,6643
0.7750484432965089,0.1430755585192698,0.9402395706641302,0.254549231288274,-0.1307820830530624,39,7357,6643
0.7750484432965089,0.1430755585192698,0.9402395706641302,0.254549231288274,-0.1307820830530624,40,7357,6643
0.7750484432965089,0.1430755585192698,0.9402395706641302,0.254549231288274,-0.1307820830530624,41,7357,6643
0.7750484432965089,0.1430755585192698,0.9402395706641302,0.254549231288274,-0.1307820830530624,42,7357,6643
0.1158656124707703,0.0731900723909659,0.6303177554434782,0.3867305731718615,0.0580436673555899,0,7357,7357
0.1158656124707703,0.0731900723909659,0.6303177554434782,0.3461256205244711,0.0369842498046079,1,7357,7357
0.1158656124707703,0.0731900723909659,0.6303177554434782,0.3461256205244711,0.0369842498046079,2,7357,7357
0.787096941554801,0.576699716252952,0.9668252255343124,0.3682013205579884,0.0179866520322724,3,7357,7357
0.9803487512265836,0.0561871082345612,0.9746308827682056,0.3586474491374047,-0.0685504239772854,4,7357,7357
0.9803487512265836,0.0561871082345612,0.9746308827682056,0.3586474491374047,-0.0685504239772854,5,7357,7357
0.9637849848149234,0.1277844736500609,0.9726705065920214,0.3513907809708342,-0.0815537786556324,6,7357,7357
0.9637849848149234,0.1277844736500609,0.9726705065920214,0.3513907809708342,-0.0815537786556324,7,7357,7357
0.9592352762955152,0.1277844736500609,0.9413589667083524,0.3513869258452208,-0.0885790120929287,8,7357,7357
0.9592352762955152,0.1277844736500609,0.9413589667083524,0.3513869258452208,-0.0885790120929287,9,7357,7357
0.9592352762955152,0.1277844736500609,0.9413589667083524,0.3513869258452208,-0.0885790120929287,10,7357,7357
0.7501698785708785,0.1082866142332135,0.954194016514384,0.3424313362306774,-0.1125406291001504,11,7357,7357
0.7501698785708785,0.1082866142332135,0.954194016514384,0.3424313362306774,-0.1125406291001504,12,7357,7357
0.7501698785708785,0.1082866142332135,0.954194016514384,0.3424313362306774,-0.1125406291001504,13,7357,7357
0.7501698785708785,0.1082680275227542,0.9531138714471624,0.3381816290326953,-0.120126828315173,14,7357,7357
0.7501698785708785,0.1082680275227542,0.9531138714471624,0.3381816290326953,-0.120126828315173,15,7357,7357
0.740907786271839,0.12320814386042,0.943648603798432,0.3297039268613045,-0.1202405401929045,16,7357,7357
0.7850767760394399,0.1322628199983427,0.9536634960403252,0.3460046468411112,-0.124032155005828,17,7357,7357
0.7407315133880893,0.1321146616346288,0.9445845993394963,0.3120140803489613,-0.1264992932153497,18,7357,7357
0.7407315133880893,0.1321146616346288,0.9445845993394963,0.3120140803489613,-0.1264992932153497,19,7357,7357
0.7407315133880893,0.1321146616346288,0.9445845993394963,0.3120140803489613,-0.1264992932153497,20,7357,7357
0.7407315133880893,0.1321146616346288,0.9445845993394963,0.3120140803489613,-0.1264992932153497,21,7357,7357
0.7872067058538705,0.1422659841641369,0.9447866484031414,0.3045086345577985,-0.1273012077662892,22,7357,7357
0.7872067058538705,0.1422659841641369,0.9447866484031414,0.3045086345577985,-0.1273012077662892,23,7357,7357
0.7872067058538705,0.1422659841641369,0.9447866484031414,0.3045086345577985,-0.1273012077662892,24,7357,7357
0.7872067058538705,0.1422659841641369,0.9447866484031414,0.3045086345577985,-0.1273012077662892,25,7357,7357
0.7872067058538705,0.1422659841641369,0.9447866484031414,0.3045086345577985,-0.1273012077662892,26,7357,7357
0.7872067058538705,0.1422659841641369,0.9447866484031414,0.3045086345577985,-0.1273012077662892,27,7357,7357
0.7872067058538705,0.1422659841641369,0.9447866484031414,0.3045086345577985,-0.1273012077662892,28,7357,7357
0.7872067058538705,0.1422659841641369,0.9447866484031414,0.3045086345577985,-0.1273012077662892,29,7357,7357
0.7872067058538705,0.1422659841641369,0.9447866484031414,0.3045086345577985,-0.1273012077662892,30,7357,7357
0.7872067058538705,0.1422659841641369,0.9447866484031414,0.3045086345577985,-0.1273012077662892,31,7357,7357
0.7872067058538705,0.1422659841641369,0.9447866484031414,0.3045086345577985,-0.1273012077662892,32,7357,7357
0.7872067058538705,0.1422659841641369,0.9447866484031414,0.3045086345577985,-0.1273012077662892,33,7357,7357
0.7872067058538705,0.1422659841641369,0.9447866484031414,0.3045086345577985,-0.1273012077662892,34,7357,7357
0.7872067058538705,0.1422659841641369,0.9447866484031414,0.3045086345577985,-0.1273012077662892,35,7357,7357
0.7872067058538705,0.1422659841641369,0.9447866484031414,0.3045086345577985,-0.1273012077662892,36,7357,7357
0.7872067058538705,0.1422659841641369,0.9447866484031414,0.3045086345577985,-0.1273012077662892,37,7357,7357
0.7872067058538705,0.1422659841641369,0.9447866484031414,0.3045086345577985,-0.1273012077662892,38,7357,7357
0.7872067058538705,0.1422659841641369,0.9447866484031414,0.3045086345577985,-0.1273012077662892,39,7357,7357
0.7872067058538705,0.1422659841641369,0.9447866484031414,0.3045086345577985,-0.1273012077662892,40,7357,7357
0.7872067058538705,0.1422659841641369,0.9447866484031414,0.3045086345577985,-0.1273012077662892,41,7357,7357
0.7872067058538705,0.1422659841641369,0.9447866484031414,0.3045086345577985,-0.1273012077662892,42,7357,7357
0.7872067058538705,0.1422659841641369,0.9447866484031414,0.3045086345577985,-0.1273012077662892,43,7357,7357
0.7872067058538705,0.1422659841641369,0.9447866484031414,0.3045086345577985,-0.1273012077662892,44,7357,7357
0.7872067058538705,0.1422659841641369,0.9447866484031414,0.3045086345577985,-0.1273012077662892,45,7357,7357
0.7872067058538705,0.1422659841641369,0.9447866484031414,0.3045086345577985,-0.1273012077662892,46,7357,7357
0.7872067058538705,0.1422659841641369,0.9447866484031414,0.3045086345577985,-0.1273012077662892,47,7357,7357
0.1158656124707703,0.0731900723909659,0.6303177554434782,0.3867305731718615,0.1436651049361236,0,7357,8072
0.1158656124707703,0.0731900723909659,0.6303177554434782,0.3461256205244711,0.1226056873851416,1,7357,8072
0.8667644586090868,0.0247662079756371,0.9603093155790938,0.3856578446575508,0.0686291750895803,2,7357,8072
0.8667644586090868,0.0247662079756371,0.9603093155790938,0.3856578446575508,0.0686291750895803,3,7357,8072
0.9393206573744648,6.596507860526235e-05,0.9563413743368112,0.359703160848729,0.0429196989348417,4,7357,8072
0.9393206573744648,6.596507860526235e-05,0.9563413743368112,0.359703160848729,0.0429196989348417,5,7357,8072
0.9504636963259352,0.1322940648007711,0.996014149151156,0.3281320231095876,0.0214793254427579,6,7357,8072
0.708691397674462,0.0714341329633691,0.9881627014539748,0.3658080809500194,0.0153613895632191,7,7357,8072
0.708691397674462,0.0714341329633691,0.9881627014539748,0.3658080809500194,0.0153613895632191,8,7357,8072
0.708691397674462,0.0714341329633691,0.9881627014539748,0.3658080809500194,0.0153613895632191,9,7357,8072
0.7773514920450905,0.0847322767922685,0.9822056040282388,0.361841501904048,0.0041412123802167,10,7357,8072
0.7773514920450905,0.0847322767922685,0.9822056040282388,0.361841501904048,0.0041412123802167,11,7357,8072
0.7773514920450905,0.0828462676363769,0.9797447481628974,0.3050578040582724,0.0005521905435725,12,7357,8072
0.7532446093558393,0.0998657687278715,0.944876506041429,0.3065849290757503,-0.0165298350327141,13,7357,8072
0.7532446093558393,0.1406601272559163,0.9457986775318152,0.3598042487189132,-0.0188059617386248,14,7357,8072
0.7494616678368532,0.1236028999240166,0.9443133761857624,0.3174796190456547,-0.0190853142371021,15,7357,8072
0.7494616678368532,0.1236028999240166,0.9443133761857624,0.3174796190456547,-0.0190853142371021,16,7357,8072
0.7494616678368532,0.1236028999240166,0.9443133761857624,0.3174796190456547,-0.0190853142371021,17,7357,8072
0.7847177881489333,0.1240504891299244,0.941495519339499,0.3174796190456547,-0.0198872287880417,18,7357,8072
0.7834485620790005,0.1312742716583395,0.938332912978582,0.3175364015866078,-0.0228769290500257,19,7357,8072
0.7834485620790005,0.1312742716583395,0.938332912978582,0.3175364015866078,-0.0228769290500257,20,7357,8072
0.7834485620790005,0.1312742716583395,0.938332912978582,0.3175364015866078,-0.0228769290500257,21,7357,8072
0.7834485620790005,0.1312742716583395,0.938332912978582,0.3175364015866078,-0.0228769290500257,22,7357,8072
0.7834485620790005,0.1312742716583395,0.938332912978582,0.3175364015866078,-0.0228769290500257,23,7357,8072
0.7834485620790005,0.1312742716583395,0.938332912978582,0.3175364015866078,-0.0228769290500257,24,7357,8072
0.7834485620790005,0.1312742716583395,0.938332912978582,0.3175364015866078,-0.0228769290500257,25,7357,8072
0.7834485620790005,0.1312742716583395,0.938332912978582,0.3175364015866078,-0.0228769290500257,26,7357,8072
0.7834485620790005,0.1312742716583395,0.938332912978582,0.3175364015866078,-0.0228769290500257,27,7357,8072
0.7834485620790005,0.1312742716583395,0.938332912978582,0.3175364015866078,-0.0228769290500257,28,7357,8072
0.7834485620790005,0.1312742716583395,0.938332912978582,0.3175364015866078,-0.0228769290500257,29,7357,8072
0.7834485620790005,0.1312742716583395,0.938332912978582,0.3175364015866078,-0.0228769290500257,30,7357,8072
0.7834485620790005,0.1312742716583395,0.938332912978582,0.3175364015866078,-0.0228769290500257,31,7357,8072
0.7834485620790005,0.1312742716583395,0.938332912978582,0.3175364015866078,-0.0228769290500257,32,7357,8072
0.7834485620790005,0.1312742716583395,0.938332912978582,0.3175364015866078,-0.0228769290500257,33,7357,8072
0.7834485620790005,0.1312742716583395,0.938332912978582,0.3175364015866078,-0.0228769290500257,34,7357,8072
0.7834485620790005,0.1312742716583395,0.938332912978582,0.3175364015866078,-0.0228769290500257,35,7357,8072
0.7834485620790005,0.1312742716583395,0.938332912978582,0.3175364015866078,-0.0228769290500257,36,7357,8072
0.7834485620790005,0.1312742716583395,0.938332912978582,0.3175364015866078,-0.0228769290500257,37,7357,8072
0.7834485620790005,0.1312742716583395,0.938332912978582,0.3175364015866078,-0.0228769290500257,38,7357,8072
0.7834485620790005,0.1312742716583395,0.938332912978582,0.3175364015866078,-0.0228769290500257,39,7357,8072
0.7834485620790005,0.1312742716583395,0.938332912978582,0.3175364015866078,-0.0228769290500257,40,7357,8072
0.7834485620790005,0.1312742716583395,0.938332912978582,0.3175364015866078,-0.0228769290500257,41,7357,8072
0.7834485620790005,0.1312742716583395,0.938332912978582,0.3175364015866078,-0.0228769290500257,42,7357,8072
0.7834485620790005,0.1312742716583395,0.938332912978582,0.3175364015866078,-0.0228769290500257,43,7357,8072
0.5895020620840481,0.1244603325154798,0.9541513368666424,0.3992910134865952,-0.1069632833627179,0,8072,3072
0.5895020620840481,0.1244603325154798,0.9541513368666424,0.3992910134865952,-0.1069632833627179,1,8072,3072
0.1913239260572002,0.7911339481728052,0.5292228076303601,0.5261291012000046,-0.1253436320929053,2,8072,3072
0.1913239260572002,0.7911339481728052,0.5292228076303601,0.5261291012000046,-0.1253436320929053,3,8072,3072
0.1913239260572002,0.7911339481728052,0.5292228076303601,0.5261291012000046,-0.1253436320929053,4,8072,3072
0.1913239260572002,0.7911339481728052,0.5292228076303601,0.5261291012000046,-0.1253436320929053,5,8072,3072
0.7301288511382071,0.1369385994481717,0.9470026214696756,0.2770854327655045,-0.1464846097680592,6,8072,3072
0.7301288511382071,0.1369385994481717,0.9470026214696756,0.2770854327655045,-0.1464846097680592,7,8072,3072
0.7301288511382071,0.1369385994481717,0.9470026214696756,0.2770854327655045,-0.1464846097680592,8,8072,3072
0.7301288511382071,0.1369385994481717,0.9470026214696756,0.2770854327655045,-0.1464846097680592,9,8072,3072
0.7301288511382071,0.1369385994481717,0.9470026214696756,0.2770854327655045,-0.1464846097680592,10,8072,3072
0.7301288511382071,0.1369385994481717,0.9470026214696756,0.2770854327655045,-0.1464846097680592,11,8072,3072
0.7306478406080242,0.0840578755926883,0.945612958929747,0.2660023508646593,-0.1487760272799821,12,8072,3072
0.7306478406080242,0.0840578755926883,0.945612958929747,0.2660023508646593,-0.1487760272799821,13,8072,3072
0.7306478406080242,0.0840578755926883,0.945612958929747,0.2660023508646593,-0.1487760272799821,14,8072,3072
0.7306478406080242,0.0840578755926883,0.945612958929747,0.2660023508646593,-0.1487760272799821,15,8072,3072
0.7306478406080242,0.0840578755926883,0.945612958929747,0.2660023508646593,-0.1487760272799821,16,8072,3072
0.7306478406080242,0.0840445948091441,0.9456164861995888,0.2945800807123571,-0.1489622699392843,17,8072,3072
0.7306478406080242,0.0840445948091441,0.9456164861995888,0.2945800807123571,-0.1489622699392843,18,8072,3072
0.7306478406080242,0.0840445948091441,0.9456164861995888,0.2945800807123571,-0.1489622699392843,19,8072,3072
0.7301288511382071,0.0488072366887089,0.9436507751629836,0.2672404841756454,-0.1490433159152027,20,8072,3072
0.7301288511382071,0.0488072366887089,0.9436507751629836,0.2672404841756454,-0.1490433159152027,21,8072,3072
0.7301288511382071,0.0488072366887089,0.9460544592305468,0.2947048427022398,-0.1492295585745049,22,8072,3072
0.7301288511382071,0.0488072366887089,0.9460544592305468,0.2947048427022398,-0.1492295585745049,23,8072,3072
0.7301288511382071,0.0488072366887089,0.9460544592305468,0.2947048427022398,-0.1492295585745049,24,8072,3072
0.7301288511382071,0.0488072366887089,0.9460544592305468,0.2947048427022398,-0.1492295585745049,25,8072,3072
0.7301288511382071,0.0488072366887089,0.9460544592305468,0.2947048427022398,-0.1492295585745049,26,8072,3072
0.7301288511382071,0.0488072366887089,0.9460544592305468,0.2947048427022398,-0.1492295585745049,27,8072,3072
0.7301288511382071,0.0488072366887089,0.9460544592305468,0.2947048427022398,-0.1492295585745049,28,8072,3072
0.7301288511382071,0.0488072366887089,0.9460544592305468,0.2947048427022398,-0.1492295585745049,29,8072,3072
0.7301288511382071,0.0488072366887089,0.9460544592305468,0.2947048427022398,-0.1492295585745049,30,8072,3072
0.7301288511382071,0.0488072366887089,0.9460544592305468,0.2947048427022398,-0.1492295585745049,31,8072,3072
0.7301288511382071,0.0488072366887089,0.9460544592305468,0.2947048427022398,-0.1492295585745049,32,8072,3072
0.7301288511382071,0.0488072366887089,0.9460544592305468,0.2947048427022398,-0.1492295585745049,33,8072,3072
0.7301288511382071,0.0488072366887089,0.9460544592305468,0.2947048427022398,-0.1492295585745049,34,8072,3072
0.7301288511382071,0.0488072366887089,0.9460544592305468,0.2947048427022398,-0.1492295585745049,35,8072,3072
0.7301288511382071,0.0488072366887089,0.9460544592305468,0.2947048427022398,-0.1492295585745049,36,8072,3072
0.7301288511382071,0.0488072366887089,0.9460544592305468,0.2947048427022398,-0.1492295585745049,37,8072,3072
0.7301288511382071,0.0488072366887089,0.9460544592305468,0.2947048427022398,-0.1492295585745049,38,8072,3072
0.7301288511382071,0.0488072366887089,0.9460544592305468,0.2947048427022398,-0.1492295585745049,39,8072,3072
0.7301288511382071,0.0488072366887089,0.9460544592305468,0.2947048427022398,-0.1492295585745049,40,8072,3072
0.7301288511382071,0.0488072366887089,0.9460544592305468,0.2947048427022398,-0.1492295585745049,41,8072,3072
0.7301288511382071,0.0488072366887089,0.9460544592305468,0.2947048427022398,-0.1492295585745049,42,8072,3072
0.7301288511382071,0.0488072366887089,0.9460544592305468,0.2947048427022398,-0.1492295585745049,43,8072,3072
0.7301288511382071,0.0488072366887089,0.9460544592305468,0.2947048427022398,-0.1492295585745049,44,8072,3072
0.7301288511382071,0.0488072366887089,0.9460544592305468,0.2947048427022398,-0.1492295585745049,45,8072,3072
0.1158656124707703,0.0731900723909659,0.6303177554434782,0.3867305731718615,-0.1035791944593662,0,8072,3786
0.1158656124707703,0.0731900723909659,0.6303177554434782,0.3867305731718615,-0.1035791944593662,1,8072,3786
0.7239278496706649,0.3950706317474818,0.9936420640880372,0.2070495506654366,-0.1281454983810739,2,8072,3786
0.787096941554801,0.576699716252952,0.9628645784432278,0.3646107237990403,-0.1286995456696033,3,8072,3786
0.7893027057543716,0.1236463827968337,0.9618087750702332,0.2742292794747427,-0.1380912902299985,4,8072,3786
0.7897495068206084,0.1134918564414999,0.9588903533210787,0.2742292794747427,-0.1385842653225625,5,8072,3786
0.7897495068206084,0.1134918564414999,0.9588903533210787,0.2742292794747427,-0.1385842653225625,6,8072,3786
0.7456713359468199,0.1118973840510048,0.911483039758024,0.3672965411417199,-0.146852762295412,7,8072,3786
0.7456713359468199,0.1118973840510048,0.911483039758024,0.3672965411417199,-0.146852762295412,8,8072,3786
0.7456713359468199,0.1118973840510048,0.911483039758024,0.3672965411417199,-0.146852762295412,9,8072,3786
0.7876844662660416,0.115151435417464,0.9491525832505608,0.3050849411633121,-0.1491481130157263,10,8072,3786
0.7285175795378313,0.3128138284590562,0.9498472400408672,0.3788241769456159,-0.152069962912088,11,8072,3786
0.7285175795378313,0.3128138284590562,0.9498472400408672,0.3788241769456159,-0.152069962912088,12,8072,3786
0.729540754978915,0.3131079073406155,0.9495615986618032,0.3788241769456159,-0.1538687682326702,13,8072,3786
0.729540754978915,0.3131079073406155,0.9495615986618032,0.3788241769456159,-0.1538687682326702,14,8072,3786
0.729540754978915,0.3131079073406155,0.9495615986618032,0.3788241769456159,-0.1538687682326702,15,8072,3786
0.729540754978915,0.3131079073406155,0.9495615986618032,0.3788241769456159,-0.1538687682326702,16,8072,3786
0.729540754978915,0.3131079073406155,0.9495615986618032,0.3788241769456159,-0.1538687682326702,17,8072,3786
0.729540754978915,0.3131079073406155,0.9495615986618032,0.3788241769456159,-0.1538687682326702,18,8072,3786
0.729540754978915,0.3131079073406155,0.9495615986618032,0.3788241769456159,-0.1538687682326702,19,8072,3786
0.729540754978915,0.3131079073406155,0.9495615986618032,0.3788241769456159,-0.1538687682326702,20,8072,3786
0.729540754978915,0.3131079073406155,0.9495615986618032,0.3788241769456159,-0.1538687682326702,21,8072,3786
0.729540754978915,0.3131079073406155,0.9495615986618032,0.3788241769456159,-0.1538687682326702,22,8072,3786
0.729540754978915,0.3131079073406155,0.9495615986618032,0.3788241769456159,-0.1538687682326702,23,8072,3786
0.729540754978915,0.3131079073406155,0.9495615986618032,0.3788241769456159,-0.1538687682326702,24,8072,3786
0.729540754978915,0.3131079073406155,0.9495615986618032,0.3788241769456159,-0.1538687682326702,25,8072,3786
0.729540754978915,0.3131079073406155,0.9495615986618032,0.3788241769456159,-0.1538687682326702,26,8072,3786
0.729540754978915,0.3131079073406155,0.9495615986618032,0.3788241769456159,-0.1538687682326702,27,8072,3786
0.729540754978915,0.3131079073406155,0.9495615986618032,0.3788241769456159,-0.1538687682326702,28,8072,3786
0.729540754978915,0.3131079073406155,0.9495615986618032,0.3788241769456159,-0.1538687682326702,29,8072,3786
0.729540754978915,0.3131079073406155,0.9495615986618032,0.3788241769456159,-0.1538687682326702,30,8072,3786
0.729540754978915,0.3131079073406155,0.9495615986618032,0.3788241769456159,-0.1538687682326702,31,8072,3786
0.729540754978915,0.3131079073406155,0.9495615986618032,0.3788241769456159,-0.1538687682326702,32,8072,3786
0.729540754978915,0.3131079073406155,0.9495615986618032,0.3788241769456159,-0.1538687682326702,33,8072,3786
0.729540754978915,0.3131079073406155,0.9495615986618032,0.3788241769456159,-0.1538687682326702,34,8072,3786
0.729540754978915,0.3131079073406155,0.9495615986618032,0.3788241769456159,-0.1538687682326702,35,8072,3786
0.729540754978915,0.3131079073406155,0.9495615986618032,0.3788241769456159,-0.1538687682326702,36,8072,3786
0.729540754978915,0.3131079073406155,0.9495615986618032,0.3788241769456159,-0.1538687682326702,37,8072,3786
0.729540754978915,0.3131079073406155,0.9495615986618032,0.3788241769456159,-0.1538687682326702,38,8072,3786
0.2034552406761496,0.3804242698865323,0.971598413446888,0.2164535799990539,-0.0943082459071749,0,8072,4500
0.2034552406761496,0.3804242698865323,0.971598413446888,0.2164535799990539,-0.0943082459071749,1,8072,4500
0.2034552406761496,0.3804242698865323,0.971598413446888,0.2164535799990539,-0.0943082459071749,2,8072,4500
0.2034552406761496,0.3804242698865323,0.971598413446888,0.2164535799990539,-0.0943082459071749,3,8072,4500
0.787096941554801,0.3541002346610927,0.9916925920830868,0.2194928000938127,-0.1182891626514096,4,8072,4500
0.787096941554801,0.3541002346610927,0.9916925920830868,0.2194928000938127,-0.1182891626514096,5,8072,4500
0.787096941554801,0.3541002346610927,0.9916925920830868,0.2194928000938127,-0.1182891626514096,6,8072,4500
0.787096941554801,0.3541002346610927,0.9916925920830868,0.2194928000938127,-0.1182891626514096,7,8072,4500
0.7753888608391293,0.1167457563548616,0.9951066219158944,0.2190081750646765,-0.1205230371883237,8,8072,4500
0.7179980750995744,0.3256299200530995,0.970920923682284,0.2790019344304133,-0.1277850069779636,9,8072,4500
0.7666244857333686,0.3511672286507577,0.9423956545922538,0.2559110319601942,-0.1293250884298271,10,8072,4500
0.7666244857333686,0.0535120167252308,0.9423956545922538,0.255437944963138,-0.1324455362394404,11,8072,4500
0.7666244857333686,0.0535120167252308,0.9423956545922538,0.255437944963138,-0.1324455362394404,12,8072,4500
0.7666244857333686,0.0535120167252308,0.9423956545922538,0.255437944963138,-0.1324455362394404,13,8072,4500
0.7666244857333686,0.0535120167252308,0.9423956545922538,0.255437944963138,-0.1324455362394404,14,8072,4500
0.7666244857333686,0.0535120167252308,0.9423956545922538,0.255437944963138,-0.1324455362394404,15,8072,4500
0.7666244857333686,0.0535120167252308,0.9423956545922538,0.255437944963138,-0.1324455362394404,16,8072,4500
0.756759753064002,0.2974156847018435,0.9423589516814476,0.2851846156787649,-0.1334863717021557,17,8072,4500
0.740162284460725,0.0806312681826499,0.9409604048344784,0.2798839503202376,-0.133991035581172,18,8072,4500
0.740162284460725,0.0806312681826499,0.9409604048344784,0.2798839503202376,-0.133991035581172,19,8072,4500
0.7385587909535496,0.3274122099356267,0.95192515610691,0.3746589664759716,-0.1349323149642266,20,8072,4500
0.7385587909535496,0.3274122099356267,0.95192515610691,0.3746589664759716,-0.1349323149642266,21,8072,4500
0.7385587909535496,0.3274122099356267,0.95192515610691,0.3746589664759716,-0.1349323149642266,22,8072,4500
0.7385587909535496,0.3274122099356267,0.95192515610691,0.3746589664759716,-0.1349323149642266,23,8072,4500
0.7385587909535496,0.3274122099356267,0.95192515610691,0.3746589664759716,-0.1349323149642266,24,8072,4500
0.7385587909535496,0.3274122099356267,0.95192515610691,0.3746589664759716,-0.1349323149642266,25,8072,4500
0.7385587909535496,0.3274122099356267,0.95192515610691,0.3746589664759716,-0.1349323149642266,26,8072,4500
0.7385587909535496,0.3274122099356267,0.95192515610691,0.3746589664759716,-0.1349323149642266,27,8072,4500
0.7385587909535496,0.3274122099356267,0.95192515610691,0.3746589664759716,-0.1349323149642266,28,8072,4500
0.7385587909535496,0.3274122099356267,0.95192515610691,0.3746589664759716,-0.1349323149642266,29,8072,4500
0.7385587909535496,0.3274122099356267,0.95192515610691,0.3746589664759716,-0.1349323149642266,30,8072,4500
0.7385587909535496,0.3274122099356267,0.95192515610691,0.3746589664759716,-0.1349323149642266,31,8072,4500
0.7385587909535496,0.3274122099356267,0.95192515610691,0.3746589664759716,-0.1349323149642266,32,8072,4500
0.7385587909535496,0.3274122099356267,0.95192515610691,0.3746589664759716,-0.1349323149642266,33,8072,4500
0.7385587909535496,0.3274122099356267,0.95192515610691,0.3746589664759716,-0.1349323149642266,34,8072,4500
0.7385587909535496,0.3274122099356267,0.95192515610691,0.3746589664759716,-0.1349323149642266,35,8072,4500
0.7385587909535496,0.3274122099356267,0.95192515610691,0.3746589664759716,-0.1349323149642266,36,8072,4500
0.7385587909535496,0.3274122099356267,0.95192515610691,0.3746589664759716,-0.1349323149642266,37,8072,4500
0.7385587909535496,0.3274122099356267,0.95192515610691,0.3746589664759716,-0.1349323149642266,38,8072,4500
0.7385587909535496,0.3274122099356267,0.95192515610691,0.3746589664759716,-0.1349323149642266,39,8072,4500
0.7385587909535496,0.3274122099356267,0.95192515610691,0.3746589664759716,-0.1349323149642266,40,8072,4500
0.7385587909535496,0.3274122099356267,0.95192515610691,0.3746589664759716,-0.1349323149642266,41,8072,4500
0.7385587909535496,0.3274122099356267,0.95192515610691,0.3746589664759716,-0.1349323149642266,42,8072,4500
0.2034552406761496,0.3804242698865323,0.971598413446888,0.2164535799990539,-0.1081094533666078,0,8072,5214
0.2034552406761496,0.3804242698865323,0.971598413446888,0.2164535799990539,-0.1081094533666078,1,8072,5214
0.2034552406761496,0.3804242698865323,0.971598413446888,0.2164535799990539,-0.1081094533666078,2,8072,5214
0.780054844598407,0.576699716252952,0.9628645784432278,0.346750956163221,-0.1212249270444227,3,8072,5214
0.780054844598407,0.576699716252952,0.9628645784432278,0.346750956163221,-0.1212249270444227,4,8072,5214
0.2378141379041097,0.3037945553449414,0.947787575133348,0.237632854993879,-0.1292393198103048,5,8072,5214
0.2378141379041097,0.3037945553449414,0.947787575133348,0.237632854993879,-0.1292393198103048,6,8072,5214
0.7124447561470247,0.3037098280269042,0.930163542107292,0.3903090719536726,-0.1436116575614437,7,8072,5214
0.7519814218201388,0.3037098280269042,0.9300856112014924,0.3946516952118056,-0.1443863615506081,8,8072,5214
0.7519814218201388,0.3037098280269042,0.9300856112014924,0.3946516952118056,-0.1443863615506081,9,8072,5214
0.7519814218201388,0.3037098280269042,0.9300856112014924,0.3946516952118056,-0.1443863615506081,10,8072,5214
0.7124447561470247,0.3037098280269042,0.938075994730573,0.390308138147213,-0.1452735794787772,11,8072,5214
0.7124447561470247,0.3037098280269042,0.938075994730573,0.390308138147213,-0.1452735794787772,12,8072,5214
0.7124447561470247,0.3037098280269042,0.938075994730573,0.390308138147213,-0.1452735794787772,13,8072,5214
0.7547952151003826,0.3114561836388532,0.9425971532282392,0.3948467436233542,-0.1460482834679416,14,8072,5214
0.7547952151003826,0.3114561836388532,0.9425971532282392,0.3948467436233542,-0.1460482834679416,15,8072,5214
0.7547952151003826,0.3114561836388532,0.9425971532282392,0.3948467436233542,-0.1460482834679416,16,8072,5214
0.7547952151003826,0.3114561836388532,0.9425971532282392,0.3948467436233542,-0.1460482834679416,17,8072,5214
0.7547952151003826,0.3114561836388532,0.9425971532282392,0.3948467436233542,-0.1460482834679416,18,8072,5214
0.7547952151003826,0.3114561836388532,0.9425971532282392,0.3948467436233542,-0.1460482834679416,19,8072,5214
0.7547952151003826,0.3114561836388532,0.9425971532282392,0.3948467436233542,-0.1460482834679416,20,8072,5214
0.7547952151003826,0.3114561836388532,0.9425971532282392,0.3948467436233542,-0.1460482834679416,21,8072,5214
0.7547952151003826,0.3114561836388532,0.9425971532282392,0.3948467436233542,-0.1460482834679416,22,8072,5214
0.7547952151003826,0.3114561836388532,0.9425971532282392,0.3948467436233542,-0.1460482834679416,23,8072,5214
0.7547952151003826,0.3114561836388532,0.9425971532282392,0.3948467436233542,-0.1460482834679416,24,8072,5214
0.7547952151003826,0.3114561836388532,0.9425971532282392,0.3948467436233542,-0.1460482834679416,25,8072,5214
0.7547952151003826,0.3114561836388532,0.9425971532282392,0.3948467436233542,-0.1460482834679416,26,8072,5214
0.7547952151003826,0.3114561836388532,0.9425971532282392,0.3948467436233542,-0.1460482834679416,27,8072,5214
0.7547952151003826,0.3114561836388532,0.9425971532282392,0.3948467436233542,-0.1460482834679416,28,8072,5214
0.7547952151003826,0.3114561836388532,0.9425971532282392,0.3948467436233542,-0.1460482834679416,29,8072,5214
0.7547952151003826,0.3114561836388532,0.9425971532282392,0.3948467436233542,-0.1460482834679416,30,8072,5214
0.7547952151003826,0.3114561836388532,0.9425971532282392,0.3948467436233542,-0.1460482834679416,31,8072,5214
0.7547952151003826,0.3114561836388532,0.9425971532282392,0.3948467436233542,-0.1460482834679416,32,8072,5214
0.7547952151003826,0.3114561836388532,0.9425971532282392,0.3948467436233542,-0.1460482834679416,33,8072,5214
0.7547952151003826,0.3114561836388532,0.9425971532282392,0.3948467436233542,-0.1460482834679416,34,8072,5214
0.7547952151003826,0.3114561836388532,0.9425971532282392,0.3948467436233542,-0.1460482834679416,35,8072,5214
0.7547952151003826,0.3114561836388532,0.9425971532282392,0.3948467436233542,-0.1460482834679416,36,8072,5214
0.7547952151003826,0.3114561836388532,0.9425971532282392,0.3948467436233542,-0.1460482834679416,37,8072,5214
0.7547952151003826,0.3114561836388532,0.9425971532282392,0.3948467436233542,-0.1460482834679416,38,8072,5214
0.7547952151003826,0.3114561836388532,0.9425971532282392,0.3948467436233542,-0.1460482834679416,39,8072,5214
0.2034552406761496,0.3804242698865323,0.971598413446888,0.2164535799990539,-0.0987445158534791,0,8072,5929
0.2034552406761496,0.3804242698865323,0.971598413446888,0.2164535799990539,-0.0987445158534791,1,8072,5929
0.2034552406761496,0.3804242698865323,0.971598413446888,0.2164535799990539,-0.0987445158534791,2,8072,5929
0.0070918286031662,0.4744381459144702,0.952948461964411,0.2471694297618822,-0.1055702807913334,3,8072,5929
0.0070918286031662,0.4744381459144702,0.952948461964411,0.2471694297618822,-0.1055702807913334,4,8072,5929
0.7510749941482318,0.0906404984346405,0.9820322321825072,0.2114802755915102,-0.1133827312270451,5,8072,5929
0.7454438839494834,0.1080782086380219,0.9823430094390532,0.3634273156423353,-0.1188871273450235,6,8072,5929
0.7510749941482318,0.1048601915943019,0.9909157974634318,0.2828330650120234,-0.1254039375703843,7,8072,5929
0.7510749941482318,0.1048601915943019,0.9909157974634318,0.2828330650120234,-0.1254039375703843,8,8072,5929
0.7510749941482318,0.1048601915943019,0.9909157974634318,0.2828330650120234,-0.1254039375703843,9,8072,5929
0.7328449796369655,0.1135091045053378,0.9466204987487028,0.2682425408400778,-0.1302118219134305,10,8072,5929
0.7328449796369655,0.1135091045053378,0.9466204987487028,0.2682425408400778,-0.1302118219134305,11,8072,5929
0.7328449796369655,0.1135091045053378,0.9466204987487028,0.2682425408400778,-0.1302118219134305,12,8072,5929
0.7328449796369655,0.1135091045053378,0.9466204987487028,0.2682425408400778,-0.1302118219134305,13,8072,5929
0.7328449796369655,0.1135091045053378,0.9466204987487028,0.2682425408400778,-0.1302118219134305,14,8072,5929
0.7336799663915781,0.1247332054535464,0.9407438332014404,0.2938938127488122,-0.1306781821172313,15,8072,5929
0.7328449796369655,0.1349386327842394,0.9467027798186556,0.2689654054618787,-0.1336678823792154,16,8072,5929
0.7328449796369655,0.1349386327842394,0.9467027798186556,0.2689654054618787,-0.1336678823792154,17,8072,5929
0.7328449796369655,0.1349386327842394,0.9467027798186556,0.2689654054618787,-0.1336678823792154,18,8072,5929
0.7328449796369655,0.1349386327842394,0.9467027798186556,0.2689654054618787,-0.1336678823792154,19,8072,5929
0.7328449796369655,0.1349386327842394,0.9467027798186556,0.2689654054618787,-0.1336678823792154,20,8072,5929
0.7328449796369655,0.1349386327842394,0.9467027798186556,0.2689654054618787,-0.1336678823792154,21,8072,5929
0.7328449796369655,0.1349386327842394,0.9467027798186556,0.2689654054618787,-0.1336678823792154,22,8072,5929
0.7328449796369655,0.1349386327842394,0.9467027798186556,0.2689654054618787,-0.1336678823792154,23,8072,5929
0.7328449796369655,0.1349386327842394,0.9467027798186556,0.2689654054618787,-0.1336678823792154,24,8072,5929
0.7328449796369655,0.1349386327842394,0.9467027798186556,0.2689654054618787,-0.1336678823792154,25,8072,5929
0.7328449796369655,0.1349386327842394,0.9467027798186556,0.2689654054618787,-0.1336678823792154,26,8072,5929
0.7328449796369655,0.1349386327842394,0.9467027798186556,0.2689654054618787,-0.1336678823792154,27,8072,5929
0.7328449796369655,0.1349386327842394,0.9467027798186556,0.2689654054618787,-0.1336678823792154,28,8072,5929
0.7328449796369655,0.1349386327842394,0.9467027798186556,0.2689654054618787,-0.1336678823792154,29,8072,5929
0.7328449796369655,0.1349386327842394,0.9467027798186556,0.2689654054618787,-0.1336678823792154,30,8072,5929
0.7328449796369655,0.1349386327842394,0.9467027798186556,0.2689654054618787,-0.1336678823792154,31,8072,5929
0.7328449796369655,0.1349386327842394,0.9467027798186556,0.2689654054618787,-0.1336678823792154,32,8072,5929
0.7328449796369655,0.1349386327842394,0.9467027798186556,0.2689654054618787,-0.1336678823792154,33,8072,5929
0.7328449796369655,0.1349386327842394,0.9467027798186556,0.2689654054618787,-0.1336678823792154,34,8072,5929
0.7328449796369655,0.1349386327842394,0.9467027798186556,0.2689654054618787,-0.1336678823792154,35,8072,5929
0.7328449796369655,0.1349386327842394,0.9467027798186556,0.2689654054618787,-0.1336678823792154,36,8072,5929
0.7328449796369655,0.1349386327842394,0.9467027798186556,0.2689654054618787,-0.1336678823792154,37,8072,5929
0.7328449796369655,0.1349386327842394,0.9467027798186556,0.2689654054618787,-0.1336678823792154,38,8072,5929
0.7328449796369655,0.1349386327842394,0.9467027798186556,0.2689654054618787,-0.1336678823792154,39,8072,5929
0.7328449796369655,0.1349386327842394,0.9467027798186556,0.2689654054618787,-0.1336678823792154,40,8072,5929
0.2034552406761496,0.3804242698865323,0.971598413446888,0.2164535799990539,-0.0498907282118309,0,8072,6643
0.2034552406761496,0.3804242698865323,0.971598413446888,0.2164535799990539,-0.0498907282118309,1,8072,6643
0.2034552406761496,0.3804242698865323,0.971598413446888,0.2164535799990539,-0.0498907282118309,2,8072,6643
0.812352340329412,0.1286732123171694,0.9556227632619932,0.2111353209107013,-0.0771314753186788,3,8072,6643
0.9504636963259352,0.1341580159034291,0.993643520843005,0.3654140224043416,-0.079424659526486,4,8072,6643
0.2127620783845075,0.1259938907276249,0.971711218045046,0.2164535799990539,-0.0904380498963229,5,8072,6643
0.2203061680872153,0.1341580159034291,0.993643520843005,0.2639671138331598,-0.1091028564314296,6,8072,6643
0.2203061680872153,0.1341580159034291,0.993643520843005,0.2639671138331598,-0.1091028564314296,7,8072,6643
0.2312519389144205,0.1341580159034291,0.994388045406992,0.2639671138331598,-0.1119267989659112,8,8072,6643
0.2426398262378708,0.1318585671308206,0.9463633882808316,0.2717176124375728,-0.1181996396951973,9,8072,6643
0.2426398262378708,0.1318585671308206,0.9463633882808316,0.2717176124375728,-0.1181996396951973,10,8072,6643
0.2426398262378708,0.1318585671308206,0.9463633882808316,0.2717176124375728,-0.1181996396951973,11,8072,6643
0.2426398262378708,0.1318585671308206,0.9463633882808316,0.2717176124375728,-0.1181996396951973,12,8072,6643
0.2426398262378708,0.1318585671308206,0.9463633882808316,0.2717176124375728,-0.1181996396951973,13,8072,6643
0.2426398262378708,0.1318585671308206,0.9463633882808316,0.2717176124375728,-0.1181996396951973,14,8072,6643
0.2426398262378708,0.1318585671308206,0.9463633882808316,0.2717176124375728,-0.1181996396951973,15,8072,6643
0.2426398262378708,0.1318585671308206,0.9463633882808316,0.2717176124375728,-0.1181996396951973,16,8072,6643
0.2426398262378708,0.1318585671308206,0.9463633882808316,0.2717176124375728,-0.1181996396951973,17,8072,6643
0.2426398262378708,0.1318585671308206,0.9463633882808316,0.2717176124375728,-0.1181996396951973,18,8072,6643
0.2426398262378708,0.1318585671308206,0.9463633882808316,0.2717176124375728,-0.1181996396951973,19,8072,6643
0.2426398262378708,0.1318585671308206,0.9463633882808316,0.2717176124375728,-0.1181996396951973,20,8072,6643
0.2426398262378708,0.1318585671308206,0.9463633882808316,0.2717176124375728,-0.1181996396951973,21,8072,6643
0.2426398262378708,0.1318585671308206,0.9463633882808316,0.2717176124375728,-0.1181996396951973,22,8072,6643
0.2426398262378708,0.1318585671308206,0.9463633882808316,0.2717176124375728,-0.1181996396951973,23,8072,6643
0.2426398262378708,0.1318585671308206,0.9463633882808316,0.2717176124375728,-0.1181996396951973,24,8072,6643
0.2426398262378708,0.1318585671308206,0.9463633882808316,0.2717176124375728,-0.1181996396951973,25,8072,6643
0.2426398262378708,0.1318585671308206,0.9463633882808316,0.2717176124375728,-0.1181996396951973,26,8072,6643
0.2426398262378708,0.1318585671308206,0.9463633882808316,0.2717176124375728,-0.1181996396951973,27,8072,6643
0.2426398262378708,0.1318585671308206,0.9463633882808316,0.2717176124375728,-0.1181996396951973,28,8072,6643
0.2426398262378708,0.1318585671308206,0.9463633882808316,0.2717176124375728,-0.1181996396951973,29,8072,6643
0.2426398262378708,0.1318585671308206,0.9463633882808316,0.2717176124375728,-0.1181996396951973,30,8072,6643
0.2426398262378708,0.1318585671308206,0.9463633882808316,0.2717176124375728,-0.1181996396951973,31,8072,6643
0.1158656124707703,0.0731900723909659,0.6303177554434782,0.3867305731718615,0.0451514775462362,0,8072,7357
0.1158656124707703,0.0731900723909659,0.6303177554434782,0.3461256205244711,0.0240920599952542,1,8072,7357
0.1158656124707703,0.0731900723909659,0.6303177554434782,0.3461256205244711,0.0240920599952542,2,8072,7357
0.1158656124707703,0.0731900723909659,0.6303177554434782,0.3461256205244711,0.0240920599952542,3,8072,7357
0.2131517963743265,0.0835108354777783,0.9806961735181569,0.3344874512787896,-0.039335427251662,4,8072,7357
0.1302481104297173,0.1056239276304367,0.9722701101124722,0.3404078052824119,-0.0520905726351616,5,8072,7357
0.7077741055662722,0.0647911552357346,0.9387358125662606,0.3170011150180717,-0.1038857984991615,6,8072,7357
0.7077741055662722,0.0647911552357346,0.9387358125662606,0.3170011150180717,-0.1038857984991615,7,8072,7357
0.7077741055662722,0.0647911552357346,0.9387358125662606,0.3170011150180717,-0.1038857984991615,8,8072,7357
0.7891854414711585,0.1067856479282359,0.962315189118807,0.3476698938119612,-0.1090488083688985,9,8072,7357
0.7891854414711585,0.1197800829664225,0.9464834244558078,0.3504523813598775,-0.1171876999601869,10,8072,7357
0.7891854414711585,0.1197800829664225,0.9464834244558078,0.3504523813598775,-0.1171876999601869,11,8072,7357
0.704830176535197,0.1370057213352067,0.9398717152530192,0.3187489469824216,-0.1192091164321293,12,8072,7357
0.7511635448007551,0.1303447139293246,0.9521206601101354,0.3170011150180717,-0.1197685500474402,13,8072,7357
0.7554250739043396,0.1370057213352067,0.9430050562674122,0.3187360286408943,-0.1227582503094242,14,8072,7357
0.7834375631794745,0.1354069787016397,0.939661208563685,0.3175546168153892,-0.1235601648603637,15,8072,7357
0.7834375631794745,0.1354069787016397,0.939661208563685,0.3175546168153892,-0.1235601648603637,16,8072,7357
0.7834375631794745,0.1354069787016397,0.939661208563685,0.3175546168153892,-0.1235601648603637,17,8072,7357
0.7834375631794745,0.1354069787016397,0.939661208563685,0.3175546168153892,-0.1235601648603637,18,8072,7357
0.7834375631794745,0.1354069787016397,0.939661208563685,0.3175546168153892,-0.1235601648603637,19,8072,7357
0.7834375631794745,0.1354069787016397,0.939661208563685,0.3175546168153892,-0.1235601648603637,20,8072,7357
0.7834375631794745,0.1354069787016397,0.939661208563685,0.3175546168153892,-0.1235601648603637,21,8072,7357
0.7834375631794745,0.1354069787016397,0.939661208563685,0.3175546168153892,-0.1235601648603637,22,8072,7357
0.7834375631794745,0.1354069787016397,0.939661208563685,0.3175546168153892,-0.1235601648603637,23,8072,7357
0.7834375631794745,0.1354069787016397,0.939661208563685,0.3175546168153892,-0.1235601648603637,24,8072,7357
0.7834375631794745,0.1354069787016397,0.939661208563685,0.3175546168153892,-0.1235601648603637,25,8072,7357
0.7834375631794745,0.1354069787016397,0.939661208563685,0.3175546168153892,-0.1235601648603637,26,8072,7357
0.7834375631794745,0.1354069787016397,0.939661208563685,0.3175546168153892,-0.1235601648603637,27,8072,7357
0.7834375631794745,0.1354069787016397,0.939661208563685,0.3175546168153892,-0.1235601648603637,28,8072,7357
0.7834375631794745,0.1354069787016397,0.939661208563685,0.3175546168153892,-0.1235601648603637,29,8072,7357
0.7834375631794745,0.1354069787016397,0.939661208563685,0.3175546168153892,-0.1235601648603637,30,8072,7357
0.7834375631794745,0.1354069787016397,0.939661208563685,0.3175546168153892,-0.1235601648603637,31,8072,7357
0.7834375631794745,0.1354069787016397,0.939661208563685,0.3175546168153892,-0.1235601648603637,32,8072,7357
0.7834375631794745,0.1354069787016397,0.939661208563685,0.3175546168153892,-0.1235601648603637,33,8072,7357
0.7834375631794745,0.1354069787016397,0.939661208563685,0.3175546168153892,-0.1235601648603637,34,8072,7357
0.7834375631794745,0.1354069787016397,0.939661208563685,0.3175546168153892,-0.1235601648603637,35,8072,7357
0.7834375631794745,0.1354069787016397,0.939661208563685,0.3175546168153892,-0.1235601648603637,36,8072,7357
0.7834375631794745,0.1354069787016397,0.939661208563685,0.3175546168153892,-0.1235601648603637,37,8072,7357
0.11586561247077032,0.07319007239096598,0.6303177554434782,0.38673057317186155,0.13077291512676995,0,8072,8072
0.11586561247077032,0.07319007239096598,0.6303177554434782,0.34612562052447116,0.10971349757578797,1,8072,8072
0.9221807381849119,0.12850162376942048,0.9541513368666424,0.39135177792820053,0.05415674256689032,2,8072,8072
0.9221807381849119,0.12850162376942048,0.9541513368666424,0.39135177792820053,0.05415674256689032,3,8072,8072
0.06373629192215002,0.0822497924035202,0.9707071551917495,0.35029465572782525,0.049551913180151994,4,8072,8072
0.9221807381849119,0.1248068295134251,0.951578421408565,0.3127500572438263,0.017633494053647638,5,8072,8072
0.9221807381849119,0.1248068295134251,0.951578421408565,0.3127500572438263,0.017633494053647638,6,8072,8072
0.9221807381849119,0.1248068295134251,0.951578421408565,0.3127500572438263,0.017633494053647638,7,8072,8072
0.8007805648170193,0.10058300738127315,0.9382632210442922,0.3217007049141824,0.013672379712683034,8,8072,8072
0.7781173270782077,0.060565756685896976,0.9508038523031861,0.3631359588215717,0.000718865735097681,9,8072,8072
0.7744176701242211,0.13202071962587528,0.9884012870869361,0.3294559453053027,-0.006290515662116178,10,8072,8072
0.7783411346068669,0.10919378455955409,0.9508380585046884,0.3636473358052815,-0.012763421243923458,11,8072,8072
0.7783411346068669,0.10919378455955409,0.9508380585046884,0.3636473358052815,-0.012763421243923458,12,8072,8072
0.7744176701242211,0.10304596337536306,0.9371174453600383,0.30575171535902274,-0.013590706677728166,13,8072,8072
0.7631187113564115,0.13245696543244734,0.9512882634308353,0.3527118732861346,-0.015866833383638892,14,8072,8072
0.7710944662855492,0.13410788972298535,0.938160030770273,0.30983890661116725,-0.019135886144100094,15,8072,8072
0.7710944662855492,0.13410788972298535,0.938160030770273,0.30983890661116725,-0.019135886144100094,16,8072,8072
0.7710944662855492,0.13410788972298535,0.938160030770273,0.30983890661116725,-0.019135886144100094,17,8072,8072
0.7710944662855492,0.13410788972298535,0.938160030770273,0.30983890661116725,-0.019135886144100094,18,8072,8072
0.7710944662855492,0.13410788972298535,0.938160030770273,0.30983890661116725,-0.019135886144100094,19,8072,8072
0.7710944662855492,0.13410788972298535,0.938160030770273,0.30983890661116725,-0.019135886144100094,20,8072,8072
0.7710944662855492,0.13410788972298535,0.938160030770273,0.30983890661116725,-0.019135886144100094,21,8072,8072
0.7710944662855492,0.13410788972298535,0.938160030770273,0.30983890661116725,-0.019135886144100094,22,8072,8072
0.7710944662855492,0.13410788972298535,0.938160030770273,0.30983890661116725,-0.019135886144100094,23,8072,8072
0.7710944662855492,0.13410788972298535,0.938160030770273,0.30983890661116725,-0.019135886144100094,24,8072,8072
0.7710944662855492,0.13410788972298535,0.938160030770273,0.30983890661116725,-0.019135886144100094,25,8072,8072
0.7710944662855492,0.13410788972298535,0.938160030770273,0.30983890661116725,-0.019135886144100094,26,8072,8072
0.7710944662855492,0.13410788972298535,0.938160030770273,0.30983890661116725,-0.019135886144100094,27,8072,8072
0.7710944662855492,0.13410788972298535,0.938160030770273,0.30983890661116725,-0.019135886144100094,28,8072,8072
0.7710944662855492,0.13410788972298535,0.938160030770273,0.30983890661116725,-0.019135886144100094,29,8072,8072
0.7710944662855492,0.13410788972298535,0.938160030770273,0.30983890661116725,-0.019135886144100094,30,8072,8072
0.7710944662855492,0.13410788972298535,0.938160030770273,0.30983890661116725,-0.019135886144100094,31,8072,8072
0.7710944662855492,0.13410788972298535,0.938160030770273,0.30983890661116725,-0.019135886144100094,32,8072,8072
0.7710944662855492,0.13410788972298535,0.938160030770273,0.30983890661116725,-0.019135886144100094,33,8072,8072
0.7710944662855492,0.13410788972298535,0.938160030770273,0.30983890661116725,-0.019135886144100094,34,8072,8072
0.7710944662855492,0.13410788972298535,0.938160030770273,0.30983890661116725,-0.019135886144100094,35,8072,8072
0.7710944662855492,0.13410788972298535,0.938160030770273,0.30983890661116725,-0.019135886144100094,36,8072,8072
0.7710944662855492,0.13410788972298535,0.938160030770273,0.30983890661116725,-0.019135886144100094,37,8072,8072
0.7710944662855492,0.13410788972298535,0.938160030770273,0.30983890661116725,-0.019135886144100094,38,8072,8072
0.7710944662855492,0.13410788972298535,0.938160030770273,0.30983890661116725,-0.019135886144100094,39,8072,8072
