alpha,gamma,beta,p_frac,performance,iteration,m,n
0.0815526173635127,0.7335904610737034,0.3856578446575508,0.4852039624160302,-0.2319867789510335,0,3072,3072
0.0815526173635127,0.7335904610737034,0.3856578446575508,0.4852039624160302,-0.2319867789510335,1,3072,3072
0.0815526173635127,0.7335904610737034,0.3856578446575508,0.4852039624160302,-0.2319867789510335,2,3072,3072
0.1674480064207837,0.1244603325154798,0.6175438747401087,0.420101342830496,-0.2369457804650065,3,3072,3072
0.1674480064207837,0.1244603325154798,0.6175438747401087,0.420101342830496,-0.2369457804650065,4,3072,3072
0.1920223469070664,0.2318998784621384,0.5161444408485927,0.4518018191437876,-0.2378772153226485,5,3072,3072
0.1920223469070664,0.2318998784621384,0.5161444408485927,0.4518018191437876,-0.2378772153226485,6,3072,3072
0.1603925167566712,0.1649485546679825,0.5292228076303601,0.3957774478513899,-0.2389091959105677,7,3072,3072
0.1674654972975341,0.1409879860714703,0.5253531756214523,0.3997292795638157,-0.2422732755711533,8,3072,3072
0.1663198199782998,0.1492453104487106,0.5297296760744121,0.3632102438925137,-0.243066750488156,9,3072,3072
0.1674480064207837,0.1244603325154798,0.4956778028771648,0.420101342830496,-0.2435639971429128,10,3072,3072
0.1674480064207837,0.1244603325154798,0.4956778028771648,0.420101342830496,-0.2435639971429128,11,3072,3072
0.1638130452079534,0.1556860882643072,0.5125614524245308,0.3865619134861608,-0.2439389699805922,12,3072,3072
0.1653096114895693,0.1514281489537186,0.5207018153163822,0.374664676197014,-0.2439770087817956,13,3072,3072
0.1653096114895693,0.1514281489537186,0.5207018153163822,0.374664676197014,-0.2439770087817956,14,3072,3072
0.1630762344133103,0.1485479254347777,0.4659613332779772,0.3518791951544767,-0.2440571528624984,15,3072,3072
0.1617218058126075,0.1356849292186968,0.478912822600873,0.3585626326228194,-0.2443230238068924,16,3072,3072
0.1617218058126075,0.1356849292186968,0.478912822600873,0.3585626326228194,-0.2443230238068924,17,3072,3072
0.1665439718709586,0.1324140470623162,0.4827107644156936,0.4392852317669474,-0.2446400524221272,18,3072,3072
0.1665439718709586,0.1324140470623162,0.4827107644156936,0.4392852317669474,-0.2446400524221272,19,3072,3072
0.1643122351793912,0.1551170433957582,0.4787317884655763,0.3822776700475089,-0.244846820981163,20,3072,3072
0.1674646427097556,0.13249013112295,0.4800118819759575,0.3613821955160977,-0.2448639892399096,21,3072,3072
0.1674646427097556,0.13249013112295,0.4800118819759575,0.3613821955160977,-0.2448639892399096,22,3072,3072
0.166160679833601,0.1558632770781299,0.4764040091778913,0.3359223587124738,-0.2450235865187728,23,3072,3072
0.166160679833601,0.1558632770781299,0.4764040091778913,0.3359223587124738,-0.2450235865187728,24,3072,3072
0.166160679833601,0.1558632770781299,0.4764040091778913,0.3359223587124738,-0.2450235865187728,25,3072,3072
0.1644965383677766,0.1551170433957582,0.4772318388913287,0.3468743264139449,-0.2450381859806933,26,3072,3072
0.1644965383677766,0.1551170433957582,0.4772318388913287,0.3468743264139449,-0.2450381859806933,27,3072,3072
0.1644965383677766,0.1551170433957582,0.4772318388913287,0.3468743264139449,-0.2450381859806933,28,3072,3072
0.1644965383677766,0.1551170433957582,0.4772318388913287,0.3468743264139449,-0.2450381859806933,29,3072,3072
0.1643401165606182,0.1558632770781299,0.4764040091778913,0.3359223587124738,-0.2450981107570142,30,3072,3072
0.1643401165606182,0.1558632770781299,0.4764040091778913,0.3359223587124738,-0.2450981107570142,31,3072,3072
0.1644645361359186,0.1551056440516282,0.4773275035582165,0.3362175338374784,-0.2451562418141251,32,3072,3072
0.1644645361359186,0.1551056440516282,0.4773275035582165,0.3362175338374784,-0.2451562418141251,33,3072,3072
0.1644645361359186,0.1551056440516282,0.4773275035582165,0.3362175338374784,-0.2451562418141251,34,3072,3072
0.1644645361359186,0.1551056440516282,0.4773275035582165,0.3362175338374784,-0.2451562418141251,35,3072,3072
0.1644645361359186,0.1551056440516282,0.4773275035582165,0.3362175338374784,-0.2451562418141251,36,3072,3072
0.1644645361359186,0.1551056440516282,0.4773275035582165,0.3362175338374784,-0.2451562418141251,37,3072,3072
0.1644645361359186,0.1551056440516282,0.4773275035582165,0.3362175338374784,-0.2451562418141251,38,3072,3072
0.1644645361359186,0.1551056440516282,0.4773275035582165,0.3362175338374784,-0.2451562418141251,39,3072,3072
0.1644645361359186,0.1551056440516282,0.4773275035582165,0.3362175338374784,-0.2451562418141251,40,3072,3072
0.1644645361359186,0.1551056440516282,0.4773275035582165,0.3362175338374784,-0.2451562418141251,41,3072,3072
0.1644645361359186,0.1551056440516282,0.4773275035582165,0.3362175338374784,-0.2451562418141251,42,3072,3072
0.1644645361359186,0.1551056440516282,0.4773275035582165,0.3362175338374784,-0.2451562418141251,43,3072,3072
0.1645842846652775,0.1535102053242608,0.4780573331003575,0.339463850453758,-0.245166014744071,44,3072,3072
0.1645842846652775,0.1535102053242608,0.4780573331003575,0.339463850453758,-0.245166014744071,45,3072,3072
0.1645842846652775,0.1535102053242608,0.4780573331003575,0.339463850453758,-0.245166014744071,46,3072,3072
0.1645842846652775,0.1535102053242608,0.4780573331003575,0.339463850453758,-0.245166014744071,47,3072,3072
0.1645842846652775,0.1535102053242608,0.4780573331003575,0.339463850453758,-0.245166014744071,48,3072,3072
0.1645842846652775,0.1535102053242608,0.4780573331003575,0.339463850453758,-0.245166014744071,49,3072,3072
0.1645842846652775,0.1535102053242608,0.4780573331003575,0.339463850453758,-0.245166014744071,50,3072,3072
0.1645842846652775,0.1535102053242608,0.4780573331003575,0.339463850453758,-0.245166014744071,51,3072,3072
0.1645842846652775,0.1535102053242608,0.4780573331003575,0.339463850453758,-0.245166014744071,52,3072,3072
0.1645842846652775,0.1535102053242608,0.4780573331003575,0.339463850453758,-0.245166014744071,53,3072,3072
0.1645842846652775,0.1535102053242608,0.4780573331003575,0.339463850453758,-0.245166014744071,54,3072,3072
0.1645842846652775,0.1535102053242608,0.4780573331003575,0.339463850453758,-0.245166014744071,55,3072,3072
0.1645842846652775,0.1535102053242608,0.4780573331003575,0.339463850453758,-0.245166014744071,56,3072,3072
0.1645842846652775,0.1535102053242608,0.4780573331003575,0.339463850453758,-0.245166014744071,57,3072,3072
0.1645842846652775,0.1535102053242608,0.4780573331003575,0.339463850453758,-0.245166014744071,58,3072,3072
0.1645842846652775,0.1535102053242608,0.4780573331003575,0.339463850453758,-0.245166014744071,59,3072,3072
0.1645842846652775,0.1535102053242608,0.4780573331003575,0.339463850453758,-0.245166014744071,60,3072,3072
0.1645842846652775,0.1535102053242608,0.4780573331003575,0.339463850453758,-0.245166014744071,61,3072,3072
0.1645842846652775,0.1535102053242608,0.4780573331003575,0.339463850453758,-0.245166014744071,62,3072,3072
0.1645842846652775,0.1535102053242608,0.4780573331003575,0.339463850453758,-0.245166014744071,63,3072,3072
0.1645842846652775,0.1535102053242608,0.4780573331003575,0.339463850453758,-0.245166014744071,64,3072,3072
0.1645842846652775,0.1535102053242608,0.4780573331003575,0.339463850453758,-0.245166014744071,65,3072,3072
0.1645842846652775,0.1535102053242608,0.4780573331003575,0.339463850453758,-0.245166014744071,66,3072,3072
0.1645842846652775,0.1535102053242608,0.4780573331003575,0.339463850453758,-0.245166014744071,67,3072,3072
0.1645842846652775,0.1535102053242608,0.4780573331003575,0.339463850453758,-0.245166014744071,68,3072,3072
0.1645842846652775,0.1535102053242608,0.4780573331003575,0.339463850453758,-0.245166014744071,69,3072,3072
0.0815526173635127,0.7335904610737034,0.3856578446575508,0.4852039624160302,-0.2189258533674218,0,3072,3786
0.1603925167566712,0.6741483573942961,0.5292228076303601,0.3988747723139066,-0.2210768799296433,1,3072,3786
0.166745537000217,0.684862897415388,0.5339965519640635,0.3988747723139066,-0.2215677403499571,2,3072,3786
0.0977192315396624,0.6626400368568129,0.3856578446575508,0.4790226791183757,-0.2234884199346929,3,3072,3786
0.7938424724250032,0.1276206864960696,0.6240394807174794,0.4183782916509735,-0.2245115514230225,4,3072,3786
0.1676851503072211,0.1316836672602218,0.530213741287173,0.3702439960023162,-0.2330883804728664,5,3072,3786
0.1693681981128955,0.1325302426402592,0.4674371644965277,0.3638599412849973,-0.2345805452312718,6,3072,3786
0.1693681981128955,0.1325302426402592,0.4674371644965277,0.3638599412849973,-0.2345805452312718,7,3072,3786
0.1758120370765486,0.1551652755687613,0.5002725874986668,0.4610378925474713,-0.2356882295877589,8,3072,3786
0.1758120370765486,0.1551652755687613,0.5002725874986668,0.4610378925474713,-0.2356882295877589,9,3072,3786
0.1758120370765486,0.1551652755687613,0.5002725874986668,0.4610378925474713,-0.2356882295877589,10,3072,3786
0.1761486760081172,0.129725544092017,0.5165354910673253,0.4359723909651455,-0.2369691911001969,11,3072,3786
0.1761486760081172,0.129725544092017,0.5165354910673253,0.4359723909651455,-0.2369691911001969,12,3072,3786
0.1761486760081172,0.129725544092017,0.5165354910673253,0.4359723909651455,-0.2369691911001969,13,3072,3786
0.1761486760081172,0.129725544092017,0.5165354910673253,0.4359723909651455,-0.2369691911001969,14,3072,3786
0.1761486760081172,0.129725544092017,0.5165354910673253,0.4359723909651455,-0.2369691911001969,15,3072,3786
0.1671027761715904,0.1287763812782768,0.4832454814956466,0.4220762659270499,-0.2372122628886919,16,3072,3786
0.1671027761715904,0.1287763812782768,0.4832454814956466,0.4220762659270499,-0.2372122628886919,17,3072,3786
0.1671027761715904,0.1287763812782768,0.4832454814956466,0.4220762659270499,-0.2372122628886919,18,3072,3786
0.1671027761715904,0.1287763812782768,0.4832454814956466,0.4220762659270499,-0.2372122628886919,19,3072,3786
0.1652889756225154,0.1298508900089034,0.4811235663841198,0.4306344612270973,-0.2375238764131609,20,3072,3786
0.1652889756225154,0.1298508900089034,0.4811235663841198,0.4306344612270973,-0.2375238764131609,21,3072,3786
0.1652889756225154,0.1298508900089034,0.4811235663841198,0.4306344612270973,-0.2375238764131609,22,3072,3786
0.1652889756225154,0.1298508900089034,0.4811235663841198,0.4306344612270973,-0.2375238764131609,23,3072,3786
0.1652889756225154,0.1298508900089034,0.4811235663841198,0.4306344612270973,-0.2375238764131609,24,3072,3786
0.1652889756225154,0.1298508900089034,0.4811235663841198,0.4306344612270973,-0.2375238764131609,25,3072,3786
0.1652889756225154,0.1298508900089034,0.4811235663841198,0.4306344612270973,-0.2375238764131609,26,3072,3786
0.1652889756225154,0.1298508900089034,0.4811235663841198,0.4306344612270973,-0.2375238764131609,27,3072,3786
0.1652889756225154,0.1298508900089034,0.4811235663841198,0.4306344612270973,-0.2375238764131609,28,3072,3786
0.1652889756225154,0.1298508900089034,0.4811235663841198,0.4306344612270973,-0.2375238764131609,29,3072,3786
0.1652889756225154,0.1298508900089034,0.4811235663841198,0.4306344612270973,-0.2375238764131609,30,3072,3786
0.1652889756225154,0.1298508900089034,0.4811235663841198,0.4306344612270973,-0.2375238764131609,31,3072,3786
0.1652889756225154,0.1298508900089034,0.4811235663841198,0.4306344612270973,-0.2375238764131609,32,3072,3786
0.1652889756225154,0.1298508900089034,0.4811235663841198,0.4306344612270973,-0.2375238764131609,33,3072,3786
0.1652889756225154,0.1298508900089034,0.4811235663841198,0.4306344612270973,-0.2375238764131609,34,3072,3786
0.1652889756225154,0.1298508900089034,0.4811235663841198,0.4306344612270973,-0.2375238764131609,35,3072,3786
0.1652889756225154,0.1298508900089034,0.4811235663841198,0.4306344612270973,-0.2375238764131609,36,3072,3786
0.1652889756225154,0.1298508900089034,0.4811235663841198,0.4306344612270973,-0.2375238764131609,37,3072,3786
0.1652889756225154,0.1298508900089034,0.4811235663841198,0.4306344612270973,-0.2375238764131609,38,3072,3786
0.1652889756225154,0.1298508900089034,0.4811235663841198,0.4306344612270973,-0.2375238764131609,39,3072,3786
0.1652889756225154,0.1298508900089034,0.4811235663841198,0.4306344612270973,-0.2375238764131609,40,3072,3786
0.1652889756225154,0.1298508900089034,0.4811235663841198,0.4306344612270973,-0.2375238764131609,41,3072,3786
0.0815526173635127,0.7335904610737034,0.3856578446575508,0.4852039624160302,-0.2109563829575752,0,3072,4500
0.01197250887973,0.4446583551774633,0.9492729925432772,0.2959826983582798,-0.2113950115555065,1,3072,4500
0.1913239260572002,0.1244603325154798,0.7217728198334418,0.4076942641068224,-0.217773210054629,2,3072,4500
0.1913239260572002,0.1244603325154798,0.7217728198334418,0.4076942641068224,-0.217773210054629,3,3072,4500
0.0061642866426563,0.1284209021106531,0.4618516658373919,0.3198997519451543,-0.221223150954734,4,3072,4500
0.0061642866426563,0.1284209021106531,0.4618516658373919,0.3198997519451543,-0.221223150954734,5,3072,4500
0.1638916869058136,0.0884635284875829,0.5030617332111669,0.4223835791731136,-0.2260230169129826,6,3072,4500
0.1642477310449578,0.0885517196221005,0.4707309286689005,0.4211875327600704,-0.226602553680424,7,3072,4500
0.1642477310449578,0.1243442920167927,0.4707309286689005,0.4211875327600704,-0.2281441162488147,8,3072,4500
0.1642477310449578,0.1243442920167927,0.4707309286689005,0.4211875327600704,-0.2281441162488147,9,3072,4500
0.1642477310449578,0.1243442920167927,0.4707309286689005,0.4211875327600704,-0.2281441162488147,10,3072,4500
0.1642477310449578,0.1243442920167927,0.4707309286689005,0.4211875327600704,-0.2281441162488147,11,3072,4500
0.1642477310449578,0.1243442920167927,0.4707309286689005,0.4211875327600704,-0.2281441162488147,12,3072,4500
0.1642477310449578,0.1243442920167927,0.4707309286689005,0.4211875327600704,-0.2281441162488147,13,3072,4500
0.1642477310449578,0.1243442920167927,0.4707309286689005,0.4211875327600704,-0.2281441162488147,14,3072,4500
0.1642477310449578,0.1243442920167927,0.4707309286689005,0.4211875327600704,-0.2281441162488147,15,3072,4500
0.1642477310449578,0.1243442920167927,0.4707309286689005,0.4211875327600704,-0.2281441162488147,16,3072,4500
0.1648076221772151,0.1257453396594324,0.4842013870495164,0.4048747778399695,-0.2285884184027784,17,3072,4500
0.1648076221772151,0.1257453396594324,0.4842013870495164,0.4048747778399695,-0.2285884184027784,18,3072,4500
0.1648076221772151,0.1257453396594324,0.4842013870495164,0.4048747778399695,-0.2285884184027784,19,3072,4500
0.1648076221772151,0.1257453396594324,0.4842013870495164,0.4048747778399695,-0.2285884184027784,20,3072,4500
0.1648076221772151,0.1257453396594324,0.4842013870495164,0.4048747778399695,-0.2285884184027784,21,3072,4500
0.1627979102418432,0.1253479832721803,0.4841718341755504,0.3986959525918337,-0.2286011450040217,22,3072,4500
0.1642477310449578,0.1340192277798195,0.4784531299597357,0.4211875327600704,-0.228601909543396,23,3072,4500
0.1648076221772151,0.1257453396594324,0.4842013870495164,0.4204077999764357,-0.2286469478728884,24,3072,4500
0.1674013711199156,0.1253317363891949,0.4850143379093387,0.4112974365538604,-0.2286797681751928,25,3072,4500
0.1674013711199156,0.1253317363891949,0.4850143379093387,0.4112974365538604,-0.2286797681751928,26,3072,4500
0.1674013711199156,0.1253317363891949,0.4850143379093387,0.4112974365538604,-0.2286797681751928,27,3072,4500
0.1654029864479798,0.1251381304618727,0.4788595437010015,0.3993207562221368,-0.2287895263942623,28,3072,4500
0.1654029864479798,0.1251381304618727,0.4788595437010015,0.3993207562221368,-0.2287895263942623,29,3072,4500
0.1654029864479798,0.1251381304618727,0.4788595437010015,0.3993207562221368,-0.2287895263942623,30,3072,4500
0.1654029864479798,0.1251381304618727,0.4788595437010015,0.3993207562221368,-0.2287895263942623,31,3072,4500
0.1654029864479798,0.1251381304618727,0.4788595437010015,0.3993207562221368,-0.2287895263942623,32,3072,4500
0.1654029864479798,0.1251381304618727,0.4788595437010015,0.3993207562221368,-0.2287895263942623,33,3072,4500
0.1642774992531641,0.1252957998265712,0.4841718341755504,0.3984248466399832,-0.2288640506325037,34,3072,4500
0.1642774992531641,0.1252957998265712,0.4841718341755504,0.3984248466399832,-0.2288640506325037,35,3072,4500
0.1642774992531641,0.1252957998265712,0.4841718341755504,0.3984248466399832,-0.2288640506325037,36,3072,4500
0.1642774992531641,0.1252957998265712,0.4841718341755504,0.3984248466399832,-0.2288640506325037,37,3072,4500
0.1642774992531641,0.1252957998265712,0.4841718341755504,0.3984248466399832,-0.2288640506325037,38,3072,4500
0.1642774992531641,0.1252957998265712,0.4841718341755504,0.3984248466399832,-0.2288640506325037,39,3072,4500
0.1642774992531641,0.1252957998265712,0.4841718341755504,0.3984248466399832,-0.2288640506325037,40,3072,4500
0.1642774992531641,0.1252957998265712,0.4841718341755504,0.3984248466399832,-0.2288640506325037,41,3072,4500
0.1642774992531641,0.1252957998265712,0.4841718341755504,0.3984248466399832,-0.2288640506325037,42,3072,4500
0.1642774992531641,0.1252957998265712,0.4841718341755504,0.3984248466399832,-0.2288640506325037,43,3072,4500
0.1642774992531641,0.1252957998265712,0.4841718341755504,0.3984248466399832,-0.2288640506325037,44,3072,4500
0.1642774992531641,0.1252957998265712,0.4841718341755504,0.3984248466399832,-0.2288640506325037,45,3072,4500
0.1642774992531641,0.1252957998265712,0.4841718341755504,0.3984248466399832,-0.2288640506325037,46,3072,4500
0.1642774992531641,0.1252957998265712,0.4841718341755504,0.3984248466399832,-0.2288640506325037,47,3072,4500
0.1642774992531641,0.1252957998265712,0.4841718341755504,0.3984248466399832,-0.2288640506325037,48,3072,4500
0.1642774992531641,0.1252957998265712,0.4841718341755504,0.3984248466399832,-0.2288640506325037,49,3072,4500
0.1642774992531641,0.1252957998265712,0.4841718341755504,0.3984248466399832,-0.2288640506325037,50,3072,4500
0.1642774992531641,0.1252957998265712,0.4841718341755504,0.3984248466399832,-0.2288640506325037,51,3072,4500
0.1642774992531641,0.1252957998265712,0.4841718341755504,0.3984248466399832,-0.2288640506325037,52,3072,4500
0.1642774992531641,0.1252957998265712,0.4841718341755504,0.3984248466399832,-0.2288640506325037,53,3072,4500
0.1642774992531641,0.1252957998265712,0.4841718341755504,0.3984248466399832,-0.2288640506325037,54,3072,4500
0.1642774992531641,0.1252957998265712,0.4841718341755504,0.3984248466399832,-0.2288640506325037,55,3072,4500
0.1642774992531641,0.1252957998265712,0.4841718341755504,0.3984248466399832,-0.2288640506325037,56,3072,4500
0.1642774992531641,0.1252957998265712,0.4841718341755504,0.3984248466399832,-0.2288640506325037,57,3072,4500
0.1642774992531641,0.1252957998265712,0.4841718341755504,0.3984248466399832,-0.2288640506325037,58,3072,4500
0.1642774992531641,0.1252957998265712,0.4841718341755504,0.3984248466399832,-0.2288640506325037,59,3072,4500
0.2600974477372232,0.1326962975467872,0.5995244730532772,0.2434927120280825,-0.1968819860423263,0,3072,5214
0.01197250887973,0.4446583551774633,0.9492729925432772,0.2959826983582798,-0.2015467425471333,1,3072,5214
0.7377839471929376,0.1490480233707125,0.9615429501491952,0.4432852709713745,-0.2060261725154273,2,3072,5214
0.1652899025232532,0.1326962975467872,0.5995244730532772,0.2806261204623266,-0.209164156036671,3,3072,5214
0.1913239260572002,0.1331191221161505,0.8999381917180658,0.2983429834117018,-0.2142892445148782,4,3072,5214
0.1913239260572002,0.1331191221161505,0.8999381917180658,0.2983429834117018,-0.2142892445148782,5,3072,5214
0.8657605954323497,0.1248325800805411,0.8302481804245374,0.3870219101209573,-0.2183456204904652,6,3072,5214
0.1979952275581795,0.083412208879954,0.8242272225647893,0.3859658033390524,-0.2210915742555327,7,3072,5214
0.1979952275581795,0.083412208879954,0.8242272225647893,0.3859658033390524,-0.2210915742555327,8,3072,5214
0.1979952275581795,0.083412208879954,0.8242272225647893,0.3859658033390524,-0.2210915742555327,9,3072,5214
0.1979952275581795,0.083412208879954,0.8242272225647893,0.3859658033390524,-0.2210915742555327,10,3072,5214
0.1979952275581795,0.083412208879954,0.8242272225647893,0.3859658033390524,-0.2210915742555327,11,3072,5214
0.1979952275581795,0.083412208879954,0.8242272225647893,0.3859658033390524,-0.2210915742555327,12,3072,5214
0.1979952275581795,0.083412208879954,0.8242272225647893,0.3859658033390524,-0.2210915742555327,13,3072,5214
0.1979952275581795,0.083412208879954,0.8242272225647893,0.3859658033390524,-0.2210915742555327,14,3072,5214
0.1913084866483219,0.1007569014902046,0.8242110256480082,0.3630258026207311,-0.2213999505258974,15,3072,5214
0.1983439785115836,0.0987720053941799,0.8242272225647893,0.3843093455986605,-0.2217778571940873,16,3072,5214
0.1983439785115836,0.0987720053941799,0.8242272225647893,0.3843093455986605,-0.2217778571940873,17,3072,5214
0.1983439785115836,0.0987720053941799,0.8242272225647893,0.3843093455986605,-0.2217778571940873,18,3072,5214
0.1749911234837682,0.1255635794774683,0.8242207974397064,0.3863434022310433,-0.2220995839893584,19,3072,5214
0.1749911234837682,0.1255635794774683,0.8242207974397064,0.3863434022310433,-0.2220995839893584,20,3072,5214
0.1749911234837682,0.1255635794774683,0.8242207974397064,0.3863434022310433,-0.2220995839893584,21,3072,5214
0.2002792205853136,0.1248293943050912,0.8238982307438868,0.3759959582540577,-0.2225926554173409,22,3072,5214
0.2002792205853136,0.1248293943050912,0.8238982307438868,0.3759959582540577,-0.2225926554173409,23,3072,5214
0.2002792205853136,0.1248293943050912,0.8238982307438868,0.3759959582540577,-0.2225926554173409,24,3072,5214
0.2008724448891418,0.1251323869915908,0.8242466243805888,0.3477568256767061,-0.2226356519172574,25,3072,5214
0.2008724448891418,0.1251323869915908,0.8242466243805888,0.3477568256767061,-0.2226356519172574,26,3072,5214
0.2008724448891418,0.1251323869915908,0.8242466243805888,0.3477568256767061,-0.2226356519172574,27,3072,5214
0.2016785772717488,0.1254894748283597,0.82355417229188,0.3409755690513179,-0.2229986844981004,28,3072,5214
0.2016785772717488,0.1254894748283597,0.82355417229188,0.3409755690513179,-0.2229986844981004,29,3072,5214
0.2016785772717488,0.1254894748283597,0.82355417229188,0.3409755690513179,-0.2229986844981004,30,3072,5214
0.2016785772717488,0.1254894748283597,0.82355417229188,0.3409755690513179,-0.2229986844981004,31,3072,5214
0.2004954059721062,0.1281360322623568,0.8234720338852566,0.3868758034938757,-0.2230032909900098,32,3072,5214
0.2006553980191633,0.1246557489351852,0.8238581197365774,0.3397995908583149,-0.2233825915183954,33,3072,5214
0.2006553980191633,0.1246557489351852,0.8238581197365774,0.3397995908583149,-0.2233825915183954,34,3072,5214
0.2006553980191633,0.1246557489351852,0.8238581197365774,0.3397995908583149,-0.2233825915183954,35,3072,5214
0.2006553980191633,0.1246557489351852,0.8238581197365774,0.3397995908583149,-0.2233825915183954,36,3072,5214
0.2006553980191633,0.1246557489351852,0.8238581197365774,0.3397995908583149,-0.2233825915183954,37,3072,5214
0.2014493458079504,0.096723669733274,0.8235118247169234,0.3842434811412404,-0.2234960178720554,38,3072,5214
0.2014493458079504,0.096723669733274,0.8235118247169234,0.3842434811412404,-0.2234960178720554,39,3072,5214
0.2014493458079504,0.096723669733274,0.8235118247169234,0.3842434811412404,-0.2234960178720554,40,3072,5214
0.2014493458079504,0.096723669733274,0.8235118247169234,0.3842434811412404,-0.2234960178720554,41,3072,5214
0.2014493458079504,0.096723669733274,0.8235118247169234,0.3842434811412404,-0.2234960178720554,42,3072,5214
0.2008497717904914,0.0963098955419098,0.8238549254997178,0.3868146230970459,-0.223506945579247,43,3072,5214
0.2008497717904914,0.0963098955419098,0.8238549254997178,0.3868146230970459,-0.223506945579247,44,3072,5214
0.2008497717904914,0.0963098955419098,0.8238549254997178,0.3868146230970459,-0.223506945579247,45,3072,5214
0.2008497717904914,0.0963098955419098,0.8238549254997178,0.3868146230970459,-0.223506945579247,46,3072,5214
0.2008497717904914,0.0963098955419098,0.8238549254997178,0.3868146230970459,-0.223506945579247,47,3072,5214
0.2008497717904914,0.0963098955419098,0.8238549254997178,0.3868146230970459,-0.223506945579247,48,3072,5214
0.2008497717904914,0.0963098955419098,0.8238549254997178,0.3868146230970459,-0.223506945579247,49,3072,5214
0.2008497717904914,0.0963098955419098,0.8238549254997178,0.3868146230970459,-0.223506945579247,50,3072,5214
0.2008497717904914,0.0963098955419098,0.8238549254997178,0.3868146230970459,-0.223506945579247,51,3072,5214
0.2008497717904914,0.0963098955419098,0.8238549254997178,0.3868146230970459,-0.223506945579247,52,3072,5214
0.2008497717904914,0.0963098955419098,0.8238549254997178,0.3868146230970459,-0.223506945579247,53,3072,5214
0.2008497717904914,0.0963098955419098,0.8238549254997178,0.3868146230970459,-0.223506945579247,54,3072,5214
0.2008497717904914,0.0963098955419098,0.8238549254997178,0.3868146230970459,-0.223506945579247,55,3072,5214
0.2008497717904914,0.0963098955419098,0.8238549254997178,0.3868146230970459,-0.223506945579247,56,3072,5214
0.2008497717904914,0.0963098955419098,0.8238549254997178,0.3868146230970459,-0.223506945579247,57,3072,5214
0.2008497717904914,0.0963098955419098,0.8238549254997178,0.3868146230970459,-0.223506945579247,58,3072,5214
0.2008497717904914,0.0963098955419098,0.8238549254997178,0.3868146230970459,-0.223506945579247,59,3072,5214
0.2008497717904914,0.0963098955419098,0.8238549254997178,0.3868146230970459,-0.223506945579247,60,3072,5214
0.2008497717904914,0.0963098955419098,0.8238549254997178,0.3868146230970459,-0.223506945579247,61,3072,5214
0.2008497717904914,0.0963098955419098,0.8238549254997178,0.3868146230970459,-0.223506945579247,62,3072,5214
0.2008497717904914,0.0963098955419098,0.8238549254997178,0.3868146230970459,-0.223506945579247,63,3072,5214
0.8050548331450097,0.2012032007246644,0.7533654181283584,0.4394326601704705,-0.1899939633238274,0,3072,5929
0.01197250887973,0.4446583551774633,0.9492729925432772,0.2959826983582798,-0.1936799847754421,1,3072,5929
0.7917151506555048,0.2012032007246644,0.8824272524355121,0.4451749319807343,-0.1990611541252434,2,3072,5929
0.3169840505286043,0.1946250912891182,0.8897287131318647,0.3497468209541694,-0.2033164151433646,3,3072,5929
0.3169840505286043,0.1946250912891182,0.8703097963141072,0.3497468209541694,-0.2036989963418811,4,3072,5929
0.4184143438571339,0.1093614175388046,0.9283269020938808,0.3547809423080625,-0.2055271650135926,5,3072,5929
0.4247705632205176,0.1222445344412826,0.8068843612320831,0.3538672040317485,-0.2092551667934608,6,3072,5929
0.1990934014287261,0.1020254577946458,0.9009153972510352,0.4416981121741851,-0.2127006387222534,7,3072,5929
0.1990934014287261,0.1020254577946458,0.9009153972510352,0.4416981121741851,-0.2127006387222534,8,3072,5929
0.1990934014287261,0.1020254577946458,0.8254450288473921,0.4416981121741851,-0.2150809171002292,9,3072,5929
0.1893259192025428,0.1517861195567279,0.8263846784590727,0.3972637434492844,-0.2167677749765693,10,3072,5929
0.1643422760261935,0.1306755414139338,0.8727149673602153,0.3847136659830819,-0.2176562551041585,11,3072,5929
0.1643422760261935,0.1306755414139338,0.8727149673602153,0.3847136659830819,-0.2176562551041585,12,3072,5929
0.175103622079479,0.1236704576528053,0.8353920606756209,0.3995050229605306,-0.2177690294091148,13,3072,5929
0.175103622079479,0.1236704576528053,0.835390946985676,0.3713187410500737,-0.2189759353637217,14,3072,5929
0.175103622079479,0.1236704576528053,0.8353920606756209,0.3844939126081389,-0.2194208318774861,15,3072,5929
0.175103622079479,0.1236704576528053,0.8353920606756209,0.3844939126081389,-0.2194208318774861,16,3072,5929
0.175103622079479,0.1236704576528053,0.8353920606756209,0.3844939126081389,-0.2194208318774861,17,3072,5929
0.1631522630520969,0.0972356004268487,0.8333509661495612,0.3613126082335221,-0.2196269572166168,18,3072,5929
0.2018436312263852,0.1275584768153685,0.8310771959567156,0.3616405526839956,-0.2197737722117416,19,3072,5929
0.1962180456766858,0.1077048968511052,0.823738972865544,0.3808267273777204,-0.2210547627320687,20,3072,5929
0.1962180456766858,0.1077048968511052,0.823738972865544,0.3808267273777204,-0.2210547627320687,21,3072,5929
0.1968238945917882,0.0892220290414549,0.8237758680147169,0.3847334696260722,-0.2215553396535566,22,3072,5929
0.1958250218613857,0.1234418889783522,0.8236741061165659,0.3852221255118985,-0.2217529857678122,23,3072,5929
0.1958250218613857,0.1234418889783522,0.8236741061165659,0.3852221255118985,-0.2217529857678122,24,3072,5929
0.1955660694059053,0.0974488096717796,0.8236703657242989,0.3761346363921504,-0.222657887133126,25,3072,5929
0.1955660694059053,0.0974488096717796,0.8236703657242989,0.3761346363921504,-0.222657887133126,26,3072,5929
0.1955660694059053,0.0974488096717796,0.8236703657242989,0.3761346363921504,-0.222657887133126,27,3072,5929
0.1955660694059053,0.0974488096717796,0.8236703657242989,0.3761346363921504,-0.222657887133126,28,3072,5929
0.1933710596902848,0.0980229383005224,0.8237503893976235,0.3828405125803552,-0.2227561164976599,29,3072,5929
0.1933710596902848,0.0980229383005224,0.8237503893976235,0.3828405125803552,-0.2227561164976599,30,3072,5929
0.1933710596902848,0.0980229383005224,0.8237503893976235,0.3828405125803552,-0.2227561164976599,31,3072,5929
0.1928622477356715,0.0967996088523871,0.8237503893976235,0.3828405125803552,-0.223203430008629,32,3072,5929
0.1928622477356715,0.0967996088523871,0.8237503893976235,0.3828405125803552,-0.223203430008629,33,3072,5929
0.1928622477356715,0.0967996088523871,0.8237503893976235,0.3828405125803552,-0.223203430008629,34,3072,5929
0.2012085940483311,0.0966836032707411,0.8237503893976235,0.3820072719837045,-0.2232260577990683,35,3072,5929
0.2012085940483311,0.0966836032707411,0.8237503893976235,0.3820072719837045,-0.2232260577990683,36,3072,5929
0.2012085940483311,0.0966836032707411,0.8237503893976235,0.3820072719837045,-0.2232260577990683,37,3072,5929
0.2017972325796732,0.0973140850990339,0.8236773333171297,0.3870798189479427,-0.2235727090935259,38,3072,5929
0.2017972325796732,0.0973140850990339,0.8236773333171297,0.3870798189479427,-0.2235727090935259,39,3072,5929
0.2017972325796732,0.0973140850990339,0.8236773333171297,0.3870798189479427,-0.2235727090935259,40,3072,5929
0.2017972325796732,0.0973140850990339,0.8236773333171297,0.3870798189479427,-0.2235727090935259,41,3072,5929
0.2017972325796732,0.0973140850990339,0.8236773333171297,0.3870798189479427,-0.2235727090935259,42,3072,5929
0.2017972325796732,0.0973140850990339,0.8236773333171297,0.3870798189479427,-0.2235727090935259,43,3072,5929
0.2017972325796732,0.0973140850990339,0.8236773333171297,0.3870798189479427,-0.2235727090935259,44,3072,5929
0.2017972325796732,0.0973140850990339,0.8236773333171297,0.3870798189479427,-0.2235727090935259,45,3072,5929
0.2017972325796732,0.0973140850990339,0.8236773333171297,0.3870798189479427,-0.2235727090935259,46,3072,5929
0.2017972325796732,0.0973140850990339,0.8236773333171297,0.3870798189479427,-0.2235727090935259,47,3072,5929
0.2017972325796732,0.0973140850990339,0.8236773333171297,0.3870798189479427,-0.2235727090935259,48,3072,5929
0.2017972325796732,0.0973140850990339,0.8236773333171297,0.3870798189479427,-0.2235727090935259,49,3072,5929
0.2017972325796732,0.0973140850990339,0.8236773333171297,0.3870798189479427,-0.2235727090935259,50,3072,5929
0.2017972325796732,0.0973140850990339,0.8236773333171297,0.3870798189479427,-0.2235727090935259,51,3072,5929
0.2017972325796732,0.0973140850990339,0.8236773333171297,0.3870798189479427,-0.2235727090935259,52,3072,5929
0.2017972325796732,0.0973140850990339,0.8236773333171297,0.3870798189479427,-0.2235727090935259,53,3072,5929
0.2017972325796732,0.0973140850990339,0.8236773333171297,0.3870798189479427,-0.2235727090935259,54,3072,5929
0.2017972325796732,0.0973140850990339,0.8236773333171297,0.3870798189479427,-0.2235727090935259,55,3072,5929
0.2017972325796732,0.0973140850990339,0.8236773333171297,0.3870798189479427,-0.2235727090935259,56,3072,5929
0.2017972325796732,0.0973140850990339,0.8236773333171297,0.3870798189479427,-0.2235727090935259,57,3072,5929
0.2017972325796732,0.0973140850990339,0.8236773333171297,0.3870798189479427,-0.2235727090935259,58,3072,5929
0.2017972325796732,0.0973140850990339,0.8236773333171297,0.3870798189479427,-0.2235727090935259,59,3072,5929
0.2017972325796732,0.0973140850990339,0.8236773333171297,0.3870798189479427,-0.2235727090935259,60,3072,5929
0.2017972325796732,0.0973140850990339,0.8236773333171297,0.3870798189479427,-0.2235727090935259,61,3072,5929
0.2017972325796732,0.0973140850990339,0.8236773333171297,0.3870798189479427,-0.2235727090935259,62,3072,5929
0.2017972325796732,0.0973140850990339,0.8236773333171297,0.3870798189479427,-0.2235727090935259,63,3072,5929
0.4227169069454373,0.3809815392930875,0.8744412014424732,0.3533507781465587,-0.1794847628660456,0,3072,6643
0.01197250887973,0.4446583551774633,0.9492729925432772,0.2959826983582798,-0.1887751629209532,1,3072,6643
0.01197250887973,0.4446583551774633,0.9492729925432772,0.2959826983582798,-0.1887751629209532,2,3072,6643
0.0726744975141394,0.772798678839212,0.8128487967314941,0.3803539629745827,-0.1924751693771021,3,3072,6643
0.186218645851541,0.6335139233476077,0.8565134153314922,0.389552272219366,-0.2016561629537153,4,3072,6643
0.186218645851541,0.6335139233476077,0.8565134153314922,0.389552272219366,-0.2016561629537153,5,3072,6643
0.123118204495371,0.1259249995035972,0.9071094082342284,0.4114253666342916,-0.2027762220414539,6,3072,6643
0.1954767221172152,0.1012540551941738,0.8407755454633259,0.4236778551028518,-0.2099495203996961,7,3072,6643
0.1954767221172152,0.1012540551941738,0.8407755454633259,0.4236778551028518,-0.2099495203996961,8,3072,6643
0.1954767221172152,0.1012540551941738,0.8407755454633259,0.4236778551028518,-0.2099495203996961,9,3072,6643
0.1954767221172152,0.1012540551941738,0.8407755454633259,0.4236778551028518,-0.2099495203996961,10,3072,6643
0.19731457390443,0.1012725638506713,0.8414700697920714,0.3726933798757864,-0.2129985419827348,11,3072,6643
0.19731457390443,0.1012725638506713,0.8414700697920714,0.3726933798757864,-0.2129985419827348,12,3072,6643
0.19731457390443,0.0828871174144211,0.8414700697920714,0.3714232484866712,-0.2132742654701782,13,3072,6643
0.1818829095903305,0.0828871174144211,0.8304975005093165,0.3714232484866712,-0.2133230594826469,14,3072,6643
0.1818829095903305,0.0828871174144211,0.8304975005093165,0.3714232484866712,-0.2133230594826469,15,3072,6643
0.2005218099935227,0.0894200961630365,0.8425830994516881,0.3581876017123923,-0.2134729727120509,16,3072,6643
0.1835284085171028,0.0950347157117545,0.8271633733453594,0.3799689027241055,-0.2139446784092373,17,3072,6643
0.1835284085171028,0.0950347157117545,0.8271633733453594,0.3799689027241055,-0.2139446784092373,18,3072,6643
0.1881776216849429,0.0904338373474546,0.8345249922437061,0.383183383635286,-0.2139886580721783,19,3072,6643
0.1881776216849429,0.0904338373474546,0.8345249922437061,0.383183383635286,-0.2139886580721783,20,3072,6643
0.2016275060967898,0.095851284205353,0.8420607109940511,0.3761303090229823,-0.2146303919411612,21,3072,6643
0.2016275060967898,0.095851284205353,0.8420607109940511,0.3761303090229823,-0.2146303919411612,22,3072,6643
0.2016275060967898,0.095851284205353,0.8420607109940511,0.3761303090229823,-0.2146303919411612,23,3072,6643
0.2016275060967898,0.095851284205353,0.8420607109940511,0.3761303090229823,-0.2146303919411612,24,3072,6643
0.2016275060967898,0.095851284205353,0.8420607109940511,0.3761303090229823,-0.2146303919411612,25,3072,6643
0.1973637268694612,0.0950754561833149,0.8242207072084602,0.3653601258169812,-0.2153927598507543,26,3072,6643
0.1973637268694612,0.0950754561833149,0.8242207072084602,0.3653601258169812,-0.2153927598507543,27,3072,6643
0.1973637268694612,0.0950754561833149,0.8242207072084602,0.3653601258169812,-0.2153927598507543,28,3072,6643
0.1970133984520516,0.0956935381367139,0.8233805549199187,0.3646676107203468,-0.2157406703505992,29,3072,6643
0.1970133984520516,0.0956935381367139,0.8233805549199187,0.3646676107203468,-0.2157406703505992,30,3072,6643
0.1970133984520516,0.0956935381367139,0.8233805549199187,0.3646676107203468,-0.2157406703505992,31,3072,6643
0.1970133984520516,0.0956935381367139,0.8233805549199187,0.3646676107203468,-0.2157406703505992,32,3072,6643
0.200515856973388,0.095108756718653,0.8242423817347128,0.3709354592569217,-0.2163906304496449,33,3072,6643
0.200515856973388,0.095108756718653,0.8242423817347128,0.3709354592569217,-0.2163906304496449,34,3072,6643
0.200515856973388,0.095108756718653,0.8242423817347128,0.3709354592569217,-0.2163906304496449,35,3072,6643
0.200515856973388,0.095108756718653,0.8242423817347128,0.3709354592569217,-0.2163906304496449,36,3072,6643
0.2013898977927336,0.0959459625810367,0.8235077048788984,0.3701174074985466,-0.2167385409494898,37,3072,6643
0.2013898977927336,0.0959459625810367,0.8235077048788984,0.3701174074985466,-0.2167385409494898,38,3072,6643
0.2007894411847381,0.0965078715785312,0.8238204840349558,0.3834002820954869,-0.2168882336525745,39,3072,6643
0.2007894411847381,0.0965078715785312,0.8238204840349558,0.3834002820954869,-0.2168882336525745,40,3072,6643
0.2007894411847381,0.0965078715785312,0.8238204840349558,0.3834002820954869,-0.2168882336525745,41,3072,6643
0.2007894411847381,0.0965078715785312,0.8238204840349558,0.3834002820954869,-0.2168882336525745,42,3072,6643
0.2007894411847381,0.0965078715785312,0.8238204840349558,0.3834002820954869,-0.2168882336525745,43,3072,6643
0.2007894411847381,0.0965078715785312,0.8238204840349558,0.3834002820954869,-0.2168882336525745,44,3072,6643
0.2018867992350036,0.0960564857964445,0.8239087991456504,0.3826077680061413,-0.2168900150486961,45,3072,6643
0.2018867992350036,0.0960564857964445,0.8239087991456504,0.3826077680061413,-0.2168900150486961,46,3072,6643
0.2018867992350036,0.0960564857964445,0.8239087991456504,0.3826077680061413,-0.2168900150486961,47,3072,6643
0.2018867992350036,0.0960564857964445,0.8239087991456504,0.3826077680061413,-0.2168900150486961,48,3072,6643
0.2007898975819108,0.0952846565454469,0.8235884775221836,0.3645025050792064,-0.217017370063055,49,3072,6643
0.2007898975819108,0.0952846565454469,0.8235884775221836,0.3645025050792064,-0.217017370063055,50,3072,6643
0.2007898975819108,0.0952846565454469,0.8235884775221836,0.3645025050792064,-0.217017370063055,51,3072,6643
0.2007898975819108,0.0952846565454469,0.8235884775221836,0.3645025050792064,-0.217017370063055,52,3072,6643
0.2007898975819108,0.0952846565454469,0.8235884775221836,0.3645025050792064,-0.217017370063055,53,3072,6643
0.2007898975819108,0.0952846565454469,0.8235884775221836,0.3645025050792064,-0.217017370063055,54,3072,6643
0.2007898975819108,0.0952846565454469,0.8235884775221836,0.3645025050792064,-0.217017370063055,55,3072,6643
0.2007898975819108,0.0952846565454469,0.8235884775221836,0.3645025050792064,-0.217017370063055,56,3072,6643
0.2007898975819108,0.0973899850008262,0.8238049420361446,0.364042291186596,-0.2170282977702466,57,3072,6643
0.2007898975819108,0.0973899850008262,0.8238049420361446,0.364042291186596,-0.2170282977702466,58,3072,6643
0.2007898975819108,0.0973899850008262,0.8238049420361446,0.364042291186596,-0.2170282977702466,59,3072,6643
0.2007898975819108,0.0973899850008262,0.8238049420361446,0.364042291186596,-0.2170282977702466,60,3072,6643
0.2007898975819108,0.0973899850008262,0.8238049420361446,0.364042291186596,-0.2170282977702466,61,3072,6643
0.2007898975819108,0.0973899850008262,0.8238049420361446,0.364042291186596,-0.2170282977702466,62,3072,6643
0.2007898975819108,0.0973899850008262,0.8238049420361446,0.364042291186596,-0.2170282977702466,63,3072,6643
0.2018752004401179,0.0929293030855109,0.8237669555425834,0.3644526898779335,-0.2170300791663681,64,3072,6643
0.2018752004401179,0.0929293030855109,0.8237669555425834,0.3644526898779335,-0.2170300791663681,65,3072,6643
0.2018752004401179,0.0929293030855109,0.8237669555425834,0.3644526898779335,-0.2170300791663681,66,3072,6643
0.2018752004401179,0.0929293030855109,0.8237669555425834,0.3644526898779335,-0.2170300791663681,67,3072,6643
0.2018752004401179,0.0929293030855109,0.8237669555425834,0.3644526898779335,-0.2170300791663681,68,3072,6643
0.2018752004401179,0.0929293030855109,0.8237669555425834,0.3644526898779335,-0.2170300791663681,69,3072,6643
0.2018752004401179,0.0929293030855109,0.8237669555425834,0.3644526898779335,-0.2170300791663681,70,3072,6643
0.2018752004401179,0.0929293030855109,0.8237669555425834,0.3644526898779335,-0.2170300791663681,71,3072,6643
0.2018752004401179,0.0929293030855109,0.8237669555425834,0.3644526898779335,-0.2170300791663681,72,3072,6643
0.2018752004401179,0.0929293030855109,0.8237669555425834,0.3644526898779335,-0.2170300791663681,73,3072,6643
0.2018752004401179,0.0929293030855109,0.8237669555425834,0.3644526898779335,-0.2170300791663681,74,3072,6643
0.2018752004401179,0.0929293030855109,0.8237669555425834,0.3644526898779335,-0.2170300791663681,75,3072,6643
0.2018752004401179,0.0929293030855109,0.8237669555425834,0.3644526898779335,-0.2170300791663681,76,3072,6643
0.2018752004401179,0.0929293030855109,0.8237669555425834,0.3644526898779335,-0.2170300791663681,77,3072,6643
0.2018752004401179,0.0929293030855109,0.8237669555425834,0.3644526898779335,-0.2170300791663681,78,3072,6643
0.2018752004401179,0.0929293030855109,0.8237669555425834,0.3644526898779335,-0.2170300791663681,79,3072,6643
0.2018752004401179,0.0929293030855109,0.8237669555425834,0.3644526898779335,-0.2170300791663681,80,3072,6643
0.2018752004401179,0.0929293030855109,0.8237669555425834,0.3644526898779335,-0.2170300791663681,81,3072,6643
0.2018752004401179,0.0929293030855109,0.8237669555425834,0.3644526898779335,-0.2170300791663681,82,3072,6643
0.2018752004401179,0.0929293030855109,0.8237669555425834,0.3644526898779335,-0.2170300791663681,83,3072,6643
0.2018752004401179,0.0929293030855109,0.8237669555425834,0.3644526898779335,-0.2170300791663681,84,3072,6643
0.2018752004401179,0.0929293030855109,0.8237669555425834,0.3644526898779335,-0.2170300791663681,85,3072,6643
0.2018752004401179,0.0929293030855109,0.8237669555425834,0.3644526898779335,-0.2170300791663681,86,3072,6643
0.2018752004401179,0.0929293030855109,0.8237669555425834,0.3644526898779335,-0.2170300791663681,87,3072,6643
0.2018752004401179,0.0929293030855109,0.8237669555425834,0.3644526898779335,-0.2170300791663681,88,3072,6643
0.2018752004401179,0.0929293030855109,0.8237669555425834,0.3644526898779335,-0.2170300791663681,89,3072,6643
0.4227169069454373,0.3809815392930875,0.8744412014424732,0.3533507781465587,-0.1682632534400668,0,3072,7357
0.01197250887973,0.4446583551774633,0.9492729925432772,0.2959826983582798,-0.174215137409278,1,3072,7357
0.014173535304794,0.642960205469666,0.97220381840756,0.3670998468618226,-0.1847338236739898,2,3072,7357
0.014173535304794,0.642960205469666,0.97220381840756,0.3670998468618226,-0.1847338236739898,3,3072,7357
0.014173535304794,0.642960205469666,0.97220381840756,0.3670998468618226,-0.1847338236739898,4,3072,7357
0.0285502689883382,0.1160074543557955,0.9938027487209784,0.3670702120688267,-0.19118453559207,5,3072,7357
0.0285502689883382,0.1160074543557955,0.9938027487209784,0.3670702120688267,-0.19118453559207,6,3072,7357
0.1614718445402298,0.0834638046410478,0.8577098498215902,0.374775948122188,-0.1988242316546637,7,3072,7357
0.1614718445402298,0.0834638046410478,0.8577098498215902,0.374775948122188,-0.1988242316546637,8,3072,7357
0.1614718445402298,0.0834638046410478,0.8577098498215902,0.374775948122188,-0.1988242316546637,9,3072,7357
0.1614718445402298,0.0834638046410478,0.8577098498215902,0.379124584882146,-0.1990877712121546,10,3072,7357
0.1963984141918038,0.0803217677497841,0.9010443284799472,0.3535825295988269,-0.2004938251963621,11,3072,7357
0.198085567544099,0.1156161508643222,0.8264915769835366,0.3554111699851701,-0.2017395149018496,12,3072,7357
0.198085567544099,0.1156161508643222,0.8264915769835366,0.3554111699851701,-0.2017395149018496,13,3072,7357
0.198085567544099,0.1156161508643222,0.8264915769835366,0.3554111699851701,-0.2017395149018496,14,3072,7357
0.198085567544099,0.1156161508643222,0.8264915769835366,0.3554111699851701,-0.2017395149018496,15,3072,7357
0.198085567544099,0.1156161508643222,0.8264915769835366,0.3554111699851701,-0.2017395149018496,16,3072,7357
0.1848516966719555,0.0895935598751841,0.8231125478076494,0.3699549619588861,-0.2027580040525324,17,3072,7357
0.183013658184231,0.0895935598751841,0.8231125478076494,0.3699549619588861,-0.202786400072548,18,3072,7357
0.1981520490770617,0.0971706934784129,0.8264915769835366,0.3791590229006904,-0.2033417501496506,19,3072,7357
0.2008219307762931,0.0895935598751841,0.8234737106552986,0.3699549619588861,-0.2052236724444714,20,3072,7357
0.2008219307762931,0.0895935598751841,0.8234737106552986,0.3699549619588861,-0.2052236724444714,21,3072,7357
0.2008219307762931,0.0895935598751841,0.8234737106552986,0.3699549619588861,-0.2052236724444714,22,3072,7357
0.2008219307762931,0.0895935598751841,0.8234737106552986,0.3699549619588861,-0.2052236724444714,23,3072,7357
0.2008219307762931,0.0895935598751841,0.8234737106552986,0.3699549619588861,-0.2052236724444714,24,3072,7357
0.201012919814402,0.0835773644269642,0.823165981948165,0.3835595387404671,-0.2056903244598456,25,3072,7357
0.201012919814402,0.0835773644269642,0.823165981948165,0.3835595387404671,-0.2056903244598456,26,3072,7357
0.2008219307762931,0.0974850617080168,0.8234737106552986,0.3700439275382517,-0.2059096388330521,27,3072,7357
0.2008219307762931,0.0974850617080168,0.8234737106552986,0.3700439275382517,-0.2059096388330521,28,3072,7357
0.200851941531321,0.0971700978519822,0.8234866231866328,0.3840955565763556,-0.2063141296878695,29,3072,7357
0.200851941531321,0.0971700978519822,0.8234866231866328,0.3840955565763556,-0.2063141296878695,30,3072,7357
0.200851941531321,0.0971700978519822,0.8234866231866328,0.3840955565763556,-0.2063141296878695,31,3072,7357
0.200851941531321,0.0971700978519822,0.8234866231866328,0.3840955565763556,-0.2063141296878695,32,3072,7357
0.200851941531321,0.0971700978519822,0.8234866231866328,0.3840955565763556,-0.2063141296878695,33,3072,7357
0.200851941531321,0.0971700978519822,0.8234866231866328,0.3840955565763556,-0.2063141296878695,34,3072,7357
0.200851941531321,0.0971700978519822,0.8234866231866328,0.3840955565763556,-0.2063141296878695,35,3072,7357
0.200851941531321,0.0971700978519822,0.8234866231866328,0.3840955565763556,-0.2063141296878695,36,3072,7357
0.2011726396080269,0.0972310958211474,0.8236708939228093,0.3845417701323254,-0.2063250573950611,37,3072,7357
0.2011726396080269,0.0972310958211474,0.8236708939228093,0.3845417701323254,-0.2063250573950611,38,3072,7357
0.2011726396080269,0.0972310958211474,0.8236708939228093,0.3845417701323254,-0.2063250573950611,39,3072,7357
0.2011726396080269,0.0972310958211474,0.8236708939228093,0.3845417701323254,-0.2063250573950611,40,3072,7357
0.2011726396080269,0.0972310958211474,0.8236708939228093,0.3845417701323254,-0.2063250573950611,41,3072,7357
0.2011726396080269,0.0972310958211474,0.8236708939228093,0.3845417701323254,-0.2063250573950611,42,3072,7357
0.2011726396080269,0.0972310958211474,0.8236708939228093,0.3845417701323254,-0.2063250573950611,43,3072,7357
0.2011726396080269,0.0972310958211474,0.8236708939228093,0.3845417701323254,-0.2063250573950611,44,3072,7357
0.2011726396080269,0.0972310958211474,0.8236708939228093,0.3845417701323254,-0.2063250573950611,45,3072,7357
0.2011726396080269,0.0972310958211474,0.8236708939228093,0.3845417701323254,-0.2063250573950611,46,3072,7357
0.2011726396080269,0.0972310958211474,0.8236708939228093,0.3845417701323254,-0.2063250573950611,47,3072,7357
0.2011726396080269,0.0972310958211474,0.8236708939228093,0.3845417701323254,-0.2063250573950611,48,3072,7357
0.2011726396080269,0.0972310958211474,0.8236708939228093,0.3845417701323254,-0.2063250573950611,49,3072,7357
0.2011726396080269,0.0972310958211474,0.8236708939228093,0.3845417701323254,-0.2063250573950611,50,3072,7357
0.2011726396080269,0.0972310958211474,0.8236708939228093,0.3845417701323254,-0.2063250573950611,51,3072,7357
0.2011726396080269,0.0972310958211474,0.8236708939228093,0.3845417701323254,-0.2063250573950611,52,3072,7357
0.2011726396080269,0.0972310958211474,0.8236708939228093,0.3845417701323254,-0.2063250573950611,53,3072,7357
0.2011726396080269,0.0972310958211474,0.8236708939228093,0.3845417701323254,-0.2063250573950611,54,3072,7357
0.2011726396080269,0.0972310958211474,0.8236708939228093,0.3845417701323254,-0.2063250573950611,55,3072,7357
0.2011726396080269,0.0972310958211474,0.8236708939228093,0.3845417701323254,-0.2063250573950611,56,3072,7357
0.2011726396080269,0.0972310958211474,0.8236708939228093,0.3845417701323254,-0.2063250573950611,57,3072,7357
0.2011726396080269,0.0972310958211474,0.8236708939228093,0.3845417701323254,-0.2063250573950611,58,3072,7357
0.2011726396080269,0.0972310958211474,0.8236708939228093,0.3845417701323254,-0.2063250573950611,59,3072,7357
0.2011726396080269,0.0972310958211474,0.8236708939228093,0.3845417701323254,-0.2063250573950611,60,3072,7357
0.2011726396080269,0.0972310958211474,0.8236708939228093,0.3845417701323254,-0.2063250573950611,61,3072,7357
0.2011726396080269,0.0972310958211474,0.8236708939228093,0.3845417701323254,-0.2063250573950611,62,3072,7357
0.4227169069454373,0.3809815392930875,0.8744412014424732,0.3533507781465587,-0.1572241647559156,0,3072,8072
0.01197250887973,0.4446583551774633,0.9492729925432772,0.2959826983582798,-0.1621382175423648,1,3072,8072
0.01197250887973,0.4446583551774633,0.9492729925432772,0.2959826983582798,-0.1621382175423648,2,3072,8072
0.0006930489047444,0.6546315415784865,0.884521531618113,0.2797145671600346,-0.1707900753842279,3,3072,8072
0.2455579282505871,0.1390974967667221,0.886948033646623,0.3497468209541694,-0.1797453642466048,4,3072,8072
0.2521608257251265,0.0900208338334062,0.8875703503201712,0.3575324011109587,-0.1821370470186562,5,3072,8072
0.2521608257251265,0.1070706008165258,0.8615915747791254,0.3575324011109587,-0.1831524244574912,6,3072,8072
0.2452122546221199,0.1070706008165258,0.8615915747791254,0.3575324011109587,-0.1835681594641705,7,3072,8072
0.0144329873425914,0.0900208338334062,0.8845086801075456,0.3575324011109587,-0.1882262412858981,8,3072,8072
0.2009346741080959,0.1485067834371667,0.828187145491805,0.3795289082172435,-0.1893641638135523,9,3072,8072
0.1481638242778586,0.087982634260705,0.8613504079180682,0.3497887644107701,-0.1900088962814405,10,3072,8072
0.1481638242778586,0.087982634260705,0.8832188794733473,0.316782999553773,-0.1901182372202616,11,3072,8072
0.198202761809013,0.0909042259199484,0.9018484756979334,0.3575259259136743,-0.1909287666180062,12,3072,8072
0.1484855206931062,0.0928139904042761,0.8262957898617634,0.3314382041415917,-0.1915289878883464,13,3072,8072
0.1981962902895298,0.1072871694419815,0.8740255023066558,0.3545207525238729,-0.1915874123872817,14,3072,8072
0.198300814190709,0.0878713905313805,0.8613645105790829,0.3545485957073287,-0.1922404860942916,15,3072,8072
0.2017239791171323,0.1066307345282212,0.8512815606468971,0.3520790715002159,-0.19267707846272,16,3072,8072
0.2020155168083899,0.0812294044315954,0.8540737741801324,0.3459093580615122,-0.1933207806561036,17,3072,8072
0.198300814190709,0.0878786984578938,0.841483197972873,0.3548306792469134,-0.1934643458408483,18,3072,8072
0.2006394276849723,0.0810869571496994,0.8277077460235344,0.3326592807529774,-0.1940115739863287,19,3072,8072
0.201943032820234,0.0811378172805794,0.8274495189760811,0.3172289610149285,-0.1943526548566243,20,3072,8072
0.1917875754969955,0.0897207301872718,0.8236561733979433,0.3344878511051257,-0.1945251668787979,21,3072,8072
0.1986002208255226,0.0931377694672608,0.8237777262254272,0.3355395960898352,-0.1962017242052971,22,3072,8072
0.1986002208255226,0.0931377694672608,0.8237777262254272,0.3355395960898352,-0.1962017242052971,23,3072,8072
0.1986002208255226,0.0931377694672608,0.8237777262254272,0.3355395960898352,-0.1962017242052971,24,3072,8072
0.1986002208255226,0.0931377694672608,0.8237777262254272,0.3355395960898352,-0.1962017242052971,25,3072,8072
0.1986002208255226,0.0931377694672608,0.8237777262254272,0.3355395960898352,-0.1962017242052971,26,3072,8072
0.1986002208255226,0.0931377694672608,0.8237777262254272,0.3355395960898352,-0.1962017242052971,27,3072,8072
0.2014175001369041,0.0929346185485863,0.8237777262254272,0.3412774061009405,-0.196799554345378,28,3072,8072
0.2014175001369041,0.0929346185485863,0.8237777262254272,0.3412774061009405,-0.196799554345378,29,3072,8072
0.2014217638412792,0.0926616725692413,0.8239126222680063,0.3354447535854308,-0.1969840426708654,30,3072,8072
0.2014217638412792,0.0926616725692413,0.8239126222680063,0.3354447535854308,-0.1969840426708654,31,3072,8072
0.2014217638412792,0.0926616725692413,0.8239126222680063,0.3354447535854308,-0.1969840426708654,32,3072,8072
0.2014217638412792,0.0926616725692413,0.8239126222680063,0.3354447535854308,-0.1969840426708654,33,3072,8072
0.2014217638412792,0.0926616725692413,0.8239126222680063,0.3354447535854308,-0.1969840426708654,34,3072,8072
0.2014217638412792,0.0926616725692413,0.8239126222680063,0.3354447535854308,-0.1969840426708654,35,3072,8072
0.2014217638412792,0.0926616725692413,0.8239126222680063,0.3354447535854308,-0.1969840426708654,36,3072,8072
0.2014217638412792,0.0926616725692413,0.8239126222680063,0.3354447535854308,-0.1969840426708654,37,3072,8072
0.2014217638412792,0.0926616725692413,0.8239126222680063,0.3354447535854308,-0.1969840426708654,38,3072,8072
0.2014217638412792,0.0926616725692413,0.8239126222680063,0.3354447535854308,-0.1969840426708654,39,3072,8072
0.2014217638412792,0.0926616725692413,0.8239126222680063,0.3354447535854308,-0.1969840426708654,40,3072,8072
0.2014217638412792,0.0926616725692413,0.8239126222680063,0.3354447535854308,-0.1969840426708654,41,3072,8072
0.2014217638412792,0.0926616725692413,0.8239126222680063,0.3354447535854308,-0.1969840426708654,42,3072,8072
0.2014217638412792,0.0926616725692413,0.8239126222680063,0.3354447535854308,-0.1969840426708654,43,3072,8072
0.2014217638412792,0.0926616725692413,0.8239126222680063,0.3354447535854308,-0.1969840426708654,44,3072,8072
0.2014217638412792,0.0926616725692413,0.8239126222680063,0.3354447535854308,-0.1969840426708654,45,3072,8072
0.2014217638412792,0.0926616725692413,0.8239126222680063,0.3354447535854308,-0.1969840426708654,46,3072,8072
0.2014217638412792,0.0926616725692413,0.8239126222680063,0.3354447535854308,-0.1969840426708654,47,3072,8072
0.2014217638412792,0.0926616725692413,0.8239126222680063,0.3354447535854308,-0.1969840426708654,48,3072,8072
0.2014217638412792,0.0926616725692413,0.8239126222680063,0.3354447535854308,-0.1969840426708654,49,3072,8072
0.2014217638412792,0.0926616725692413,0.8239126222680063,0.3354447535854308,-0.1969840426708654,50,3072,8072
0.2014217638412792,0.0926616725692413,0.8239126222680063,0.3354447535854308,-0.1969840426708654,51,3072,8072
0.2014217638412792,0.0926616725692413,0.8239126222680063,0.3354447535854308,-0.1969840426708654,52,3072,8072
0.2014217638412792,0.0926616725692413,0.8239126222680063,0.3354447535854308,-0.1969840426708654,53,3072,8072
0.819626719119277,0.1490480233707125,0.6506724295996501,0.7785803681279121,-0.2157529586386125,0,3786,3072
0.819626719119277,0.1490480233707125,0.6506724295996501,0.7785803681279121,-0.2157529586386125,1,3786,3072
0.819626719119277,0.1490480233707125,0.6506724295996501,0.7785803681279121,-0.2157529586386125,2,3786,3072
0.2575503281398523,0.1042166032045218,0.540378339986401,0.3880089882376435,-0.2184442523077887,3,3786,3072
0.2575503281398523,0.1042166032045218,0.540378339986401,0.3880089882376435,-0.2184442523077887,4,3786,3072
0.16060495834142,0.1094212625813559,0.5408430344134029,0.3884013950444137,-0.2204317052740903,5,3786,3072
0.16060495834142,0.1094212625813559,0.5408430344134029,0.3884013950444137,-0.2204317052740903,6,3786,3072
0.16060495834142,0.1085276847052393,0.4985674573496175,0.3884013950444137,-0.2221992547555492,7,3786,3072
0.16060495834142,0.1085276847052393,0.4985674573496175,0.3884013950444137,-0.2221992547555492,8,3786,3072
0.2185885044476081,0.129454393130956,0.4685124218693384,0.3859007249288378,-0.2222853003789464,9,3786,3072
0.1685522421895299,0.1300049978972877,0.471680089363866,0.3384112716485529,-0.225726985722271,10,3786,3072
0.1685522421895299,0.1300049978972877,0.471680089363866,0.3384112716485529,-0.225726985722271,11,3786,3072
0.1685522421895299,0.1300049978972877,0.471680089363866,0.3384112716485529,-0.225726985722271,12,3786,3072
0.1685522421895299,0.1300049978972877,0.471680089363866,0.3384112716485529,-0.225726985722271,13,3786,3072
0.1774847097276189,0.129454393130956,0.4761271586901849,0.4448689238144427,-0.22615781505581,14,3786,3072
0.1774847097276189,0.129454393130956,0.4761271586901849,0.4448689238144427,-0.22615781505581,15,3786,3072
0.1774847097276189,0.129454393130956,0.4761271586901849,0.4448689238144427,-0.22615781505581,16,3786,3072
0.1671755435826286,0.1344710918248572,0.4686210039013393,0.4264628193078196,-0.226282819510501,17,3786,3072
0.1671755435826286,0.1344710918248572,0.4686210039013393,0.4264628193078196,-0.226282819510501,18,3786,3072
0.1671755435826286,0.1344710918248572,0.4686210039013393,0.4264628193078196,-0.226282819510501,19,3786,3072
0.1774847097276189,0.129454393130956,0.475931008498366,0.4496235982880862,-0.2264925409381716,20,3786,3072
0.1740142019841746,0.1338722016957306,0.4793792509373368,0.449020628622053,-0.2265499133436594,21,3786,3072
0.1653511165789479,0.1294365009204882,0.4709880208613768,0.4504086836968563,-0.2266196010483519,22,3786,3072
0.1653511165789479,0.1294365009204882,0.4709880208613768,0.4504086836968563,-0.2266196010483519,23,3786,3072
0.1653511165789479,0.1294365009204882,0.4709880208613768,0.4504086836968563,-0.2266196010483519,24,3786,3072
0.1669953600851118,0.1294792160877025,0.4808420714801502,0.4469233336878663,-0.2266216567038411,25,3786,3072
0.1669953600851118,0.1294792160877025,0.4808420714801502,0.4469233336878663,-0.2266216567038411,26,3786,3072
0.1669953600851118,0.1294792160877025,0.4808420714801502,0.4469233336878663,-0.2266216567038411,27,3786,3072
0.1669953600851118,0.1294792160877025,0.4808420714801502,0.4469233336878663,-0.2266216567038411,28,3786,3072
0.1669953600851118,0.1294792160877025,0.4808420714801502,0.4469233336878663,-0.2266216567038411,29,3786,3072
0.1669953600851118,0.1294792160877025,0.4808420714801502,0.4469233336878663,-0.2266216567038411,30,3786,3072
0.1669953600851118,0.1294792160877025,0.4808420714801502,0.4469233336878663,-0.2266216567038411,31,3786,3072
0.1669953600851118,0.1294792160877025,0.4808420714801502,0.4469233336878663,-0.2266216567038411,32,3786,3072
0.1669953600851118,0.1294792160877025,0.4808420714801502,0.4469233336878663,-0.2266216567038411,33,3786,3072
0.1669953600851118,0.1294792160877025,0.4808420714801502,0.4469233336878663,-0.2266216567038411,34,3786,3072
0.1669953600851118,0.1294792160877025,0.4808420714801502,0.4469233336878663,-0.2266216567038411,35,3786,3072
0.1669953600851118,0.1294792160877025,0.4808420714801502,0.4469233336878663,-0.2266216567038411,36,3786,3072
0.1669953600851118,0.1294792160877025,0.4808420714801502,0.4469233336878663,-0.2266216567038411,37,3786,3072
0.1669953600851118,0.1294792160877025,0.4808420714801502,0.4469233336878663,-0.2266216567038411,38,3786,3072
0.1669953600851118,0.1294792160877025,0.4808420714801502,0.4469233336878663,-0.2266216567038411,39,3786,3072
0.1669953600851118,0.1294792160877025,0.4808420714801502,0.4469233336878663,-0.2266216567038411,40,3786,3072
0.1669953600851118,0.1294792160877025,0.4808420714801502,0.4469233336878663,-0.2266216567038411,41,3786,3072
0.1669953600851118,0.1294792160877025,0.4808420714801502,0.4469233336878663,-0.2266216567038411,42,3786,3072
0.1669953600851118,0.1294792160877025,0.4808420714801502,0.4469233336878663,-0.2266216567038411,43,3786,3072
0.1669953600851118,0.1294792160877025,0.4808420714801502,0.4469233336878663,-0.2266216567038411,44,3786,3072
0.1669953600851118,0.1294792160877025,0.4808420714801502,0.4469233336878663,-0.2266216567038411,45,3786,3072
0.8050548331450097,0.2012032007246644,0.7533654181283584,0.4394326601704705,-0.1942780323431031,0,3786,3786
0.3251177343283608,0.3816162185378232,0.886948033646623,0.3497468209541694,-0.1951738070758702,1,3786,3786
0.2340484406798905,0.2844523105276399,0.7533654181283584,0.4394326601704705,-0.1972537460106864,2,3786,3786
0.168195204967256,0.2605013776624885,0.4145231819281928,0.3800635372823691,-0.2015813183676742,3,3786,3786
0.1789682144546744,0.2444989944033791,0.9572943672535372,0.3617030448970946,-0.2031766615750301,4,3786,3786
0.1623725828976088,0.6755431566624741,0.8219111337766255,0.4385250375186191,-0.2040298371367789,5,3786,3786
0.2009425784558439,0.2548182420734409,0.8541455551964883,0.379132841097933,-0.2062373882608177,6,3786,3786
0.2009425784558439,0.2548182420734409,0.8541455551964883,0.379132841097933,-0.2062373882608177,7,3786,3786
0.2035417842224135,0.1425382583811739,0.5035445142109862,0.4546571795890134,-0.2065847307615029,8,3786,3786
0.1835952350304105,0.2532258910512303,0.816706100826383,0.341461462438707,-0.2071420515974824,9,3786,3786
0.1835952350304105,0.2532258910512303,0.816706100826383,0.341461462438707,-0.2071420515974824,10,3786,3786
0.203200691815898,0.1299319303639476,0.8974790380393618,0.3398190002650305,-0.2075227629511052,11,3786,3786
0.1810779158281034,0.2470094856165179,0.8151983447879969,0.3335484045907334,-0.2086507563199368,12,3786,3786
0.1810779158281034,0.2470094856165179,0.8151983447879969,0.3335484045907334,-0.2086507563199368,13,3786,3786
0.1837447914684832,0.2460754000338935,0.8223395599120833,0.3618488519241675,-0.2091151305386897,14,3786,3786
0.1837447914684832,0.2460754000338935,0.8223395599120833,0.3618488519241675,-0.2091151305386897,15,3786,3786
0.196043453806341,0.245911355556829,0.8228435618334082,0.3618488519241675,-0.2092270840539469,16,3786,3786
0.1808261675897401,0.1292165052977009,0.4983493436013188,0.4546571795890134,-0.2101039938552464,17,3786,3786
0.1808261675897401,0.1292165052977009,0.4983493436013188,0.4546571795890134,-0.2101039938552464,18,3786,3786
0.1808261675897401,0.1292165052977009,0.4983493436013188,0.4546571795890134,-0.2101039938552464,19,3786,3786
0.1725744210819262,0.1286394855020892,0.4984325151161687,0.4560783951210516,-0.2102170218042252,20,3786,3786
0.1725744210819262,0.1286394855020892,0.4984325151161687,0.4560783951210516,-0.2102170218042252,21,3786,3786
0.1725744210819262,0.1286394855020892,0.4984325151161687,0.4560783951210516,-0.2102170218042252,22,3786,3786
0.1725744210819262,0.1286394855020892,0.4984325151161687,0.4560783951210516,-0.2102170218042252,23,3786,3786
0.1725744210819262,0.1286394855020892,0.4984325151161687,0.4560783951210516,-0.2102170218042252,24,3786,3786
0.1836884194560571,0.1289839681871719,0.4920528683780862,0.4550148456298026,-0.2104303205795203,25,3786,3786
0.1725744210819262,0.1286394855020892,0.489172861092779,0.4560783951210516,-0.2107364531676251,26,3786,3786
0.1725744210819262,0.1286394855020892,0.489172861092779,0.4560783951210516,-0.2107364531676251,27,3786,3786
0.1725744210819262,0.1286394855020892,0.489172861092779,0.4560783951210516,-0.2107364531676251,28,3786,3786
0.1725744210819262,0.1286394855020892,0.489172861092779,0.4560783951210516,-0.2107364531676251,29,3786,3786
0.1729662143824866,0.1520578306514305,0.4751218213086823,0.4527873283078892,-0.2115499067229941,30,3786,3786
0.1729662143824866,0.1520578306514305,0.4751218213086823,0.4527873283078892,-0.2115499067229941,31,3786,3786
0.1729662143824866,0.1520578306514305,0.4751218213086823,0.4527873283078892,-0.2115499067229941,32,3786,3786
0.1730037710710211,0.130042284424332,0.4766328220654252,0.4538894260351106,-0.2117822386112972,33,3786,3786
0.1730037710710211,0.130042284424332,0.4766328220654252,0.4538894260351106,-0.2117822386112972,34,3786,3786
0.1730037710710211,0.130042284424332,0.4766328220654252,0.4538894260351106,-0.2117822386112972,35,3786,3786
0.1730037710710211,0.130042284424332,0.4766328220654252,0.4538894260351106,-0.2117822386112972,36,3786,3786
0.1730037710710211,0.130042284424332,0.4766328220654252,0.4538894260351106,-0.2117822386112972,37,3786,3786
0.1730037710710211,0.130042284424332,0.4766328220654252,0.4538894260351106,-0.2117822386112972,38,3786,3786
0.1730037710710211,0.130042284424332,0.4766328220654252,0.4538894260351106,-0.2117822386112972,39,3786,3786
0.1730037710710211,0.130042284424332,0.4766328220654252,0.4538894260351106,-0.2117822386112972,40,3786,3786
0.1730037710710211,0.130042284424332,0.4766328220654252,0.4538894260351106,-0.2117822386112972,41,3786,3786
0.1730037710710211,0.130042284424332,0.4766328220654252,0.4538894260351106,-0.2117822386112972,42,3786,3786
0.1730037710710211,0.130042284424332,0.4766328220654252,0.4538894260351106,-0.2117822386112972,43,3786,3786
0.1680265718025213,0.1334680397735569,0.4746507905853949,0.4539140097473169,-0.2118519263159897,44,3786,3786
0.1680265718025213,0.1334680397735569,0.4746507905853949,0.4539140097473169,-0.2118519263159897,45,3786,3786
0.1680265718025213,0.1334680397735569,0.4746507905853949,0.4539140097473169,-0.2118519263159897,46,3786,3786
0.1672108643981553,0.1306092843673926,0.4831187866460374,0.4474700012514984,-0.2118539819714789,47,3786,3786
0.1672108643981553,0.1306092843673926,0.4831187866460374,0.4474700012514984,-0.2118539819714789,48,3786,3786
0.1672108643981553,0.1306092843673926,0.4831187866460374,0.4474700012514984,-0.2118539819714789,49,3786,3786
0.1672108643981553,0.1306092843673926,0.4831187866460374,0.4474700012514984,-0.2118539819714789,50,3786,3786
0.1672108643981553,0.1306092843673926,0.4831187866460374,0.4474700012514984,-0.2118539819714789,51,3786,3786
0.1672108643981553,0.1306092843673926,0.4831187866460374,0.4474700012514984,-0.2118539819714789,52,3786,3786
0.1672108643981553,0.1306092843673926,0.4831187866460374,0.4474700012514984,-0.2118539819714789,53,3786,3786
0.1672108643981553,0.1306092843673926,0.4831187866460374,0.4474700012514984,-0.2118539819714789,54,3786,3786
0.1672108643981553,0.1306092843673926,0.4831187866460374,0.4474700012514984,-0.2118539819714789,55,3786,3786
0.1672108643981553,0.1306092843673926,0.4831187866460374,0.4474700012514984,-0.2118539819714789,56,3786,3786
0.1672108643981553,0.1306092843673926,0.4831187866460374,0.4474700012514984,-0.2118539819714789,57,3786,3786
0.1672108643981553,0.1306092843673926,0.4831187866460374,0.4474700012514984,-0.2118539819714789,58,3786,3786
0.1672108643981553,0.1306092843673926,0.4831187866460374,0.4474700012514984,-0.2118539819714789,59,3786,3786
0.1672108643981553,0.1306092843673926,0.4831187866460374,0.4474700012514984,-0.2118539819714789,60,3786,3786
0.1672108643981553,0.1306092843673926,0.4831187866460374,0.4474700012514984,-0.2118539819714789,61,3786,3786
0.1672108643981553,0.1306092843673926,0.4831187866460374,0.4474700012514984,-0.2118539819714789,62,3786,3786
0.1672108643981553,0.1306092843673926,0.4831187866460374,0.4474700012514984,-0.2118539819714789,63,3786,3786
0.1672108643981553,0.1306092843673926,0.4831187866460374,0.4474700012514984,-0.2118539819714789,64,3786,3786
0.1672108643981553,0.1306092843673926,0.4831187866460374,0.4474700012514984,-0.2118539819714789,65,3786,3786
0.1672108643981553,0.1306092843673926,0.4831187866460374,0.4474700012514984,-0.2118539819714789,66,3786,3786
0.1672108643981553,0.1306092843673926,0.4831187866460374,0.4474700012514984,-0.2118539819714789,67,3786,3786
0.1672108643981553,0.1306092843673926,0.4831187866460374,0.4474700012514984,-0.2118539819714789,68,3786,3786
0.1672108643981553,0.1306092843673926,0.4831187866460374,0.4474700012514984,-0.2118539819714789,69,3786,3786
0.4227169069454373,0.3809815392930875,0.8744412014424732,0.3533507781465587,-0.1794504123424505,0,3786,4500
0.3251177343283608,0.3816162185378232,0.886948033646623,0.3497468209541694,-0.1842117138772634,1,3786,4500
0.3251177343283608,0.3816162185378232,0.886948033646623,0.3497468209541694,-0.1842117138772634,2,3786,4500
0.2600974477372232,0.1326962975467872,0.5735732746281675,0.4000104623729674,-0.185374719955135,3,3786,4500
0.249444615259177,0.1251313431215444,0.8744412014424732,0.4389033852630406,-0.1907050213103614,4,3786,4500
0.1734558821306555,0.6751904394329704,0.857895340144637,0.4080289672158138,-0.1926309927877799,5,3786,4500
0.1734558821306555,0.6751904394329704,0.857895340144637,0.4080289672158138,-0.1926309927877799,6,3786,4500
0.2003422234520631,0.1295087950176719,0.8280460469274867,0.3539901238319567,-0.1950284790404956,7,3786,4500
0.2211038805422573,0.1178136009127266,0.8760667709734091,0.3906931301854109,-0.1951460659388934,8,3786,4500
0.2211038805422573,0.1178136009127266,0.8760667709734091,0.3906931301854109,-0.1951460659388934,9,3786,4500
0.213174108309626,0.1486574742614981,0.823324851161445,0.3935381682222169,-0.195757300750101,10,3786,4500
0.1967588443655581,0.4875170091613447,0.823294073739746,0.3682188370233983,-0.196471652809166,11,3786,4500
0.1967588443655581,0.4875170091613447,0.823294073739746,0.3682188370233983,-0.196471652809166,12,3786,4500
0.2183693317425079,0.0963874156242382,0.8235018056808827,0.3531354652551065,-0.1966149400571021,13,3786,4500
0.2183693317425079,0.0963874156242382,0.8235018056808827,0.3531354652551065,-0.1966149400571021,14,3786,4500
0.2048499705960932,0.1512275252490255,0.823324851161445,0.3935381682222169,-0.1967892029303931,15,3786,4500
0.2048499705960932,0.1512275252490255,0.823324851161445,0.3935381682222169,-0.1967892029303931,16,3786,4500
0.2026385244658332,0.1391751507525663,0.9056570807297398,0.3331697758919246,-0.1969890742259161,17,3786,4500
0.2026385244658332,0.1391751507525663,0.9056570807297398,0.3331697758919246,-0.1969890742259161,18,3786,4500
0.2026381345843515,0.1267391097508225,0.9056570807297398,0.3331697758919246,-0.1974452680945568,19,3786,4500
0.2026381345843515,0.1267391097508225,0.9056570807297398,0.3331697758919246,-0.1974452680945568,20,3786,4500
0.2054612631670126,0.2485614748616944,0.8324334144968101,0.3711649359487888,-0.1977812690364839,21,3786,4500
0.2054612631670126,0.2485614748616944,0.8451649874313858,0.3713077705996399,-0.1984236469203943,22,3786,4500
0.2054612631670126,0.2485614748616944,0.8451649874313858,0.3713077705996399,-0.1984236469203943,23,3786,4500
0.2054612631670126,0.2485614748616944,0.8451649874313858,0.3713077705996399,-0.1984236469203943,24,3786,4500
0.2001266770395307,0.2486117948062929,0.8967927891330244,0.3861224677226067,-0.1989606224806631,25,3786,4500
0.2001266770395307,0.2486117948062929,0.8967927891330244,0.3861224677226067,-0.1989606224806631,26,3786,4500
0.2001266770395307,0.2486117948062929,0.8967927891330244,0.3861224677226067,-0.1989606224806631,27,3786,4500
0.2001266770395307,0.2486117948062929,0.8967927891330244,0.3861224677226067,-0.1989606224806631,28,3786,4500
0.2001266770395307,0.2486117948062929,0.8967927891330244,0.3861224677226067,-0.1989606224806631,29,3786,4500
0.2001266770395307,0.2486117948062929,0.8967927891330244,0.3861224677226067,-0.1989606224806631,30,3786,4500
0.2003013826110705,0.2486117948062929,0.9003776546545583,0.3861224677226067,-0.1992740565066081,31,3786,4500
0.2003013826110705,0.2486117948062929,0.9003776546545583,0.3861224677226067,-0.1992740565066081,32,3786,4500
0.2029780446431118,0.2474423400082967,0.9030994392371652,0.3638434092541092,-0.2005692967239832,33,3786,4500
0.2029780446431118,0.2474423400082967,0.9030994392371652,0.3638434092541092,-0.2005692967239832,34,3786,4500
0.2039788691267982,0.2486541808000018,0.9061038816965992,0.389114693319887,-0.2011559798884473,35,3786,4500
0.2039788691267982,0.2486541808000018,0.9061038816965992,0.389114693319887,-0.2011559798884473,36,3786,4500
0.2040857336884511,0.248356161688929,0.9040788161313726,0.3821070221900923,-0.20116621536231,37,3786,4500
0.2040857336884511,0.248356161688929,0.9040788161313726,0.3821070221900923,-0.20116621536231,38,3786,4500
0.2052645909877044,0.2473206899205558,0.9054806067776076,0.3902583168324003,-0.2015693935906717,39,3786,4500
0.2052645909877044,0.2473206899205558,0.9054806067776076,0.3902583168324003,-0.2015693935906717,40,3786,4500
0.2052645909877044,0.2473206899205558,0.9054806067776076,0.3902583168324003,-0.2015693935906717,41,3786,4500
0.2052645909877044,0.2473206899205558,0.9054806067776076,0.3902583168324003,-0.2015693935906717,42,3786,4500
0.2052645909877044,0.2473206899205558,0.9054806067776076,0.3902583168324003,-0.2015693935906717,43,3786,4500
0.2052645909877044,0.2473206899205558,0.9054806067776076,0.3902583168324003,-0.2015693935906717,44,3786,4500
0.2052645909877044,0.2473206899205558,0.9054806067776076,0.3902583168324003,-0.2015693935906717,45,3786,4500
0.2052645909877044,0.2473206899205558,0.9054806067776076,0.3902583168324003,-0.2015693935906717,46,3786,4500
0.2052645909877044,0.2473206899205558,0.9054806067776076,0.3902583168324003,-0.2015693935906717,47,3786,4500
0.2041158859441643,0.2473849780088322,0.9031443569111498,0.3887015559162599,-0.2016239054016993,48,3786,4500
0.2041158859441643,0.2473849780088322,0.9031443569111498,0.3887015559162599,-0.2016239054016993,49,3786,4500
0.2052551903608056,0.2473143885152751,0.9041288534441888,0.3891710312387493,-0.2017569795316311,50,3786,4500
0.2052551903608056,0.2473143885152751,0.9041288534441888,0.3891710312387493,-0.2017569795316311,51,3786,4500
0.2052551903608056,0.2473143885152751,0.9041288534441888,0.3891710312387493,-0.2017569795316311,52,3786,4500
0.2052551903608056,0.2473143885152751,0.9041288534441888,0.3891710312387493,-0.2017569795316311,53,3786,4500
0.2052551903608056,0.2473143885152751,0.9041288534441888,0.3891710312387493,-0.2017569795316311,54,3786,4500
0.2052551903608056,0.2473143885152751,0.9041288534441888,0.3891710312387493,-0.2017569795316311,55,3786,4500
0.2052551903608056,0.2473143885152751,0.9041288534441888,0.3891710312387493,-0.2017569795316311,56,3786,4500
0.2052551903608056,0.2473143885152751,0.9041288534441888,0.3891710312387493,-0.2017569795316311,57,3786,4500
0.2052551903608056,0.2473143885152751,0.9041288534441888,0.3891710312387493,-0.2017569795316311,58,3786,4500
0.2052551903608056,0.2473143885152751,0.9041288534441888,0.3891710312387493,-0.2017569795316311,59,3786,4500
0.2052551903608056,0.2473143885152751,0.9041288534441888,0.3891710312387493,-0.2017569795316311,60,3786,4500
0.2052551903608056,0.2473143885152751,0.9041288534441888,0.3891710312387493,-0.2017569795316311,61,3786,4500
0.2052551903608056,0.2473143885152751,0.9041288534441888,0.3891710312387493,-0.2017569795316311,62,3786,4500
0.2052551903608056,0.2473143885152751,0.9041288534441888,0.3891710312387493,-0.2017569795316311,63,3786,4500
0.2052551903608056,0.2473143885152751,0.9041288534441888,0.3891710312387493,-0.2017569795316311,64,3786,4500
0.2052551903608056,0.2473143885152751,0.9041288534441888,0.3891710312387493,-0.2017569795316311,65,3786,4500
0.2052551903608056,0.2473143885152751,0.9041288534441888,0.3891710312387493,-0.2017569795316311,66,3786,4500
0.2052551903608056,0.2473143885152751,0.9041288534441888,0.3891710312387493,-0.2017569795316311,67,3786,4500
0.2052551903608056,0.2473143885152751,0.9041288534441888,0.3891710312387493,-0.2017569795316311,68,3786,4500
0.2052551903608056,0.2473143885152751,0.9041288534441888,0.3891710312387493,-0.2017569795316311,69,3786,4500
0.2052551903608056,0.2473143885152751,0.9041288534441888,0.3891710312387493,-0.2017569795316311,70,3786,4500
0.2052551903608056,0.2473143885152751,0.9041288534441888,0.3891710312387493,-0.2017569795316311,71,3786,4500
0.2052551903608056,0.2473143885152751,0.9041288534441888,0.3891710312387493,-0.2017569795316311,72,3786,4500
0.2052551903608056,0.2473143885152751,0.9041288534441888,0.3891710312387493,-0.2017569795316311,73,3786,4500
0.4227169069454373,0.3809815392930875,0.8744412014424732,0.3533507781465587,-0.1647482195744108,0,3786,5214
0.3251177343283608,0.3816162185378232,0.886948033646623,0.3497468209541694,-0.1707314203618841,1,3786,5214
0.3251177343283608,0.3816162185378232,0.886948033646623,0.3497468209541694,-0.1707314203618841,2,3786,5214
0.3017551705217003,0.126311286551655,0.9390658281841936,0.2332232112175832,-0.1731274760649011,3,3786,5214
0.1746591502277515,0.3100380111620034,0.8744412014424732,0.3533507781465587,-0.175794739004956,4,3786,5214
0.1875492009176383,0.147528693605272,0.8416570830340213,0.3819337935966401,-0.1850525233335347,5,3786,5214
0.1875492009176383,0.147528693605272,0.8416570830340213,0.3819337935966401,-0.1850525233335347,6,3786,5214
0.2057292794887713,0.1189278698615204,0.8790623518588571,0.3592086975766533,-0.1863238830132488,7,3786,5214
0.189193414265594,0.1256176246171505,0.8420376728530684,0.3672590024255786,-0.1878246191135192,8,3786,5214
0.189193414265594,0.1256176246171505,0.8420376728530684,0.3672590024255786,-0.1878246191135192,9,3786,5214
0.2346802821937442,0.1256176246171505,0.8420512574782191,0.3672590024255786,-0.1892712614589121,10,3786,5214
0.2346802821937442,0.1256176246171505,0.8420512574782191,0.3672590024255786,-0.1892712614589121,11,3786,5214
0.2346802821937442,0.1256176246171505,0.8420512574782191,0.3672590024255786,-0.1892712614589121,12,3786,5214
0.2249398963482975,0.1256093531620509,0.8448127600417594,0.3729346023410615,-0.1897375371203929,13,3786,5214
0.2248395364879151,0.1256093531620509,0.8448127600417594,0.3820644071317234,-0.1899105895197947,14,3786,5214
0.2248395364879151,0.1256093531620509,0.8448127600417594,0.3820644071317234,-0.1899105895197947,15,3786,5214
0.2067550973041358,0.0978915572761441,0.844260078282216,0.367514494802435,-0.1901321139042443,16,3786,5214
0.223146187523263,0.1258195243767846,0.8315849504232323,0.3855209778395614,-0.1905515952029918,17,3786,5214
0.223146187523263,0.1258195243767846,0.8315849504232323,0.3855209778395614,-0.1905515952029918,18,3786,5214
0.223146187523263,0.1258195243767846,0.8315849504232323,0.3855209778395614,-0.1905515952029918,19,3786,5214
0.2067550973041358,0.1263751004179141,0.8234047458411302,0.3845099521506452,-0.1907731767009773,20,3786,5214
0.2067550973041358,0.1263751004179141,0.8234047458411302,0.3845099521506452,-0.1907731767009773,21,3786,5214
0.2231648142995397,0.0966924387850498,0.8266717440302966,0.3855757112472947,-0.1907782173566289,22,3786,5214
0.2067770401434679,0.0977120865275836,0.8288016857931857,0.38206687958337,-0.1912449258026924,23,3786,5214
0.2067770401434679,0.0977120865275836,0.8317058670084289,0.3850304231096869,-0.1914559990504091,24,3786,5214
0.2067770401434679,0.0977120865275836,0.8317058670084289,0.3850304231096869,-0.1914559990504091,25,3786,5214
0.2067770401434679,0.0977120865275836,0.8317058670084289,0.3850304231096869,-0.1914559990504091,26,3786,5214
0.2067770401434679,0.0977120865275836,0.8317058670084289,0.3850304231096869,-0.1914559990504091,27,3786,5214
0.2067770401434679,0.0977120865275836,0.8317058670084289,0.3850304231096869,-0.1914559990504091,28,3786,5214
0.2067770401434679,0.0977120865275836,0.8317058670084289,0.3850304231096869,-0.1914559990504091,29,3786,5214
0.2067770401434679,0.0977120865275836,0.8317058670084289,0.3850304231096869,-0.1914559990504091,30,3786,5214
0.2067770401434679,0.0977120865275836,0.8317058670084289,0.3850304231096869,-0.1914559990504091,31,3786,5214
0.2067537699945358,0.0963340572909983,0.8236633661611668,0.3786184652599093,-0.1916518049890987,32,3786,5214
0.2067537699945358,0.0963340572909983,0.8236633661611668,0.3786184652599093,-0.1916518049890987,33,3786,5214
0.2067537699945358,0.0963340572909983,0.8236633661611668,0.3786184652599093,-0.1916518049890987,34,3786,5214
0.2067537699945358,0.0963340572909983,0.8236633661611668,0.3786184652599093,-0.1916518049890987,35,3786,5214
0.2069972652977653,0.0963340572909983,0.8236633661611668,0.3867565954620131,-0.1917606653199537,36,3786,5214
0.2069972652977653,0.0963340572909983,0.8236633661611668,0.3867565954620131,-0.1917606653199537,37,3786,5214
0.2069972652977653,0.0963340572909983,0.8236633661611668,0.3867565954620131,-0.1917606653199537,38,3786,5214
0.2069972652977653,0.0963340572909983,0.8236633661611668,0.3867565954620131,-0.1917606653199537,39,3786,5214
0.2069972652977653,0.0963340572909983,0.8236633661611668,0.3867565954620131,-0.1917606653199537,40,3786,5214
0.2069972652977653,0.0963340572909983,0.8236633661611668,0.3867565954620131,-0.1917606653199537,41,3786,5214
0.2069972652977653,0.0963340572909983,0.8236633661611668,0.3867565954620131,-0.1917606653199537,42,3786,5214
0.2069972652977653,0.0963340572909983,0.8236633661611668,0.3867565954620131,-0.1917606653199537,43,3786,5214
0.2069972652977653,0.0963340572909983,0.8236633661611668,0.3867565954620131,-0.1917606653199537,44,3786,5214
0.2069972652977653,0.0963340572909983,0.8236633661611668,0.3867565954620131,-0.1917606653199537,45,3786,5214
0.2069972652977653,0.0963340572909983,0.8236633661611668,0.3867565954620131,-0.1917606653199537,46,3786,5214
0.2069972652977653,0.0963340572909983,0.8236633661611668,0.3867565954620131,-0.1917606653199537,47,3786,5214
0.2069972652977653,0.0963340572909983,0.8236633661611668,0.3867565954620131,-0.1917606653199537,48,3786,5214
0.2069972652977653,0.0963340572909983,0.8236633661611668,0.3867565954620131,-0.1917606653199537,49,3786,5214
0.2069972652977653,0.0963340572909983,0.8236633661611668,0.3867565954620131,-0.1917606653199537,50,3786,5214
0.2069972652977653,0.0963340572909983,0.8236633661611668,0.3867565954620131,-0.1917606653199537,51,3786,5214
0.2069972652977653,0.0963340572909983,0.8236633661611668,0.3867565954620131,-0.1917606653199537,52,3786,5214
0.2069972652977653,0.0963340572909983,0.8236633661611668,0.3867565954620131,-0.1917606653199537,53,3786,5214
0.2069972652977653,0.0963340572909983,0.8236633661611668,0.3867565954620131,-0.1917606653199537,54,3786,5214
0.2069972652977653,0.0963340572909983,0.8236633661611668,0.3867565954620131,-0.1917606653199537,55,3786,5214
0.2069972652977653,0.0963340572909983,0.8236633661611668,0.3867565954620131,-0.1917606653199537,56,3786,5214
0.2069972652977653,0.0963340572909983,0.8236633661611668,0.3867565954620131,-0.1917606653199537,57,3786,5214
0.4227169069454373,0.3809815392930875,0.8744412014424732,0.3533507781465587,-0.1499512375729749,0,3786,5929
0.3251177343283608,0.3816162185378232,0.886948033646623,0.3497468209541694,-0.1557917438564645,1,3786,5929
0.1997763147663397,0.1049087402867939,0.9634135105723266,0.2413050682807763,-0.1703075865075737,2,3786,5929
0.1997763147663397,0.1049087402867939,0.9634135105723266,0.2413050682807763,-0.1703075865075737,3,3786,5929
0.3745945714764139,0.1226886479226997,0.8353433200948095,0.25738015367037,-0.1745425409521042,4,3786,5929
0.2963383456420114,0.1302297845311655,0.8448550197680382,0.3048518736479699,-0.1794238887839554,5,3786,5929
0.2963383456420114,0.1302297845311655,0.8448550197680382,0.3048518736479699,-0.1794238887839554,6,3786,5929
0.7940609832894352,0.1226886479226997,0.8353433200948095,0.380507847760865,-0.180357320271453,7,3786,5929
0.2287129711553312,0.1315728767073621,0.8600664535898733,0.3355460453753285,-0.1819579918287854,8,3786,5929
0.3072007448180723,0.1319923157995131,0.8447082404176901,0.3813252241163172,-0.1840433288331512,9,3786,5929
0.3072007448180723,0.1319923157995131,0.8447082404176901,0.3813252241163172,-0.1840433288331512,10,3786,5929
0.2294007988256029,0.1234595001393085,0.8462203332813291,0.3502405223954139,-0.1857636731410836,11,3786,5929
0.2025980206349487,0.0968393982459935,0.8436406831996617,0.3939481938756036,-0.1867364906677334,12,3786,5929
0.2025980206349487,0.0968393982459935,0.8436406831996617,0.3939481938756036,-0.1867364906677334,13,3786,5929
0.2025980206349487,0.0968393982459935,0.8436406831996617,0.3939481938756036,-0.1867364906677334,14,3786,5929
0.2025980206349487,0.0968393982459935,0.8436406831996617,0.3939481938756036,-0.1867364906677334,15,3786,5929
0.228725374550741,0.1050960076385634,0.8252489062382745,0.3818562519179209,-0.1867694564820083,16,3786,5929
0.228725374550741,0.1050960076385634,0.8252489062382745,0.3818562519179209,-0.1867694564820083,17,3786,5929
0.228725374550741,0.0976983489829758,0.8252489062382745,0.3818137719635667,-0.1882619658380929,18,3786,5929
0.228725374550741,0.0976983489829758,0.8252489062382745,0.3818137719635667,-0.1882619658380929,19,3786,5929
0.228725374550741,0.0976983489829758,0.8252489062382745,0.3818137719635667,-0.1882619658380929,20,3786,5929
0.228725374550741,0.0976983489829758,0.8252489062382745,0.3818137719635667,-0.1882619658380929,21,3786,5929
0.228725374550741,0.0976983489829758,0.8252489062382745,0.3818137719635667,-0.1882619658380929,22,3786,5929
0.2320189013182958,0.0969744640035639,0.8331576373884216,0.383179671923688,-0.1884678447673035,23,3786,5929
0.2320189013182958,0.0969744640035639,0.8331576373884216,0.383179671923688,-0.1884678447673035,24,3786,5929
0.2320189013182958,0.0969744640035639,0.8331576373884216,0.383179671923688,-0.1884678447673035,25,3786,5929
0.2282553532932774,0.0974306374792738,0.8252489062382745,0.3826649092491532,-0.188606835736429,26,3786,5929
0.2282553532932774,0.0974306374792738,0.8252489062382745,0.3826649092491532,-0.188606835736429,27,3786,5929
0.2282553532932774,0.0974306374792738,0.8252489062382745,0.3826649092491532,-0.188606835736429,28,3786,5929
0.2252329113264197,0.0970705916692206,0.8256886831431517,0.3825175812979355,-0.1891591306722644,29,3786,5929
0.2252329113264197,0.0970705916692206,0.8256886831431517,0.3825175812979355,-0.1891591306722644,30,3786,5929
0.2252329113264197,0.0970705916692206,0.8256886831431517,0.3825175812979355,-0.1891591306722644,31,3786,5929
0.2252329113264197,0.0970705916692206,0.8256886831431517,0.3825175812979355,-0.1891591306722644,32,3786,5929
0.2252329113264197,0.0970705916692206,0.8256886831431517,0.3825175812979355,-0.1891591306722644,33,3786,5929
0.2252329113264197,0.0970705916692206,0.8256886831431517,0.3825175812979355,-0.1891591306722644,34,3786,5929
0.2252329113264197,0.0970705916692206,0.8256886831431517,0.3825175812979355,-0.1891591306722644,35,3786,5929
0.2252329113264197,0.0970705916692206,0.8256886831431517,0.3825175812979355,-0.1891591306722644,36,3786,5929
0.2252329113264197,0.0970705916692206,0.8256886831431517,0.3825175812979355,-0.1891591306722644,37,3786,5929
0.2252329113264197,0.0970705916692206,0.8256886831431517,0.3825175812979355,-0.1891591306722644,38,3786,5929
0.2252329113264197,0.0970705916692206,0.8256886831431517,0.3825175812979355,-0.1891591306722644,39,3786,5929
0.2252329113264197,0.0970705916692206,0.8256886831431517,0.3825175812979355,-0.1891591306722644,40,3786,5929
0.2252329113264197,0.0970705916692206,0.8256886831431517,0.3825175812979355,-0.1891591306722644,41,3786,5929
0.2252329113264197,0.0970705916692206,0.8256886831431517,0.3825175812979355,-0.1891591306722644,42,3786,5929
0.2252329113264197,0.0970705916692206,0.8256886831431517,0.3825175812979355,-0.1891591306722644,43,3786,5929
0.2252329113264197,0.0970705916692206,0.8256886831431517,0.3825175812979355,-0.1891591306722644,44,3786,5929
0.2252329113264197,0.0970705916692206,0.8256886831431517,0.3825175812979355,-0.1891591306722644,45,3786,5929
0.2252329113264197,0.0970705916692206,0.8256886831431517,0.3825175812979355,-0.1891591306722644,46,3786,5929
0.2252329113264197,0.0970705916692206,0.8256886831431517,0.3825175812979355,-0.1891591306722644,47,3786,5929
0.2252329113264197,0.0970705916692206,0.8256886831431517,0.3825175812979355,-0.1891591306722644,48,3786,5929
0.2252329113264197,0.0970705916692206,0.8256886831431517,0.3825175812979355,-0.1891591306722644,49,3786,5929
0.2252329113264197,0.0970705916692206,0.8256886831431517,0.3825175812979355,-0.1891591306722644,50,3786,5929
0.2252329113264197,0.0970705916692206,0.8256886831431517,0.3825175812979355,-0.1891591306722644,51,3786,5929
0.2252329113264197,0.0970705916692206,0.8256886831431517,0.3825175812979355,-0.1891591306722644,52,3786,5929
0.2252329113264197,0.0970705916692206,0.8256886831431517,0.3825175812979355,-0.1891591306722644,53,3786,5929
0.2252329113264197,0.0970705916692206,0.8256886831431517,0.3825175812979355,-0.1891591306722644,54,3786,5929
0.4227169069454373,0.3809815392930875,0.8744412014424732,0.3533507781465587,-0.1409230224526331,0,3786,6643
0.3251177343283608,0.3816162185378232,0.886948033646623,0.3497468209541694,-0.1446025776488902,1,3786,6643
0.1630127898334451,0.3100380111620034,0.8744412014424732,0.3533507781465587,-0.1529099376733362,2,3786,6643
0.3000048523760638,0.1064771851809791,0.9514483240081172,0.2239568290668697,-0.1530022343491836,3,3786,6643
0.178114061840778,0.0913355709111027,0.8175396488436582,0.3669438161699548,-0.1581844313701403,4,3786,6643
0.178114061840778,0.0926761563188478,0.8164415860939447,0.3828442482956438,-0.1584097174107471,5,3786,6643
0.2492253508000466,0.1361173009925857,0.885878882570843,0.3671695711384197,-0.1663956564954067,6,3786,6643
0.1623107475055246,0.0926761563188478,0.8669227502781128,0.3803227877310551,-0.1727295968440924,7,3786,6643
0.1832010601774344,0.0859213698723637,0.906468214637588,0.3450983990067165,-0.1742747199222336,8,3786,6643
0.1832010601774344,0.0859213698723637,0.906468214637588,0.3450983990067165,-0.1742747199222336,9,3786,6643
0.188491114938594,0.0926546631118734,0.8527832145154367,0.3803227877310551,-0.1769267788640643,10,3786,6643
0.219390160652578,0.0926761563188478,0.8348194436659083,0.3636817813166632,-0.178561138987855,11,3786,6643
0.219390160652578,0.0926761563188478,0.8348194436659083,0.3636817813166632,-0.178561138987855,12,3786,6643
0.2171092138890083,0.0926761563188478,0.8348218678850313,0.3659920113726408,-0.1792995974357751,13,3786,6643
0.2171092138890083,0.0926761563188478,0.8348218678850313,0.3659920113726408,-0.1792995974357751,14,3786,6643
0.2246938702219157,0.0914333458823538,0.8399786881816063,0.37954488639575,-0.1801136630800546,15,3786,6643
0.2246938702219157,0.0914333458823538,0.8399786881816063,0.37954488639575,-0.1801136630800546,16,3786,6643
0.2077639367604519,0.086319187094802,0.8296112066265816,0.3777547573251656,-0.1805554154170407,17,3786,6643
0.2077639367604519,0.086319187094802,0.8296112066265816,0.3777547573251656,-0.1805554154170407,18,3786,6643
0.2077639367604519,0.086319187094802,0.8296112066265816,0.3777547573251656,-0.1805554154170407,19,3786,6643
0.2077639367604519,0.086319187094802,0.8296112066265816,0.3777547573251656,-0.1805554154170407,20,3786,6643
0.2077639367604519,0.0926853702589263,0.8298753871670456,0.3777547573251656,-0.1811792206450646,21,3786,6643
0.2077639367604519,0.0926853702589263,0.8298753871670456,0.3777547573251656,-0.1811792206450646,22,3786,6643
0.2077639367604519,0.0974222001651164,0.8298753871670456,0.3777547573251656,-0.1812222296135408,23,3786,6643
0.2077639367604519,0.0974222001651164,0.8298753871670456,0.3777547573251656,-0.1812222296135408,24,3786,6643
0.2077639367604519,0.0974222001651164,0.8298753871670456,0.3777547573251656,-0.1812222296135408,25,3786,6643
0.2077639367604519,0.0974222001651164,0.8298753871670456,0.3777547573251656,-0.1812222296135408,26,3786,6643
0.2077639367604519,0.0974222001651164,0.8298753871670456,0.3777547573251656,-0.1812222296135408,27,3786,6643
0.2077639367604519,0.0974222001651164,0.8298753871670456,0.3777547573251656,-0.1812222296135408,28,3786,6643
0.2077172278602588,0.0974222001651164,0.8298841743990593,0.3852480592993791,-0.181465393827729,29,3786,6643
0.2077172278602588,0.0974222001651164,0.8298841743990593,0.3852480592993791,-0.181465393827729,30,3786,6643
0.2077172278602588,0.0974222001651164,0.8298841743990593,0.3852480592993791,-0.181465393827729,31,3786,6643
0.2077172278602588,0.0974222001651164,0.8298841743990593,0.3852480592993791,-0.181465393827729,32,3786,6643
0.2077172278602588,0.0974222001651164,0.8298841743990593,0.3852480592993791,-0.181465393827729,33,3786,6643
0.2077172278602588,0.0974222001651164,0.8298841743990593,0.3852480592993791,-0.181465393827729,34,3786,6643
0.2077172278602588,0.0974222001651164,0.8298841743990593,0.3852480592993791,-0.181465393827729,35,3786,6643
0.2077172278602588,0.0974222001651164,0.8298841743990593,0.3852480592993791,-0.181465393827729,36,3786,6643
0.2077172278602588,0.0974222001651164,0.8298841743990593,0.3852480592993791,-0.181465393827729,37,3786,6643
0.2077172278602588,0.0974222001651164,0.8298841743990593,0.3852480592993791,-0.181465393827729,38,3786,6643
0.2077172278602588,0.0974222001651164,0.8298841743990593,0.3852480592993791,-0.181465393827729,39,3786,6643
0.2077172278602588,0.0974222001651164,0.8298841743990593,0.3852480592993791,-0.181465393827729,40,3786,6643
0.2077172278602588,0.0974222001651164,0.8298841743990593,0.3852480592993791,-0.181465393827729,41,3786,6643
0.2077172278602588,0.0974222001651164,0.8298841743990593,0.3852480592993791,-0.181465393827729,42,3786,6643
0.2077172278602588,0.0974222001651164,0.8298841743990593,0.3852480592993791,-0.181465393827729,43,3786,6643
0.2077172278602588,0.0974222001651164,0.8298841743990593,0.3852480592993791,-0.181465393827729,44,3786,6643
0.2077172278602588,0.0974222001651164,0.8298841743990593,0.3852480592993791,-0.181465393827729,45,3786,6643
0.2077172278602588,0.0974222001651164,0.8298841743990593,0.3852480592993791,-0.181465393827729,46,3786,6643
0.2077172278602588,0.0974222001651164,0.8298841743990593,0.3852480592993791,-0.181465393827729,47,3786,6643
0.2077172278602588,0.0974222001651164,0.8298841743990593,0.3852480592993791,-0.181465393827729,48,3786,6643
0.2077172278602588,0.0974222001651164,0.8298841743990593,0.3852480592993791,-0.181465393827729,49,3786,6643
0.2077172278602588,0.0974222001651164,0.8298841743990593,0.3852480592993791,-0.181465393827729,50,3786,6643
0.2077172278602588,0.0974222001651164,0.8298841743990593,0.3852480592993791,-0.181465393827729,51,3786,6643
0.2077172278602588,0.0974222001651164,0.8298841743990593,0.3852480592993791,-0.181465393827729,52,3786,6643
0.2077172278602588,0.0974222001651164,0.8298841743990593,0.3852480592993791,-0.181465393827729,53,3786,6643
0.2077172278602588,0.0974222001651164,0.8298841743990593,0.3852480592993791,-0.181465393827729,54,3786,6643
0.3118314520104854,0.8102743521062991,0.8612666847869941,0.4244635846320775,-0.1339755716638534,0,3786,7357
0.3251177343283608,0.3816162185378232,0.886948033646623,0.3497468209541694,-0.1359259867714961,1,3786,7357
0.3251177343283608,0.3816162185378232,0.886948033646623,0.3497468209541694,-0.1359259867714961,2,3786,7357
0.3770371183033718,0.2417886953834857,0.901415951956018,0.3610135303375997,-0.1486428512228051,3,3786,7357
0.2050608809217529,0.2493846293962884,0.9469729373407004,0.3685407500802543,-0.1595990044449544,4,3786,7357
0.2050608809217529,0.2493846293962884,0.9469729373407004,0.3685407500802543,-0.1595990044449544,5,3786,7357
0.2050608809217529,0.2493846293962884,0.9469729373407004,0.3685407500802543,-0.1595990044449544,6,3786,7357
0.2516374028663185,0.0575846725493959,0.8319340228402003,0.3659618022285923,-0.1629780749727857,7,3786,7357
0.3024387615568997,0.1070683698471914,0.8437253592169641,0.3450556836821465,-0.1650773642746422,8,3786,7357
0.3024387615568997,0.1070683698471914,0.8437253592169641,0.3450556836821465,-0.1650773642746422,9,3786,7357
0.2878824025488033,0.1171923725203872,0.8292882017925668,0.3767851421437153,-0.1670824541502139,10,3786,7357
0.2365617992507009,0.1080729053355259,0.8292882017925668,0.3767851421437153,-0.1694337731522275,11,3786,7357
0.2028553949549282,0.1079279218582757,0.8312931809956497,0.3738368424624497,-0.1701822319944221,12,3786,7357
0.2087678132683794,0.1234722446358523,0.8399606075526188,0.3680167638066879,-0.17038792070299,13,3786,7357
0.2087678132683794,0.1234722446358523,0.8399606075526188,0.3680167638066879,-0.17038792070299,14,3786,7357
0.2246055651756043,0.0983932113998077,0.8395533248949868,0.3343981588310133,-0.1705373660438108,15,3786,7357
0.2046733909427699,0.1082887214621973,0.8432592939478504,0.3845153604222896,-0.1706916508688508,16,3786,7357
0.2336369119049487,0.102730260562221,0.834359960278102,0.3855997721449904,-0.1713050274916975,17,3786,7357
0.204592652948952,0.0858307386448093,0.8398576670420973,0.385835146258102,-0.1715339039639273,18,3786,7357
0.203996260231315,0.0927878929447719,0.834359960278102,0.3843012271924353,-0.1725430918946848,19,3786,7357
0.203996260231315,0.0927878929447719,0.834359960278102,0.3843012271924353,-0.1725430918946848,20,3786,7357
0.203996260231315,0.0927878929447719,0.834359960278102,0.3843012271924353,-0.1725430918946848,21,3786,7357
0.203996260231315,0.0927878929447719,0.834359960278102,0.3843012271924353,-0.1725430918946848,22,3786,7357
0.2087678132683794,0.092621661189045,0.8277352520955523,0.3850490677867226,-0.1727477905774902,23,3786,7357
0.2087678132683794,0.092621661189045,0.8277352520955523,0.3850490677867226,-0.1727477905774902,24,3786,7357
0.2087678132683794,0.092621661189045,0.8277352520955523,0.3850490677867226,-0.1727477905774902,25,3786,7357
0.2087636896842097,0.0927584487285491,0.8327430200238036,0.3851820281861335,-0.1728339516048274,26,3786,7357
0.2087636896842097,0.0927584487285491,0.8327430200238036,0.3851820281861335,-0.1728339516048274,27,3786,7357
0.2087636896842097,0.0927584487285491,0.8327430200238036,0.3851820281861335,-0.1728339516048274,28,3786,7357
0.2087636896842097,0.0927584487285491,0.8327430200238036,0.3851820281861335,-0.1728339516048274,29,3786,7357
0.2087636896842097,0.0927584487285491,0.8327430200238036,0.3851820281861335,-0.1728339516048274,30,3786,7357
0.2087636896842097,0.0927584487285491,0.8327430200238036,0.3851820281861335,-0.1728339516048274,31,3786,7357
0.2084074738299796,0.0964314562944196,0.8340586523484212,0.3834669436331472,-0.1728769605733036,32,3786,7357
0.2084074738299796,0.0964314562944196,0.8340586523484212,0.3834669436331472,-0.1728769605733036,33,3786,7357
0.2084074738299796,0.0964314562944196,0.8340586523484212,0.3834669436331472,-0.1728769605733036,34,3786,7357
0.2084074738299796,0.0964314562944196,0.8340586523484212,0.3834669436331472,-0.1728769605733036,35,3786,7357
0.2084074738299796,0.0964314562944196,0.8340586523484212,0.3834669436331472,-0.1728769605733036,36,3786,7357
0.2084074738299796,0.0964314562944196,0.8340586523484212,0.3834669436331472,-0.1728769605733036,37,3786,7357
0.2084074738299796,0.0964314562944196,0.8340586523484212,0.3834669436331472,-0.1728769605733036,38,3786,7357
0.2084074738299796,0.0964314562944196,0.8340586523484212,0.3834669436331472,-0.1728769605733036,39,3786,7357
0.2084074738299796,0.0964314562944196,0.8340586523484212,0.3834669436331472,-0.1728769605733036,40,3786,7357
0.2084074738299796,0.0964314562944196,0.8340586523484212,0.3834669436331472,-0.1728769605733036,41,3786,7357
0.2084074738299796,0.0964314562944196,0.8340586523484212,0.3834669436331472,-0.1728769605733036,42,3786,7357
0.2084074738299796,0.0964314562944196,0.8340586523484212,0.3834669436331472,-0.1728769605733036,43,3786,7357
0.2084074738299796,0.0964314562944196,0.8340586523484212,0.3834669436331472,-0.1728769605733036,44,3786,7357
0.2084074738299796,0.0964314562944196,0.8340586523484212,0.3834669436331472,-0.1728769605733036,45,3786,7357
0.2084074738299796,0.0964314562944196,0.8340586523484212,0.3834669436331472,-0.1728769605733036,46,3786,7357
0.2084074738299796,0.0964314562944196,0.8340586523484212,0.3834669436331472,-0.1728769605733036,47,3786,7357
0.2084074738299796,0.0964314562944196,0.8340586523484212,0.3834669436331472,-0.1728769605733036,48,3786,7357
0.2084074738299796,0.0964314562944196,0.8340586523484212,0.3834669436331472,-0.1728769605733036,49,3786,7357
0.2084074738299796,0.0964314562944196,0.8340586523484212,0.3834669436331472,-0.1728769605733036,50,3786,7357
0.2084074738299796,0.0964314562944196,0.8340586523484212,0.3834669436331472,-0.1728769605733036,51,3786,7357
0.2084074738299796,0.0964314562944196,0.8340586523484212,0.3834669436331472,-0.1728769605733036,52,3786,7357
0.2084074738299796,0.0964314562944196,0.8340586523484212,0.3834669436331472,-0.1728769605733036,53,3786,7357
0.2084074738299796,0.0964314562944196,0.8340586523484212,0.3834669436331472,-0.1728769605733036,54,3786,7357
0.2084074738299796,0.0964314562944196,0.8340586523484212,0.3834669436331472,-0.1728769605733036,55,3786,7357
0.2084074738299796,0.0964314562944196,0.8340586523484212,0.3834669436331472,-0.1728769605733036,56,3786,7357
0.2084074738299796,0.0964314562944196,0.8340586523484212,0.3834669436331472,-0.1728769605733036,57,3786,7357
0.4227169069454373,0.3809815392930875,0.8744412014424732,0.3533507781465587,-0.1221037673423947,0,3786,8072
0.3251177343283608,0.3816162185378232,0.886948033646623,0.3497468209541694,-0.1240816892653349,1,3786,8072
0.2783477558360442,0.2225068659462724,0.9487902216568384,0.339405931982822,-0.1369985125028672,2,3786,8072
0.2747304917728673,0.2225068659462724,0.9487902216568384,0.339405931982822,-0.137095479268491,3,3786,8072
0.4494458659034238,0.1326962975467872,0.8511851176385893,0.2434927120280825,-0.1402269737884993,4,3786,8072
0.2747304917728673,0.1233721881181787,0.9486060395901404,0.3379543408823408,-0.1495673319273863,5,3786,8072
0.2828790828623755,0.1149349552922077,0.868667873221849,0.3831862433795834,-0.153726933907537,6,3786,8072
0.2828790828623755,0.1149349552922077,0.868667873221849,0.3831862433795834,-0.153726933907537,7,3786,8072
0.2828790828623755,0.1149349552922077,0.868667873221849,0.3831862433795834,-0.153726933907537,8,3786,8072
0.2294449241928257,0.1077462705631527,0.8271351290533652,0.3722739808186992,-0.1601873568815998,9,3786,8072
0.2294449241928257,0.1077462705631527,0.8271351290533652,0.3722739808186992,-0.1601873568815998,10,3786,8072
0.2313279569039336,0.0659615324759526,0.8271351290533652,0.3489486261950318,-0.1602696372168731,11,3786,8072
0.2313279569039336,0.1081967900501697,0.8271351290533652,0.3489486261950318,-0.1605348956020605,12,3786,8072
0.2326996750478746,0.0973910529207819,0.8276166936945026,0.3403312303457411,-0.1617327117082846,13,3786,8072
0.2326996750478746,0.0973910529207819,0.8276166936945026,0.3403312303457411,-0.1617327117082846,14,3786,8072
0.2326996750478746,0.0973910529207819,0.8276166936945026,0.3403312303457411,-0.1617327117082846,15,3786,8072
0.2326996750478746,0.0973910529207819,0.8276166936945026,0.3403312303457411,-0.1617327117082846,16,3786,8072
0.2330042610207211,0.0973910529207819,0.8301025239607043,0.349967124961078,-0.161769592017069,17,3786,8072
0.2040963570825718,0.0911550711266148,0.825822562669575,0.3407029345789318,-0.1618851867757156,18,3786,8072
0.2326996750478746,0.0973910529207819,0.8276166936945026,0.3390952972752353,-0.161917200033772,19,3786,8072
0.2253972689087952,0.0963561293630999,0.8254614727533158,0.3182703396092243,-0.1622990418558693,20,3786,8072
0.2253972689087952,0.0963561293630999,0.8254614727533158,0.3182703396092243,-0.1622990418558693,21,3786,8072
0.2253972689087952,0.0963561293630999,0.8254614727533158,0.3182703396092243,-0.1622990418558693,22,3786,8072
0.2253972689087952,0.0963561293630999,0.8254614727533158,0.3182703396092243,-0.1622990418558693,23,3786,8072
0.2323627973380163,0.0973910529207819,0.829150071140614,0.3171975102273519,-0.1624578040633761,24,3786,8072
0.231080442639366,0.0961620134957838,0.8239513147587507,0.3177451972164997,-0.1627820845052452,25,3786,8072
0.231080442639366,0.0961620134957838,0.8239513147587507,0.3177451972164997,-0.1627820845052452,26,3786,8072
0.231080442639366,0.0961620134957838,0.8239513147587507,0.3177451972164997,-0.1627820845052452,27,3786,8072
0.231080442639366,0.0961620134957838,0.8239513147587507,0.3177451972164997,-0.1627820845052452,28,3786,8072
0.2069662461397562,0.0973912764405743,0.8276179182555682,0.3177237234752207,-0.1627916092330088,29,3786,8072
0.2069662461397562,0.0973912764405743,0.8276179182555682,0.3177237234752207,-0.1627916092330088,30,3786,8072
0.2069662461397562,0.0973912764405743,0.8276179182555682,0.3177237234752207,-0.1627916092330088,31,3786,8072
0.2092326274868141,0.0974113519194305,0.833762284083423,0.3168060508469978,-0.1629157107591907,32,3786,8072
0.2088522030329301,0.0918808717544684,0.8239513147587507,0.3177561989234039,-0.1632197522567923,33,3786,8072
0.2088522030329301,0.0918808717544684,0.8239513147587507,0.3177561989234039,-0.1632197522567923,34,3786,8072
0.2088522030329301,0.0918808717544684,0.8239513147587507,0.3177561989234039,-0.1632197522567923,35,3786,8072
0.2088522030329301,0.0918808717544684,0.8239513147587507,0.3177561989234039,-0.1632197522567923,36,3786,8072
0.2088522030329301,0.0918808717544684,0.8239513147587507,0.3177561989234039,-0.1632197522567923,37,3786,8072
0.2088522030329301,0.0918808717544684,0.8239513147587507,0.3177561989234039,-0.1632197522567923,38,3786,8072
0.2088522030329301,0.0918808717544684,0.8239513147587507,0.3177561989234039,-0.1632197522567923,39,3786,8072
0.2088522030329301,0.0918808717544684,0.8239513147587507,0.3177561989234039,-0.1632197522567923,40,3786,8072
0.2088522030329301,0.0918808717544684,0.8239513147587507,0.3177561989234039,-0.1632197522567923,41,3786,8072
0.2088522030329301,0.0918808717544684,0.8239513147587507,0.3177561989234039,-0.1632197522567923,42,3786,8072
0.2088522030329301,0.0918808717544684,0.8239513147587507,0.3177561989234039,-0.1632197522567923,43,3786,8072
0.2088522030329301,0.0918808717544684,0.8239513147587507,0.3177561989234039,-0.1632197522567923,44,3786,8072
0.2088522030329301,0.0918808717544684,0.8239513147587507,0.3177561989234039,-0.1632197522567923,45,3786,8072
0.2088331884008782,0.0925528754177345,0.8239513147587507,0.3169295736227166,-0.1633878810249388,46,3786,8072
0.2088331884008782,0.0925528754177345,0.8239513147587507,0.3169295736227166,-0.1633878810249388,47,3786,8072
0.208024111742027,0.0973903780965023,0.8239421065869019,0.316947169148598,-0.1634308899934149,48,3786,8072
0.208024111742027,0.0973903780965023,0.8239421065869019,0.316947169148598,-0.1634308899934149,49,3786,8072
0.208024111742027,0.0973903780965023,0.8239421065869019,0.316947169148598,-0.1634308899934149,50,3786,8072
0.208024111742027,0.0973903780965023,0.8239421065869019,0.316947169148598,-0.1634308899934149,51,3786,8072
0.208024111742027,0.0973903780965023,0.8239421065869019,0.316947169148598,-0.1634308899934149,52,3786,8072
0.208024111742027,0.0973903780965023,0.8239421065869019,0.316947169148598,-0.1634308899934149,53,3786,8072
0.208024111742027,0.0973903780965023,0.8239421065869019,0.316947169148598,-0.1634308899934149,54,3786,8072
0.208024111742027,0.0973903780965023,0.8239421065869019,0.316947169148598,-0.1634308899934149,55,3786,8072
0.208024111742027,0.0973903780965023,0.8239421065869019,0.316947169148598,-0.1634308899934149,56,3786,8072
0.208024111742027,0.0973903780965023,0.8239421065869019,0.316947169148598,-0.1634308899934149,57,3786,8072
0.208024111742027,0.0973903780965023,0.8239421065869019,0.316947169148598,-0.1634308899934149,58,3786,8072
0.208024111742027,0.0973903780965023,0.8239421065869019,0.316947169148598,-0.1634308899934149,59,3786,8072
0.208024111742027,0.0973903780965023,0.8239421065869019,0.316947169148598,-0.1634308899934149,60,3786,8072
0.208024111742027,0.0973903780965023,0.8239421065869019,0.316947169148598,-0.1634308899934149,61,3786,8072
0.208024111742027,0.0973903780965023,0.8239421065869019,0.316947169148598,-0.1634308899934149,62,3786,8072
0.208024111742027,0.0973903780965023,0.8239421065869019,0.316947169148598,-0.1634308899934149,63,3786,8072
0.208024111742027,0.0973903780965023,0.8239421065869019,0.316947169148598,-0.1634308899934149,64,3786,8072
0.208024111742027,0.0973903780965023,0.8239421065869019,0.316947169148598,-0.1634308899934149,65,3786,8072
0.208024111742027,0.0973903780965023,0.8239421065869019,0.316947169148598,-0.1634308899934149,66,3786,8072
0.208024111742027,0.0973903780965023,0.8239421065869019,0.316947169148598,-0.1634308899934149,67,3786,8072
0.208024111742027,0.0973903780965023,0.8239421065869019,0.316947169148598,-0.1634308899934149,68,3786,8072
0.208024111742027,0.0973903780965023,0.8239421065869019,0.316947169148598,-0.1634308899934149,69,3786,8072
0.208024111742027,0.0973903780965023,0.8239421065869019,0.316947169148598,-0.1634308899934149,70,3786,8072
0.208024111742027,0.0973903780965023,0.8239421065869019,0.316947169148598,-0.1634308899934149,71,3786,8072
0.819626719119277,0.1490480233707125,0.6506724295996501,0.7785803681279121,-0.2026069670451954,0,4500,3072
0.819626719119277,0.1490480233707125,0.6506724295996501,0.7785803681279121,-0.2026069670451954,1,4500,3072
0.819626719119277,0.1490480233707125,0.6506724295996501,0.7785803681279121,-0.2026069670451954,2,4500,3072
0.819626719119277,0.1490480233707125,0.6506724295996501,0.7785803681279121,-0.2026069670451954,3,4500,3072
0.819626719119277,0.1490480233707125,0.6506724295996501,0.7785803681279121,-0.2026069670451954,4,4500,3072
0.819626719119277,0.1490480233707125,0.6506724295996501,0.7785803681279121,-0.2026069670451954,5,4500,3072
0.819626719119277,0.1490480233707125,0.6506724295996501,0.7785803681279121,-0.2026069670451954,6,4500,3072
0.819626719119277,0.1490480233707125,0.6506724295996501,0.7785803681279121,-0.2026069670451954,7,4500,3072
0.819626719119277,0.1490480233707125,0.6506724295996501,0.7785803681279121,-0.2026069670451954,8,4500,3072
0.2048013495564088,0.2862591294617621,0.9036263870732384,0.3066217512259301,-0.2038658992759458,9,4500,3072
0.2070229801475265,0.2705781679965574,0.9036774087355004,0.3578517397349693,-0.2059761421631104,10,4500,3072
0.2070229801475265,0.2705781679965574,0.9036774087355004,0.3578517397349693,-0.2059761421631104,11,4500,3072
0.1658520694200858,0.0778141421294018,0.9062991808551416,0.4248868080578341,-0.2064059669791455,12,4500,3072
0.1658520694200858,0.0778141421294018,0.9062991808551416,0.4248868080578341,-0.2064059669791455,13,4500,3072
0.1692245990759448,0.0776592188319912,0.8652947291826049,0.4215938161539238,-0.2068359969235848,14,4500,3072
0.2098848952292178,0.0777502100068659,0.8972245210619001,0.3858468158925838,-0.2092071910868888,15,4500,3072
0.2098848952292178,0.0777502100068659,0.8972245210619001,0.3858468158925838,-0.2092071910868888,16,4500,3072
0.2098848952292178,0.0777502100068659,0.8972245210619001,0.3858468158925838,-0.2092071910868888,17,4500,3072
0.2098848952292178,0.0777502100068659,0.8972245210619001,0.3858468158925838,-0.2092071910868888,18,4500,3072
0.2098848952292178,0.0777502100068659,0.8972245210619001,0.3858468158925838,-0.2092071910868888,19,4500,3072
0.2098848952292178,0.0777502100068659,0.8972245210619001,0.3858468158925838,-0.2092071910868888,20,4500,3072
0.2082464897634347,0.077801364911495,0.8969892109933091,0.3366109735813797,-0.2092286595012476,21,4500,3072
0.2082464897634347,0.077801364911495,0.8969892109933091,0.3366109735813797,-0.2092286595012476,22,4500,3072
0.225892382820613,0.0768068699779001,0.8898342787744518,0.3210746411150768,-0.209569872050741,23,4500,3072
0.2048569746273932,0.0776321807941327,0.8873883314861398,0.3865498871997854,-0.2096468152409145,24,4500,3072
0.2086641233766313,0.0768792850897797,0.8960350335942676,0.3907735899732715,-0.209647617293358,25,4500,3072
0.2086641233766313,0.0768792850897797,0.8960350335942676,0.3907735899732715,-0.209647617293358,26,4500,3072
0.2086641233766313,0.0768792850897797,0.8960350335942676,0.3907735899732715,-0.209647617293358,27,4500,3072
0.2086641233766313,0.0768792850897797,0.8960350335942676,0.3907735899732715,-0.209647617293358,28,4500,3072
0.2086641233766313,0.0768792850897797,0.8960350335942676,0.3907735899732715,-0.209647617293358,29,4500,3072
0.2061348609795273,0.0775000115929389,0.8904451407404459,0.3886495284081127,-0.2097235996869198,30,4500,3072
0.2061348609795273,0.0775000115929389,0.8904451407404459,0.3886495284081127,-0.2097235996869198,31,4500,3072
0.2317002029406551,0.0768772674357697,0.8872190978701944,0.3904806100002412,-0.2097879031696253,32,4500,3072
0.2317002029406551,0.0768772674357697,0.8872190978701944,0.3904806100002412,-0.2097879031696253,33,4500,3072
0.2317002029406551,0.0768772674357697,0.8861175844522878,0.3904806100002412,-0.209832962272535,34,4500,3072
0.2317002029406551,0.0768772674357697,0.8861175844522878,0.3904806100002412,-0.209832962272535,35,4500,3072
0.2317002029406551,0.0768772674357697,0.8861175844522878,0.3904806100002412,-0.209832962272535,36,4500,3072
0.2244764518387725,0.0768096267703774,0.8898902315554665,0.3907532008377693,-0.2098586170545039,37,4500,3072
0.2244764518387725,0.0768096267703774,0.8898902315554665,0.3907532008377693,-0.2098586170545039,38,4500,3072
0.2268642300849077,0.0780137976452737,0.8865622628737215,0.3906731876713567,-0.2099036761574136,39,4500,3072
0.2268642300849077,0.0780137976452737,0.8865622628737215,0.3906731876713567,-0.2099036761574136,40,4500,3072
0.2268642300849077,0.0780137976452737,0.8865622628737215,0.3906731876713567,-0.2099036761574136,41,4500,3072
0.2268642300849077,0.0780137976452737,0.8865622628737215,0.3906731876713567,-0.2099036761574136,42,4500,3072
0.2268642300849077,0.0780137976452737,0.8865622628737215,0.3906731876713567,-0.2099036761574136,43,4500,3072
0.2268642300849077,0.0780137976452737,0.8865622628737215,0.3906731876713567,-0.2099036761574136,44,4500,3072
0.2268642300849077,0.0780137976452737,0.8865622628737215,0.3906731876713567,-0.2099036761574136,45,4500,3072
0.2268642300849077,0.0780137976452737,0.8865622628737215,0.3906731876713567,-0.2099036761574136,46,4500,3072
0.2268642300849077,0.0780137976452737,0.8865622628737215,0.3906731876713567,-0.2099036761574136,47,4500,3072
0.2268642300849077,0.0780137976452737,0.8865622628737215,0.3906731876713567,-0.2099036761574136,48,4500,3072
0.2268642300849077,0.0780137976452737,0.8865622628737215,0.3906731876713567,-0.2099036761574136,49,4500,3072
0.2268642300849077,0.0780137976452737,0.8865622628737215,0.3906731876713567,-0.2099036761574136,50,4500,3072
0.2268642300849077,0.0780137976452737,0.8865622628737215,0.3906731876713567,-0.2099036761574136,51,4500,3072
0.2268642300849077,0.0780137976452737,0.8865622628737215,0.3906731876713567,-0.2099036761574136,52,4500,3072
0.2268642300849077,0.0780137976452737,0.8865622628737215,0.3906731876713567,-0.2099036761574136,53,4500,3072
0.2268642300849077,0.0780137976452737,0.8865622628737215,0.3906731876713567,-0.2099036761574136,54,4500,3072
0.2268642300849077,0.0780137976452737,0.8865622628737215,0.3906731876713567,-0.2099036761574136,55,4500,3072
0.2268642300849077,0.0780137976452737,0.8865622628737215,0.3906731876713567,-0.2099036761574136,56,4500,3072
0.2268642300849077,0.0780137976452737,0.8865622628737215,0.3906731876713567,-0.2099036761574136,57,4500,3072
0.2268642300849077,0.0780137976452737,0.8865622628737215,0.3906731876713567,-0.2099036761574136,58,4500,3072
0.2268642300849077,0.0780137976452737,0.8865622628737215,0.3906731876713567,-0.2099036761574136,59,4500,3072
0.2268642300849077,0.0780137976452737,0.8865622628737215,0.3906731876713567,-0.2099036761574136,60,4500,3072
0.2268642300849077,0.0780137976452737,0.8865622628737215,0.3906731876713567,-0.2099036761574136,61,4500,3072
0.2268642300849077,0.0780137976452737,0.8865622628737215,0.3906731876713567,-0.2099036761574136,62,4500,3072
0.819626719119277,0.1490480233707125,0.6506724295996501,0.7785803681279121,-0.1744625745346986,0,4500,3786
0.01197250887973,0.4446583551774633,0.9492729925432772,0.2959826983582798,-0.1769808889317518,1,4500,3786
0.1476203128087121,0.0598853270086001,0.6463470740959408,0.3811375324040436,-0.1785440236936664,2,4500,3786
0.1462662570395492,0.0767511132151411,0.743376960643263,0.4245453455733744,-0.1863397855978239,3,4500,3786
0.1462662570395492,0.0664450030396826,0.743376960643263,0.4481208031558904,-0.1890165341439074,4,4500,3786
0.1462662570395492,0.0664450030396826,0.743376960643263,0.4481208031558904,-0.1890165341439074,5,4500,3786
0.1759278119089466,0.0721101806602609,0.7498420443186339,0.4495043132311627,-0.1925838617906544,6,4500,3786
0.1562939699883229,0.0752014092877259,0.8976795307738958,0.4532049531304044,-0.194286415761693,7,4500,3786
0.1562939699883229,0.0752014092877259,0.8976795307738958,0.4532049531304044,-0.194286415761693,8,4500,3786
0.1562939699883229,0.0752014092877259,0.8976795307738958,0.4532049531304044,-0.194286415761693,9,4500,3786
0.2350567078226274,0.0767815853021505,0.897334617941958,0.3488443288578493,-0.1951538259351539,10,4500,3786
0.1678131693529364,0.078654733851622,0.8975148191272281,0.4697289693182066,-0.1972637569469047,11,4500,3786
0.1678131693529364,0.078654733851622,0.8975148191272281,0.4697289693182066,-0.1972637569469047,12,4500,3786
0.1678131693529364,0.078654733851622,0.8975148191272281,0.4697289693182066,-0.1972637569469047,13,4500,3786
0.1678131693529364,0.078654733851622,0.8975148191272281,0.4697289693182066,-0.1972637569469047,14,4500,3786
0.1678131693529364,0.078654733851622,0.8975148191272281,0.4697289693182066,-0.1972637569469047,15,4500,3786
0.1678131693529364,0.078654733851622,0.8975148191272281,0.4697289693182066,-0.1972637569469047,16,4500,3786
0.1678131693529364,0.078654733851622,0.8975148191272281,0.4697289693182066,-0.1972637569469047,17,4500,3786
0.2026855698741834,0.0788980304759548,0.9043921304832996,0.4724437512616218,-0.1980453650743966,18,4500,3786
0.2026855698741834,0.0788980304759548,0.9043921304832996,0.4724437512616218,-0.1980453650743966,19,4500,3786
0.2026855698741834,0.0788980304759548,0.9043921304832996,0.4724437512616218,-0.1980453650743966,20,4500,3786
0.2032932853570646,0.0788661694359394,0.9043921304832996,0.4566114436730567,-0.1986240761582148,21,4500,3786
0.2032932853570646,0.0788661694359394,0.9043921304832996,0.4566114436730567,-0.1986240761582148,22,4500,3786
0.2032932853570646,0.0788661694359394,0.9043921304832996,0.4566114436730567,-0.1986240761582148,23,4500,3786
0.2032932853570646,0.0788661694359394,0.9043921304832996,0.4566114436730567,-0.1986240761582148,24,4500,3786
0.2032932853570646,0.0788661694359394,0.9043921304832996,0.4566114436730567,-0.1986240761582148,25,4500,3786
0.2032932853570646,0.0788661694359394,0.9043921304832996,0.4566114436730567,-0.1986240761582148,26,4500,3786
0.2032609926309296,0.078697356637887,0.9063441914309583,0.4589062515120302,-0.1988249172344725,27,4500,3786
0.2032609926309296,0.078697356637887,0.9063441914309583,0.4589062515120302,-0.1988249172344725,28,4500,3786
0.2040477708160604,0.0786390047978098,0.9063441914309583,0.455299154337676,-0.1988266578177631,29,4500,3786
0.2040477708160604,0.0786390047978098,0.9063441914309583,0.455299154337676,-0.1988266578177631,30,4500,3786
0.2040477708160604,0.0786390047978098,0.9063441914309583,0.455299154337676,-0.1988266578177631,31,4500,3786
0.2040477708160604,0.0786390047978098,0.9063441914309583,0.455299154337676,-0.1988266578177631,32,4500,3786
0.2040477708160604,0.0786390047978098,0.9063441914309583,0.455299154337676,-0.1988266578177631,33,4500,3786
0.2040477708160604,0.0786390047978098,0.9063441914309583,0.455299154337676,-0.1988266578177631,34,4500,3786
0.2040477708160604,0.0786390047978098,0.9063441914309583,0.455299154337676,-0.1988266578177631,35,4500,3786
0.2040477708160604,0.0786390047978098,0.9063441914309583,0.455299154337676,-0.1988266578177631,36,4500,3786
0.2040477708160604,0.0786390047978098,0.9063441914309583,0.455299154337676,-0.1988266578177631,37,4500,3786
0.2040477708160604,0.0786390047978098,0.9063441914309583,0.455299154337676,-0.1988266578177631,38,4500,3786
0.2040477708160604,0.0786390047978098,0.9063441914309583,0.455299154337676,-0.1988266578177631,39,4500,3786
0.2040477708160604,0.0786390047978098,0.9063441914309583,0.455299154337676,-0.1988266578177631,40,4500,3786
0.2040477708160604,0.0786390047978098,0.9063441914309583,0.455299154337676,-0.1988266578177631,41,4500,3786
0.2040477708160604,0.0786390047978098,0.9063441914309583,0.455299154337676,-0.1988266578177631,42,4500,3786
0.2040477708160604,0.0786390047978098,0.9063441914309583,0.455299154337676,-0.1988266578177631,43,4500,3786
0.2040477708160604,0.0786390047978098,0.9063441914309583,0.455299154337676,-0.1988266578177631,44,4500,3786
0.2040477708160604,0.0786390047978098,0.9063441914309583,0.455299154337676,-0.1988266578177631,45,4500,3786
0.2040477708160604,0.0786390047978098,0.9063441914309583,0.455299154337676,-0.1988266578177631,46,4500,3786
0.2040477708160604,0.0786390047978098,0.9063441914309583,0.455299154337676,-0.1988266578177631,47,4500,3786
0.2040477708160604,0.0786390047978098,0.9063441914309583,0.455299154337676,-0.1988266578177631,48,4500,3786
0.2040477708160604,0.0786390047978098,0.9063441914309583,0.455299154337676,-0.1988266578177631,49,4500,3786
0.2040477708160604,0.0786390047978098,0.9063441914309583,0.455299154337676,-0.1988266578177631,50,4500,3786
0.2040477708160604,0.0786390047978098,0.9063441914309583,0.455299154337676,-0.1988266578177631,51,4500,3786
0.2040477708160604,0.0786390047978098,0.9063441914309583,0.455299154337676,-0.1988266578177631,52,4500,3786
0.819626719119277,0.1490480233707125,0.6506724295996501,0.7785803681279121,-0.1479927998146422,0,4500,4500
0.01197250887973,0.4446583551774633,0.9492729925432772,0.2959826983582798,-0.1570854692823791,1,4500,4500
0.1786447929493948,0.1326962975467872,0.8667550979275387,0.2442215710283391,-0.1595693697824478,2,4500,4500
0.1786447929493948,0.1326962975467872,0.8667550979275387,0.2442215710283391,-0.1595693697824478,3,4500,4500
0.198733925519904,0.3162422736352093,0.8968364023823039,0.2813108571009281,-0.1686364165124916,4,4500,4500
0.1834791339782233,0.6706758265648998,0.9284623298197784,0.299815542437813,-0.1690117255702951,5,4500,4500
0.2378881459671355,0.0766281602015874,0.886948033646623,0.3307703254368111,-0.1749110257513665,6,4500,4500
0.2378881459671355,0.0766281602015874,0.886948033646623,0.3307703254368111,-0.1749110257513665,7,4500,4500
0.2378881459671355,0.0766281602015874,0.886948033646623,0.3307703254368111,-0.1749110257513665,8,4500,4500
0.2378881459671355,0.0766281602015874,0.886948033646623,0.3307703254368111,-0.1749110257513665,9,4500,4500
0.2378881459671355,0.0766281602015874,0.886948033646623,0.3307703254368111,-0.1749110257513665,10,4500,4500
0.1954240365174957,0.2490640155412287,0.9362145420112172,0.3081171650229531,-0.1758650009577934,11,4500,4500
0.1960520386585342,0.0970835687345562,0.8922606951833243,0.3880499216316136,-0.1765200396040199,12,4500,4500
0.1960520386585342,0.0970835687345562,0.8922606951833243,0.3880499216316136,-0.1765200396040199,13,4500,4500
0.1984143309578608,0.248878670589512,0.9384249439160672,0.336695977684351,-0.1788568127497916,14,4500,4500
0.1984143309578608,0.248878670589512,0.9384249439160672,0.336695977684351,-0.1788568127497916,15,4500,4500
0.2021763541468666,0.2483406622671875,0.9360902543261812,0.3733102736754569,-0.1802128627890925,16,4500,4500
0.2021763541468666,0.2483406622671875,0.9360902543261812,0.3733102736754569,-0.1802128627890925,17,4500,4500
0.2021763541468666,0.2483406622671875,0.9360902543261812,0.3733102736754569,-0.1802128627890925,18,4500,4500
0.2003815881528166,0.2536501850975061,0.9045142051109992,0.3139808211218228,-0.1804385085399144,19,4500,4500
0.2003815881528166,0.2536501850975061,0.9045142051109992,0.3139808211218228,-0.1804385085399144,20,4500,4500
0.2003815881528166,0.2536501850975061,0.9045142051109992,0.3139808211218228,-0.1804385085399144,21,4500,4500
0.2003815881528166,0.255946038960872,0.9061278168813542,0.3844197661524823,-0.1805225945579662,22,4500,4500
0.2021836112663277,0.2501040519227437,0.9384115358291256,0.3774838531726586,-0.1806672575199631,23,4500,4500
0.2021836112663277,0.2501040519227437,0.9384115358291256,0.3774838531726586,-0.1806672575199631,24,4500,4500
0.2021836112663277,0.2501040519227437,0.9384115358291256,0.3774838531726586,-0.1806672575199631,25,4500,4500
0.2003815881528166,0.2536501850975061,0.9045142051109992,0.3774157244618779,-0.1815583451628745,26,4500,4500
0.2003815881528166,0.2536501850975061,0.9045142051109992,0.3774157244618779,-0.1815583451628745,27,4500,4500
0.2003815881528166,0.2536501850975061,0.9045142051109992,0.3774157244618779,-0.1815583451628745,28,4500,4500
0.2018199012464107,0.2465684214409731,0.9403724032249996,0.3847290613490246,-0.1817047993512476,29,4500,4500
0.1997749714583183,0.24784850099701,0.9040424648810572,0.3660821645917138,-0.182016684098996,30,4500,4500
0.1997749714583183,0.24784850099701,0.9040424648810572,0.3660821645917138,-0.182016684098996,31,4500,4500
0.1997749714583183,0.24784850099701,0.9040424648810572,0.3660821645917138,-0.182016684098996,32,4500,4500
0.2000806260535898,0.2480377414769522,0.9040975409876172,0.3728932302582504,-0.1821428732105774,33,4500,4500
0.2000806260535898,0.2480377414769522,0.9040975409876172,0.3728932302582504,-0.1821428732105774,34,4500,4500
0.2004180068544237,0.2476502782572682,0.9040857855912156,0.3179496127112705,-0.182360075144731,35,4500,4500
0.2004180068544237,0.2476502782572682,0.9040857855912156,0.3179496127112705,-0.182360075144731,36,4500,4500
0.2004180068544237,0.2476502782572682,0.9040857855912156,0.3179496127112705,-0.182360075144731,37,4500,4500
0.2004180068544237,0.2476502782572682,0.9040857855912156,0.3179496127112705,-0.182360075144731,38,4500,4500
0.2002442801159624,0.2477381378742832,0.9040857855912156,0.379480466685502,-0.1824738282299395,39,4500,4500
0.2002442801159624,0.2477381378742832,0.9040857855912156,0.379480466685502,-0.1824738282299395,40,4500,4500
0.2004351736438318,0.2468230837442082,0.9040424648810572,0.3793979506538412,-0.1825224544688716,41,4500,4500
0.2004351736438318,0.2468230837442082,0.9040424648810572,0.3793979506538412,-0.1825224544688716,42,4500,4500
0.2004351736438318,0.2468230837442082,0.9040424648810572,0.3793979506538412,-0.1825224544688716,43,4500,4500
0.2004351736438318,0.2468230837442082,0.9040424648810572,0.3793979506538412,-0.1825224544688716,44,4500,4500
0.2000024732399336,0.2476456615342684,0.9039946308434986,0.3211167365819978,-0.1827289352514817,45,4500,4500
0.2000024732399336,0.2467726590698161,0.9039946308434986,0.3211167365819978,-0.1827775614904138,46,4500,4500
0.2000024732399336,0.2467726590698161,0.9039946308434986,0.3211167365819978,-0.1827775614904138,47,4500,4500
0.2000024732399336,0.2467726590698161,0.9039946308434986,0.3211167365819978,-0.1827775614904138,48,4500,4500
0.2000024732399336,0.2467726590698161,0.9039946308434986,0.3211167365819978,-0.1827775614904138,49,4500,4500
0.2000024732399336,0.2467726590698161,0.9039946308434986,0.3211167365819978,-0.1827775614904138,50,4500,4500
0.2000024732399336,0.2467726590698161,0.9039946308434986,0.3211167365819978,-0.1827775614904138,51,4500,4500
0.2000024732399336,0.2467726590698161,0.9039946308434986,0.3211167365819978,-0.1827775614904138,52,4500,4500
0.2000024732399336,0.2467726590698161,0.9039946308434986,0.3211167365819978,-0.1827775614904138,53,4500,4500
0.2000024732399336,0.2467726590698161,0.9039946308434986,0.3211167365819978,-0.1827775614904138,54,4500,4500
0.2000024732399336,0.2467726590698161,0.9039946308434986,0.3211167365819978,-0.1827775614904138,55,4500,4500
0.2000024732399336,0.2467726590698161,0.9039946308434986,0.3211167365819978,-0.1827775614904138,56,4500,4500
0.2000024732399336,0.2467726590698161,0.9039946308434986,0.3211167365819978,-0.1827775614904138,57,4500,4500
0.2000024732399336,0.2467726590698161,0.9039946308434986,0.3211167365819978,-0.1827775614904138,58,4500,4500
0.2000024732399336,0.2467726590698161,0.9039946308434986,0.3211167365819978,-0.1827775614904138,59,4500,4500
0.2000024732399336,0.2467726590698161,0.9039946308434986,0.3211167365819978,-0.1827775614904138,60,4500,4500
0.2000024732399336,0.2467726590698161,0.9039946308434986,0.3211167365819978,-0.1827775614904138,61,4500,4500
0.2000024732399336,0.2467726590698161,0.9039946308434986,0.3211167365819978,-0.1827775614904138,62,4500,4500
0.2000024732399336,0.2467726590698161,0.9039946308434986,0.3211167365819978,-0.1827775614904138,63,4500,4500
0.2000024732399336,0.2467726590698161,0.9039946308434986,0.3211167365819978,-0.1827775614904138,64,4500,4500
0.2000024732399336,0.2467726590698161,0.9039946308434986,0.3211167365819978,-0.1827775614904138,65,4500,4500
0.2000024732399336,0.2467726590698161,0.9039946308434986,0.3211167365819978,-0.1827775614904138,66,4500,4500
0.2000024732399336,0.2467726590698161,0.9039946308434986,0.3211167365819978,-0.1827775614904138,67,4500,4500
0.2000024732399336,0.2467726590698161,0.9039946308434986,0.3211167365819978,-0.1827775614904138,68,4500,4500
0.2000024732399336,0.2467726590698161,0.9039946308434986,0.3211167365819978,-0.1827775614904138,69,4500,4500
0.2000024732399336,0.2467726590698161,0.9039946308434986,0.3211167365819978,-0.1827775614904138,70,4500,4500
0.819626719119277,0.1490480233707125,0.6506724295996501,0.7785803681279121,-0.1225645433015066,0,4500,5214
0.819626719119277,0.1490480233707125,0.6506724295996501,0.7785803681279121,-0.1225645433015066,1,4500,5214
0.2506125757666511,0.1103499504625174,0.736564007138339,0.2439229327065867,-0.1282961296133305,2,4500,5214
0.3448040281305559,0.1591963428129835,0.9469066664934074,0.3087338943036083,-0.1339878499840198,3,4500,5214
0.2047693117596855,0.4552740830498509,0.9493747660057312,0.3821944331463984,-0.137934358725788,4,4500,5214
0.7736534476950527,0.0957238996526013,0.9307575011409098,0.2996193921083563,-0.1426696868760092,5,4500,5214
0.2482864017296752,0.1282155081627308,0.9463411936214396,0.3683597546559684,-0.1436539860528569,6,4500,5214
0.3437646206266786,0.1053390761843767,0.8884637713550855,0.3087338943036083,-0.15047354373649,7,4500,5214
0.3189050728384965,0.1053390761843767,0.8884637713550855,0.2945521437164155,-0.1525872997200012,8,4500,5214
0.3189050728384965,0.1053390761843767,0.8884637713550855,0.2945521437164155,-0.1525872997200012,9,4500,5214
0.3221581005493187,0.1285800010476074,0.9328017408262568,0.3160848243694351,-0.1531940200899046,10,4500,5214
0.3221581005493187,0.1285800010476074,0.9328017408262568,0.3160848243694351,-0.1531940200899046,11,4500,5214
0.312894622931897,0.1536359176500661,0.9042801038100224,0.319978184818482,-0.1570563302483908,12,4500,5214
0.312894622931897,0.1536359176500661,0.9042801038100224,0.319978184818482,-0.1570563302483908,13,4500,5214
0.312894622931897,0.1536359176500661,0.9042801038100224,0.319978184818482,-0.1570563302483908,14,4500,5214
0.3055620456679482,0.0767322695289697,0.9043692609274532,0.3191443605396963,-0.1607554189513842,15,4500,5214
0.2051505871704982,0.0767322695289697,0.9043692609274532,0.3191443605396963,-0.1620733414738233,16,4500,5214
0.2051505871704982,0.0767322695289697,0.9043692609274532,0.3191443605396963,-0.1620733414738233,17,4500,5214
0.2051505871704982,0.0767322695289697,0.9043692609274532,0.3191443605396963,-0.1620733414738233,18,4500,5214
0.2051505871704982,0.0767322695289697,0.9043692609274532,0.3191443605396963,-0.1620733414738233,19,4500,5214
0.2051505871704982,0.0767322695289697,0.9043692609274532,0.3191443605396963,-0.1620733414738233,20,4500,5214
0.2051505871704982,0.0767322695289697,0.9043692609274532,0.3191443605396963,-0.1620733414738233,21,4500,5214
0.2051505871704982,0.0767322695289697,0.9043692609274532,0.3191443605396963,-0.1620733414738233,22,4500,5214
0.2051505871704982,0.0767322695289697,0.9043692609274532,0.3191443605396963,-0.1620733414738233,23,4500,5214
0.2051505871704982,0.0767322695289697,0.9043692609274532,0.3191443605396963,-0.1620733414738233,24,4500,5214
0.2051505871704982,0.0767322695289697,0.9043692609274532,0.3191443605396963,-0.1620733414738233,25,4500,5214
0.2051505871704982,0.0767322695289697,0.9043692609274532,0.3191443605396963,-0.1620733414738233,26,4500,5214
0.2051505871704982,0.0767322695289697,0.9043692609274532,0.3191443605396963,-0.1620733414738233,27,4500,5214
0.2006183495547767,0.1142687657292799,0.9042383479351584,0.3179271168421924,-0.1623673918704066,28,4500,5214
0.1995306852228256,0.0809462594264222,0.9041671233307632,0.3189724497216494,-0.1624030707205161,29,4500,5214
0.2015010551238538,0.0815259856880556,0.9067936903191568,0.3195019018287406,-0.1628490409695346,30,4500,5214
0.2015010551238538,0.0815259856880556,0.9067936903191568,0.3195019018287406,-0.1628490409695346,31,4500,5214
0.2015010551238538,0.0815259856880556,0.9067936903191568,0.3195019018287406,-0.1628490409695346,32,4500,5214
0.2045785211150857,0.0826570424852644,0.9043801762758928,0.3199908877195128,-0.1630671728711843,33,4500,5214
0.201561410314692,0.0815259856880556,0.904428782741991,0.3195019018287406,-0.163217855288261,34,4500,5214
0.201561410314692,0.0815259856880556,0.904428782741991,0.3195019018287406,-0.163217855288261,35,4500,5214
0.201561410314692,0.0815259856880556,0.904428782741991,0.3195019018287406,-0.163217855288261,36,4500,5214
0.201561410314692,0.0815259856880556,0.904428782741991,0.3195019018287406,-0.163217855288261,37,4500,5214
0.201561410314692,0.0815259856880556,0.904428782741991,0.3195019018287406,-0.163217855288261,38,4500,5214
0.2019246585661277,0.1243095338708617,0.904238885957582,0.3198471434528463,-0.1633433777717058,39,4500,5214
0.2019246585661277,0.1243095338708617,0.904238885957582,0.3198471434528463,-0.1633433777717058,40,4500,5214
0.2019246585661277,0.1243095338708617,0.904238885957582,0.3198471434528463,-0.1633433777717058,41,4500,5214
0.2019246585661277,0.1243095338708617,0.904238885957582,0.3198471434528463,-0.1633433777717058,42,4500,5214
0.2017183699298995,0.1244451124559832,0.9043709251737092,0.3199054621310998,-0.1634309363405731,43,4500,5214
0.2017183699298995,0.1244451124559832,0.9043709251737092,0.3199054621310998,-0.1634309363405731,44,4500,5214
0.2017183699298995,0.1244451124559832,0.9043709251737092,0.3199054621310998,-0.1634309363405731,45,4500,5214
0.2017183699298995,0.1244451124559832,0.9043709251737092,0.3199054621310998,-0.1634309363405731,46,4500,5214
0.2017183699298995,0.1244451124559832,0.9043709251737092,0.3199054621310998,-0.1634309363405731,47,4500,5214
0.2017183699298995,0.1244451124559832,0.9043709251737092,0.3199054621310998,-0.1634309363405731,48,4500,5214
0.2017183699298995,0.1244451124559832,0.9043709251737092,0.3199054621310998,-0.1634309363405731,49,4500,5214
0.2017183699298995,0.1244451124559832,0.9043709251737092,0.3199054621310998,-0.1634309363405731,50,4500,5214
0.2017183699298995,0.1244451124559832,0.9043709251737092,0.3199054621310998,-0.1634309363405731,51,4500,5214
0.2017183699298995,0.1244451124559832,0.9043709251737092,0.3199054621310998,-0.1634309363405731,52,4500,5214
0.2017183699298995,0.1244451124559832,0.9043709251737092,0.3199054621310998,-0.1634309363405731,53,4500,5214
0.2017183699298995,0.1244451124559832,0.9043709251737092,0.3199054621310998,-0.1634309363405731,54,4500,5214
0.2019246585661277,0.1243078069311204,0.904238885957582,0.3199522357791514,-0.1634400116567445,55,4500,5214
0.2019246585661277,0.1243078069311204,0.904238885957582,0.3199522357791514,-0.1634400116567445,56,4500,5214
0.2019246585661277,0.1243078069311204,0.904238885957582,0.3199522357791514,-0.1634400116567445,57,4500,5214
0.2019246585661277,0.1243078069311204,0.904238885957582,0.3199522357791514,-0.1634400116567445,58,4500,5214
0.2019246585661277,0.1243078069311204,0.904238885957582,0.3199522357791514,-0.1634400116567445,59,4500,5214
0.2019246585661277,0.1243078069311204,0.904238885957582,0.3199522357791514,-0.1634400116567445,60,4500,5214
0.2019246585661277,0.1243078069311204,0.904238885957582,0.3199522357791514,-0.1634400116567445,61,4500,5214
0.2019246585661277,0.1243078069311204,0.904238885957582,0.3199522357791514,-0.1634400116567445,62,4500,5214
0.2019246585661277,0.1243078069311204,0.904238885957582,0.3199522357791514,-0.1634400116567445,63,4500,5214
0.2019246585661277,0.1243078069311204,0.904238885957582,0.3199522357791514,-0.1634400116567445,64,4500,5214
0.2019246585661277,0.1243078069311204,0.904238885957582,0.3199522357791514,-0.1634400116567445,65,4500,5214
0.2019246585661277,0.1243078069311204,0.904238885957582,0.3199522357791514,-0.1634400116567445,66,4500,5214
0.2019246585661277,0.1243078069311204,0.904238885957582,0.3199522357791514,-0.1634400116567445,67,4500,5214
0.2019246585661277,0.1243078069311204,0.904238885957582,0.3199522357791514,-0.1634400116567445,68,4500,5214
0.2019246585661277,0.1243078069311204,0.904238885957582,0.3199522357791514,-0.1634400116567445,69,4500,5214
0.2019246585661277,0.1243078069311204,0.904238885957582,0.3199522357791514,-0.1634400116567445,70,4500,5214
0.2019246585661277,0.1243078069311204,0.904238885957582,0.3199522357791514,-0.1634400116567445,71,4500,5214
0.2019246585661277,0.1243078069311204,0.904238885957582,0.3199522357791514,-0.1634400116567445,72,4500,5214
0.2019246585661277,0.1243078069311204,0.904238885957582,0.3199522357791514,-0.1634400116567445,73,4500,5214
0.2019246585661277,0.1243078069311204,0.904238885957582,0.3199522357791514,-0.1634400116567445,74,4500,5214
0.2019246585661277,0.1243078069311204,0.904238885957582,0.3199522357791514,-0.1634400116567445,75,4500,5214
0.2019246585661277,0.1243078069311204,0.904238885957582,0.3199522357791514,-0.1634400116567445,76,4500,5214
0.2019246585661277,0.1243078069311204,0.904238885957582,0.3199522357791514,-0.1634400116567445,77,4500,5214
0.2019246585661277,0.1243078069311204,0.904238885957582,0.3199522357791514,-0.1634400116567445,78,4500,5214
0.2019246585661277,0.1243078069311204,0.904238885957582,0.3199522357791514,-0.1634400116567445,79,4500,5214
0.2019246585661277,0.1243078069311204,0.904238885957582,0.3199522357791514,-0.1634400116567445,80,4500,5214
0.4211888142289552,0.4468129517344519,0.9469066664934074,0.299815542437813,-0.0998761591003367,0,4500,5929
0.7706510669974715,0.4468129517344519,0.9476529562064594,0.299815542437813,-0.1055751874886781,1,4500,5929
0.2600974477372232,0.1326791637266831,0.888051206797036,0.1896572328738024,-0.1195672895225182,2,4500,5929
0.2600974477372232,0.1326791637266831,0.888051206797036,0.1896572328738024,-0.1195672895225182,3,4500,5929
0.3303584000864513,0.2428544098998887,0.907443729612251,0.3458040642152181,-0.1303314240616598,4,4500,5929
0.3303584000864513,0.2428544098998887,0.907443729612251,0.3458040642152181,-0.1303314240616598,5,4500,5929
0.3194399969385647,0.1326962975467872,0.8976605138007363,0.2662024745423339,-0.145044195419342,6,4500,5929
0.1769629600380031,0.0923492379463057,0.899220382375354,0.4405912225837284,-0.148761970173134,7,4500,5929
0.1769629600380031,0.0923492379463057,0.899220382375354,0.4405912225837284,-0.148761970173134,8,4500,5929
0.1769629600380031,0.0923492379463057,0.899220382375354,0.4405912225837284,-0.148761970173134,9,4500,5929
0.1769629600380031,0.0923492379463057,0.899220382375354,0.4405912225837284,-0.148761970173134,10,4500,5929
0.1769629600380031,0.0923492379463057,0.899220382375354,0.4405912225837284,-0.148761970173134,11,4500,5929
0.1769629600380031,0.0923492379463057,0.899220382375354,0.4405912225837284,-0.148761970173134,12,4500,5929
0.3153389048295582,0.1256070722205635,0.9045684891569724,0.3757763483338245,-0.1492926866152756,13,4500,5929
0.1769629600380031,0.0887191517083417,0.9051996244134034,0.4405912225837284,-0.149812182973562,14,4500,5929
0.1731149786667188,0.0935581442394055,0.940051494722392,0.3804269556323578,-0.1515946475322704,15,4500,5929
0.1731149786667188,0.0935581442394055,0.940051494722392,0.3804269556323578,-0.1515946475322704,16,4500,5929
0.1792697898014849,0.088831790113181,0.905338081976056,0.3817853572323584,-0.1519830125157427,17,4500,5929
0.1897205885133285,0.0821836852166511,0.9028327325882112,0.3661063462816388,-0.1543329130536853,18,4500,5929
0.1897205885133285,0.0821836852166511,0.9028327325882112,0.3661063462816388,-0.1543329130536853,19,4500,5929
0.1897205885133285,0.0821836852166511,0.9028327325882112,0.3661063462816388,-0.1543329130536853,20,4500,5929
0.1897205885133285,0.0821836852166511,0.9028327325882112,0.3661063462816388,-0.1543329130536853,21,4500,5929
0.1897205885133285,0.0821836852166511,0.9028327325882112,0.3661063462816388,-0.1543329130536853,22,4500,5929
0.1900992797613053,0.0912993290970238,0.9028327325882112,0.3813808306942891,-0.1543838315187695,23,4500,5929
0.1900992797613053,0.0912993290970238,0.9028327325882112,0.3813808306942891,-0.1543838315187695,24,4500,5929
0.1911358344655627,0.08256609126394,0.939320141826352,0.3824715583510594,-0.155184195488428,25,4500,5929
0.1911358344655627,0.08256609126394,0.939320141826352,0.3824715583510594,-0.155184195488428,26,4500,5929
0.1911358344655627,0.08256609126394,0.939320141826352,0.3824715583510594,-0.155184195488428,27,4500,5929
0.1911358344655627,0.08256609126394,0.939320141826352,0.3824715583510594,-0.155184195488428,28,4500,5929
0.1911358344655627,0.08256609126394,0.939320141826352,0.3824715583510594,-0.155184195488428,29,4500,5929
0.1891005378605234,0.0821836852166511,0.9028327325882112,0.3837521137956892,-0.1553935591436187,30,4500,5929
0.1891005378605234,0.0821836852166511,0.9028327325882112,0.3837521137956892,-0.1553935591436187,31,4500,5929
0.1891005378605234,0.0821836852166511,0.9028327325882112,0.3837521137956892,-0.1553935591436187,32,4500,5929
0.1891005378605234,0.0821836852166511,0.9028327325882112,0.3837521137956892,-0.1553935591436187,33,4500,5929
0.1900367884966586,0.0821836852166511,0.9028327325882112,0.3837521137956892,-0.1555080897621982,34,4500,5929
0.1900367884966586,0.0821836852166511,0.9028327325882112,0.3837521137956892,-0.1555080897621982,35,4500,5929
0.1900367884966586,0.0821836852166511,0.9028327325882112,0.3837521137956892,-0.1555080897621982,36,4500,5929
0.1912216579975186,0.0812887310461686,0.9040610178534648,0.3825422527328492,-0.1556125493209863,37,4500,5929
0.1912216579975186,0.0812887310461686,0.9040610178534648,0.3825422527328492,-0.1556125493209863,38,4500,5929
0.1912216579975186,0.0812887310461686,0.9040610178534648,0.3825422527328492,-0.1556125493209863,39,4500,5929
0.1912216579975186,0.0812887310461686,0.9040610178534648,0.3825422527328492,-0.1556125493209863,40,4500,5929
0.1912216579975186,0.0812887310461686,0.9040610178534648,0.3825422527328492,-0.1556125493209863,41,4500,5929
0.1912216579975186,0.0812887310461686,0.9040610178534648,0.3825422527328492,-0.1556125493209863,42,4500,5929
0.1912216579975186,0.0812887310461686,0.9040610178534648,0.3825422527328492,-0.1556125493209863,43,4500,5929
0.1912216579975186,0.0812887310461686,0.9040610178534648,0.3825422527328492,-0.1556125493209863,44,4500,5929
0.1912216579975186,0.0812887310461686,0.9040610178534648,0.3825422527328492,-0.1556125493209863,45,4500,5929
0.1912216579975186,0.0812887310461686,0.9040610178534648,0.3825422527328492,-0.1556125493209863,46,4500,5929
0.1912216579975186,0.0812887310461686,0.9040610178534648,0.3825422527328492,-0.1556125493209863,47,4500,5929
0.1912216579975186,0.0812887310461686,0.9040610178534648,0.3825422527328492,-0.1556125493209863,48,4500,5929
0.1912216579975186,0.0812887310461686,0.9040610178534648,0.3825422527328492,-0.1556125493209863,49,4500,5929
0.1912216579975186,0.0812887310461686,0.9040610178534648,0.3825422527328492,-0.1556125493209863,50,4500,5929
0.1912216579975186,0.0812887310461686,0.9040610178534648,0.3825422527328492,-0.1556125493209863,51,4500,5929
0.1912216579975186,0.0812887310461686,0.9040610178534648,0.3825422527328492,-0.1556125493209863,52,4500,5929
0.1912216579975186,0.0812887310461686,0.9040610178534648,0.3825422527328492,-0.1556125493209863,53,4500,5929
0.1912216579975186,0.0812887310461686,0.9040610178534648,0.3825422527328492,-0.1556125493209863,54,4500,5929
0.1912216579975186,0.0812887310461686,0.9040610178534648,0.3825422527328492,-0.1556125493209863,55,4500,5929
0.1912216579975186,0.0812887310461686,0.9040610178534648,0.3825422527328492,-0.1556125493209863,56,4500,5929
0.1912216579975186,0.0812887310461686,0.9040610178534648,0.3825422527328492,-0.1556125493209863,57,4500,5929
0.1912216579975186,0.0812887310461686,0.9040610178534648,0.3825422527328492,-0.1556125493209863,58,4500,5929
0.1912216579975186,0.0812887310461686,0.9040610178534648,0.3825422527328492,-0.1556125493209863,59,4500,5929
0.1912216579975186,0.0812887310461686,0.9040610178534648,0.3825422527328492,-0.1556125493209863,60,4500,5929
0.1912216579975186,0.0812887310461686,0.9040610178534648,0.3825422527328492,-0.1556125493209863,61,4500,5929
0.1912216579975186,0.0812887310461686,0.9040610178534648,0.3825422527328492,-0.1556125493209863,62,4500,5929
0.3118314520104854,0.8102743521062991,0.8612666847869941,0.4244635846320775,-0.1057538647503454,0,4500,6643
0.3251177343283608,0.3816162185378232,0.886948033646623,0.3497468209541694,-0.1107804156562044,1,4500,6643
0.7252939380762389,0.2030973472206244,0.9304827981890508,0.2864910244716064,-0.1166887387479199,2,4500,6643
0.1645072664741013,0.2621467961899895,0.9028160730446336,0.4363190102031901,-0.1309578378964241,3,4500,6643
0.1645072664741013,0.2621467961899895,0.9028160730446336,0.4363190102031901,-0.1309578378964241,4,4500,6643
0.1645072664741013,0.2621467961899895,0.9028160730446336,0.4363190102031901,-0.1309578378964241,5,4500,6643
0.1971821518266533,0.2292559997286498,0.9459257046291788,0.3001730792230667,-0.1323872622279325,6,4500,6643
0.2556906814482829,0.1146289186532262,0.8731790686920874,0.2496848975228486,-0.13467871149261,7,4500,6643
0.2556724044543795,0.1249360406337064,0.8295185702974873,0.2978998512604925,-0.1422266514499649,8,4500,6643
0.2225376401303747,0.1246820799398109,0.9028160730446336,0.3258252893462665,-0.1456142362552897,9,4500,6643
0.2225376401303747,0.1246820799398109,0.9028160730446336,0.3258252893462665,-0.1456142362552897,10,4500,6643
0.3676401068441624,0.0943633955699681,0.8288415865193393,0.3140457864712692,-0.1472197836515122,11,4500,6643
0.3676401068441624,0.0943633955699681,0.8288415865193393,0.3140457864712692,-0.1472197836515122,12,4500,6643
0.1997893787712011,0.1300818282025296,0.9054594170838728,0.3093150305780903,-0.1485221544317266,13,4500,6643
0.8521853688181408,0.0778414765795717,0.8304633439552299,0.3341252957220588,-0.1508379261371585,14,4500,6643
0.3352189872151161,0.1000862718351381,0.8293373527239162,0.3170528258809891,-0.1515609088457404,15,4500,6643
0.3352189872151161,0.1000862718351381,0.8293373527239162,0.3170528258809891,-0.1515609088457404,16,4500,6643
0.2359265542358623,0.0959466238604993,0.8276944781661182,0.31736130656452,-0.1522231157231697,17,4500,6643
0.3027383915801075,0.0962377375119703,0.8276879448417191,0.31736130656452,-0.1546082318510912,18,4500,6643
0.3027383915801075,0.0962377375119703,0.8276879448417191,0.31736130656452,-0.1546082318510912,19,4500,6643
0.3027383915801075,0.0962377375119703,0.8276879448417191,0.31736130656452,-0.1546082318510912,20,4500,6643
0.9049463349676524,0.0947608578014812,0.8287010250511062,0.3854649535050302,-0.1560332100754068,21,4500,6643
0.9049463349676524,0.0947608578014812,0.8287010250511062,0.3854649535050302,-0.1560332100754068,22,4500,6643
0.9049463349676524,0.0947608578014812,0.8287010250511062,0.3854649535050302,-0.1560332100754068,23,4500,6643
0.9049463349676524,0.0947608578014812,0.8287010250511062,0.3854649535050302,-0.1560332100754068,24,4500,6643
0.9049463349676524,0.0947608578014812,0.8287010250511062,0.3854649535050302,-0.1560332100754068,25,4500,6643
0.9049463349676524,0.0947608578014812,0.8287010250511062,0.3854649535050302,-0.1560332100754068,26,4500,6643
0.9049463349676524,0.0947608578014812,0.8287010250511062,0.3854649535050302,-0.1560332100754068,27,4500,6643
0.9049463349676524,0.0947608578014812,0.8287010250511062,0.3854649535050302,-0.1560332100754068,28,4500,6643
0.9049463349676524,0.0947608578014812,0.8287010250511062,0.3854649535050302,-0.1560332100754068,29,4500,6643
0.9049463349676524,0.0947608578014812,0.8287010250511062,0.3854649535050302,-0.1560332100754068,30,4500,6643
0.9094140328692888,0.0947608578014812,0.8287010250511062,0.3832745486994239,-0.1560407242873746,31,4500,6643
0.9094140328692888,0.0947608578014812,0.8287010250511062,0.3832745486994239,-0.1560407242873746,32,4500,6643
0.9094140328692888,0.0947608578014812,0.8287010250511062,0.3832745486994239,-0.1560407242873746,33,4500,6643
0.9094140328692888,0.0947608578014812,0.8287010250511062,0.3832745486994239,-0.1560407242873746,34,4500,6643
0.3099693131836146,0.0772883114883063,0.828464016254514,0.3168115240612929,-0.1564055871737228,35,4500,6643
0.3099693131836146,0.0772883114883063,0.828464016254514,0.3168115240612929,-0.1564055871737228,36,4500,6643
0.3099693131836146,0.0772883114883063,0.828464016254514,0.3168115240612929,-0.1564055871737228,37,4500,6643
0.3099693131836146,0.0772883114883063,0.828464016254514,0.3168115240612929,-0.1564055871737228,38,4500,6643
0.9240477631333648,0.0785648056950778,0.8323472690248779,0.3832745486994239,-0.1568531632659592,39,4500,6643
0.9240477631333648,0.0785648056950778,0.8323472690248779,0.3832745486994239,-0.1568531632659592,40,4500,6643
0.9240477631333648,0.0785648056950778,0.8323472690248779,0.3832745486994239,-0.1568531632659592,41,4500,6643
0.9240477631333648,0.0785648056950778,0.8323472690248779,0.3832745486994239,-0.1568531632659592,42,4500,6643
0.9247466732212564,0.0965004205571313,0.828819053528259,0.3832307552695091,-0.1568560117496436,43,4500,6643
0.9247466732212564,0.0965004205571313,0.828819053528259,0.3832307552695091,-0.1568560117496436,44,4500,6643
0.9243051757552264,0.0847513960950649,0.8306218542217777,0.3854828123321001,-0.1569036664909665,45,4500,6643
0.9243051757552264,0.0847513960950649,0.8306218542217777,0.3854828123321001,-0.1569036664909665,46,4500,6643
0.9243051757552264,0.0847513960950649,0.8306218542217777,0.3854828123321001,-0.1569036664909665,47,4500,6643
0.9243051757552264,0.0847513960950649,0.8306218542217777,0.3854828123321001,-0.1569036664909665,48,4500,6643
0.9243051757552264,0.0847513960950649,0.8306218542217777,0.3854828123321001,-0.1569036664909665,49,4500,6643
0.9240133657168216,0.0971194075166779,0.82880545660299,0.3812171679834791,-0.1569142270147006,50,4500,6643
0.9240548362456852,0.0967999347409259,0.8306270336439724,0.3855415018471757,-0.1570566682502841,51,4500,6643
0.9240548362456852,0.0967999347409259,0.8306270336439724,0.3855415018471757,-0.1570566682502841,52,4500,6643
0.9240548362456852,0.0967999347409259,0.8306270336439724,0.3855415018471757,-0.1570566682502841,53,4500,6643
0.9240548362456852,0.0967999347409259,0.8306270336439724,0.3855415018471757,-0.1570566682502841,54,4500,6643
0.9240548362456852,0.0967999347409259,0.8306270336439724,0.3855415018471757,-0.1570566682502841,55,4500,6643
0.9240548362456852,0.0967999347409259,0.8306270336439724,0.3855415018471757,-0.1570566682502841,56,4500,6643
0.9240548362456852,0.0967999347409259,0.8306270336439724,0.3855415018471757,-0.1570566682502841,57,4500,6643
0.9240548362456852,0.0967999347409259,0.8306270336439724,0.3855415018471757,-0.1570566682502841,58,4500,6643
0.9240548362456852,0.0967999347409259,0.8306270336439724,0.3855415018471757,-0.1570566682502841,59,4500,6643
0.9240548362456852,0.0967999347409259,0.8306270336439724,0.3855415018471757,-0.1570566682502841,60,4500,6643
0.9240548362456852,0.0967999347409259,0.8306270336439724,0.3855415018471757,-0.1570566682502841,61,4500,6643
0.9240548362456852,0.0967999347409259,0.8306270336439724,0.3855415018471757,-0.1570566682502841,62,4500,6643
0.9240548362456852,0.0967999347409259,0.8306270336439724,0.3855415018471757,-0.1570566682502841,63,4500,6643
0.9240548362456852,0.0967999347409259,0.8306270336439724,0.3855415018471757,-0.1570566682502841,64,4500,6643
0.9240548362456852,0.0967999347409259,0.8306270336439724,0.3855415018471757,-0.1570566682502841,65,4500,6643
0.9240548362456852,0.0967999347409259,0.8306270336439724,0.3855415018471757,-0.1570566682502841,66,4500,6643
0.9240548362456852,0.0967999347409259,0.8306270336439724,0.3855415018471757,-0.1570566682502841,67,4500,6643
0.9240548362456852,0.0967999347409259,0.8306270336439724,0.3855415018471757,-0.1570566682502841,68,4500,6643
0.9240548362456852,0.0967999347409259,0.8306270336439724,0.3855415018471757,-0.1570566682502841,69,4500,6643
0.9240548362456852,0.0967999347409259,0.8306270336439724,0.3855415018471757,-0.1570566682502841,70,4500,6643
0.9240548362456852,0.0967999347409259,0.8306270336439724,0.3855415018471757,-0.1570566682502841,71,4500,6643
0.9240548362456852,0.0967999347409259,0.8306270336439724,0.3855415018471757,-0.1570566682502841,72,4500,6643
0.9240548362456852,0.0967999347409259,0.8306270336439724,0.3855415018471757,-0.1570566682502841,73,4500,6643
0.9240548362456852,0.0967999347409259,0.8306270336439724,0.3855415018471757,-0.1570566682502841,74,4500,6643
0.9240548362456852,0.0967999347409259,0.8306270336439724,0.3855415018471757,-0.1570566682502841,75,4500,6643
0.9240548362456852,0.0967999347409259,0.8306270336439724,0.3855415018471757,-0.1570566682502841,76,4500,6643
0.3118314520104854,0.8102743521062991,0.8612666847869941,0.4244635846320775,-0.1025038838095919,0,4500,7357
0.3251177343283608,0.3816162185378232,0.886948033646623,0.3497468209541694,-0.1091030504389608,1,4500,7357
0.3251177343283608,0.3816162185378232,0.886948033646623,0.3497468209541694,-0.1091030504389608,2,4500,7357
0.2537909088973802,0.1304483915545468,0.938204848472721,0.2436310705006852,-0.1201907956726692,3,4500,7357
0.2540276564695565,0.1326962975467872,0.8348982837818237,0.2434142763834642,-0.1247241263075759,4,4500,7357
0.4150893545507184,0.1013011872197244,0.8984205626024401,0.2436310705006852,-0.125881977675532,5,4500,7357
0.3584655766063512,0.1013011872197244,0.8942832813070869,0.3860520117549066,-0.1363309010111342,6,4500,7357
0.3584655766063512,0.1013011872197244,0.8942832813070869,0.3860520117549066,-0.1363309010111342,7,4500,7357
0.4180870706686727,0.1186878751435737,0.8985373890747778,0.3145591711734732,-0.1380317249973744,8,4500,7357
0.4180870706686727,0.1186878751435737,0.8985373890747778,0.3145591711734732,-0.1380317249973744,9,4500,7357
0.4180870706686727,0.1186878751435737,0.8985373890747778,0.3145591711734732,-0.1380317249973744,10,4500,7357
0.4180870706686727,0.1186878751435737,0.8985373890747778,0.3145591711734732,-0.1380317249973744,11,4500,7357
0.2090994964405615,0.1070540836843127,0.8985373890747778,0.3129284798212643,-0.1391440273681047,12,4500,7357
0.3718152350620491,0.1340634916707247,0.9011002713593916,0.3186731105225273,-0.1416666119829464,13,4500,7357
0.3718152350620491,0.1340634916707247,0.9011002713593916,0.3186731105225273,-0.1416666119829464,14,4500,7357
0.3531125999321566,0.1143923697642507,0.8374914615147951,0.3181123565466767,-0.1426723566157561,15,4500,7357
0.3641926045427086,0.1138274915191889,0.8397460741744894,0.3184328841683311,-0.1427305399477668,16,4500,7357
0.2013150190345448,0.1289437617586432,0.8985647861536262,0.3171586113876636,-0.1459323416639621,17,4500,7357
0.2013150190345448,0.1289437617586432,0.8985647861536262,0.3171586113876636,-0.1459323416639621,18,4500,7357
0.3099500860196273,0.0945476269175602,0.8355338119609227,0.3179790684140602,-0.146725064300299,19,4500,7357
0.3099500860196273,0.0945476269175602,0.8355338119609227,0.3179790684140602,-0.146725064300299,20,4500,7357
0.3024023053014916,0.0828281829303902,0.8321900528571295,0.3180754827492834,-0.1482715129549391,21,4500,7357
0.3024023053014916,0.0828281829303902,0.8321900528571295,0.3180754827492834,-0.1482715129549391,22,4500,7357
0.3024023053014916,0.0828281829303902,0.8321900528571295,0.3180754827492834,-0.1482715129549391,23,4500,7357
0.3162660178610035,0.0853205921487122,0.8322150210053836,0.3180679256590029,-0.1484000682839757,24,4500,7357
0.3205641123584893,0.0821665605058853,0.8322496911330486,0.3172125630510051,-0.1490623355621982,25,4500,7357
0.3205641123584893,0.0821665605058853,0.8322496911330486,0.3172125630510051,-0.1490623355621982,26,4500,7357
0.3205641123584893,0.0821665605058853,0.8322496911330486,0.3172125630510051,-0.1490623355621982,27,4500,7357
0.3225167287601624,0.0828351817042457,0.8322150210053836,0.3181326804647492,-0.1490706700476049,28,4500,7357
0.3225167287601624,0.0828351817042457,0.8322150210053836,0.3181326804647492,-0.1490706700476049,29,4500,7357
0.3225167287601624,0.0828351817042457,0.8322150210053836,0.3181326804647492,-0.1490706700476049,30,4500,7357
0.3186977391279007,0.0828438533395065,0.8282525277849143,0.3169260766816333,-0.1492256098473768,31,4500,7357
0.3186977391279007,0.0828438533395065,0.8282525277849143,0.3169260766816333,-0.1492256098473768,32,4500,7357
0.3186977391279007,0.0828438533395065,0.8282525277849143,0.3169260766816333,-0.1492256098473768,33,4500,7357
0.3186977391279007,0.0828438533395065,0.8282525277849143,0.3169260766816333,-0.1492256098473768,34,4500,7357
0.3186977391279007,0.0828438533395065,0.8282525277849143,0.3169260766816333,-0.1492256098473768,35,4500,7357
0.3186977391279007,0.0828438533395065,0.8282525277849143,0.3169260766816333,-0.1492256098473768,36,4500,7357
0.3186977391279007,0.0828438533395065,0.8282525277849143,0.3169260766816333,-0.1492256098473768,37,4500,7357
0.3186977391279007,0.0828438533395065,0.8282525277849143,0.3169260766816333,-0.1492256098473768,38,4500,7357
0.3186977391279007,0.0828438533395065,0.8282525277849143,0.3169260766816333,-0.1492256098473768,39,4500,7357
0.3186977391279007,0.0828438533395065,0.8282525277849143,0.3169260766816333,-0.1492256098473768,40,4500,7357
0.3186977391279007,0.0828438533395065,0.8282525277849143,0.3169260766816333,-0.1492256098473768,41,4500,7357
0.3225404528101476,0.0828438533395065,0.8275509314470552,0.3169505884411567,-0.1492457960994334,42,4500,7357
0.3225404528101476,0.0828438533395065,0.8275509314470552,0.3169505884411567,-0.1492457960994334,43,4500,7357
0.3225404528101476,0.0828438533395065,0.8275509314470552,0.3169505884411567,-0.1492457960994334,44,4500,7357
0.3225404528101476,0.0828438533395065,0.8275509314470552,0.3169505884411567,-0.1492457960994334,45,4500,7357
0.3225404528101476,0.0828438533395065,0.8275509314470552,0.3169505884411567,-0.1492457960994334,46,4500,7357
0.3225404528101476,0.0828438533395065,0.8275509314470552,0.3169505884411567,-0.1492457960994334,47,4500,7357
0.3225404528101476,0.0828438533395065,0.8275509314470552,0.3169505884411567,-0.1492457960994334,48,4500,7357
0.3225404528101476,0.0828438533395065,0.8275509314470552,0.3169505884411567,-0.1492457960994334,49,4500,7357
0.3225404528101476,0.0828438533395065,0.8275509314470552,0.3169505884411567,-0.1492457960994334,50,4500,7357
0.3225404528101476,0.0828438533395065,0.8275509314470552,0.3169505884411567,-0.1492457960994334,51,4500,7357
0.3225404528101476,0.0828438533395065,0.8275509314470552,0.3169505884411567,-0.1492457960994334,52,4500,7357
0.3225404528101476,0.0828438533395065,0.8275509314470552,0.3169505884411567,-0.1492457960994334,53,4500,7357
0.3225404528101476,0.0828438533395065,0.8275509314470552,0.3169505884411567,-0.1492457960994334,54,4500,7357
0.3225404528101476,0.0828438533395065,0.8275509314470552,0.3169505884411567,-0.1492457960994334,55,4500,7357
0.3225404528101476,0.0828438533395065,0.8275509314470552,0.3169505884411567,-0.1492457960994334,56,4500,7357
0.3225404528101476,0.0828438533395065,0.8275509314470552,0.3169505884411567,-0.1492457960994334,57,4500,7357
0.3225404528101476,0.0828438533395065,0.8275509314470552,0.3169505884411567,-0.1492457960994334,58,4500,7357
0.3225404528101476,0.0828438533395065,0.8275509314470552,0.3169505884411567,-0.1492457960994334,59,4500,7357
0.3225404528101476,0.0828438533395065,0.8275509314470552,0.3169505884411567,-0.1492457960994334,60,4500,7357
0.3225404528101476,0.0828438533395065,0.8275509314470552,0.3169505884411567,-0.1492457960994334,61,4500,7357
0.3225404528101476,0.0828438533395065,0.8275509314470552,0.3169505884411567,-0.1492457960994334,62,4500,7357
0.3225404528101476,0.0828438533395065,0.8275509314470552,0.3169505884411567,-0.1492457960994334,63,4500,7357
0.3225404528101476,0.0828438533395065,0.8275509314470552,0.3169505884411567,-0.1492457960994334,64,4500,7357
0.3225404528101476,0.0828438533395065,0.8275509314470552,0.3169505884411567,-0.1492457960994334,65,4500,7357
0.3225404528101476,0.0828438533395065,0.8275509314470552,0.3169505884411567,-0.1492457960994334,66,4500,7357
0.3225404528101476,0.0828438533395065,0.8275509314470552,0.3169505884411567,-0.1492457960994334,67,4500,7357
0.3118314520104854,0.8102743521062991,0.8612666847869941,0.4244635846320775,-0.076359167522189,0,4500,8072
0.3251177343283608,0.3816162185378232,0.886948033646623,0.3497468209541694,-0.0803227987761338,1,4500,8072
0.2038135943209634,0.0850218608951974,0.8170352375845834,0.3864851036133983,-0.1012390357610412,2,4500,8072
0.2038135943209634,0.0850218608951974,0.8170352375845834,0.3864851036133983,-0.1012390357610412,3,4500,8072
0.3930709036382376,0.1329895071881396,0.8917976815436847,0.3693114597499046,-0.1096301288644022,4,4500,8072
0.3930709036382376,0.1329895071881396,0.8917976815436847,0.3693114597499046,-0.1096301288644022,5,4500,8072
0.4031375805174406,0.1329895071881396,0.8917976815436847,0.3837871440203894,-0.1100974474214571,6,4500,8072
0.3433296820197107,0.0820203737835869,0.8670839825161176,0.3838044882245887,-0.1133551205774461,7,4500,8072
0.345048566811506,0.0820203737835869,0.8660336655766898,0.3838044882245887,-0.1133795332073135,8,4500,8072
0.3864761640507609,0.0785291251296381,0.845023196827721,0.3224476772986656,-0.1217174506855205,9,4500,8072
0.3864761640507609,0.0785291251296381,0.845023196827721,0.3224476772986656,-0.1217174506855205,10,4500,8072
0.3864761640507609,0.0785291251296381,0.845023196827721,0.3224476772986656,-0.1217174506855205,11,4500,8072
0.3864761640507609,0.0785291251296381,0.845023196827721,0.3224476772986656,-0.1217174506855205,12,4500,8072
0.3864761640507609,0.0785291251296381,0.845023196827721,0.3224476772986656,-0.1217174506855205,13,4500,8072
0.3864761640507609,0.0785291251296381,0.845023196827721,0.3224476772986656,-0.1217174506855205,14,4500,8072
0.3864761640507609,0.0785291251296381,0.845023196827721,0.3224476772986656,-0.1217174506855205,15,4500,8072
0.3864761640507609,0.0785291251296381,0.845023196827721,0.3224476772986656,-0.1217174506855205,16,4500,8072
0.3859989246528865,0.0785291251296381,0.8268180111422981,0.3224476772986656,-0.1229982407332575,17,4500,8072
0.4543286994006339,0.0788111134507364,0.8403405998158527,0.3185480424090404,-0.1245134044209494,18,4500,8072
0.4543286994006339,0.0788111134507364,0.8403405998158527,0.3185480424090404,-0.1245134044209494,19,4500,8072
0.3507384710164131,0.0820203737835869,0.8270861479793721,0.3180691138522464,-0.1260133362127987,20,4500,8072
0.3507384710164131,0.0820203737835869,0.8270861479793721,0.3180691138522464,-0.1260133362127987,21,4500,8072
0.38859390335898,0.0881736390473859,0.8303717442501698,0.317831498221664,-0.1261692893388013,22,4500,8072
0.38859390335898,0.0881736390473859,0.8303717442501698,0.317831498221664,-0.1261692893388013,23,4500,8072
0.4097713735484165,0.077275354626203,0.8312063192602094,0.3175686951212197,-0.1263370940481595,24,4500,8072
0.4097713735484165,0.077275354626203,0.8312063192602094,0.3175686951212197,-0.1263370940481595,25,4500,8072
0.4097713735484165,0.077275354626203,0.8312063192602094,0.3175686951212197,-0.1263370940481595,26,4500,8072
0.4097713735484165,0.077275354626203,0.8312063192602094,0.3175686951212197,-0.1263370940481595,27,4500,8072
0.4097713735484165,0.077275354626203,0.8312063192602094,0.3175686951212197,-0.1263370940481595,28,4500,8072
0.4097713735484165,0.077275354626203,0.8312063192602094,0.3175686951212197,-0.1263370940481595,29,4500,8072
0.4097713735484165,0.077275354626203,0.8312063192602094,0.3175686951212197,-0.1263370940481595,30,4500,8072
0.3973949154677956,0.0784467728729087,0.8266529770042272,0.3176720987871503,-0.1263726162439305,31,4500,8072
0.3841705164662038,0.0786946296630693,0.828590365648904,0.3177606493525199,-0.1264094965527149,32,4500,8072
0.3841705164662038,0.0786946296630693,0.828590365648904,0.3177606493525199,-0.1264094965527149,33,4500,8072
0.4329693819909695,0.0785475861341116,0.8287789306821379,0.3175862341123639,-0.1264906202602489,34,4500,8072
0.4329693819909695,0.0785475861341116,0.8287789306821379,0.3175862341123639,-0.1264906202602489,35,4500,8072
0.4329693819909695,0.0785475861341116,0.8287789306821379,0.3175862341123639,-0.1264906202602489,36,4500,8072
0.4329693819909695,0.0785475861341116,0.8287789306821379,0.3175862341123639,-0.1264906202602489,37,4500,8072
0.4329693819909695,0.0785475861341116,0.8287789306821379,0.3175862341123639,-0.1264906202602489,38,4500,8072
0.4329693819909695,0.0785475861341116,0.8287789306821379,0.3175862341123639,-0.1264906202602489,39,4500,8072
0.4329693819909695,0.0785475861341116,0.8287789306821379,0.3175862341123639,-0.1264906202602489,40,4500,8072
0.4329693819909695,0.0785475861341116,0.8287789306821379,0.3175862341123639,-0.1264906202602489,41,4500,8072
0.4329693819909695,0.0785475861341116,0.8287789306821379,0.3175862341123639,-0.1264906202602489,42,4500,8072
0.4329693819909695,0.0785475861341116,0.8287789306821379,0.3175862341123639,-0.1264906202602489,43,4500,8072
0.4329693819909695,0.0785475861341116,0.8287789306821379,0.3175862341123639,-0.1264906202602489,44,4500,8072
0.4329693819909695,0.0785475861341116,0.8287789306821379,0.3175862341123639,-0.1264906202602489,45,4500,8072
0.4329693819909695,0.0785475861341116,0.8287789306821379,0.3175862341123639,-0.1264906202602489,46,4500,8072
0.4329693819909695,0.0785475861341116,0.8287789306821379,0.3175862341123639,-0.1264906202602489,47,4500,8072
0.4329693819909695,0.0785475861341116,0.8287789306821379,0.3175862341123639,-0.1264906202602489,48,4500,8072
0.4329693819909695,0.0785475861341116,0.8287789306821379,0.3175862341123639,-0.1264906202602489,49,4500,8072
0.4329693819909695,0.0785475861341116,0.8287789306821379,0.3175862341123639,-0.1264906202602489,50,4500,8072
0.4329693819909695,0.0785475861341116,0.8287789306821379,0.3175862341123639,-0.1264906202602489,51,4500,8072
0.4329693819909695,0.0785475861341116,0.8287789306821379,0.3175862341123639,-0.1264906202602489,52,4500,8072
0.4329693819909695,0.0785475861341116,0.8287789306821379,0.3175862341123639,-0.1264906202602489,53,4500,8072
0.4329693819909695,0.0785475861341116,0.8287789306821379,0.3175862341123639,-0.1264906202602489,54,4500,8072
0.4329693819909695,0.0785475861341116,0.8287789306821379,0.3175862341123639,-0.1264906202602489,55,4500,8072
0.4329693819909695,0.0785475861341116,0.8287789306821379,0.3175862341123639,-0.1264906202602489,56,4500,8072
0.7685169988962544,0.2092810426177854,0.6317521922027585,0.8124471005528425,-0.1795233900818763,0,5214,3072
0.7685169988962544,0.2092810426177854,0.6317521922027585,0.8124471005528425,-0.1795233900818763,1,5214,3072
0.7685169988962544,0.2092810426177854,0.6317521922027585,0.8124471005528425,-0.1795233900818763,2,5214,3072
0.7685169988962544,0.2092810426177854,0.6317521922027585,0.8124471005528425,-0.1795233900818763,3,5214,3072
0.819626719119277,0.2634260995275008,0.6506724295996501,0.7968289075555428,-0.2066276119832455,4,5214,3072
0.819626719119277,0.2634260995275008,0.6506724295996501,0.7968289075555428,-0.2066276119832455,5,5214,3072
0.819626719119277,0.2634260995275008,0.6506724295996501,0.7968289075555428,-0.2066276119832455,6,5214,3072
0.819626719119277,0.2634260995275008,0.6506724295996501,0.7968289075555428,-0.2066276119832455,7,5214,3072
0.819626719119277,0.2634260995275008,0.6506724295996501,0.7968289075555428,-0.2066276119832455,8,5214,3072
0.819626719119277,0.2634260995275008,0.6506724295996501,0.7968289075555428,-0.2066276119832455,9,5214,3072
0.819626719119277,0.2634260995275008,0.6506724295996501,0.7968289075555428,-0.2066276119832455,10,5214,3072
0.819626719119277,0.2634260995275008,0.6506724295996501,0.7968289075555428,-0.2066276119832455,11,5214,3072
0.819626719119277,0.2634260995275008,0.6506724295996501,0.7968289075555428,-0.2066276119832455,12,5214,3072
0.819626719119277,0.2634260995275008,0.6506724295996501,0.7968289075555428,-0.2066276119832455,13,5214,3072
0.72216802227339,0.2592298687647636,0.6526640897570496,0.7558991198707172,-0.2075646866854967,14,5214,3072
0.7269533403027275,0.2847262494788958,0.6530457704009285,0.7968289075555428,-0.211807439082647,15,5214,3072
0.7276359006487986,0.2619260718446283,0.6549856644246183,0.7970636312389133,-0.2186631960242189,16,5214,3072
0.7269582559310019,0.1761412290392212,0.6530457704009285,0.7968289075555428,-0.2203039675331372,17,5214,3072
0.7269582559310019,0.1761412290392212,0.6530457704009285,0.7968289075555428,-0.2203039675331372,18,5214,3072
0.7259309744666337,0.1818751185739843,0.6572229405929467,0.7859455283490988,-0.2208163873478245,19,5214,3072
0.7259309744666337,0.1818751185739843,0.6572229405929467,0.7859455283490988,-0.2208163873478245,20,5214,3072
0.7259309744666337,0.1818751185739843,0.6572229405929467,0.7859455283490988,-0.2208163873478245,21,5214,3072
0.7259309744666337,0.1818751185739843,0.6572229405929467,0.7859455283490988,-0.2208163873478245,22,5214,3072
0.7259309744666337,0.1818751185739843,0.6572229405929467,0.7859455283490988,-0.2208163873478245,23,5214,3072
0.7259309744666337,0.1818751185739843,0.6572229405929467,0.7859455283490988,-0.2208163873478245,24,5214,3072
0.7259309744666337,0.1818751185739843,0.6572229405929467,0.7859455283490988,-0.2208163873478245,25,5214,3072
0.7257682896017864,0.1762722082688065,0.6549805336236794,0.7845396573730986,-0.2211217666899221,26,5214,3072
0.7264427705251811,0.1747727333117907,0.6578421912248399,0.7930259287088753,-0.2215254133326304,27,5214,3072
0.7259309744666337,0.1782858494417278,0.6572229405929467,0.797131862903835,-0.2219371444834707,28,5214,3072
0.7259309744666337,0.1782858494417278,0.6572229405929467,0.797131862903835,-0.2219371444834707,29,5214,3072
0.7259309744666337,0.1782858494417278,0.6572229405929467,0.797131862903835,-0.2219371444834707,30,5214,3072
0.7259309744666337,0.1782858494417278,0.6572229405929467,0.797131862903835,-0.2219371444834707,31,5214,3072
0.7259309744666337,0.1782858494417278,0.6572229405929467,0.797131862903835,-0.2219371444834707,32,5214,3072
0.7259309744666337,0.1736182717502359,0.6572229405929467,0.7984746943515695,-0.2224778251951391,33,5214,3072
0.7259309744666337,0.1736182717502359,0.6572229405929467,0.7984746943515695,-0.2224778251951391,34,5214,3072
0.7259309744666337,0.1736182717502359,0.6572229405929467,0.7984746943515695,-0.2224778251951391,35,5214,3072
0.7259309744666337,0.1736182717502359,0.6572229405929467,0.7984746943515695,-0.2224778251951391,36,5214,3072
0.7259309744666337,0.1736182717502359,0.6572229405929467,0.7984746943515695,-0.2224778251951391,37,5214,3072
0.7259309744666337,0.1736182717502359,0.6572229405929467,0.7984746943515695,-0.2224778251951391,38,5214,3072
0.7247057133990221,0.1728185210634339,0.6587311145715726,0.8035309739763781,-0.2224970820955806,39,5214,3072
0.7247057133990221,0.1728185210634339,0.6587311145715726,0.8035309739763781,-0.2224970820955806,40,5214,3072
0.7247057133990221,0.1728185210634339,0.6587311145715726,0.8035309739763781,-0.2224970820955806,41,5214,3072
0.7264427705251811,0.1736969428397312,0.6578716063374879,0.8038796199914265,-0.2225766424765908,42,5214,3072
0.7264427705251811,0.1736969428397312,0.6578716063374879,0.8038796199914265,-0.2225766424765908,43,5214,3072
0.7264427705251811,0.1736969428397312,0.6578716063374879,0.8038796199914265,-0.2225766424765908,44,5214,3072
0.7264427705251811,0.1736969428397312,0.6578716063374879,0.8038796199914265,-0.2225766424765908,45,5214,3072
0.7264427705251811,0.1736969428397312,0.6578716063374879,0.8038796199914265,-0.2225766424765908,46,5214,3072
0.7264427705251811,0.1736969428397312,0.6578716063374879,0.8038796199914265,-0.2225766424765908,47,5214,3072
0.7264427705251811,0.1736969428397312,0.6578716063374879,0.8038796199914265,-0.2225766424765908,48,5214,3072
0.7264427705251811,0.1736969428397312,0.6578716063374879,0.8038796199914265,-0.2225766424765908,49,5214,3072
0.7264427705251811,0.1736969428397312,0.6578716063374879,0.8038796199914265,-0.2225766424765908,50,5214,3072
0.7264427705251811,0.1736969428397312,0.6578716063374879,0.8038796199914265,-0.2225766424765908,51,5214,3072
0.7264427705251811,0.1736969428397312,0.6578716063374879,0.8038796199914265,-0.2225766424765908,52,5214,3072
0.7264427705251811,0.1736969428397312,0.6578716063374879,0.8038796199914265,-0.2225766424765908,53,5214,3072
0.7264427705251811,0.1736969428397312,0.6578716063374879,0.8038796199914265,-0.2225766424765908,54,5214,3072
0.7266314090394904,0.17320435593684,0.6594830103612392,0.8050499599444811,-0.2226736006946253,55,5214,3072
0.7266314090394904,0.17320435593684,0.6594830103612392,0.8050499599444811,-0.2226736006946253,56,5214,3072
0.7266314090394904,0.17320435593684,0.6594830103612392,0.8050499599444811,-0.2226736006946253,57,5214,3072
0.7266314090394904,0.17320435593684,0.6594830103612392,0.8050499599444811,-0.2226736006946253,58,5214,3072
0.7266314090394904,0.17320435593684,0.6594830103612392,0.8050499599444811,-0.2226736006946253,59,5214,3072
0.7266314090394904,0.17320435593684,0.6594830103612392,0.8050499599444811,-0.2226736006946253,60,5214,3072
0.7266314090394904,0.17320435593684,0.6594830103612392,0.8050499599444811,-0.2226736006946253,61,5214,3072
0.7266314090394904,0.17320435593684,0.6594830103612392,0.8050499599444811,-0.2226736006946253,62,5214,3072
0.7266314090394904,0.17320435593684,0.6594830103612392,0.8050499599444811,-0.2226736006946253,63,5214,3072
0.7266314090394904,0.17320435593684,0.6594830103612392,0.8050499599444811,-0.2226736006946253,64,5214,3072
0.7266314090394904,0.17320435593684,0.6594830103612392,0.8050499599444811,-0.2226736006946253,65,5214,3072
0.7266314090394904,0.17320435593684,0.6594830103612392,0.8050499599444811,-0.2226736006946253,66,5214,3072
0.7266314090394904,0.17320435593684,0.6594830103612392,0.8050499599444811,-0.2226736006946253,67,5214,3072
0.7266314090394904,0.17320435593684,0.6594830103612392,0.8050499599444811,-0.2226736006946253,68,5214,3072
0.7266314090394904,0.17320435593684,0.6594830103612392,0.8050499599444811,-0.2226736006946253,69,5214,3072
0.7266314090394904,0.17320435593684,0.6594830103612392,0.8050499599444811,-0.2226736006946253,70,5214,3072
0.7266314090394904,0.17320435593684,0.6594830103612392,0.8050499599444811,-0.2226736006946253,71,5214,3072
0.7266314090394904,0.17320435593684,0.6594830103612392,0.8050499599444811,-0.2226736006946253,72,5214,3072
0.7266314090394904,0.17320435593684,0.6594830103612392,0.8050499599444811,-0.2226736006946253,73,5214,3072
0.7266314090394904,0.17320435593684,0.6594830103612392,0.8050499599444811,-0.2226736006946253,74,5214,3072
0.7266314090394904,0.17320435593684,0.6594830103612392,0.8050499599444811,-0.2226736006946253,75,5214,3072
0.7266314090394904,0.17320435593684,0.6594830103612392,0.8050499599444811,-0.2226736006946253,76,5214,3072
0.7266314090394904,0.17320435593684,0.6594830103612392,0.8050499599444811,-0.2226736006946253,77,5214,3072
0.7266314090394904,0.17320435593684,0.6594830103612392,0.8050499599444811,-0.2226736006946253,78,5214,3072
0.7266314090394904,0.17320435593684,0.6594830103612392,0.8050499599444811,-0.2226736006946253,79,5214,3072
0.7266314090394904,0.17320435593684,0.6594830103612392,0.8050499599444811,-0.2226736006946253,80,5214,3072
0.7685169988962544,0.2092810426177854,0.6317521922027585,0.8124471005528425,-0.1628826785372621,0,5214,3786
0.7685169988962544,0.2092810426177854,0.6317521922027585,0.8124471005528425,-0.1628826785372621,1,5214,3786
0.1679117219425764,0.1326962975467872,0.8117822450257013,0.2444338437129442,-0.1695800533281706,2,5214,3786
0.1679117219425764,0.1326962975467872,0.8117822450257013,0.2444338437129442,-0.1695800533281706,3,5214,3786
0.8164785855050363,0.2286466572644289,0.6571325377067371,0.7785803681279121,-0.1904570122782848,4,5214,3786
0.8164785855050363,0.2286466572644289,0.6571325377067371,0.7785803681279121,-0.1904570122782848,5,5214,3786
0.8164785855050363,0.2286466572644289,0.6571325377067371,0.7785803681279121,-0.1904570122782848,6,5214,3786
0.8164785855050363,0.2286466572644289,0.6571325377067371,0.7785803681279121,-0.1904570122782848,7,5214,3786
0.8164785855050363,0.2286466572644289,0.6571325377067371,0.7785803681279121,-0.1904570122782848,8,5214,3786
0.8164785855050363,0.2286466572644289,0.6571325377067371,0.7785803681279121,-0.1904570122782848,9,5214,3786
0.8164785855050363,0.2286466572644289,0.6571325377067371,0.7785803681279121,-0.1904570122782848,10,5214,3786
0.8164785855050363,0.2286466572644289,0.6600011241934628,0.7829174307810228,-0.1912409400377145,11,5214,3786
0.8164785855050363,0.2286466572644289,0.6600011241934628,0.7829174307810228,-0.1912409400377145,12,5214,3786
0.8164785855050363,0.2286466572644289,0.6600011241934628,0.7829174307810228,-0.1912409400377145,13,5214,3786
0.7271252774152863,0.2153427547048466,0.6590156928386951,0.8053872170319376,-0.2040515508669588,14,5214,3786
0.7271252774152863,0.2153427547048466,0.6590156928386951,0.8053872170319376,-0.2040515508669588,15,5214,3786
0.7271252774152863,0.2153427547048466,0.6590156928386951,0.8053872170319376,-0.2040515508669588,16,5214,3786
0.7271252774152863,0.2153427547048466,0.6590156928386951,0.8053872170319376,-0.2040515508669588,17,5214,3786
0.7271252774152863,0.2153427547048466,0.6590156928386951,0.8053872170319376,-0.2040515508669588,18,5214,3786
0.7271252774152863,0.2153427547048466,0.6590156928386951,0.8053872170319376,-0.2040515508669588,19,5214,3786
0.7271252774152863,0.2153427547048466,0.6590156928386951,0.8053872170319376,-0.2040515508669588,20,5214,3786
0.7271252774152863,0.2153427547048466,0.6590156928386951,0.8053872170319376,-0.2040515508669588,21,5214,3786
0.7271252774152863,0.2153427547048466,0.6590156928386951,0.8053872170319376,-0.2040515508669588,22,5214,3786
0.7271252774152863,0.2153427547048466,0.6590156928386951,0.8053872170319376,-0.2040515508669588,23,5214,3786
0.7271252774152863,0.2153427547048466,0.6590156928386951,0.8053872170319376,-0.2040515508669588,24,5214,3786
0.7271252774152863,0.2153427547048466,0.6590156928386951,0.8053872170319376,-0.2040515508669588,25,5214,3786
0.7271252774152863,0.2153427547048466,0.6590156928386951,0.8053872170319376,-0.2040515508669588,26,5214,3786
0.7271252774152863,0.2153427547048466,0.6590156928386951,0.8053872170319376,-0.2040515508669588,27,5214,3786
0.7271252774152863,0.2153427547048466,0.6590156928386951,0.8053872170319376,-0.2040515508669588,28,5214,3786
0.7271252774152863,0.2153427547048466,0.6590156928386951,0.8053872170319376,-0.2040515508669588,29,5214,3786
0.7271252774152863,0.2153427547048466,0.6590156928386951,0.8053872170319376,-0.2040515508669588,30,5214,3786
0.7271252774152863,0.2153427547048466,0.6590156928386951,0.8053872170319376,-0.2040515508669588,31,5214,3786
0.7271252774152863,0.2153427547048466,0.6590156928386951,0.8053872170319376,-0.2040515508669588,32,5214,3786
0.7271252774152863,0.2153427547048466,0.6590156928386951,0.8053872170319376,-0.2040515508669588,33,5214,3786
0.7336002308545376,0.1728536187182037,0.6573378686676218,0.7975139213550434,-0.2048526654503843,34,5214,3786
0.7259897173514239,0.2526840958476686,0.6571256238931614,0.7736202000663095,-0.208255736725052,35,5214,3786
0.7271252774152863,0.2475217057090535,0.6521460290884964,0.7951808242717512,-0.208628311419006,36,5214,3786
0.7271252774152863,0.2475217057090535,0.6521460290884964,0.7951808242717512,-0.208628311419006,37,5214,3786
0.7265293566959881,0.1804709691928269,0.6571904528610115,0.7828860701534045,-0.2107598857833556,38,5214,3786
0.7265293566959881,0.1804709691928269,0.6571904528610115,0.7828860701534045,-0.2107598857833556,39,5214,3786
0.7260445312628072,0.1724614483863842,0.6586238180593463,0.7819797581391233,-0.2117592400267312,40,5214,3786
0.7265923475686137,0.1775983844981853,0.6575011416427227,0.8047919187232069,-0.2119794602004537,41,5214,3786
0.7265923475686137,0.1775983844981853,0.6575011416427227,0.8047919187232069,-0.2119794602004537,42,5214,3786
0.7265923475686137,0.1775983844981853,0.6575011416427227,0.8047919187232069,-0.2119794602004537,43,5214,3786
0.7257955876222592,0.1768415003512081,0.6601105758317242,0.8028878055168911,-0.2120764184184881,44,5214,3786
0.7257955876222592,0.1768415003512081,0.6601105758317242,0.8028878055168911,-0.2120764184184881,45,5214,3786
0.7257955876222592,0.1768415003512081,0.6601105758317242,0.8028878055168911,-0.2120764184184881,46,5214,3786
0.7257955876222592,0.1768415003512081,0.6601105758317242,0.8028878055168911,-0.2120764184184881,47,5214,3786
0.7257955876222592,0.1768415003512081,0.6601105758317242,0.8028878055168911,-0.2120764184184881,48,5214,3786
0.7262902624785039,0.1733057834784483,0.6588798569036974,0.798797703213332,-0.2124213236306703,49,5214,3786
0.7262902624785039,0.1733057834784483,0.6588798569036974,0.798797703213332,-0.2124213236306703,50,5214,3786
0.7262902624785039,0.1733057834784483,0.6588798569036974,0.798797703213332,-0.2124213236306703,51,5214,3786
0.7257831588837036,0.1723524087615942,0.6572106631997386,0.8037178850940262,-0.2124405805311117,52,5214,3786
0.7257831588837036,0.1723524087615942,0.6572106631997386,0.8037178850940262,-0.2124405805311117,53,5214,3786
0.7259897173514239,0.1735098967932684,0.6600170726164909,0.7986837053946129,-0.2125182818487047,54,5214,3786
0.7259897173514239,0.1735098967932684,0.6600170726164909,0.7986837053946129,-0.2125182818487047,55,5214,3786
0.7249941807402173,0.1735171702058023,0.6592074688253549,0.8052480454261082,-0.212520140912122,56,5214,3786
0.7249941807402173,0.1735171702058023,0.6592074688253549,0.8052480454261082,-0.212520140912122,57,5214,3786
0.7257910521310708,0.1726987149403447,0.6597437110344669,0.803591289157194,-0.2125375387491463,58,5214,3786
0.725839334249756,0.173537797219739,0.6599173872778956,0.8031349278995173,-0.2126170991301565,59,5214,3786
0.725839334249756,0.173537797219739,0.6599173872778956,0.8031349278995173,-0.2126170991301565,60,5214,3786
0.725839334249756,0.173537797219739,0.6599173872778956,0.8031349278995173,-0.2126170991301565,61,5214,3786
0.725839334249756,0.173537797219739,0.6599173872778956,0.8031349278995173,-0.2126170991301565,62,5214,3786
0.725839334249756,0.173537797219739,0.6599173872778956,0.8031349278995173,-0.2126170991301565,63,5214,3786
0.725839334249756,0.173537797219739,0.6599173872778956,0.8031349278995173,-0.2126170991301565,64,5214,3786
0.725839334249756,0.173537797219739,0.6599173872778956,0.8031349278995173,-0.2126170991301565,65,5214,3786
0.725839334249756,0.173537797219739,0.6599173872778956,0.8031349278995173,-0.2126170991301565,66,5214,3786
0.725839334249756,0.173537797219739,0.6599173872778956,0.8031349278995173,-0.2126170991301565,67,5214,3786
0.725839334249756,0.173537797219739,0.6599173872778956,0.8031349278995173,-0.2126170991301565,68,5214,3786
0.725839334249756,0.173537797219739,0.6599173872778956,0.8031349278995173,-0.2126170991301565,69,5214,3786
0.725839334249756,0.173537797219739,0.6599173872778956,0.8031349278995173,-0.2126170991301565,70,5214,3786
0.725839334249756,0.173537797219739,0.6599173872778956,0.8031349278995173,-0.2126170991301565,71,5214,3786
0.725839334249756,0.173537797219739,0.6599173872778956,0.8031349278995173,-0.2126170991301565,72,5214,3786
0.725839334249756,0.173537797219739,0.6599173872778956,0.8031349278995173,-0.2126170991301565,73,5214,3786
0.725839334249756,0.173537797219739,0.6599173872778956,0.8031349278995173,-0.2126170991301565,74,5214,3786
0.725839334249756,0.173537797219739,0.6599173872778956,0.8031349278995173,-0.2126170991301565,75,5214,3786
0.725839334249756,0.173537797219739,0.6599173872778956,0.8031349278995173,-0.2126170991301565,76,5214,3786
0.725839334249756,0.173537797219739,0.6599173872778956,0.8031349278995173,-0.2126170991301565,77,5214,3786
0.725839334249756,0.173537797219739,0.6599173872778956,0.8031349278995173,-0.2126170991301565,78,5214,3786
0.725839334249756,0.173537797219739,0.6599173872778956,0.8031349278995173,-0.2126170991301565,79,5214,3786
0.725839334249756,0.173537797219739,0.6599173872778956,0.8031349278995173,-0.2126170991301565,80,5214,3786
0.725839334249756,0.173537797219739,0.6599173872778956,0.8031349278995173,-0.2126170991301565,81,5214,3786
0.2600974477372232,0.1326962975467872,0.5995244730532772,0.2434927120280825,-0.120048542513513,0,5214,4500
0.2600974477372232,0.1326962975467872,0.5995244730532772,0.2434927120280825,-0.120048542513513,1,5214,4500
0.2600974477372232,0.1326962975467872,0.5995244730532772,0.2434927120280825,-0.120048542513513,2,5214,4500
0.2600974477372232,0.1326962975467872,0.5995244730532772,0.2434927120280825,-0.120048542513513,3,5214,4500
0.2600974477372232,0.1326962975467872,0.5995244730532772,0.2434927120280825,-0.120048542513513,4,5214,4500
0.3209175349433196,0.2578031189967366,0.71068902648967,0.3400760265409259,-0.1247373250725055,5,5214,4500
0.2600974477372232,0.1326962975467872,0.5945843062238432,0.332752635423195,-0.1269219698048733,6,5214,4500
0.764873449837477,0.2838617655131224,0.6204441261618137,0.7742677280821899,-0.1319678900822302,7,5214,4500
0.2294630780901594,0.0842914384313126,0.7369333573850347,0.3621673720854568,-0.1440473221603124,8,5214,4500
0.2294630780901594,0.0842914384313126,0.7369333573850347,0.3621673720854568,-0.1440473221603124,9,5214,4500
0.2745968639783944,0.1329711643641636,0.9024284351866289,0.3203090158522845,-0.144885508495343,10,5214,4500
0.2745968639783944,0.1329711643641636,0.9024284351866289,0.3203090158522845,-0.144885508495343,11,5214,4500
0.3183674122717757,0.0793031945845707,0.8196146826182222,0.2690850749532974,-0.1503790026214388,12,5214,4500
0.3183674122717757,0.0793031945845707,0.8196146826182222,0.2690850749532974,-0.1503790026214388,13,5214,4500
0.3200471359212173,0.0772208239629084,0.8735592111266821,0.3443738292160484,-0.1532202234711051,14,5214,4500
0.3200471359212173,0.0772208239629084,0.8735592111266821,0.3443738292160484,-0.1532202234711051,15,5214,4500
0.3064069870452458,0.0793031945845707,0.8184121496314787,0.3135240069482564,-0.1541270467784475,16,5214,4500
0.31260659142404,0.0911104338810235,0.9050950571821864,0.3880183333282755,-0.1549795968334306,17,5214,4500
0.3128887533910762,0.0793031945845707,0.8196146826182222,0.3880031634453231,-0.1565084829400044,18,5214,4500
0.3128887533910762,0.0793031945845707,0.8196146826182222,0.3880031634453231,-0.1565084829400044,19,5214,4500
0.3087087638175206,0.0807939317946683,0.8992962669668577,0.3845294796447332,-0.1575609293146574,20,5214,4500
0.3087087638175206,0.0807939317946683,0.8992962669668577,0.3845294796447332,-0.1575609293146574,21,5214,4500
0.3087087638175206,0.0807939317946683,0.8992962669668577,0.3845294796447332,-0.1575609293146574,22,5214,4500
0.3087087638175206,0.0807939317946683,0.8992962669668577,0.3845294796447332,-0.1575609293146574,23,5214,4500
0.3087087638175206,0.0807939317946683,0.8992962669668577,0.3845294796447332,-0.1575609293146574,24,5214,4500
0.3087087638175206,0.0807939317946683,0.8992962669668577,0.3845294796447332,-0.1575609293146574,25,5214,4500
0.3087087638175206,0.0807939317946683,0.8992962669668577,0.3845294796447332,-0.1575609293146574,26,5214,4500
0.3087087638175206,0.0807939317946683,0.8992962669668577,0.3845294796447332,-0.1575609293146574,27,5214,4500
0.3087087638175206,0.0807939317946683,0.8992962669668577,0.3845294796447332,-0.1575609293146574,28,5214,4500
0.3087087638175206,0.0807939317946683,0.8992962669668577,0.3845294796447332,-0.1575609293146574,29,5214,4500
0.3087087638175206,0.0807939317946683,0.8992962669668577,0.3845294796447332,-0.1575609293146574,30,5214,4500
0.3087087638175206,0.0807939317946683,0.8992962669668577,0.3845294796447332,-0.1575609293146574,31,5214,4500
0.3087087638175206,0.0807939317946683,0.8992962669668577,0.3845294796447332,-0.1575609293146574,32,5214,4500
0.3087087638175206,0.0807939317946683,0.8992962669668577,0.3845294796447332,-0.1575609293146574,33,5214,4500
0.3087087638175206,0.0807939317946683,0.8992962669668577,0.3845294796447332,-0.1575609293146574,34,5214,4500
0.3087087638175206,0.0807939317946683,0.8992962669668577,0.3845294796447332,-0.1575609293146574,35,5214,4500
0.3087087638175206,0.0807939317946683,0.8992962669668577,0.3845294796447332,-0.1575609293146574,36,5214,4500
0.3100505981006496,0.0807700285764794,0.9027982027101904,0.387546278821297,-0.1580115816281952,37,5214,4500
0.3100505981006496,0.0807700285764794,0.9027982027101904,0.387546278821297,-0.1580115816281952,38,5214,4500
0.3100505981006496,0.0807700285764794,0.9027982027101904,0.387546278821297,-0.1580115816281952,39,5214,4500
0.3100505981006496,0.0807700285764794,0.9027982027101904,0.387546278821297,-0.1580115816281952,40,5214,4500
0.3100505981006496,0.0807700285764794,0.9027982027101904,0.387546278821297,-0.1580115816281952,41,5214,4500
0.3100505981006496,0.0807700285764794,0.9027982027101904,0.387546278821297,-0.1580115816281952,42,5214,4500
0.3100505981006496,0.0807700285764794,0.9027982027101904,0.387546278821297,-0.1580115816281952,43,5214,4500
0.3100505981006496,0.0807700285764794,0.9027982027101904,0.387546278821297,-0.1580115816281952,44,5214,4500
0.3100505981006496,0.0807700285764794,0.9027982027101904,0.387546278821297,-0.1580115816281952,45,5214,4500
0.3100505981006496,0.0807700285764794,0.9027982027101904,0.387546278821297,-0.1580115816281952,46,5214,4500
0.3100505981006496,0.0807700285764794,0.9027982027101904,0.387546278821297,-0.1580115816281952,47,5214,4500
0.3100505981006496,0.0807700285764794,0.9027982027101904,0.387546278821297,-0.1580115816281952,48,5214,4500
0.3100505981006496,0.0807700285764794,0.9027982027101904,0.387546278821297,-0.1580115816281952,49,5214,4500
0.3100505981006496,0.0807700285764794,0.9027982027101904,0.387546278821297,-0.1580115816281952,50,5214,4500
0.3100505981006496,0.0807700285764794,0.9027982027101904,0.387546278821297,-0.1580115816281952,51,5214,4500
0.3100505981006496,0.0807700285764794,0.9027982027101904,0.387546278821297,-0.1580115816281952,52,5214,4500
0.3100505981006496,0.0807700285764794,0.9027982027101904,0.387546278821297,-0.1580115816281952,53,5214,4500
0.3100505981006496,0.0807700285764794,0.9027982027101904,0.387546278821297,-0.1580115816281952,54,5214,4500
0.3100505981006496,0.0807700285764794,0.9027982027101904,0.387546278821297,-0.1580115816281952,55,5214,4500
0.3100505981006496,0.0807700285764794,0.9027982027101904,0.387546278821297,-0.1580115816281952,56,5214,4500
0.3100505981006496,0.0807700285764794,0.9027982027101904,0.387546278821297,-0.1580115816281952,57,5214,4500
0.3100505981006496,0.0807700285764794,0.9027982027101904,0.387546278821297,-0.1580115816281952,58,5214,4500
0.3100505981006496,0.0807700285764794,0.9027982027101904,0.387546278821297,-0.1580115816281952,59,5214,4500
0.3100505981006496,0.0807700285764794,0.9027982027101904,0.387546278821297,-0.1580115816281952,60,5214,4500
0.3100505981006496,0.0807700285764794,0.9027982027101904,0.387546278821297,-0.1580115816281952,61,5214,4500
0.3100505981006496,0.0807700285764794,0.9027982027101904,0.387546278821297,-0.1580115816281952,62,5214,4500
0.2600974477372232,0.1326962975467872,0.5995244730532772,0.2434927120280825,-0.0756670321514053,0,5214,5214
0.3251177343283608,0.3816162185378232,0.886948033646623,0.3497468209541694,-0.0824562813429307,1,5214,5214
0.2864647662364531,0.2225068659462724,0.9155552471902686,0.2864910244716064,-0.101383896229925,2,5214,5214
0.2534410534413579,0.1314327862519731,0.9336540147192368,0.2434927120280825,-0.1176398481967808,3,5214,5214
0.2534410534413579,0.1314327862519731,0.9336540147192368,0.2434927120280825,-0.1176398481967808,4,5214,5214
0.2534410534413579,0.1314327862519731,0.9336540147192368,0.2434927120280825,-0.1176398481967808,5,5214,5214
0.2814145102573184,0.0990658274223433,0.9155552471902686,0.2864910244716064,-0.1203522671204712,6,5214,5214
0.2855714731115863,0.0661990754182591,0.9013950964344832,0.2713908424829503,-0.1203911756794997,7,5214,5214
0.2848755576606595,0.1339441034619262,0.9036608797626524,0.4373296542847293,-0.1215291072195717,8,5214,5214
0.3030357572002626,0.1205071796405976,0.9258187957609813,0.3208569043305318,-0.1302374993882377,9,5214,5214
0.3030357572002626,0.1205071796405976,0.9258187957609813,0.3208569043305318,-0.1302374993882377,10,5214,5214
0.3030357572002626,0.1205071796405976,0.9258187957609813,0.3208569043305318,-0.1302374993882377,11,5214,5214
0.3143614530266286,0.1339497671707342,0.9258616704286274,0.3216730115602899,-0.130811735817894,12,5214,5214
0.3013398659820588,0.0867932633723937,0.8747471333948302,0.3050122561798408,-0.1333354826135139,13,5214,5214
0.3013398659820588,0.0867932633723937,0.8747471333948302,0.3050122561798408,-0.1333354826135139,14,5214,5214
0.2985076190345802,0.1330993135754368,0.9002981936281514,0.295181671964652,-0.1344242938874447,15,5214,5214
0.3184036860337965,0.0783332716742069,0.8619902410929775,0.3216829579703589,-0.1374037821813579,16,5214,5214
0.3047143382243663,0.1205071796405976,0.9004481790873927,0.3208569043305318,-0.1395844897889915,17,5214,5214
0.3047143382243663,0.1205071796405976,0.9004481790873927,0.3208569043305318,-0.1395844897889915,18,5214,5214
0.3047143382243663,0.1205071796405976,0.9004481790873927,0.3208569043305318,-0.1395844897889915,19,5214,5214
0.3045660269418655,0.132728756624856,0.9004481790873927,0.3208569043305318,-0.1405074020578947,20,5214,5214
0.2988578988800059,0.0799749092397741,0.9000545259355488,0.3211294344191537,-0.1406290854412163,21,5214,5214
0.2988578988800059,0.0799749092397741,0.9000545259355488,0.3211294344191537,-0.1406290854412163,22,5214,5214
0.2988578988800059,0.0799749092397741,0.9000545259355488,0.3211294344191537,-0.1406290854412163,23,5214,5214
0.2988578988800059,0.0799749092397741,0.9000545259355488,0.3211294344191537,-0.1406290854412163,24,5214,5214
0.2988578988800059,0.0799749092397741,0.9000545259355488,0.3211294344191537,-0.1406290854412163,25,5214,5214
0.3139852009140448,0.0794622350141018,0.8942835128924476,0.3212275925509975,-0.1406795983297595,26,5214,5214
0.3139852009140448,0.0794622350141018,0.8942835128924476,0.3212275925509975,-0.1406795983297595,27,5214,5214
0.3139852009140448,0.0794622350141018,0.8942835128924476,0.3212275925509975,-0.1406795983297595,28,5214,5214
0.3139852009140448,0.0794622350141018,0.8942835128924476,0.3212275925509975,-0.1406795983297595,29,5214,5214
0.2987748225927906,0.0838575198274016,0.9004512385014826,0.3208479118709835,-0.1410746698691355,30,5214,5214
0.2987748225927906,0.0838575198274016,0.9004512385014826,0.3208479118709835,-0.1410746698691355,31,5214,5214
0.3039119360710118,0.0826484499494822,0.9006805117287652,0.3208294131168631,-0.1412545138115663,32,5214,5214
0.3039119360710118,0.0826484499494822,0.9006805117287652,0.3208294131168631,-0.1412545138115663,33,5214,5214
0.3039119360710118,0.0826484499494822,0.9006805117287652,0.3208294131168631,-0.1412545138115663,34,5214,5214
0.3039119360710118,0.0826484499494822,0.9006805117287652,0.3208294131168631,-0.1412545138115663,35,5214,5214
0.3039119360710118,0.0826484499494822,0.9006805117287652,0.3208294131168631,-0.1412545138115663,36,5214,5214
0.3039119360710118,0.0826484499494822,0.9006805117287652,0.3208294131168631,-0.1412545138115663,37,5214,5214
0.3039119360710118,0.0826484499494822,0.9006805117287652,0.3208294131168631,-0.1412545138115663,38,5214,5214
0.3039119360710118,0.0826484499494822,0.9006805117287652,0.3208294131168631,-0.1412545138115663,39,5214,5214
0.3039119360710118,0.0826484499494822,0.9006805117287652,0.3208294131168631,-0.1412545138115663,40,5214,5214
0.3039119360710118,0.0826484499494822,0.9006805117287652,0.3208294131168631,-0.1412545138115663,41,5214,5214
0.3039119360710118,0.0826484499494822,0.9006805117287652,0.3208294131168631,-0.1412545138115663,42,5214,5214
0.296863061891755,0.0821646052973975,0.9027824982686552,0.321177181998424,-0.1418448968949307,43,5214,5214
0.296863061891755,0.0821646052973975,0.9027824982686552,0.321177181998424,-0.1418448968949307,44,5214,5214
0.296863061891755,0.0821646052973975,0.9027824982686552,0.321177181998424,-0.1418448968949307,45,5214,5214
0.313068698703766,0.0821646052973975,0.9027824982686552,0.321229778480779,-0.1420415919995548,46,5214,5214
0.313068698703766,0.0821646052973975,0.9027824982686552,0.321229778480779,-0.1420415919995548,47,5214,5214
0.313068698703766,0.0821646052973975,0.9027824982686552,0.321229778480779,-0.1420415919995548,48,5214,5214
0.313068698703766,0.0821646052973975,0.9027824982686552,0.321229778480779,-0.1420415919995548,49,5214,5214
0.313068698703766,0.0821646052973975,0.9027824982686552,0.321229778480779,-0.1420415919995548,50,5214,5214
0.313068698703766,0.0821646052973975,0.9027824982686552,0.321229778480779,-0.1420415919995548,51,5214,5214
0.313068698703766,0.0821646052973975,0.9027824982686552,0.321229778480779,-0.1420415919995548,52,5214,5214
0.313068698703766,0.0821646052973975,0.9027824982686552,0.321229778480779,-0.1420415919995548,53,5214,5214
0.313068698703766,0.0821646052973975,0.9027824982686552,0.321229778480779,-0.1420415919995548,54,5214,5214
0.313068698703766,0.0821646052973975,0.9027824982686552,0.321229778480779,-0.1420415919995548,55,5214,5214
0.313068698703766,0.0821646052973975,0.9027824982686552,0.321229778480779,-0.1420415919995548,56,5214,5214
0.313068698703766,0.0821646052973975,0.9027824982686552,0.321229778480779,-0.1420415919995548,57,5214,5214
0.313068698703766,0.0821646052973975,0.9027824982686552,0.321229778480779,-0.1420415919995548,58,5214,5214
0.313068698703766,0.0821646052973975,0.9027824982686552,0.321229778480779,-0.1420415919995548,59,5214,5214
0.313068698703766,0.0821646052973975,0.9027824982686552,0.321229778480779,-0.1420415919995548,60,5214,5214
0.313068698703766,0.0821646052973975,0.9027824982686552,0.321229778480779,-0.1420415919995548,61,5214,5214
0.313068698703766,0.0821646052973975,0.9027824982686552,0.321229778480779,-0.1420415919995548,62,5214,5214
0.313068698703766,0.0821646052973975,0.9027824982686552,0.321229778480779,-0.1420415919995548,63,5214,5214
0.313068698703766,0.0821646052973975,0.9027824982686552,0.321229778480779,-0.1420415919995548,64,5214,5214
0.313068698703766,0.0821646052973975,0.9027824982686552,0.321229778480779,-0.1420415919995548,65,5214,5214
0.313068698703766,0.0821646052973975,0.9027824982686552,0.321229778480779,-0.1420415919995548,66,5214,5214
0.313068698703766,0.0821646052973975,0.9027824982686552,0.321229778480779,-0.1420415919995548,67,5214,5214
0.313068698703766,0.0821646052973975,0.9027824982686552,0.321229778480779,-0.1420415919995548,68,5214,5214
0.8050548331450097,0.2012032007246644,0.7533654181283584,0.4394326601704705,-0.062613518730863,0,5214,5929
0.3251177343283608,0.3816162185378232,0.886948033646623,0.3497468209541694,-0.0775982398973034,1,5214,5929
0.1679117219425764,0.1326962975467872,0.7439099193230789,0.2213462328299009,-0.0937104659355018,2,5214,5929
0.1677316899171262,0.2626563363682273,0.9103684556843812,0.2771525463341383,-0.1051054706349643,3,5214,5929
0.1677316899171262,0.2626563363682273,0.9103684556843812,0.2771525463341383,-0.1051054706349643,4,5214,5929
0.1902383227317222,0.3010448878124985,0.898141748662429,0.2826959841722212,-0.1079329126467551,5,5214,5929
0.1902383227317222,0.3010448878124985,0.898141748662429,0.2826959841722212,-0.1079329126467551,6,5214,5929
0.1891221837594738,0.3121635699007303,0.9040785001690804,0.3636494612972151,-0.1177598980545854,7,5214,5929
0.1891221837594738,0.3121635699007303,0.9040785001690804,0.3636494612972151,-0.1177598980545854,8,5214,5929
0.2960020481702567,0.1165907756647276,0.9340721384748816,0.2972015755601194,-0.1251396500492392,9,5214,5929
0.3247245746766427,0.1329675300301537,0.8965530359546653,0.3207474337578511,-0.1276021417968897,10,5214,5929
0.3247245746766427,0.1329675300301537,0.8965530359546653,0.3207474337578511,-0.1276021417968897,11,5214,5929
0.3247245746766427,0.1329675300301537,0.8965530359546653,0.3207474337578511,-0.1276021417968897,12,5214,5929
0.3247245746766427,0.1329675300301537,0.8965530359546653,0.3207474337578511,-0.1276021417968897,13,5214,5929
0.190496782081697,0.1242380352840755,0.8956940333740192,0.3206161960727444,-0.1278877938144864,14,5214,5929
0.1898098034789358,0.132770793316562,0.9351276009580044,0.3259124687385772,-0.1296986327131484,15,5214,5929
0.1898098034789358,0.132770793316562,0.9351276009580044,0.3259124687385772,-0.1296986327131484,16,5214,5929
0.1898098034789358,0.132770793316562,0.9351276009580044,0.3259124687385772,-0.1296986327131484,17,5214,5929
0.3142392624887392,0.0805540326309322,0.8933753155416535,0.3208345069260938,-0.1305839847840687,18,5214,5929
0.3142392624887392,0.0805457755841321,0.8957542730103774,0.3208345069260938,-0.1312065078816779,19,5214,5929
0.3142392624887392,0.0805457755841321,0.8957542730103774,0.3208345069260938,-0.1312065078816779,20,5214,5929
0.3142392624887392,0.0805457755841321,0.8957542730103774,0.3208345069260938,-0.1312065078816779,21,5214,5929
0.3142392624887392,0.0805457755841321,0.8957542730103774,0.3208345069260938,-0.1312065078816779,22,5214,5929
0.1888008591538927,0.0805540326309322,0.9359058096337054,0.3208345069260938,-0.1318894020663844,23,5214,5929
0.1888008591538927,0.0805540326309322,0.9359058096337054,0.3208345069260938,-0.1318894020663844,24,5214,5929
0.1888008591538927,0.0805540326309322,0.9359058096337054,0.3208345069260938,-0.1318894020663844,25,5214,5929
0.1925113561008106,0.0838886852237817,0.9353551205652476,0.3206052277223377,-0.1319746956196891,26,5214,5929
0.1925113561008106,0.0838886852237817,0.9353551205652476,0.3206052277223377,-0.1319746956196891,27,5214,5929
0.190150151004017,0.0843364594908233,0.9373518079509736,0.3201964097046429,-0.1327099954371743,28,5214,5929
0.190150151004017,0.0837800588308375,0.9373518079509736,0.3201964097046429,-0.1330086873901738,29,5214,5929
0.190150151004017,0.0837800588308375,0.9373518079509736,0.3201964097046429,-0.1330086873901738,30,5214,5929
0.190150151004017,0.0837800588308375,0.9373518079509736,0.3201964097046429,-0.1330086873901738,31,5214,5929
0.190150151004017,0.0837800588308375,0.9373518079509736,0.3201964097046429,-0.1330086873901738,32,5214,5929
0.1903796400168851,0.0834865237847276,0.9346614199824428,0.3198102900795021,-0.1331257057805551,33,5214,5929
0.1903796400168851,0.0834865237847276,0.9346614199824428,0.3198102900795021,-0.1331257057805551,34,5214,5929
0.1903796400168851,0.0834865237847276,0.9346614199824428,0.3198102900795021,-0.1331257057805551,35,5214,5929
0.1903796400168851,0.0834865237847276,0.9346614199824428,0.3198102900795021,-0.1331257057805551,36,5214,5929
0.1903796400168851,0.0834865237847276,0.9346614199824428,0.3198102900795021,-0.1331257057805551,37,5214,5929
0.1903796400168851,0.0834865237847276,0.9346614199824428,0.3198102900795021,-0.1331257057805551,38,5214,5929
0.1903796400168851,0.0834865237847276,0.9346614199824428,0.3198102900795021,-0.1331257057805551,39,5214,5929
0.1903796400168851,0.0834865237847276,0.9346614199824428,0.3198102900795021,-0.1331257057805551,40,5214,5929
0.1900823559095699,0.0834290622149136,0.9353823768848896,0.3199062641157667,-0.133138745473741,41,5214,5929
0.1900823559095699,0.0834290622149136,0.9353823768848896,0.3199062641157667,-0.133138745473741,42,5214,5929
0.1900823559095699,0.0834290622149136,0.9353823768848896,0.3199062641157667,-0.133138745473741,43,5214,5929
0.1900823559095699,0.0834290622149136,0.9353823768848896,0.3199062641157667,-0.133138745473741,44,5214,5929
0.1900823559095699,0.0834290622149136,0.9353823768848896,0.3199062641157667,-0.133138745473741,45,5214,5929
0.1900823559095699,0.0834290622149136,0.9353823768848896,0.3199062641157667,-0.133138745473741,46,5214,5929
0.1900823559095699,0.0834290622149136,0.9353823768848896,0.3199062641157667,-0.133138745473741,47,5214,5929
0.1900823559095699,0.0834290622149136,0.9353823768848896,0.3199062641157667,-0.133138745473741,48,5214,5929
0.1900823559095699,0.0834290622149136,0.9353823768848896,0.3199062641157667,-0.133138745473741,49,5214,5929
0.1900823559095699,0.0834290622149136,0.9353823768848896,0.3199062641157667,-0.133138745473741,50,5214,5929
0.1900823559095699,0.0834290622149136,0.9353823768848896,0.3199062641157667,-0.133138745473741,51,5214,5929
0.1900823559095699,0.0834290622149136,0.9353823768848896,0.3199062641157667,-0.133138745473741,52,5214,5929
0.1900823559095699,0.0834290622149136,0.9353823768848896,0.3199062641157667,-0.133138745473741,53,5214,5929
0.1900823559095699,0.0834290622149136,0.9353823768848896,0.3199062641157667,-0.133138745473741,54,5214,5929
0.1900823559095699,0.0834290622149136,0.9353823768848896,0.3199062641157667,-0.133138745473741,55,5214,5929
0.1900823559095699,0.0834290622149136,0.9353823768848896,0.3199062641157667,-0.133138745473741,56,5214,5929
0.1900823559095699,0.0834290622149136,0.9353823768848896,0.3199062641157667,-0.133138745473741,57,5214,5929
0.1900823559095699,0.0834290622149136,0.9353823768848896,0.3199062641157667,-0.133138745473741,58,5214,5929
0.1900823559095699,0.0834290622149136,0.9353823768848896,0.3199062641157667,-0.133138745473741,59,5214,5929
0.1900823559095699,0.0834290622149136,0.9353823768848896,0.3199062641157667,-0.133138745473741,60,5214,5929
0.1900823559095699,0.0834290622149136,0.9353823768848896,0.3199062641157667,-0.133138745473741,61,5214,5929
0.1900823559095699,0.0834290622149136,0.9353823768848896,0.3199062641157667,-0.133138745473741,62,5214,5929
0.1900823559095699,0.0834290622149136,0.9353823768848896,0.3199062641157667,-0.133138745473741,63,5214,5929
0.1900823559095699,0.0834290622149136,0.9353823768848896,0.3199062641157667,-0.133138745473741,64,5214,5929
0.1900823559095699,0.0834290622149136,0.9353823768848896,0.3199062641157667,-0.133138745473741,65,5214,5929
0.1900823559095699,0.0834290622149136,0.9353823768848896,0.3199062641157667,-0.133138745473741,66,5214,5929
0.4211888142289552,0.4468129517344519,0.9469066664934074,0.299815542437813,-0.0620151144251304,0,5214,6643
0.3251177343283608,0.3816162185378232,0.886948033646623,0.3497468209541694,-0.0657362736081783,1,5214,6643
0.2877261005603471,0.4483963093444842,0.9163241280720048,0.3658435291805171,-0.0778902128366855,2,5214,6643
0.2877261005603471,0.4483963093444842,0.9163241280720048,0.3658435291805171,-0.0778902128366855,3,5214,6643
0.5216051514644942,0.1063991846731796,0.9486410498540953,0.2535228406329549,-0.0819552149003971,4,5214,6643
0.3438098099774773,0.3816162185378232,0.8948672784429009,0.352092295479048,-0.0935271552273565,5,5214,6643
0.2749657009053312,0.1204955833665552,0.921016868222764,0.2822679266915477,-0.0958915960728739,6,5214,6643
0.3311221244716113,0.0881708700619131,0.9382452271501662,0.2992784122722274,-0.1054109769980422,7,5214,6643
0.3311221244716113,0.0881708700619131,0.9382452271501662,0.2992784122722274,-0.1054109769980422,8,5214,6643
0.3311221244716113,0.0881708700619131,0.9382452271501662,0.2992784122722274,-0.1054109769980422,9,5214,6643
0.366553903445375,0.1219336122077175,0.9340027244391972,0.2845002850722085,-0.1067654776828714,10,5214,6643
0.1756544553220896,0.0877979905265925,0.9363328165406885,0.3512264588144808,-0.1162899486357663,11,5214,6643
0.1756544553220896,0.0877979905265925,0.9363328165406885,0.3512264588144808,-0.1162899486357663,12,5214,6643
0.3143087344159976,0.0882932604909464,0.9034046015404804,0.3187326295343387,-0.1169059404903039,13,5214,6643
0.3143087344159976,0.0882932604909464,0.9034046015404804,0.3187326295343387,-0.1169059404903039,14,5214,6643
0.3143087344159976,0.0882932604909464,0.9034046015404804,0.3187326295343387,-0.1169059404903039,15,5214,6643
0.178044059158438,0.0819201933631868,0.90218168352052,0.3517554940246269,-0.118469065495852,16,5214,6643
0.1772935924514173,0.0814643920007496,0.9363328165406885,0.3244050357567606,-0.120049215040767,17,5214,6643
0.1772935924514173,0.0814643920007496,0.9363328165406885,0.3244050357567606,-0.120049215040767,18,5214,6643
0.1772935924514173,0.0814643920007496,0.9363328165406885,0.3244050357567606,-0.120049215040767,19,5214,6643
0.1772935924514173,0.0814643920007496,0.9363328165406885,0.3244050357567606,-0.120049215040767,20,5214,6643
0.1772935924514173,0.0814643920007496,0.9363328165406885,0.3244050357567606,-0.120049215040767,21,5214,6643
0.1694769076971004,0.0822697664413725,0.935835032621167,0.3211355090793281,-0.1202532938530821,22,5214,6643
0.1727536723565111,0.0813279576723292,0.9027627033613022,0.3204071122417219,-0.1204226567810112,23,5214,6643
0.1662195219855479,0.0813324981250141,0.9362601672537794,0.3243114210024538,-0.1208390573676063,24,5214,6643
0.1662195219855479,0.0813324981250141,0.9362601672537794,0.3243114210024538,-0.1208390573676063,25,5214,6643
0.1911124683747075,0.0830121980036778,0.9362109890278952,0.3187326295343387,-0.1215139057054688,26,5214,6643
0.1911124683747075,0.0830121980036778,0.9362109890278952,0.3187326295343387,-0.1215139057054688,27,5214,6643
0.1645136973767148,0.0808778907224023,0.935620133081522,0.3242117195271461,-0.1218884766115992,28,5214,6643
0.1645136973767148,0.0808778907224023,0.935620133081522,0.3242117195271461,-0.1218884766115992,29,5214,6643
0.1645136973767148,0.0808778907224023,0.935620133081522,0.3242117195271461,-0.1218884766115992,30,5214,6643
0.16445305135341,0.0814374011200922,0.9366948487692152,0.3194942604733975,-0.1227967494182348,31,5214,6643
0.16445305135341,0.0814374011200922,0.9366948487692152,0.3194942604733975,-0.1227967494182348,32,5214,6643
0.16445305135341,0.0814374011200922,0.9366948487692152,0.3194942604733975,-0.1227967494182348,33,5214,6643
0.16445305135341,0.0814374011200922,0.9366948487692152,0.3194942604733975,-0.1227967494182348,34,5214,6643
0.1636741235671638,0.0813148591470346,0.9356331969444108,0.3184689460546137,-0.1228544600915196,35,5214,6643
0.1636741235671638,0.0813148591470346,0.9356331969444108,0.3184689460546137,-0.1228544600915196,36,5214,6643
0.1636741235671638,0.0813148591470346,0.9356331969444108,0.3184689460546137,-0.1228544600915196,37,5214,6643
0.1636741235671638,0.0813148591470346,0.9356331969444108,0.3184689460546137,-0.1228544600915196,38,5214,6643
0.1636741235671638,0.0813148591470346,0.9356331969444108,0.3184689460546137,-0.1228544600915196,39,5214,6643
0.1636741235671638,0.0813148591470346,0.9356331969444108,0.3184689460546137,-0.1228544600915196,40,5214,6643
0.1636741235671638,0.0813148591470346,0.9356331969444108,0.3184689460546137,-0.1228544600915196,41,5214,6643
0.1636741235671638,0.0813148591470346,0.9356331969444108,0.3184689460546137,-0.1228544600915196,42,5214,6643
0.1636741235671638,0.0813148591470346,0.9356331969444108,0.3184689460546137,-0.1228544600915196,43,5214,6643
0.1636741235671638,0.0813148591470346,0.9356331969444108,0.3184689460546137,-0.1228544600915196,44,5214,6643
0.1636741235671638,0.0813148591470346,0.9356331969444108,0.3184689460546137,-0.1228544600915196,45,5214,6643
0.1636741235671638,0.0813148591470346,0.9356331969444108,0.3184689460546137,-0.1228544600915196,46,5214,6643
0.1636741235671638,0.0813148591470346,0.9356331969444108,0.3184689460546137,-0.1228544600915196,47,5214,6643
0.1636741235671638,0.0813148591470346,0.9356331969444108,0.3184689460546137,-0.1228544600915196,48,5214,6643
0.1636741235671638,0.0813148591470346,0.9356331969444108,0.3184689460546137,-0.1228544600915196,49,5214,6643
0.1636741235671638,0.0813148591470346,0.9356331969444108,0.3184689460546137,-0.1228544600915196,50,5214,6643
0.1636741235671638,0.0813148591470346,0.9356331969444108,0.3184689460546137,-0.1228544600915196,51,5214,6643
0.1636741235671638,0.0813148591470346,0.9356331969444108,0.3184689460546137,-0.1228544600915196,52,5214,6643
0.1636741235671638,0.0813148591470346,0.9356331969444108,0.3184689460546137,-0.1228544600915196,53,5214,6643
0.1636741235671638,0.0813148591470346,0.9356331969444108,0.3184689460546137,-0.1228544600915196,54,5214,6643
0.1636741235671638,0.0813148591470346,0.9356331969444108,0.3184689460546137,-0.1228544600915196,55,5214,6643
0.1636741235671638,0.0813148591470346,0.9356331969444108,0.3184689460546137,-0.1228544600915196,56,5214,6643
0.1636741235671638,0.0813148591470346,0.9356331969444108,0.3184689460546137,-0.1228544600915196,57,5214,6643
0.1636741235671638,0.0813148591470346,0.9356331969444108,0.3184689460546137,-0.1228544600915196,58,5214,6643
0.1636741235671638,0.0813148591470346,0.9356331969444108,0.3184689460546137,-0.1228544600915196,59,5214,6643
0.1636741235671638,0.0813148591470346,0.9356331969444108,0.3184689460546137,-0.1228544600915196,60,5214,6643
0.4211888142289552,0.4468129517344519,0.9469066664934074,0.299815542437813,-0.0405165777692999,0,5214,7357
0.3251177343283608,0.3816162185378232,0.886948033646623,0.3497468209541694,-0.0455376064175352,1,5214,7357
0.4227169069454373,0.3809815392930875,0.902284747368594,0.3562903707678138,-0.0647977162428289,2,5214,7357
0.4227169069454373,0.3809815392930875,0.902284747368594,0.3562903707678138,-0.0647977162428289,3,5214,7357
0.4227169069454373,0.3809815392930875,0.902284747368594,0.3562903707678138,-0.0647977162428289,4,5214,7357
0.4227169069454373,0.3809815392930875,0.902284747368594,0.3562903707678138,-0.0647977162428289,5,5214,7357
0.4187020277894839,0.1194183591308654,0.9174574874690108,0.3546446593041107,-0.0709298709233343,6,5214,7357
0.3701800858460282,0.113274404331603,0.8932890441827324,0.3572391556620196,-0.0814312027128934,7,5214,7357
0.532370415095458,0.1198723629204689,0.898342774722859,0.3153161091589407,-0.0835934726625578,8,5214,7357
0.3264282315516274,0.1512981108280393,0.9363205238605388,0.3154658475424381,-0.0848638262438853,9,5214,7357
0.3148274369520507,0.1096732781500783,0.9026563282822444,0.319810288738143,-0.091785999147842,10,5214,7357
0.3148274369520507,0.1096732781500783,0.9026563282822444,0.319810288738143,-0.091785999147842,11,5214,7357
0.3148274369520507,0.1096732781500783,0.9026563282822444,0.319810288738143,-0.091785999147842,12,5214,7357
0.3702445999314652,0.1342555805382481,0.8981868687144735,0.3108889077788875,-0.0948923464556235,13,5214,7357
0.3148274369520507,0.1096732781500783,0.9026563282822444,0.3173237181008035,-0.0969352719041642,14,5214,7357
0.3281213902150506,0.0807756537253134,0.9021098598702222,0.3180566333091029,-0.0997124827758816,15,5214,7357
0.3281213902150506,0.0807756537253134,0.9021098598702222,0.3180566333091029,-0.0997124827758816,16,5214,7357
0.3281213902150506,0.0807756537253134,0.9021098598702222,0.3180566333091029,-0.0997124827758816,17,5214,7357
0.3281213902150506,0.0807756537253134,0.9021098598702222,0.3180566333091029,-0.0997124827758816,18,5214,7357
0.3281213902150506,0.0807756537253134,0.9021098598702222,0.3180566333091029,-0.0997124827758816,19,5214,7357
0.335840953688359,0.0819702731455999,0.8956656773302383,0.3168811814387351,-0.1001678604045442,20,5214,7357
0.335840953688359,0.0819702731455999,0.8956656773302383,0.3168811814387351,-0.1001678604045442,21,5214,7357
0.335840953688359,0.0819702731455999,0.8956656773302383,0.3168811814387351,-0.1001678604045442,22,5214,7357
0.335840953688359,0.0819702731455999,0.8956656773302383,0.3168811814387351,-0.1001678604045442,23,5214,7357
0.335840953688359,0.0819702731455999,0.8956656773302383,0.3168811814387351,-0.1001678604045442,24,5214,7357
0.335840953688359,0.0819702731455999,0.8956656773302383,0.3168811814387351,-0.1001678604045442,25,5214,7357
0.335840953688359,0.0819702731455999,0.8956656773302383,0.3168811814387351,-0.1001678604045442,26,5214,7357
0.335840953688359,0.0819702731455999,0.8956656773302383,0.3168811814387351,-0.1001678604045442,27,5214,7357
0.335840953688359,0.0819702731455999,0.8956656773302383,0.3168811814387351,-0.1001678604045442,28,5214,7357
0.3227154252806347,0.0825772986919906,0.8978082128049346,0.3167439457347079,-0.1002506071473888,29,5214,7357
0.3227154252806347,0.0825772986919906,0.8978082128049346,0.3167439457347079,-0.1002506071473888,30,5214,7357
0.3194499995497282,0.0830710091603747,0.9018625854966884,0.3168963095396742,-0.1003186563445784,31,5214,7357
0.3194499995497282,0.0830710091603747,0.9018625854966884,0.3168963095396742,-0.1003186563445784,32,5214,7357
0.3194499995497282,0.0830710091603747,0.9018625854966884,0.3168963095396742,-0.1003186563445784,33,5214,7357
0.3194499995497282,0.0830710091603747,0.9018625854966884,0.3168963095396742,-0.1003186563445784,34,5214,7357
0.3194499995497282,0.0830710091603747,0.9018625854966884,0.3168963095396742,-0.1003186563445784,35,5214,7357
0.3194499995497282,0.0830710091603747,0.9018625854966884,0.3168963095396742,-0.1003186563445784,36,5214,7357
0.3194499995497282,0.0830710091603747,0.9018625854966884,0.3168963095396742,-0.1003186563445784,37,5214,7357
0.3194499995497282,0.0830710091603747,0.9018625854966884,0.3168963095396742,-0.1003186563445784,38,5214,7357
0.3194499995497282,0.0830710091603747,0.9018625854966884,0.3168963095396742,-0.1003186563445784,39,5214,7357
0.3194499995497282,0.0830710091603747,0.9018625854966884,0.3168963095396742,-0.1003186563445784,40,5214,7357
0.3194499995497282,0.0830710091603747,0.9018625854966884,0.3168963095396742,-0.1003186563445784,41,5214,7357
0.3194499995497282,0.0830710091603747,0.9018625854966884,0.3168963095396742,-0.1003186563445784,42,5214,7357
0.3194499995497282,0.0830710091603747,0.9018625854966884,0.3168963095396742,-0.1003186563445784,43,5214,7357
0.3194499995497282,0.0830710091603747,0.9018625854966884,0.3168963095396742,-0.1003186563445784,44,5214,7357
0.3194499995497282,0.0830710091603747,0.9018625854966884,0.3168963095396742,-0.1003186563445784,45,5214,7357
0.3194499995497282,0.0830710091603747,0.9018625854966884,0.3168963095396742,-0.1003186563445784,46,5214,7357
0.3194499995497282,0.0830710091603747,0.9018625854966884,0.3168963095396742,-0.1003186563445784,47,5214,7357
0.3194499995497282,0.0830710091603747,0.9018625854966884,0.3168963095396742,-0.1003186563445784,48,5214,7357
0.3194499995497282,0.0830710091603747,0.9018625854966884,0.3168963095396742,-0.1003186563445784,49,5214,7357
0.3194499995497282,0.0830710091603747,0.9018625854966884,0.3168963095396742,-0.1003186563445784,50,5214,7357
0.3194499995497282,0.0830710091603747,0.9018625854966884,0.3168963095396742,-0.1003186563445784,51,5214,7357
0.3194499995497282,0.0830710091603747,0.9018625854966884,0.3168963095396742,-0.1003186563445784,52,5214,7357
0.3194499995497282,0.0830710091603747,0.9018625854966884,0.3168963095396742,-0.1003186563445784,53,5214,7357
0.3194499995497282,0.0830710091603747,0.9018625854966884,0.3168963095396742,-0.1003186563445784,54,5214,7357
0.4211888142289552,0.4468129517344519,0.9469066664934074,0.299815542437813,0.0096219331723115,0,5214,8072
0.4211888142289552,0.4468129517344519,0.9469066664934074,0.299815542437813,0.0096219331723115,1,5214,8072
0.1667943906023777,0.2465868401504197,0.9565039504989924,0.1967436218212379,-0.0025894684139018,2,5214,8072
0.4330054617016215,0.2638329306522817,0.9376407785963924,0.27713333487199,-0.0101445171381382,3,5214,8072
0.4330054617016215,0.2638329306522817,0.9376407785963924,0.27713333487199,-0.0101445171381382,4,5214,8072
0.2747669855581288,0.1241435633434285,0.9508589854590396,0.2957954118447471,-0.0174079184831934,5,5214,8072
0.3198086318548507,0.1326962975467872,0.8920583251583872,0.2342077038044631,-0.0213540727310233,6,5214,8072
0.3826117055354786,0.114837554866911,0.936892566750004,0.2727416571221563,-0.0333685303840456,7,5214,8072
0.3507521912612943,0.132639923258338,0.8963236277667611,0.2684732479561221,-0.0386479010637346,8,5214,8072
0.3507521912612943,0.132639923258338,0.8963236277667611,0.2684732479561221,-0.0386479010637346,9,5214,8072
0.3251177343283608,0.1490926763886924,0.892451619830749,0.3181220184578987,-0.0396392148931079,10,5214,8072
0.3251177343283608,0.1490926763886924,0.892451619830749,0.3181220184578987,-0.0396392148931079,11,5214,8072
0.3804028770778364,0.1495678068197544,0.8925061869331734,0.3181220184578987,-0.0397761528950121,12,5214,8072
0.3251177343283608,0.1167513180864981,0.892451619830749,0.3171590917732334,-0.0450121972784903,13,5214,8072
0.3251177343283608,0.1167513180864981,0.892451619830749,0.3171590917732334,-0.0450121972784903,14,5214,8072
0.3251177343283608,0.1167513180864981,0.892451619830749,0.3171590917732334,-0.0450121972784903,15,5214,8072
0.3251177343283608,0.1167513180864981,0.892451619830749,0.3171590917732334,-0.0450121972784903,16,5214,8072
0.3251177343283608,0.1167513180864981,0.892451619830749,0.3171590917732334,-0.0450121972784903,17,5214,8072
0.1602474178621757,0.0956225519657888,0.8984769723126511,0.2624122711514614,-0.0452759327979534,18,5214,8072
0.3804028770778364,0.0911223035491489,0.899804841561671,0.3181220184578987,-0.0482902440735596,19,5214,8072
0.3804028770778364,0.0911223035491489,0.899804841561671,0.3181220184578987,-0.0482902440735596,20,5214,8072
0.3251177343283608,0.092073007222921,0.8991943484520555,0.3174715641994935,-0.0483660741776377,21,5214,8072
0.3271369661430057,0.0911714146078942,0.899804841561671,0.3173921730017155,-0.0485243654173309,22,5214,8072
0.3441156231362384,0.0913096883461605,0.8985427506323769,0.31695218616728,-0.0495741173904082,23,5214,8072
0.3441156231362384,0.0913096883461605,0.8985427506323769,0.31695218616728,-0.0495741173904082,24,5214,8072
0.3441156231362384,0.0913096883461605,0.8985427506323769,0.31695218616728,-0.0495741173904082,25,5214,8072
0.3441156231362384,0.0913096883461605,0.8985427506323769,0.31695218616728,-0.0495741173904082,26,5214,8072
0.3441156231362384,0.0913096883461605,0.8985427506323769,0.31695218616728,-0.0495741173904082,27,5214,8072
0.3775484338015427,0.0911529846101038,0.8958073076965825,0.3171479743564745,-0.0498149396475651,28,5214,8072
0.3775484338015427,0.0911529846101038,0.8958073076965825,0.3171479743564745,-0.0498149396475651,29,5214,8072
0.3776068783723622,0.0913259136929648,0.9018598710776456,0.31695218616728,-0.0498156597680008,30,5214,8072
0.3575736161438455,0.0960785301439588,0.899804841561671,0.317303238112036,-0.0499470423011684,31,5214,8072
0.3575736161438455,0.0960785301439588,0.899804841561671,0.317303238112036,-0.0499470423011684,32,5214,8072
0.367364222136428,0.0973298837280684,0.9017212696395128,0.3173514256647182,-0.0499484929162626,33,5214,8072
0.3713552849037584,0.0963151317939052,0.9021834748828064,0.3171982659248064,-0.0501772634254753,34,5214,8072
0.3713552849037584,0.0963151317939052,0.9021834748828064,0.3171982659248064,-0.0501772634254753,35,5214,8072
0.3713552849037584,0.0963151317939052,0.9021834748828064,0.3171982659248064,-0.0501772634254753,36,5214,8072
0.1756022686005423,0.0934028343881031,0.9009614274493724,0.3171601642450809,-0.0517082910501353,37,5214,8072
0.1756022686005423,0.0934028343881031,0.9009614274493724,0.3171601642450809,-0.0517082910501353,38,5214,8072
0.1785645113821879,0.0911874173583581,0.9010154895855093,0.3173895559084091,-0.0518068239103406,39,5214,8072
0.1625779190579639,0.0934985194871665,0.8953016036484353,0.317147921155233,-0.0534863880506606,40,5214,8072
0.1625779190579639,0.0934985194871665,0.8953016036484353,0.317147921155233,-0.0534863880506606,41,5214,8072
0.1625779190579639,0.0934985194871665,0.8953016036484353,0.317147921155233,-0.0534863880506606,42,5214,8072
0.1842463301395689,0.093490672227352,0.8954702300193185,0.3171386909052696,-0.0537442595081065,43,5214,8072
0.1842463301395689,0.093490672227352,0.8954702300193185,0.3171386909052696,-0.0537442595081065,44,5214,8072
0.1842463301395689,0.093490672227352,0.8954702300193185,0.3171386909052696,-0.0537442595081065,45,5214,8072
0.1842463301395689,0.093490672227352,0.8954702300193185,0.3171386909052696,-0.0537442595081065,46,5214,8072
0.1614849629433437,0.0934805133300624,0.899760378994169,0.3172993414083757,-0.05588988663174,47,5214,8072
0.1614849629433437,0.0934805133300624,0.899760378994169,0.3172993414083757,-0.05588988663174,48,5214,8072
0.1614849629433437,0.0934805133300624,0.899760378994169,0.3172993414083757,-0.05588988663174,49,5214,8072
0.1614849629433437,0.0934805133300624,0.899760378994169,0.3172993414083757,-0.05588988663174,50,5214,8072
0.1614849629433437,0.0934805133300624,0.899760378994169,0.3172993414083757,-0.05588988663174,51,5214,8072
0.161807484626128,0.096103299252544,0.900136765648914,0.3172860447955016,-0.0559429927330833,52,5214,8072
0.161807484626128,0.096103299252544,0.900136765648914,0.3172860447955016,-0.0559429927330833,53,5214,8072
0.161807484626128,0.096103299252544,0.900136765648914,0.3172860447955016,-0.0559429927330833,54,5214,8072
0.161807484626128,0.096103299252544,0.900136765648914,0.3172860447955016,-0.0559429927330833,55,5214,8072
0.161807484626128,0.096103299252544,0.900136765648914,0.3172860447955016,-0.0559429927330833,56,5214,8072
0.161807484626128,0.096103299252544,0.900136765648914,0.3172860447955016,-0.0559429927330833,57,5214,8072
0.161807484626128,0.096103299252544,0.900136765648914,0.3172860447955016,-0.0559429927330833,58,5214,8072
0.161807484626128,0.096103299252544,0.900136765648914,0.3172860447955016,-0.0559429927330833,59,5214,8072
0.161807484626128,0.096103299252544,0.900136765648914,0.3172860447955016,-0.0559429927330833,60,5214,8072
0.161807484626128,0.096103299252544,0.900136765648914,0.3172860447955016,-0.0559429927330833,61,5214,8072
0.161807484626128,0.096103299252544,0.900136765648914,0.3172860447955016,-0.0559429927330833,62,5214,8072
0.161807484626128,0.096103299252544,0.900136765648914,0.3172860447955016,-0.0559429927330833,63,5214,8072
0.161807484626128,0.096103299252544,0.900136765648914,0.3172860447955016,-0.0559429927330833,64,5214,8072
0.161807484626128,0.096103299252544,0.900136765648914,0.3172860447955016,-0.0559429927330833,65,5214,8072
0.161807484626128,0.096103299252544,0.900136765648914,0.3172860447955016,-0.0559429927330833,66,5214,8072
0.161807484626128,0.096103299252544,0.900136765648914,0.3172860447955016,-0.0559429927330833,67,5214,8072
0.161807484626128,0.096103299252544,0.900136765648914,0.3172860447955016,-0.0559429927330833,68,5214,8072
0.161807484626128,0.096103299252544,0.900136765648914,0.3172860447955016,-0.0559429927330833,69,5214,8072
0.161807484626128,0.096103299252544,0.900136765648914,0.3172860447955016,-0.0559429927330833,70,5214,8072
0.161807484626128,0.096103299252544,0.900136765648914,0.3172860447955016,-0.0559429927330833,71,5214,8072
0.161807484626128,0.096103299252544,0.900136765648914,0.3172860447955016,-0.0559429927330833,72,5214,8072
0.7685169988962544,0.2092810426177854,0.6317521922027585,0.8124471005528425,-0.1516171877497188,0,5929,3072
0.7685169988962544,0.2092810426177854,0.6317521922027585,0.8124471005528425,-0.1516171877497188,1,5929,3072
0.7685169988962544,0.2092810426177854,0.6317521922027585,0.8124471005528425,-0.1516171877497188,2,5929,3072
0.7685169988962544,0.2092810426177854,0.6317521922027585,0.8124471005528425,-0.1516171877497188,3,5929,3072
0.2351980635312233,0.0264845489039723,0.6511315394452307,0.428944280433522,-0.1573462922431887,4,5929,3072
0.7533837685883771,0.351851162205078,0.6471392385351737,0.5941784924521069,-0.1604959931069681,5,5929,3072
0.7533837685883771,0.351851162205078,0.6471392385351737,0.5941784924521069,-0.1604959931069681,6,5929,3072
0.2300559161289404,0.0962130714638118,0.6511315394452307,0.428944280433522,-0.175529954434444,7,5929,3072
0.9703817912939008,0.2446629552644341,0.651160728693302,0.7966541462248222,-0.1758680152508709,8,5929,3072
0.9703817912939008,0.2446629552644341,0.651160728693302,0.7966541462248222,-0.1758680152508709,9,5929,3072
0.9703817912939008,0.2446629552644341,0.651160728693302,0.7966541462248222,-0.1758680152508709,10,5929,3072
0.9635241467900282,0.2557076334006947,0.6574571221027274,0.7897645954688094,-0.1766794455231404,11,5929,3072
0.9635241467900282,0.2557076334006947,0.6574571221027274,0.7897645954688094,-0.1766794455231404,12,5929,3072
0.9635241467900282,0.2557076334006947,0.6574571221027274,0.7897645954688094,-0.1766794455231404,13,5929,3072
0.2638206201237405,0.0874475136557155,0.6511315394452307,0.4385234726149017,-0.1766910303343511,14,5929,3072
0.2300559161289404,0.0778036924151269,0.6511315394452307,0.458346654400818,-0.1799523332576762,15,5929,3072
0.2300559161289404,0.0778036924151269,0.6511315394452307,0.458346654400818,-0.1799523332576762,16,5929,3072
0.2157389501162659,0.077984890405157,0.6630744049767623,0.4575820695618786,-0.1803153313504183,17,5929,3072
0.2157389501162659,0.077984890405157,0.6630744049767623,0.4575820695618786,-0.1803153313504183,18,5929,3072
0.2157389501162659,0.077984890405157,0.6630744049767623,0.4575820695618786,-0.1803153313504183,19,5929,3072
0.2263092466091031,0.077215759515682,0.663173631892841,0.4705759413194728,-0.1819621213949527,20,5929,3072
0.2263092466091031,0.077215759515682,0.663173631892841,0.4705759413194728,-0.1819621213949527,21,5929,3072
0.2263092466091031,0.077215759515682,0.663173631892841,0.4705759413194728,-0.1819621213949527,22,5929,3072
0.2263092466091031,0.077215759515682,0.663173631892841,0.4705759413194728,-0.1819621213949527,23,5929,3072
0.2263092466091031,0.077215759515682,0.663173631892841,0.4705759413194728,-0.1819621213949527,24,5929,3072
0.2263092466091031,0.077215759515682,0.663173631892841,0.4705759413194728,-0.1819621213949527,25,5929,3072
0.2263092466091031,0.077215759515682,0.663173631892841,0.4705759413194728,-0.1819621213949527,26,5929,3072
0.2263092466091031,0.077215759515682,0.663173631892841,0.4705759413194728,-0.1819621213949527,27,5929,3072
0.2820859563437737,0.077215759515682,0.663173631892841,0.4703845045370464,-0.1822795788604328,28,5929,3072
0.2820859563437737,0.077215759515682,0.663173631892841,0.4703845045370464,-0.1822795788604328,29,5929,3072
0.2820859563437737,0.077215759515682,0.663173631892841,0.4703845045370464,-0.1822795788604328,30,5929,3072
0.2609439165843376,0.0772171221510007,0.6624321680845003,0.4713836332359938,-0.1823422247457181,31,5929,3072
0.2584411263036215,0.0774112498975733,0.662379812929491,0.4627013365916564,-0.1823800963579046,32,5929,3072
0.2584411263036215,0.0774112498975733,0.662379812929491,0.4627013365916564,-0.1823800963579046,33,5929,3072
0.2823146881534572,0.0772213977190981,0.6624220345818491,0.4714382836946397,-0.182593685858161,34,5929,3072
0.2823146881534572,0.0772213977190981,0.6624220345818491,0.4714382836946397,-0.182593685858161,35,5929,3072
0.2823146881534572,0.0772213977190981,0.6624220345818491,0.4714382836946397,-0.182593685858161,36,5929,3072
0.2823146881534572,0.0772213977190981,0.6624220345818491,0.4714382836946397,-0.182593685858161,37,5929,3072
0.2823146881534572,0.0772213977190981,0.6624220345818491,0.4714382836946397,-0.182593685858161,38,5929,3072
0.2823146881534572,0.0772213977190981,0.6624220345818491,0.4714382836946397,-0.182593685858161,39,5929,3072
0.2823146881534572,0.0772213977190981,0.6624220345818491,0.4714382836946397,-0.182593685858161,40,5929,3072
0.2823146881534572,0.0772213977190981,0.6624220345818491,0.4714382836946397,-0.182593685858161,41,5929,3072
0.2823146881534572,0.0772213977190981,0.6624220345818491,0.4714382836946397,-0.182593685858161,42,5929,3072
0.2823146881534572,0.0772213977190981,0.6624220345818491,0.4714382836946397,-0.182593685858161,43,5929,3072
0.2823146881534572,0.0772213977190981,0.6624220345818491,0.4714382836946397,-0.182593685858161,44,5929,3072
0.2823146881534572,0.0772213977190981,0.6624220345818491,0.4714382836946397,-0.182593685858161,45,5929,3072
0.2823146881534572,0.0772213977190981,0.6624220345818491,0.4714382836946397,-0.182593685858161,46,5929,3072
0.2823146881534572,0.0772213977190981,0.6624220345818491,0.4714382836946397,-0.182593685858161,47,5929,3072
0.2823146881534572,0.0772213977190981,0.6624220345818491,0.4714382836946397,-0.182593685858161,48,5929,3072
0.2823146881534572,0.0772213977190981,0.6624220345818491,0.4714382836946397,-0.182593685858161,49,5929,3072
0.2823146881534572,0.0772213977190981,0.6624220345818491,0.4714382836946397,-0.182593685858161,50,5929,3072
0.2823146881534572,0.0772213977190981,0.6624220345818491,0.4714382836946397,-0.182593685858161,51,5929,3072
0.2823146881534572,0.0772213977190981,0.6624220345818491,0.4714382836946397,-0.182593685858161,52,5929,3072
0.2823146881534572,0.0772213977190981,0.6624220345818491,0.4714382836946397,-0.182593685858161,53,5929,3072
0.2823146881534572,0.0772213977190981,0.6624220345818491,0.4714382836946397,-0.182593685858161,54,5929,3072
0.2823146881534572,0.0772213977190981,0.6624220345818491,0.4714382836946397,-0.182593685858161,55,5929,3072
0.2823146881534572,0.0772213977190981,0.6624220345818491,0.4714382836946397,-0.182593685858161,56,5929,3072
0.2823146881534572,0.0772213977190981,0.6624220345818491,0.4714382836946397,-0.182593685858161,57,5929,3072
0.2823146881534572,0.0772213977190981,0.6624220345818491,0.4714382836946397,-0.182593685858161,58,5929,3072
0.2823146881534572,0.0772213977190981,0.6624220345818491,0.4714382836946397,-0.182593685858161,59,5929,3072
0.7685169988962544,0.2092810426177854,0.6317521922027585,0.8124471005528425,-0.1442614581970204,0,5929,3786
0.7685169988962544,0.2092810426177854,0.6317521922027585,0.8124471005528425,-0.1442614581970204,1,5929,3786
0.7685169988962544,0.2092810426177854,0.6317521922027585,0.8124471005528425,-0.1442614581970204,2,5929,3786
0.3562084734712445,0.3080363854345309,0.7766211438419685,0.2739096889637239,-0.1447134187203047,3,5929,3786
0.1645072664741013,0.2638479382850416,0.9132864072692024,0.28960627577714,-0.1511564757557091,4,5929,3786
0.1645072664741013,0.2638479382850416,0.9132864072692024,0.28960627577714,-0.1511564757557091,5,5929,3786
0.6356811674765025,0.1781813037813631,0.6572230911460148,0.3730767566520891,-0.1517983579985767,6,5929,3786
0.2596107498075798,0.1195477164827851,0.7257738086783756,0.3914048468762987,-0.1651399899426291,7,5929,3786
0.2596107498075798,0.1195477164827851,0.7257738086783756,0.3914048468762987,-0.1651399899426291,8,5929,3786
0.2596107498075798,0.1195477164827851,0.7257738086783756,0.3914048468762987,-0.1651399899426291,9,5929,3786
0.2898924461550435,0.0768595931725471,0.7272590977481154,0.3914048468762987,-0.1706040081286155,10,5929,3786
0.2898924461550435,0.0768595931725471,0.7230092875353864,0.3917829508442397,-0.1709401623239922,11,5929,3786
0.3164016949087612,0.0768595931725471,0.7284505303321805,0.3202013945375441,-0.1721484091325833,12,5929,3786
0.3164016949087612,0.0768595931725471,0.7284505303321805,0.3202013945375441,-0.1721484091325833,13,5929,3786
0.7255196064572628,0.2547457499974462,0.652265914115631,0.7351469724373295,-0.1800395063270604,14,5929,3786
0.7255196064572628,0.2547457499974462,0.652265914115631,0.7351469724373295,-0.1800395063270604,15,5929,3786
0.7255196064572628,0.2547457499974462,0.652265914115631,0.7351469724373295,-0.1800395063270604,16,5929,3786
0.2770535740646696,0.0782360692431315,0.7148690330961178,0.4806041009251529,-0.1806865898746828,17,5929,3786
0.2770535740646696,0.0782360692431315,0.7148690330961178,0.4806041009251529,-0.1806865898746828,18,5929,3786
0.2770535740646696,0.0782360692431315,0.7148690330961178,0.4806041009251529,-0.1806865898746828,19,5929,3786
0.2770535740646696,0.0782360692431315,0.7148690330961178,0.4806041009251529,-0.1806865898746828,20,5929,3786
0.2770535740646696,0.0779579356060024,0.7188847508880007,0.4806041009251529,-0.1825049011200918,21,5929,3786
0.2552139651250368,0.0768575981596873,0.7285743470484082,0.4788043866309633,-0.183029241169783,22,5929,3786
0.2755338959011951,0.0776940874962291,0.7285577495099667,0.4787432296455974,-0.1832076575136828,23,5929,3786
0.2755338959011951,0.0776940874962291,0.7285577495099667,0.4787432296455974,-0.1832076575136828,24,5929,3786
0.2755338959011951,0.0776940874962291,0.7285577495099667,0.4787432296455974,-0.1832076575136828,25,5929,3786
0.2293634985560148,0.0768469059094461,0.7285726633328585,0.4785295308531598,-0.1835869300240273,26,5929,3786
0.7255196064572628,0.2547457499974462,0.6566738386419112,0.7469545269653048,-0.1860940926235207,27,5929,3786
0.7255196064572628,0.2547457499974462,0.6566738386419112,0.7469545269653048,-0.1860940926235207,28,5929,3786
0.7255196064572628,0.2547457499974462,0.6566738386419112,0.7469545269653048,-0.1860940926235207,29,5929,3786
0.7255196064572628,0.2547457499974462,0.6566738386419112,0.7469545269653048,-0.1860940926235207,30,5929,3786
0.7255196064572628,0.2547457499974462,0.6566738386419112,0.7469545269653048,-0.1860940926235207,31,5929,3786
0.7255196064572628,0.2547457499974462,0.6566738386419112,0.7469545269653048,-0.1860940926235207,32,5929,3786
0.7255196064572628,0.2547457499974462,0.6566738386419112,0.7469545269653048,-0.1860940926235207,33,5929,3786
0.7255196064572628,0.2547457499974462,0.6566738386419112,0.7469545269653048,-0.1860940926235207,34,5929,3786
0.7255196064572628,0.2547457499974462,0.6566738386419112,0.7469545269653048,-0.1860940926235207,35,5929,3786
0.7255196064572628,0.2547457499974462,0.6566738386419112,0.7469545269653048,-0.1860940926235207,36,5929,3786
0.7255196064572628,0.2547457499974462,0.6566738386419112,0.7469545269653048,-0.1860940926235207,37,5929,3786
0.7255196064572628,0.2547457499974462,0.6566738386419112,0.7469545269653048,-0.1860940926235207,38,5929,3786
0.7255196064572628,0.2513926633237368,0.6591204831994856,0.7469545269653048,-0.1865527202158629,39,5929,3786
0.7255196064572628,0.2513926633237368,0.6591204831994856,0.7469545269653048,-0.1865527202158629,40,5929,3786
0.7255196064572628,0.2513926633237368,0.6591204831994856,0.7469545269653048,-0.1865527202158629,41,5929,3786
0.7255196064572628,0.2513926633237368,0.6591204831994856,0.7469545269653048,-0.1865527202158629,42,5929,3786
0.7255196064572628,0.2513926633237368,0.6591204831994856,0.7469545269653048,-0.1865527202158629,43,5929,3786
0.7255196064572628,0.2513926633237368,0.6591204831994856,0.7469545269653048,-0.1865527202158629,44,5929,3786
0.7255196064572628,0.2513926633237368,0.6591204831994856,0.7469545269653048,-0.1865527202158629,45,5929,3786
0.7255196064572628,0.2513926633237368,0.6591204831994856,0.7469545269653048,-0.1865527202158629,46,5929,3786
0.7255196064572628,0.2513926633237368,0.6591204831994856,0.7469545269653048,-0.1865527202158629,47,5929,3786
0.7255196064572628,0.2547232920273474,0.659156234315081,0.7842651607062295,-0.1894895553147833,48,5929,3786
0.7255196064572628,0.2547232920273474,0.659156234315081,0.7842651607062295,-0.1894895553147833,49,5929,3786
0.7255196064572628,0.2547232920273474,0.659156234315081,0.7842651607062295,-0.1894895553147833,50,5929,3786
0.7255196064572628,0.2547232920273474,0.659156234315081,0.7842651607062295,-0.1894895553147833,51,5929,3786
0.7255196064572628,0.2547232920273474,0.659156234315081,0.7842651607062295,-0.1894895553147833,52,5929,3786
0.7255196064572628,0.2547232920273474,0.659156234315081,0.7842651607062295,-0.1894895553147833,53,5929,3786
0.7255196064572628,0.2547232920273474,0.659156234315081,0.7842651607062295,-0.1894895553147833,54,5929,3786
0.7255196064572628,0.252188850301827,0.6566738386419112,0.7823294945750424,-0.1899481829071255,55,5929,3786
0.7255196064572628,0.252188850301827,0.6566738386419112,0.7823294945750424,-0.1899481829071255,56,5929,3786
0.7255196064572628,0.252188850301827,0.6566738386419112,0.7823294945750424,-0.1899481829071255,57,5929,3786
0.7255196064572628,0.252188850301827,0.6566738386419112,0.7823294945750424,-0.1899481829071255,58,5929,3786
0.7255196064572628,0.252188850301827,0.6566738386419112,0.7823294945750424,-0.1899481829071255,59,5929,3786
0.7255196064572628,0.252188850301827,0.6566738386419112,0.7823294945750424,-0.1899481829071255,60,5929,3786
0.7255196064572628,0.252188850301827,0.6566738386419112,0.7823294945750424,-0.1899481829071255,61,5929,3786
0.7255196064572628,0.252188850301827,0.6566738386419112,0.7823294945750424,-0.1899481829071255,62,5929,3786
0.7255196064572628,0.252188850301827,0.6566738386419112,0.7823294945750424,-0.1899481829071255,63,5929,3786
0.7255196064572628,0.252188850301827,0.6566738386419112,0.7823294945750424,-0.1899481829071255,64,5929,3786
0.7277425247537312,0.2530313082560809,0.6551830927979189,0.7855408355369592,-0.190198113058327,65,5929,3786
0.7279747504276219,0.2530313082560809,0.6589289186894022,0.7854961132828011,-0.1904309676289469,66,5929,3786
0.7255155102208091,0.1759280152716284,0.659693606550031,0.7878657663532603,-0.1925580728285635,67,5929,3786
0.7255155102208091,0.1759280152716284,0.659693606550031,0.7878657663532603,-0.1925580728285635,68,5929,3786
0.7255155102208091,0.1759280152716284,0.659693606550031,0.7878657663532603,-0.1925580728285635,69,5929,3786
0.7255155102208091,0.1759280152716284,0.659693606550031,0.7878657663532603,-0.1925580728285635,70,5929,3786
0.7247822517491525,0.1754136829467584,0.6582789687912979,0.8038517574039749,-0.1928574884817817,71,5929,3786
0.7247822517491525,0.1754136829467584,0.6582789687912979,0.8038517574039749,-0.1928574884817817,72,5929,3786
0.7247822517491525,0.1754136829467584,0.6582789687912979,0.8038517574039749,-0.1928574884817817,73,5929,3786
0.7275198291868885,0.1753411364335458,0.653016612357337,0.797520744183831,-0.1933351344722765,74,5929,3786
0.7275198291868885,0.1753411364335458,0.653016612357337,0.797520744183831,-0.1933351344722765,75,5929,3786
0.7275198291868885,0.1753411364335458,0.653016612357337,0.797520744183831,-0.1933351344722765,76,5929,3786
0.7275198291868885,0.1753411364335458,0.653016612357337,0.797520744183831,-0.1933351344722765,77,5929,3786
0.727522228098243,0.1744557612328961,0.659481982753398,0.8037115940053149,-0.1934372314216376,78,5929,3786
0.727522228098243,0.1744557612328961,0.659481982753398,0.8037115940053149,-0.1934372314216376,79,5929,3786
0.727522228098243,0.1744557612328961,0.659481982753398,0.8037115940053149,-0.1934372314216376,80,5929,3786
0.727522228098243,0.1744557612328961,0.659481982753398,0.8037115940053149,-0.1934372314216376,81,5929,3786
0.727522228098243,0.1744557612328961,0.659481982753398,0.8037115940053149,-0.1934372314216376,82,5929,3786
0.727522228098243,0.1744557612328961,0.659481982753398,0.8037115940053149,-0.1934372314216376,83,5929,3786
0.727522228098243,0.1744557612328961,0.659481982753398,0.8037115940053149,-0.1934372314216376,84,5929,3786
0.727522228098243,0.1744557612328961,0.659481982753398,0.8037115940053149,-0.1934372314216376,85,5929,3786
0.727522228098243,0.1744557612328961,0.659481982753398,0.8037115940053149,-0.1934372314216376,86,5929,3786
0.727522228098243,0.1744557612328961,0.659481982753398,0.8037115940053149,-0.1934372314216376,87,5929,3786
0.727522228098243,0.1744557612328961,0.659481982753398,0.8037115940053149,-0.1934372314216376,88,5929,3786
0.727522228098243,0.1744557612328961,0.659481982753398,0.8037115940053149,-0.1934372314216376,89,5929,3786
0.727522228098243,0.1744557612328961,0.659481982753398,0.8037115940053149,-0.1934372314216376,90,5929,3786
0.727522228098243,0.1744557612328961,0.659481982753398,0.8037115940053149,-0.1934372314216376,91,5929,3786
0.727522228098243,0.1744557612328961,0.659481982753398,0.8037115940053149,-0.1934372314216376,92,5929,3786
0.727522228098243,0.1744557612328961,0.659481982753398,0.8037115940053149,-0.1934372314216376,93,5929,3786
0.727522228098243,0.1744557612328961,0.659481982753398,0.8037115940053149,-0.1934372314216376,94,5929,3786
0.727522228098243,0.1744557612328961,0.659481982753398,0.8037115940053149,-0.1934372314216376,95,5929,3786
0.727522228098243,0.1744557612328961,0.659481982753398,0.8037115940053149,-0.1934372314216376,96,5929,3786
0.727522228098243,0.1744557612328961,0.659481982753398,0.8037115940053149,-0.1934372314216376,97,5929,3786
0.727522228098243,0.1744557612328961,0.659481982753398,0.8037115940053149,-0.1934372314216376,98,5929,3786
0.727522228098243,0.1744557612328961,0.659481982753398,0.8037115940053149,-0.1934372314216376,99,5929,3786
0.727522228098243,0.1744557612328961,0.659481982753398,0.8037115940053149,-0.1934372314216376,100,5929,3786
0.727522228098243,0.1744557612328961,0.659481982753398,0.8037115940053149,-0.1934372314216376,101,5929,3786
0.727522228098243,0.1744557612328961,0.659481982753398,0.8037115940053149,-0.1934372314216376,102,5929,3786
0.727522228098243,0.1744557612328961,0.659481982753398,0.8037115940053149,-0.1934372314216376,103,5929,3786
0.2600974477372232,0.1326962975467872,0.5995244730532772,0.2434927120280825,-0.1057448271938796,0,5929,4500
0.2600974477372232,0.1326962975467872,0.5995244730532772,0.2434927120280825,-0.1057448271938796,1,5929,4500
0.3164357942181292,0.1326962975467872,0.6966858187990554,0.2434927120280825,-0.1149422469856216,2,5929,4500
0.3164357942181292,0.1326962975467872,0.6966858187990554,0.2434927120280825,-0.1149422469856216,3,5929,4500
0.3164357942181292,0.1326962975467872,0.6966858187990554,0.2434927120280825,-0.1149422469856216,4,5929,4500
0.3164357942181292,0.1326962975467872,0.6966858187990554,0.2434927120280825,-0.1149422469856216,5,5929,4500
0.1689765468534827,0.1403665107224142,0.7854936126523032,0.3694865051158721,-0.1153587855143876,6,5929,4500
0.2981317360933545,0.1522861187654908,0.6629264392116355,0.3375083814179138,-0.1167480916662707,7,5929,4500
0.2971091832210768,0.0870896567394977,0.5988110985463104,0.2883786590133707,-0.1218675730810379,8,5929,4500
0.3435597912099771,0.0948538041832189,0.6536549523073693,0.3862912330822757,-0.1233092556290809,9,5929,4500
0.2868547789909785,0.0929142409911924,0.7030363499752643,0.4792069669802477,-0.1260871983732792,10,5929,4500
0.2868547789909785,0.0929142409911924,0.7030363499752643,0.4792069669802477,-0.1260871983732792,11,5929,4500
0.3123506488754369,0.0822232478290634,0.7364770929006316,0.382735412501257,-0.1315866489452404,12,5929,4500
0.1962211526343679,0.0863351718276163,0.72804559426972,0.3901372959704706,-0.1323204815743646,13,5929,4500
0.1962211526343679,0.0869566422038184,0.72804559426972,0.3901372959704706,-0.1323915459459362,14,5929,4500
0.2892435335496949,0.0769849989315331,0.72804559426972,0.3675870690324446,-0.1334347607618304,15,5929,4500
0.3115386032257847,0.0944943284539332,0.7200438024815032,0.3892935236819617,-0.1337509295479328,16,5929,4500
0.3088631597413819,0.0765934199404849,0.7279003773660317,0.3863360022056306,-0.1379840680025459,17,5929,4500
0.3088631597413819,0.0765934199404849,0.7279003773660317,0.3863360022056306,-0.1379840680025459,18,5929,4500
0.3088631597413819,0.0765934199404849,0.7279003773660317,0.3863360022056306,-0.1379840680025459,19,5929,4500
0.3088631597413819,0.0765934199404849,0.7279003773660317,0.3863360022056306,-0.1379840680025459,20,5929,4500
0.3123506488754369,0.0821182003252306,0.7251011384118586,0.382735412501257,-0.1380269753932332,21,5929,4500
0.3030816697353151,0.0803715761045604,0.7278169038118854,0.3860861263423603,-0.1382519273822256,22,5929,4500
0.3030816697353151,0.0803715761045604,0.7278169038118854,0.3860861263423603,-0.1382519273822256,23,5929,4500
0.3121193698502951,0.0794987539125283,0.7249772136964191,0.3828193103407924,-0.1385880815776024,24,5929,4500
0.3121193698502951,0.0794987539125283,0.7249772136964191,0.3828193103407924,-0.1385880815776024,25,5929,4500
0.3121193698502951,0.0794987539125283,0.7249772136964191,0.3828193103407924,-0.1385880815776024,26,5929,4500
0.3121193698502951,0.0794987539125283,0.7249772136964191,0.3828193103407924,-0.1385880815776024,27,5929,4500
0.3018567766961133,0.0795740885641796,0.7190808747593384,0.3825668492601509,-0.1386169639288008,28,5929,4500
0.3018567766961133,0.0795740885641796,0.7190808747593384,0.3825668492601509,-0.1386169639288008,29,5929,4500
0.3018567766961133,0.0795740885641796,0.7190808747593384,0.3825668492601509,-0.1386169639288008,30,5929,4500
0.3018567766961133,0.0795740885641796,0.7190808747593384,0.3825668492601509,-0.1386169639288008,31,5929,4500
0.3018567766961133,0.0795740885641796,0.7190808747593384,0.3825668492601509,-0.1386169639288008,32,5929,4500
0.3018567766961133,0.0795740885641796,0.7190808747593384,0.3825668492601509,-0.1386169639288008,33,5929,4500
0.3018567766961133,0.0795740885641796,0.7190808747593384,0.3825668492601509,-0.1386169639288008,34,5929,4500
0.3018567766961133,0.0795740885641796,0.7190808747593384,0.3825668492601509,-0.1386169639288008,35,5929,4500
0.3018567766961133,0.0795740885641796,0.7190808747593384,0.3825668492601509,-0.1386169639288008,36,5929,4500
0.3018567766961133,0.0795740885641796,0.7190808747593384,0.3825668492601509,-0.1386169639288008,37,5929,4500
0.3182115439262606,0.0803969978306661,0.7249258130698685,0.386461612867222,-0.1386720820255002,38,5929,4500
0.3182115439262606,0.0803969978306661,0.7249258130698685,0.386461612867222,-0.1386720820255002,39,5929,4500
0.3182115439262606,0.0803969978306661,0.7249258130698685,0.386461612867222,-0.1386720820255002,40,5929,4500
0.3182115439262606,0.0803969978306661,0.7249258130698685,0.386461612867222,-0.1386720820255002,41,5929,4500
0.3182115439262606,0.0803969978306661,0.7249258130698685,0.386461612867222,-0.1386720820255002,42,5929,4500
0.3182115439262606,0.0803969978306661,0.7249258130698685,0.386461612867222,-0.1386720820255002,43,5929,4500
0.3182115439262606,0.0803969978306661,0.7249258130698685,0.386461612867222,-0.1386720820255002,44,5929,4500
0.3182115439262606,0.0803969978306661,0.7249258130698685,0.386461612867222,-0.1386720820255002,45,5929,4500
0.3182115439262606,0.0803969978306661,0.7249258130698685,0.386461612867222,-0.1386720820255002,46,5929,4500
0.3182115439262606,0.0803969978306661,0.7249258130698685,0.386461612867222,-0.1386720820255002,47,5929,4500
0.3182115439262606,0.0803969978306661,0.7249258130698685,0.386461612867222,-0.1386720820255002,48,5929,4500
0.3182115439262606,0.0803969978306661,0.7249258130698685,0.386461612867222,-0.1386720820255002,49,5929,4500
0.3182115439262606,0.0803969978306661,0.7249258130698685,0.386461612867222,-0.1386720820255002,50,5929,4500
0.3182115439262606,0.0803969978306661,0.7249258130698685,0.386461612867222,-0.1386720820255002,51,5929,4500
0.3182115439262606,0.0803969978306661,0.7249258130698685,0.386461612867222,-0.1386720820255002,52,5929,4500
0.3182115439262606,0.0803969978306661,0.7249258130698685,0.386461612867222,-0.1386720820255002,53,5929,4500
0.3182115439262606,0.0803969978306661,0.7249258130698685,0.386461612867222,-0.1386720820255002,54,5929,4500
0.3182115439262606,0.0803969978306661,0.7249258130698685,0.386461612867222,-0.1386720820255002,55,5929,4500
0.3182115439262606,0.0803969978306661,0.7249258130698685,0.386461612867222,-0.1386720820255002,56,5929,4500
0.3182115439262606,0.0803969978306661,0.7249258130698685,0.386461612867222,-0.1386720820255002,57,5929,4500
0.3182115439262606,0.0803969978306661,0.7249258130698685,0.386461612867222,-0.1386720820255002,58,5929,4500
0.3182115439262606,0.0803969978306661,0.7249258130698685,0.386461612867222,-0.1386720820255002,59,5929,4500
0.3182115439262606,0.0803969978306661,0.7249258130698685,0.386461612867222,-0.1386720820255002,60,5929,4500
0.3182115439262606,0.0803969978306661,0.7249258130698685,0.386461612867222,-0.1386720820255002,61,5929,4500
0.3182115439262606,0.0803969978306661,0.7249258130698685,0.386461612867222,-0.1386720820255002,62,5929,4500
0.3182115439262606,0.0803969978306661,0.7249258130698685,0.386461612867222,-0.1386720820255002,63,5929,4500
0.2600974477372232,0.1326962975467872,0.5995244730532772,0.2434927120280825,-0.0627124739044974,0,5929,5214
0.2600974477372232,0.1326962975467872,0.5995244730532772,0.2434927120280825,-0.0627124739044974,1,5929,5214
0.2600974477372232,0.1326962975467872,0.5995244730532772,0.2434927120280825,-0.0627124739044974,2,5929,5214
0.2638665725126277,0.1687729492196915,0.9358267812104836,0.2736258522456398,-0.0854059957772534,3,5929,5214
0.2638665725126277,0.1687729492196915,0.9358267812104836,0.2736258522456398,-0.0854059957772534,4,5929,5214
0.277908966800463,0.1335651192515207,0.8773880256292742,0.2772325634999582,-0.0894012844328734,5,5929,5214
0.2457832779808003,0.0717022756017263,0.8773880256292742,0.2772325634999582,-0.0906515815664141,6,5929,5214
0.2457832779808003,0.0717022756017263,0.8773880256292742,0.2772325634999582,-0.0906515815664141,7,5929,5214
0.2588512231363246,0.1332251850089243,0.7234966703374286,0.3564621351116971,-0.0910159659503193,8,5929,5214
0.338874454205471,0.1302471244271275,0.9358267812104836,0.3198637989790062,-0.1062704291056478,9,5929,5214
0.338874454205471,0.1302471244271275,0.9358267812104836,0.3198637989790062,-0.1062704291056478,10,5929,5214
0.3006144306414438,0.0898826572452767,0.8978658342203648,0.3419985844313838,-0.1075089234019639,11,5929,5214
0.3006144306414438,0.0898826572452767,0.8978658342203648,0.3419985844313838,-0.1075089234019639,12,5929,5214
0.1963085811987024,0.0824004609584743,0.898274179865345,0.3203895431749036,-0.1102643458599226,13,5929,5214
0.1963085811987024,0.0824004609584743,0.898274179865345,0.3203895431749036,-0.1102643458599226,14,5929,5214
0.1963085811987024,0.0824004609584743,0.898274179865345,0.3203895431749036,-0.1102643458599226,15,5929,5214
0.1963085811987024,0.0824004609584743,0.898274179865345,0.3203895431749036,-0.1102643458599226,16,5929,5214
0.1963085811987024,0.0824004609584743,0.898274179865345,0.3203895431749036,-0.1102643458599226,17,5929,5214
0.3173798244588227,0.1289826187462184,0.9010978942582026,0.3188654248374796,-0.1122678621589989,18,5929,5214
0.3173798244588227,0.1289826187462184,0.9010978942582026,0.3188654248374796,-0.1122678621589989,19,5929,5214
0.3002248640581564,0.0824004609584743,0.8909317009106984,0.3219813314491775,-0.1122739081325777,20,5929,5214
0.3002248640581564,0.0824004609584743,0.8909317009106984,0.3219813314491775,-0.1122739081325777,21,5929,5214
0.2980955693800828,0.0818985140017896,0.8199201830769206,0.3208088388335206,-0.1145241081408336,22,5929,5214
0.2983258543915049,0.0809286997594819,0.8424210007280396,0.3198637989790062,-0.1161453367475634,23,5929,5214
0.2983258543915049,0.0809286997594819,0.8424210007280396,0.3198637989790062,-0.1161453367475634,24,5929,5214
0.2983258543915049,0.0809286997594819,0.8424210007280396,0.3198637989790062,-0.1161453367475634,25,5929,5214
0.3003959278287738,0.0815578188958061,0.8364790005386117,0.3205079485597246,-0.1167038917619077,26,5929,5214
0.3003959278287738,0.0815578188958061,0.8364790005386117,0.3205079485597246,-0.1167038917619077,27,5929,5214
0.3003959278287738,0.0815578188958061,0.8364790005386117,0.3205079485597246,-0.1167038917619077,28,5929,5214
0.3003959278287738,0.0815578188958061,0.8364790005386117,0.3205079485597246,-0.1167038917619077,29,5929,5214
0.3186887723475622,0.0820988379772143,0.8316453193125494,0.3203106573903443,-0.1167462473819848,30,5929,5214
0.3031309649306173,0.0825849443205787,0.8361469115160765,0.3205037546933892,-0.116851597498134,31,5929,5214
0.3031309649306173,0.0825849443205787,0.8361469115160765,0.3205037546933892,-0.116851597498134,32,5929,5214
0.3031309649306173,0.0825849443205787,0.8361469115160765,0.3205037546933892,-0.116851597498134,33,5929,5214
0.3192744871481359,0.0815430633062374,0.8364951313802598,0.3205079485597246,-0.1168985222093551,34,5929,5214
0.3192744871481359,0.0815430633062374,0.8364951313802598,0.3205079485597246,-0.1168985222093551,35,5929,5214
0.3192744871481359,0.0815430633062374,0.8364951313802598,0.3205079485597246,-0.1168985222093551,36,5929,5214
0.3192744871481359,0.0815430633062374,0.8364951313802598,0.3205079485597246,-0.1168985222093551,37,5929,5214
0.3192744871481359,0.0815430633062374,0.8364951313802598,0.3205079485597246,-0.1168985222093551,38,5929,5214
0.3192744871481359,0.0815430633062374,0.8364951313802598,0.3205079485597246,-0.1168985222093551,39,5929,5214
0.3192744871481359,0.0815430633062374,0.8364951313802598,0.3205079485597246,-0.1168985222093551,40,5929,5214
0.3192744871481359,0.0815430633062374,0.8364951313802598,0.3205079485597246,-0.1168985222093551,41,5929,5214
0.3192744871481359,0.0815430633062374,0.8364951313802598,0.3205079485597246,-0.1168985222093551,42,5929,5214
0.3192744871481359,0.0815430633062374,0.8364951313802598,0.3205079485597246,-0.1168985222093551,43,5929,5214
0.3192744871481359,0.0815430633062374,0.8364951313802598,0.3205079485597246,-0.1168985222093551,44,5929,5214
0.3192744871481359,0.0815430633062374,0.8364951313802598,0.3205079485597246,-0.1168985222093551,45,5929,5214
0.3192744871481359,0.0815430633062374,0.8364951313802598,0.3205079485597246,-0.1168985222093551,46,5929,5214
0.3192744871481359,0.0815430633062374,0.8364951313802598,0.3205079485597246,-0.1168985222093551,47,5929,5214
0.3192744871481359,0.0815430633062374,0.8364951313802598,0.3205079485597246,-0.1168985222093551,48,5929,5214
0.3192744871481359,0.0815430633062374,0.8364951313802598,0.3205079485597246,-0.1168985222093551,49,5929,5214
0.3192744871481359,0.0815430633062374,0.8364951313802598,0.3205079485597246,-0.1168985222093551,50,5929,5214
0.3192744871481359,0.0815430633062374,0.8364951313802598,0.3205079485597246,-0.1168985222093551,51,5929,5214
0.3192744871481359,0.0815430633062374,0.8364951313802598,0.3205079485597246,-0.1168985222093551,52,5929,5214
0.3192744871481359,0.0815430633062374,0.8364951313802598,0.3205079485597246,-0.1168985222093551,53,5929,5214
0.3192744871481359,0.0815430633062374,0.8364951313802598,0.3205079485597246,-0.1168985222093551,54,5929,5214
0.3192744871481359,0.0815430633062374,0.8364951313802598,0.3205079485597246,-0.1168985222093551,55,5929,5214
0.3192744871481359,0.0815430633062374,0.8364951313802598,0.3205079485597246,-0.1168985222093551,56,5929,5214
0.3192744871481359,0.0815430633062374,0.8364951313802598,0.3205079485597246,-0.1168985222093551,57,5929,5214
0.3192744871481359,0.0815430633062374,0.8364951313802598,0.3205079485597246,-0.1168985222093551,58,5929,5214
0.3192744871481359,0.0815430633062374,0.8364951313802598,0.3205079485597246,-0.1168985222093551,59,5929,5214
0.2600974477372232,0.1326962975467872,0.5995244730532772,0.2434927120280825,-0.047039234513046,0,5929,5929
0.3251177343283608,0.3816162185378232,0.886948033646623,0.3497468209541694,-0.050563732339549,1,5929,5929
0.1657984648977076,0.2621467961899895,0.9153082686153085,0.2316371128729373,-0.0731821158136014,2,5929,5929
0.1622606002740854,0.2621467961899895,0.9153082686153085,0.2316371128729373,-0.075778763696114,3,5929,5929
0.1622606002740854,0.2621467961899895,0.9153082686153085,0.2316371128729373,-0.075778763696114,4,5929,5929
0.2624947127501015,0.133315603007809,0.8629665658527872,0.3016628053744024,-0.0778007426702671,5,5929,5929
0.2811132750541176,0.133315603007809,0.8629665658527872,0.3016628053744024,-0.0863372449692674,6,5929,5929
0.2811132750541176,0.133315603007809,0.8629665658527872,0.3016628053744024,-0.0863372449692674,7,5929,5929
0.1842783746565922,0.1328945207938175,0.9087160342879974,0.382384735107578,-0.0874104721850878,8,5929,5929
0.1730000678908685,0.0942191921975197,0.9079644354696816,0.3846390215392692,-0.096592588440909,9,5929,5929
0.917803012150545,0.1141470997376015,0.8899792714415342,0.3688275465524492,-0.0994531862141318,10,5929,5929
0.917803012150545,0.1339888439234073,0.8899792714415342,0.3687701251179632,-0.0997101620231835,11,5929,5929
0.917803012150545,0.1339888439234073,0.8899792714415342,0.3687701251179632,-0.0997101620231835,12,5929,5929
0.174494843358626,0.0942191921975197,0.8948368315907602,0.3868173368957876,-0.1020217111622933,13,5929,5929
0.1766084172264106,0.088212600319301,0.9349363595738626,0.3743892898804081,-0.1032394981571621,14,5929,5929
0.1615226829996034,0.1292184175492784,0.90279129127199,0.3257670517446146,-0.1034968085549304,15,5929,5929
0.165351832234226,0.1292184175492784,0.933531552441982,0.3298594057500885,-0.1041070567307246,16,5929,5929
0.1615143441153271,0.0977822804039728,0.902150615361636,0.3613103179282887,-0.1046942367844036,17,5929,5929
0.1643594955524843,0.0910233255950549,0.8998320548065042,0.3589090119887101,-0.1053385817840585,18,5929,5929
0.1624191089456369,0.0827496563748736,0.9022461415281048,0.3205347351163811,-0.1086041127892059,19,5929,5929
0.164502938428201,0.0945574419063945,0.9338229541983678,0.3219790686837518,-0.1092023640474195,20,5929,5929
0.1624363093961992,0.0872451823019333,0.9362451805379034,0.3166763977961143,-0.1100485641362612,21,5929,5929
0.1916909143532032,0.0824889121627311,0.9349689216402736,0.3197311176777612,-0.1136806699009028,22,5929,5929
0.1916909143532032,0.0824889121627311,0.9349689216402736,0.3197311176777612,-0.1136806699009028,23,5929,5929
0.1916909143532032,0.0824889121627311,0.9349689216402736,0.3197311176777612,-0.1136806699009028,24,5929,5929
0.1916909143532032,0.0824889121627311,0.9349689216402736,0.3197311176777612,-0.1136806699009028,25,5929,5929
0.1916909143532032,0.0824889121627311,0.9349689216402736,0.3197311176777612,-0.1136806699009028,26,5929,5929
0.1916909143532032,0.0824889121627311,0.9349689216402736,0.3197311176777612,-0.1136806699009028,27,5929,5929
0.1916909143532032,0.0800288826675965,0.9349707882911208,0.3197311176777612,-0.1140775501160939,28,5929,5929
0.1916909143532032,0.0800288826675965,0.9349707882911208,0.3197311176777612,-0.1140775501160939,29,5929,5929
0.1645904817831333,0.0817749178653098,0.9338216100476028,0.3631972405711194,-0.1143860684060297,30,5929,5929
0.1645904817831333,0.0817749178653098,0.9338216100476028,0.3631972405711194,-0.1143860684060297,31,5929,5929
0.1645904817831333,0.0817749178653098,0.9338216100476028,0.3631972405711194,-0.1143860684060297,32,5929,5929
0.1645904817831333,0.0817749178653098,0.9338216100476028,0.3631972405711194,-0.1143860684060297,33,5929,5929
0.1645904817831333,0.0801364623758621,0.9354961959088692,0.3631972405711194,-0.1144059102343837,34,5929,5929
0.1645904817831333,0.0801364623758621,0.9354961959088692,0.3631972405711194,-0.1144059102343837,35,5929,5929
0.1917131889953881,0.0797565672079288,0.9349785602135992,0.3631289945149248,-0.1146505434811907,36,5929,5929
0.1917131889953881,0.0797565672079288,0.9349785602135992,0.3631289945149248,-0.1146505434811907,37,5929,5929
0.1917131889953881,0.0797565672079288,0.9349785602135992,0.3631289945149248,-0.1146505434811907,38,5929,5929
0.1917131889953881,0.0797565672079288,0.9349785602135992,0.3631289945149248,-0.1146505434811907,39,5929,5929
0.1917131889953881,0.0797565672079288,0.9349785602135992,0.3631289945149248,-0.1146505434811907,40,5929,5929
0.1917131889953881,0.0797565672079288,0.9349785602135992,0.3631289945149248,-0.1146505434811907,41,5929,5929
0.1917131889953881,0.0797565672079288,0.9349785602135992,0.3631289945149248,-0.1146505434811907,42,5929,5929
0.1917131889953881,0.0797565672079288,0.9349785602135992,0.3631289945149248,-0.1146505434811907,43,5929,5929
0.1917131889953881,0.0797565672079288,0.9349785602135992,0.3631289945149248,-0.1146505434811907,44,5929,5929
0.1917131889953881,0.0797565672079288,0.9349785602135992,0.3631289945149248,-0.1146505434811907,45,5929,5929
0.1917131889953881,0.0797565672079288,0.9349785602135992,0.3631289945149248,-0.1146505434811907,46,5929,5929
0.1917131889953881,0.0797565672079288,0.9349785602135992,0.3631289945149248,-0.1146505434811907,47,5929,5929
0.1917131889953881,0.0797565672079288,0.9349785602135992,0.3631289945149248,-0.1146505434811907,48,5929,5929
0.1917131889953881,0.0797565672079288,0.9349785602135992,0.3631289945149248,-0.1146505434811907,49,5929,5929
0.1917131889953881,0.0797565672079288,0.9349785602135992,0.3631289945149248,-0.1146505434811907,50,5929,5929
0.1917131889953881,0.0797565672079288,0.9349785602135992,0.3631289945149248,-0.1146505434811907,51,5929,5929
0.1917131889953881,0.0797565672079288,0.9349785602135992,0.3631289945149248,-0.1146505434811907,52,5929,5929
0.1917131889953881,0.0797565672079288,0.9349785602135992,0.3631289945149248,-0.1146505434811907,53,5929,5929
0.1917131889953881,0.0797565672079288,0.9349785602135992,0.3631289945149248,-0.1146505434811907,54,5929,5929
0.1917131889953881,0.0797565672079288,0.9349785602135992,0.3631289945149248,-0.1146505434811907,55,5929,5929
0.1917131889953881,0.0797565672079288,0.9349785602135992,0.3631289945149248,-0.1146505434811907,56,5929,5929
0.1917131889953881,0.0797565672079288,0.9349785602135992,0.3631289945149248,-0.1146505434811907,57,5929,5929
0.1917131889953881,0.0797565672079288,0.9349785602135992,0.3631289945149248,-0.1146505434811907,58,5929,5929
0.1917131889953881,0.0797565672079288,0.9349785602135992,0.3631289945149248,-0.1146505434811907,59,5929,5929
0.2600974477372232,0.1326962975467872,0.5995244730532772,0.2434927120280825,-0.0185486895945509,0,5929,6643
0.3251177343283608,0.3816162185378232,0.886948033646623,0.3497468209541694,-0.0344649116022607,1,5929,6643
0.1476203128087121,0.4594421492793006,0.94619921698569,0.3811375324040436,-0.049688383552406,2,5929,6643
0.3380546386498657,0.125892069981146,0.886948033646623,0.3551794867233084,-0.0634582832339157,3,5929,6643
0.3380546386498657,0.125892069981146,0.886948033646623,0.3551794867233084,-0.0634582832339157,4,5929,6643
0.4211888142289552,0.1287820321727532,0.9350317014924302,0.2809905154937496,-0.0670932174921931,5,5929,6643
0.4211888142289552,0.1287820321727532,0.9350317014924302,0.2809905154937496,-0.0670932174921931,6,5929,6643
0.1479220357849565,0.1293981378361132,0.9432040043576916,0.3031888217439324,-0.0687334374546697,7,5929,6643
0.3408101799902891,0.125892069981146,0.936316240530642,0.3551794867233084,-0.0772149301477133,8,5929,6643
0.1602558542297155,0.0853152559442162,0.9304528331710432,0.3564120453632584,-0.0893028639201949,9,5929,6643
0.1611511660921332,0.0999577440707068,0.9049360142434776,0.3185869347209594,-0.0899445587011112,10,5929,6643
0.1614701648743059,0.0893275423955184,0.931282811404674,0.3170641581845139,-0.0928974173265772,11,5929,6643
0.1614701648743059,0.0893275423955184,0.931282811404674,0.3170641581845139,-0.0928974173265772,12,5929,6643
0.1614701648743059,0.0893275423955184,0.931282811404674,0.3170641581845139,-0.0928974173265772,13,5929,6643
0.1614701648743059,0.0893275423955184,0.931282811404674,0.3170641581845139,-0.0928974173265772,14,5929,6643
0.1614701648743059,0.0893275423955184,0.931282811404674,0.3170641581845139,-0.0928974173265772,15,5929,6643
0.1611511660921332,0.0911925207314063,0.9050769541491988,0.3185869347209594,-0.0956787167571926,16,5929,6643
0.1611511660921332,0.0911925207314063,0.9050769541491988,0.3185869347209594,-0.0956787167571926,17,5929,6643
0.1610791057328689,0.0853152559442162,0.8998361564434161,0.3553692397571932,-0.0960245759646339,18,5929,6643
0.1614701648743059,0.089468362365903,0.9364631094350052,0.3422605824239193,-0.0972826716658342,19,5929,6643
0.1611387340181996,0.0844315681708971,0.8952195537479792,0.34182962044652,-0.0982698795545743,20,5929,6643
0.1611387340181996,0.0844315681708971,0.8952195537479792,0.34182962044652,-0.0982698795545743,21,5929,6643
0.1611511660921332,0.0856420546524181,0.9007558841557388,0.3185869347209594,-0.098600179007174,22,5929,6643
0.1611422071089879,0.0781097856227189,0.8931863769260292,0.3290857119628363,-0.0990995341028972,23,5929,6643
0.1637269510894616,0.0799463606413148,0.902798655574193,0.362473098430243,-0.1001527390885337,24,5929,6643
0.1610226405869546,0.0782707946407928,0.9011952651670624,0.3184812405721777,-0.1007636410659804,25,5929,6643
0.1610226405869546,0.0782707946407928,0.9011952651670624,0.3184812405721777,-0.1007636410659804,26,5929,6643
0.1610226405869546,0.0782707946407928,0.9011952651670624,0.3184812405721777,-0.1007636410659804,27,5929,6643
0.1614753220125407,0.0783701454819801,0.9369863689229166,0.3195555717455294,-0.1016367587997975,28,5929,6643
0.1614753220125407,0.0783701454819801,0.9369863689229166,0.3195555717455294,-0.1016367587997975,29,5929,6643
0.1612046766256409,0.080482267885432,0.93670431528711,0.3173807718976358,-0.1019219826435601,30,5929,6643
0.1612046766256409,0.080482267885432,0.93670431528711,0.3173807718976358,-0.1019219826435601,31,5929,6643
0.1612046766256409,0.080482267885432,0.93670431528711,0.3173807718976358,-0.1019219826435601,32,5929,6643
0.1612046766256409,0.080482267885432,0.93670431528711,0.3173807718976358,-0.1019219826435601,33,5929,6643
0.1610687682656873,0.0797091321122319,0.9374372694393204,0.3188937042430372,-0.1023634904038705,34,5929,6643
0.1610687682656873,0.0797091321122319,0.9374372694393204,0.3188937042430372,-0.1023634904038705,35,5929,6643
0.1613562549239326,0.0813886689917266,0.9369372549184032,0.3184291279621342,-0.1025251619611546,36,5929,6643
0.1613562549239326,0.0813886689917266,0.9369372549184032,0.3184291279621342,-0.1025251619611546,37,5929,6643
0.1613562549239326,0.0813886689917266,0.9369372549184032,0.3184291279621342,-0.1025251619611546,38,5929,6643
0.1613562549239326,0.0813886689917266,0.9369372549184032,0.3184291279621342,-0.1025251619611546,39,5929,6643
0.1613562549239326,0.0813886689917266,0.9369372549184032,0.3184291279621342,-0.1025251619611546,40,5929,6643
0.1613562549239326,0.0813886689917266,0.9369372549184032,0.3184291279621342,-0.1025251619611546,41,5929,6643
0.1613562549239326,0.0813886689917266,0.9369372549184032,0.3184291279621342,-0.1025251619611546,42,5929,6643
0.1613562549239326,0.0813886689917266,0.9369372549184032,0.3184291279621342,-0.1025251619611546,43,5929,6643
0.1613562549239326,0.0813886689917266,0.9369372549184032,0.3184291279621342,-0.1025251619611546,44,5929,6643
0.1613562549239326,0.0813886689917266,0.9369372549184032,0.3184291279621342,-0.1025251619611546,45,5929,6643
0.1613562549239326,0.0813886689917266,0.9369372549184032,0.3184291279621342,-0.1025251619611546,46,5929,6643
0.1613562549239326,0.0813886689917266,0.9369372549184032,0.3184291279621342,-0.1025251619611546,47,5929,6643
0.1613562549239326,0.0813886689917266,0.9369372549184032,0.3184291279621342,-0.1025251619611546,48,5929,6643
0.1613562549239326,0.0813886689917266,0.9369372549184032,0.3184291279621342,-0.1025251619611546,49,5929,6643
0.1613562549239326,0.0813886689917266,0.9369372549184032,0.3184291279621342,-0.1025251619611546,50,5929,6643
0.1613562549239326,0.0813886689917266,0.9369372549184032,0.3184291279621342,-0.1025251619611546,51,5929,6643
0.1613562549239326,0.0813886689917266,0.9369372549184032,0.3184291279621342,-0.1025251619611546,52,5929,6643
0.1613562549239326,0.0813886689917266,0.9369372549184032,0.3184291279621342,-0.1025251619611546,53,5929,6643
0.1613562549239326,0.0813886689917266,0.9369372549184032,0.3184291279621342,-0.1025251619611546,54,5929,6643
0.1613562549239326,0.0813886689917266,0.9369372549184032,0.3184291279621342,-0.1025251619611546,55,5929,6643
0.1613562549239326,0.0813886689917266,0.9369372549184032,0.3184291279621342,-0.1025251619611546,56,5929,6643
0.1613562549239326,0.0813886689917266,0.9369372549184032,0.3184291279621342,-0.1025251619611546,57,5929,6643
0.1613562549239326,0.0813886689917266,0.9369372549184032,0.3184291279621342,-0.1025251619611546,58,5929,6643
0.1613562549239326,0.0813886689917266,0.9369372549184032,0.3184291279621342,-0.1025251619611546,59,5929,6643
0.2600974477372232,0.1326962975467872,0.5995244730532772,0.2434927120280825,-0.0055673487320712,0,5929,7357
0.3251177343283608,0.3816162185378232,0.886948033646623,0.3497468209541694,-0.0108101476196717,1,5929,7357
0.1913239260572002,0.1120685818315365,0.7367086934265163,0.1743839025083001,-0.0249394142701493,2,5929,7357
0.1913239260572002,0.1120685818315365,0.7367086934265163,0.1743839025083001,-0.0249394142701493,3,5929,7357
0.3810151789328186,0.2879897058000021,0.9004144533838541,0.3128860364593722,-0.0479909745683495,4,5929,7357
0.3810151789328186,0.2698638086266528,0.8992989106427897,0.3155098036833665,-0.0487647448298583,5,5929,7357
0.3810151789328186,0.2698638086266528,0.8992989106427897,0.3155098036833665,-0.0487647448298583,6,5929,7357
0.3810151789328186,0.2698638086266528,0.8992989106427897,0.3155098036833665,-0.0487647448298583,7,5929,7357
0.353743479570675,0.1395098038035761,0.8989191428475503,0.2623612890923923,-0.0583020834229341,8,5929,7357
0.353743479570675,0.1395098038035761,0.8989191428475503,0.2623612890923923,-0.0583020834229341,9,5929,7357
0.353743479570675,0.1395098038035761,0.8989191428475503,0.2623612890923923,-0.0583020834229341,10,5929,7357
0.3810151789328186,0.1184662008735639,0.9004144533838541,0.317813158708791,-0.0678661104002546,11,5929,7357
0.3810151789328186,0.1184662008735639,0.9004144533838541,0.317813158708791,-0.0678661104002546,12,5929,7357
0.3327126089389256,0.1032555532182271,0.8961208161671511,0.3175214009180117,-0.0698477484202279,13,5929,7357
0.3327126089389256,0.1032555532182271,0.8961208161671511,0.3175214009180117,-0.0698477484202279,14,5929,7357
0.3327126089389256,0.1032555532182271,0.8961208161671511,0.3175214009180117,-0.0698477484202279,15,5929,7357
0.3327126089389256,0.1032555532182271,0.8961208161671511,0.3175214009180117,-0.0698477484202279,16,5929,7357
0.3327126089389256,0.1032555532182271,0.8961208161671511,0.3175214009180117,-0.0698477484202279,17,5929,7357
0.3327126089389256,0.1032555532182271,0.8961208161671511,0.3175214009180117,-0.0698477484202279,18,5929,7357
0.3327126089389256,0.1032555532182271,0.8961208161671511,0.3175214009180117,-0.0698477484202279,19,5929,7357
0.1631199058590667,0.0780110849365194,0.8970846428991166,0.3178206744875227,-0.0772463679890033,20,5929,7357
0.1631199058590667,0.0780110849365194,0.8970846428991166,0.3178206744875227,-0.0772463679890033,21,5929,7357
0.1631199058590667,0.0780110849365194,0.8970846428991166,0.3178206744875227,-0.0772463679890033,22,5929,7357
0.1631199058590667,0.0780110849365194,0.8970846428991166,0.3178206744875227,-0.0772463679890033,23,5929,7357
0.1631199058590667,0.0780110849365194,0.8970846428991166,0.3178206744875227,-0.0772463679890033,24,5929,7357
0.1631199058590667,0.0780110849365194,0.8970846428991166,0.3178206744875227,-0.0772463679890033,25,5929,7357
0.160477846585153,0.0778732524077994,0.8961655786399622,0.3170013819345154,-0.0787357461557277,26,5929,7357
0.160477846585153,0.0778732524077994,0.8961655786399622,0.3170013819345154,-0.0787357461557277,27,5929,7357
0.1564941025383687,0.0786693419845583,0.8971940308881489,0.3177628120734297,-0.0794974243100238,28,5929,7357
0.1564941025383687,0.0786693419845583,0.8971940308881489,0.3177628120734297,-0.0794974243100238,29,5929,7357
0.1570670073295022,0.0795147270848674,0.9002308451550217,0.3177799057417723,-0.0799550799107692,30,5929,7357
0.1616996996026342,0.0822147938475458,0.8971940308881489,0.3177628120734297,-0.0800561149636909,31,5929,7357
0.1616996996026342,0.0822147938475458,0.8971940308881489,0.3177628120734297,-0.0800561149636909,32,5929,7357
0.1616996996026342,0.0822147938475458,0.8971940308881489,0.3177628120734297,-0.0800561149636909,33,5929,7357
0.1616996996026342,0.0822147938475458,0.8971940308881489,0.3177628120734297,-0.0800561149636909,34,5929,7357
0.1616996996026342,0.0822147938475458,0.8971940308881489,0.3177628120734297,-0.0800561149636909,35,5929,7357
0.1616996996026342,0.0822147938475458,0.8971940308881489,0.3177628120734297,-0.0800561149636909,36,5929,7357
0.1616996996026342,0.0822147938475458,0.8971940308881489,0.3177628120734297,-0.0800561149636909,37,5929,7357
0.1616996996026342,0.0822147938475458,0.8971940308881489,0.3177628120734297,-0.0800561149636909,38,5929,7357
0.1616996996026342,0.0822147938475458,0.8971940308881489,0.3177628120734297,-0.0800561149636909,39,5929,7357
0.1616996996026342,0.0822147938475458,0.8971940308881489,0.3177628120734297,-0.0800561149636909,40,5929,7357
0.1614790747924226,0.0795491575460782,0.8970215908465412,0.3177554036248453,-0.0805730006721101,41,5929,7357
0.1614790747924226,0.0795491575460782,0.8970215908465412,0.3177554036248453,-0.0805730006721101,42,5929,7357
0.1614790747924226,0.0795491575460782,0.8970215908465412,0.3177554036248453,-0.0805730006721101,43,5929,7357
0.1614790747924226,0.0826451982124024,0.8970215908465412,0.3177421891894776,-0.0806333983224655,44,5929,7357
0.1614790747924226,0.0826451982124024,0.8970215908465412,0.3177421891894776,-0.0806333983224655,45,5929,7357
0.1614790747924226,0.0826451982124024,0.8970215908465412,0.3177421891894776,-0.0806333983224655,46,5929,7357
0.1614790747924226,0.0826451982124024,0.8970215908465412,0.3177421891894776,-0.0806333983224655,47,5929,7357
0.1614790747924226,0.0826451982124024,0.8970215908465412,0.3177421891894776,-0.0806333983224655,48,5929,7357
0.1614790747924226,0.0826451982124024,0.8970215908465412,0.3177421891894776,-0.0806333983224655,49,5929,7357
0.1614790747924226,0.0826451982124024,0.8970215908465412,0.3177421891894776,-0.0806333983224655,50,5929,7357
0.1614790747924226,0.0826451982124024,0.8970215908465412,0.3177421891894776,-0.0806333983224655,51,5929,7357
0.1614790747924226,0.0826451982124024,0.8970215908465412,0.3177421891894776,-0.0806333983224655,52,5929,7357
0.1614790747924226,0.0826451982124024,0.8970215908465412,0.3177421891894776,-0.0806333983224655,53,5929,7357
0.1614790747924226,0.0826451982124024,0.8970215908465412,0.3177421891894776,-0.0806333983224655,54,5929,7357
0.1614790747924226,0.0826451982124024,0.8970215908465412,0.3177421891894776,-0.0806333983224655,55,5929,7357
0.1614790747924226,0.0826451982124024,0.8970215908465412,0.3177421891894776,-0.0806333983224655,56,5929,7357
0.1614790747924226,0.0826451982124024,0.8970215908465412,0.3177421891894776,-0.0806333983224655,57,5929,7357
0.1614790747924226,0.0826451982124024,0.8970215908465412,0.3177421891894776,-0.0806333983224655,58,5929,7357
0.1614790747924226,0.0826451982124024,0.8970215908465412,0.3177421891894776,-0.0806333983224655,59,5929,7357
0.1614790747924226,0.0826451982124024,0.8970215908465412,0.3177421891894776,-0.0806333983224655,60,5929,7357
0.1614790747924226,0.0826451982124024,0.8970215908465412,0.3177421891894776,-0.0806333983224655,61,5929,7357
0.1614790747924226,0.0826451982124024,0.8970215908465412,0.3177421891894776,-0.0806333983224655,62,5929,7357
0.1614790747924226,0.0826451982124024,0.8970215908465412,0.3177421891894776,-0.0806333983224655,63,5929,7357
0.1614790747924226,0.0826451982124024,0.8970215908465412,0.3177421891894776,-0.0806333983224655,64,5929,7357
0.1614790747924226,0.0826451982124024,0.8970215908465412,0.3177421891894776,-0.0806333983224655,65,5929,7357
0.1614790747924226,0.0826451982124024,0.8970215908465412,0.3177421891894776,-0.0806333983224655,66,5929,7357
0.2600974477372232,0.1326962975467872,0.5995244730532772,0.2434927120280825,0.0425193415347917,0,5929,8072
0.2600974477372232,0.1326962975467872,0.5995244730532772,0.2434927120280825,0.0425193415347917,1,5929,8072
0.2804087579860399,0.1249789712566231,0.9520292687261848,0.1445300797211818,0.0391701378782535,2,5929,8072
0.5116574093877032,0.1771896423087993,0.6914055903139467,0.1784838028236725,0.0373157709754405,3,5929,8072
0.5116574093877032,0.1727414797750491,0.6914055903139467,0.2879590726215376,0.0259172783022086,4,5929,8072
0.6605533915494537,0.1189227716853777,0.9043962981314316,0.3028226377136338,0.0135404453621947,5,5929,8072
0.645766854266675,0.0831014150769777,0.9043962981314316,0.3028226377136338,0.0106977734335541,6,5929,8072
0.3072201262911447,0.0833814042215096,0.9043962981314316,0.298615429233863,-0.0053284106329228,7,5929,8072
0.3072201262911447,0.0833814042215096,0.9043962981314316,0.298615429233863,-0.0053284106329228,8,5929,8072
0.1640977177168947,0.1555166625937214,0.9374019788941604,0.299815542437813,-0.0063490875469885,9,5929,8072
0.3576335710137422,0.0783465784228613,0.8932858957863337,0.299815542437813,-0.0084860096263116,10,5929,8072
0.1642745361298034,0.126702400629758,0.9374019788941604,0.2975630160688913,-0.0106520218325971,11,5929,8072
0.1505765924611463,0.1446262805373466,0.8997005840378842,0.3107766240855225,-0.0135503497252012,12,5929,8072
0.1624663677340647,0.1417691906101662,0.8997005840378842,0.3107766240855225,-0.0166345595158707,13,5929,8072
0.1586414498438295,0.0794529552346788,0.9367927402950216,0.3018505527649949,-0.0192320845669442,14,5929,8072
0.1586414498438295,0.0794529552346788,0.9367927402950216,0.3018505527649949,-0.0192320845669442,15,5929,8072
0.1586414498438295,0.0794529552346788,0.9367927402950216,0.3018505527649949,-0.0192320845669442,16,5929,8072
0.1579106162710014,0.0848155685721007,0.896277036823495,0.2961581852550623,-0.023675118314871,17,5929,8072
0.1579106162710014,0.0848155685721007,0.896277036823495,0.2961581852550623,-0.023675118314871,18,5929,8072
0.157091133449127,0.1241180816111521,0.8954020638804884,0.3173036998700615,-0.0275607752306643,19,5929,8072
0.157091133449127,0.1241180816111521,0.8954020638804884,0.3173036998700615,-0.0275607752306643,20,5929,8072
0.1579051660605825,0.0848155685721007,0.896277036823495,0.3196595394478289,-0.029120340329773,21,5929,8072
0.1579051660605825,0.0848155685721007,0.896277036823495,0.3196595394478289,-0.029120340329773,22,5929,8072
0.1579051660605825,0.0848155685721007,0.896277036823495,0.3196595394478289,-0.029120340329773,23,5929,8072
0.1579051660605825,0.0848155685721007,0.896277036823495,0.3196595394478289,-0.029120340329773,24,5929,8072
0.1579051660605825,0.0848155685721007,0.896277036823495,0.3196595394478289,-0.029120340329773,25,5929,8072
0.1564645561461529,0.0848155685721007,0.896277036823495,0.3173343896669347,-0.0328639961215534,26,5929,8072
0.1573997224925943,0.0832011760529309,0.896111006079313,0.3171644637341616,-0.0333109382435021,27,5929,8072
0.1569416384417689,0.0826020211106366,0.8960234985667352,0.3175824740827219,-0.0334610943708265,28,5929,8072
0.1569416384417689,0.0826020211106366,0.8960234985667352,0.3175824740827219,-0.0334610943708265,29,5929,8072
0.1569416384417689,0.0826020211106366,0.8960234985667352,0.3175824740827219,-0.0334610943708265,30,5929,8072
0.1569416384417689,0.0826020211106366,0.8960234985667352,0.3175824740827219,-0.0334610943708265,31,5929,8072
0.1569416384417689,0.0826020211106366,0.8960234985667352,0.3175824740827219,-0.0334610943708265,32,5929,8072
0.1569416384417689,0.0826020211106366,0.8960234985667352,0.3175824740827219,-0.0334610943708265,33,5929,8072
0.1569416384417689,0.0826020211106366,0.8960234985667352,0.3175824740827219,-0.0334610943708265,34,5929,8072
0.1569416384417689,0.0826020211106366,0.8960234985667352,0.3175824740827219,-0.0334610943708265,35,5929,8072
0.1569416384417689,0.0826020211106366,0.8960234985667352,0.3175824740827219,-0.0334610943708265,36,5929,8072
0.1569416384417689,0.0826020211106366,0.8960234985667352,0.3175824740827219,-0.0334610943708265,37,5929,8072
0.1569416384417689,0.0826020211106366,0.8960234985667352,0.3175824740827219,-0.0334610943708265,38,5929,8072
0.1569416384417689,0.0826020211106366,0.8960234985667352,0.3175824740827219,-0.0334610943708265,39,5929,8072
0.1569416384417689,0.0826020211106366,0.8960234985667352,0.3175824740827219,-0.0334610943708265,40,5929,8072
0.1569416384417689,0.0826020211106366,0.8960234985667352,0.3175824740827219,-0.0334610943708265,41,5929,8072
0.1569416384417689,0.0826020211106366,0.8960234985667352,0.3175824740827219,-0.0334610943708265,42,5929,8072
0.1569416384417689,0.0826020211106366,0.8960234985667352,0.3175824740827219,-0.0334610943708265,43,5929,8072
0.1569416384417689,0.0826020211106366,0.8960234985667352,0.3175824740827219,-0.0334610943708265,44,5929,8072
0.1569416384417689,0.0826020211106366,0.8960234985667352,0.3175824740827219,-0.0334610943708265,45,5929,8072
0.1569416384417689,0.0826020211106366,0.8960234985667352,0.3175824740827219,-0.0334610943708265,46,5929,8072
0.1569416384417689,0.0826020211106366,0.8960234985667352,0.3175824740827219,-0.0334610943708265,47,5929,8072
0.1569416384417689,0.0826020211106366,0.8960234985667352,0.3175824740827219,-0.0334610943708265,48,5929,8072
0.1569416384417689,0.0826020211106366,0.8960234985667352,0.3175824740827219,-0.0334610943708265,49,5929,8072
0.1569416384417689,0.0826020211106366,0.8960234985667352,0.3175824740827219,-0.0334610943708265,50,5929,8072
0.1569416384417689,0.0826020211106366,0.8960234985667352,0.3175824740827219,-0.0334610943708265,51,5929,8072
0.1645072664741013,0.2621467961899895,0.9153082686153085,0.613894995603037,-0.1431519897131161,0,6643,3072
0.1645072664741013,0.2621467961899895,0.9153082686153085,0.613894995603037,-0.1431519897131161,1,6643,3072
0.1645072664741013,0.2621467961899895,0.9153082686153085,0.613894995603037,-0.1431519897131161,2,6643,3072
0.1645072664741013,0.2621467961899895,0.9153082686153085,0.613894995603037,-0.1431519897131161,3,6643,3072
0.1645072664741013,0.2621467961899895,0.9153082686153085,0.613894995603037,-0.1431519897131161,4,6643,3072
0.1645072664741013,0.2621467961899895,0.9153082686153085,0.613894995603037,-0.1431519897131161,5,6643,3072
0.1645072664741013,0.2621467961899895,0.9153082686153085,0.613894995603037,-0.1431519897131161,6,6643,3072
0.08035789823595,0.0568433544894551,0.904490168252328,0.4031646706071642,-0.1439905249908964,7,6643,3072
0.1669467943214618,0.0568433544894551,0.904490168252328,0.4031646706071642,-0.1466130296615709,8,6643,3072
0.1645910107207346,0.0629856946529902,0.9153082686153085,0.3915730140594141,-0.1474933897505772,9,6643,3072
0.1645910107207346,0.0629856946529902,0.9153082686153085,0.3915730140594141,-0.1474933897505772,10,6643,3072
0.1771221436525433,0.0833321608907297,0.6513182099721233,0.462306940761771,-0.1578726699597228,11,6643,3072
0.1771221436525433,0.0833321608907297,0.6513182099721233,0.462306940761771,-0.1578726699597228,12,6643,3072
0.1771221436525433,0.0833321608907297,0.6513182099721233,0.462306940761771,-0.1578726699597228,13,6643,3072
0.1771221436525433,0.0820247704623411,0.6513182099721233,0.4748240784166215,-0.158309406379903,14,6643,3072
0.1771221436525433,0.0820247704623411,0.6513182099721233,0.4748240784166215,-0.158309406379903,15,6643,3072
0.1771221436525433,0.0820247704623411,0.6513182099721233,0.4748240784166215,-0.158309406379903,16,6643,3072
0.1771221436525433,0.0820247704623411,0.6513182099721233,0.4748240784166215,-0.158309406379903,17,6643,3072
0.1771221436525433,0.0820247704623411,0.6513182099721233,0.4748240784166215,-0.158309406379903,18,6643,3072
0.1771221436525433,0.0820247704623411,0.6513182099721233,0.4748240784166215,-0.158309406379903,19,6643,3072
0.1771221436525433,0.0820247704623411,0.6513182099721233,0.4748240784166215,-0.158309406379903,20,6643,3072
0.1771221436525433,0.0820247704623411,0.6513182099721233,0.4748240784166215,-0.158309406379903,21,6643,3072
0.1777016763961203,0.0833321608907297,0.6513182099721233,0.4643885934388874,-0.1589833814580647,22,6643,3072
0.1777016763961203,0.0833321608907297,0.6513182099721233,0.4643885934388874,-0.1589833814580647,23,6643,3072
0.1777016763961203,0.0833321608907297,0.6513182099721233,0.4643885934388874,-0.1589833814580647,24,6643,3072
0.1777016763961203,0.0833321608907297,0.6513182099721233,0.4643885934388874,-0.1589833814580647,25,6643,3072
0.1777016763961203,0.0833321608907297,0.6513182099721233,0.4643885934388874,-0.1589833814580647,26,6643,3072
0.1777016763961203,0.0833321608907297,0.6513182099721233,0.4643885934388874,-0.1589833814580647,27,6643,3072
0.1777016763961203,0.0833321608907297,0.6513182099721233,0.4643885934388874,-0.1589833814580647,28,6643,3072
0.1777016763961203,0.0833321608907297,0.6513182099721233,0.4643885934388874,-0.1589833814580647,29,6643,3072
0.1777016763961203,0.0833321608907297,0.6513182099721233,0.4643885934388874,-0.1589833814580647,30,6643,3072
0.168798771238336,0.0764598653401577,0.6514835531110648,0.4495372179531228,-0.1611198876924796,31,6643,3072
0.168798771238336,0.0764598653401577,0.6514835531110648,0.4495372179531228,-0.1611198876924796,32,6643,3072
0.168798771238336,0.0764598653401577,0.6514835531110648,0.4495372179531228,-0.1611198876924796,33,6643,3072
0.168798771238336,0.0764598653401577,0.6514835531110648,0.4495372179531228,-0.1611198876924796,34,6643,3072
0.168798771238336,0.0764598653401577,0.6514835531110648,0.4495372179531228,-0.1611198876924796,35,6643,3072
0.168798771238336,0.0764598653401577,0.6514835531110648,0.4495372179531228,-0.1611198876924796,36,6643,3072
0.168798771238336,0.0764598653401577,0.6514835531110648,0.4495372179531228,-0.1611198876924796,37,6643,3072
0.168798771238336,0.0764598653401577,0.6523227431269464,0.4495372179531228,-0.1612569922599611,38,6643,3072
0.168798771238336,0.0764598653401577,0.6523227431269464,0.4495372179531228,-0.1612569922599611,39,6643,3072
0.1679149749735166,0.0764598653401577,0.6523227431269464,0.4495372179531228,-0.1612937169099216,40,6643,3072
0.168798771238336,0.0804049416569913,0.6514835531110648,0.4643120841165603,-0.1622503967041068,41,6643,3072
0.168798771238336,0.0804049416569913,0.6514835531110648,0.4643120841165603,-0.1622503967041068,42,6643,3072
0.1621145005125575,0.076927290586448,0.6515337828026094,0.4663737811928203,-0.1635614405330063,43,6643,3072
0.1621145005125575,0.076927290586448,0.6515337828026094,0.4663737811928203,-0.1635614405330063,44,6643,3072
0.1621145005125575,0.076927290586448,0.6515337828026094,0.4663737811928203,-0.1635614405330063,45,6643,3072
0.1686202962504767,0.076927290586448,0.6515394083485445,0.4655428509074635,-0.1643768854777919,46,6643,3072
0.1686202962504767,0.076927290586448,0.6515394083485445,0.4655428509074635,-0.1643768854777919,47,6643,3072
0.1686202962504767,0.076927290586448,0.6515394083485445,0.4655428509074635,-0.1643768854777919,48,6643,3072
0.166631725110731,0.0770895220011745,0.6513173993649717,0.4635987032231816,-0.1644136101277524,49,6643,3072
0.166505284369577,0.0767218198882631,0.652283651945256,0.4647741870626277,-0.1645507146952338,50,6643,3072
0.166505284369577,0.0767218198882631,0.652283651945256,0.4647741870626277,-0.1645507146952338,51,6643,3072
0.166505284369577,0.0767218198882631,0.652283651945256,0.4647741870626277,-0.1645507146952338,52,6643,3072
0.166505284369577,0.0767218198882631,0.652283651945256,0.4647741870626277,-0.1645507146952338,53,6643,3072
0.166505284369577,0.0767218198882631,0.652283651945256,0.4647741870626277,-0.1645507146952338,54,6643,3072
0.166505284369577,0.0767218198882631,0.652283651945256,0.4647741870626277,-0.1645507146952338,55,6643,3072
0.166505284369577,0.0767218198882631,0.652283651945256,0.4647741870626277,-0.1645507146952338,56,6643,3072
0.166505284369577,0.0767218198882631,0.652283651945256,0.4647741870626277,-0.1645507146952338,57,6643,3072
0.166505284369577,0.0767218198882631,0.652283651945256,0.4647741870626277,-0.1645507146952338,58,6643,3072
0.166505284369577,0.0767218198882631,0.652283651945256,0.4647741870626277,-0.1645507146952338,59,6643,3072
0.166505284369577,0.0767218198882631,0.652283651945256,0.4647741870626277,-0.1645507146952338,60,6643,3072
0.166505284369577,0.0767218198882631,0.652283651945256,0.4647741870626277,-0.1645507146952338,61,6643,3072
0.166505284369577,0.0767218198882631,0.652283651945256,0.4647741870626277,-0.1645507146952338,62,6643,3072
0.166505284369577,0.0767218198882631,0.652283651945256,0.4647741870626277,-0.1645507146952338,63,6643,3072
0.166505284369577,0.0767218198882631,0.652283651945256,0.4647741870626277,-0.1645507146952338,64,6643,3072
0.166505284369577,0.0767218198882631,0.652283651945256,0.4647741870626277,-0.1645507146952338,65,6643,3072
0.166505284369577,0.0767218198882631,0.652283651945256,0.4647741870626277,-0.1645507146952338,66,6643,3072
0.166505284369577,0.0767218198882631,0.652283651945256,0.4647741870626277,-0.1645507146952338,67,6643,3072
0.166505284369577,0.0767218198882631,0.652283651945256,0.4647741870626277,-0.1645507146952338,68,6643,3072
0.166505284369577,0.0767218198882631,0.652283651945256,0.4647741870626277,-0.1645507146952338,69,6643,3072
0.166505284369577,0.0767218198882631,0.652283651945256,0.4647741870626277,-0.1645507146952338,70,6643,3072
0.166505284369577,0.0767218198882631,0.652283651945256,0.4647741870626277,-0.1645507146952338,71,6643,3072
0.1645072664741013,0.2621467961899895,0.9153082686153085,0.613894995603037,-0.1282002094392885,0,6643,3786
0.1645072664741013,0.2621467961899895,0.9153082686153085,0.613894995603037,-0.1282002094392885,1,6643,3786
0.1645072664741013,0.2621467961899895,0.9153082686153085,0.613894995603037,-0.1282002094392885,2,6643,3786
0.1645072664741013,0.2621467961899895,0.9153082686153085,0.613894995603037,-0.1282002094392885,3,6643,3786
0.1645072664741013,0.2621467961899895,0.9153082686153085,0.613894995603037,-0.1282002094392885,4,6643,3786
0.1645072664741013,0.2621467961899895,0.9153082686153085,0.613894995603037,-0.1282002094392885,5,6643,3786
0.1608202486861777,0.271234167913064,0.9153082686153085,0.613894995603037,-0.131310549885835,6,6643,3786
0.1608202486861777,0.271234167913064,0.9153082686153085,0.613894995603037,-0.131310549885835,7,6643,3786
0.0078184921976906,0.069624772833061,0.7563647692831597,0.4196075796061261,-0.138124544024831,8,6643,3786
0.0078184921976906,0.069624772833061,0.7563647692831597,0.4196075796061261,-0.138124544024831,9,6643,3786
0.1659908934894689,0.0876143441489228,0.9167978591491918,0.4371541929338022,-0.143011994321645,10,6643,3786
0.116612832894283,0.0649866286961322,0.9054593443291884,0.4086310469063278,-0.1443047188095047,11,6643,3786
0.1645072664741013,0.0726941201132889,0.9302702897792112,0.4184511167265919,-0.1482822791346057,12,6643,3786
0.1667297499524773,0.0807891213746721,0.9097459536768676,0.3833966640136119,-0.1533501139765683,13,6643,3786
0.1667297499524773,0.0807891213746721,0.9097459536768676,0.3833966640136119,-0.1533501139765683,14,6643,3786
0.164540965826615,0.0746569294562473,0.9114661235583768,0.4484808741893449,-0.1535524191668742,15,6643,3786
0.1667297499524773,0.0779124492086422,0.9147374684086204,0.4754049705868077,-0.1557592143765005,16,6643,3786
0.1645543545403478,0.0732948139026501,0.9025033951520588,0.4578350820635023,-0.1561620755827068,17,6643,3786
0.1692834392887865,0.0821094777423436,0.9055624117501918,0.4783786309712939,-0.1604885392540832,18,6643,3786
0.1692756855310997,0.0806452860039368,0.9055624117501918,0.4783786309712939,-0.1618119072780352,19,6643,3786
0.163681990215554,0.075007680900484,0.8975320308621131,0.4787912151065873,-0.1622718955680713,20,6643,3786
0.163681990215554,0.075007680900484,0.8975320308621131,0.4787912151065873,-0.1622718955680713,21,6643,3786
0.1676197454201419,0.0750691772522147,0.8975320308621131,0.4786357622829295,-0.1631375184522591,22,6643,3786
0.1676197454201419,0.0750691772522147,0.8975320308621131,0.4786357622829295,-0.1631375184522591,23,6643,3786
0.1676197454201419,0.0750691772522147,0.8975320308621131,0.4786357622829295,-0.1631375184522591,24,6643,3786
0.1676197454201419,0.0750691772522147,0.8975320308621131,0.4786357622829295,-0.1631375184522591,25,6643,3786
0.1648891258360483,0.0746685679655207,0.8978272706198622,0.4787912151065873,-0.1633466620715945,26,6643,3786
0.1648891258360483,0.0746685679655207,0.8978272706198622,0.4787912151065873,-0.1633466620715945,27,6643,3786
0.1648891258360483,0.0746685679655207,0.8978272706198622,0.4787912151065873,-0.1633466620715945,28,6643,3786
0.1636742542451904,0.0766615022024361,0.8988476756794433,0.4789382658906549,-0.164110030931241,29,6643,3786
0.1575286873153786,0.077879679084273,0.9055624117501918,0.4775844344890119,-0.1647871562257827,30,6643,3786
0.1575286873153786,0.077879679084273,0.9055624117501918,0.4775844344890119,-0.1647871562257827,31,6643,3786
0.164880461500177,0.0765226637179316,0.8980785999759014,0.4784408794790589,-0.1651847974347642,32,6643,3786
0.1575286873153786,0.077879679084273,0.8932155348769133,0.4775293031330885,-0.1652699752679866,33,6643,3786
0.1575286873153786,0.077879679084273,0.8932155348769133,0.4775293031330885,-0.1652699752679866,34,6643,3786
0.1575286873153786,0.077879679084273,0.8932155348769133,0.4775293031330885,-0.1652699752679866,35,6643,3786
0.1555107632780307,0.0775440575763399,0.8981656008092872,0.4783068987195045,-0.1654508012089371,36,6643,3786
0.1573878358509685,0.0765583743439442,0.8934803384026665,0.4777184325390292,-0.1659273451856366,37,6643,3786
0.1573878358509685,0.0765583743439442,0.8934803384026665,0.4777184325390292,-0.1659273451856366,38,6643,3786
0.1573878358509685,0.0765583743439442,0.8934803384026665,0.4777184325390292,-0.1659273451856366,39,6643,3786
0.1573878358509685,0.0765583743439442,0.8934803384026665,0.4777184325390292,-0.1659273451856366,40,6643,3786
0.1573878358509685,0.0765583743439442,0.8934803384026665,0.4777184325390292,-0.1659273451856366,41,6643,3786
0.1573878358509685,0.0765583743439442,0.8934803384026665,0.4777184325390292,-0.1659273451856366,42,6643,3786
0.1573878358509685,0.0765583743439442,0.8934803384026665,0.4777184325390292,-0.1659273451856366,43,6643,3786
0.1573878358509685,0.0765583743439442,0.8934803384026665,0.4777184325390292,-0.1659273451856366,44,6643,3786
0.1552979026137109,0.0785050091202622,0.8977634797509647,0.4778182437270449,-0.1659287473974309,45,6643,3786
0.1552979026137109,0.0785050091202622,0.8977634797509647,0.4778182437270449,-0.1659287473974309,46,6643,3786
0.1563086648648523,0.0782181724778332,0.8980792708739461,0.4778256659422636,-0.1659550186446392,47,6643,3786
0.1563086648648523,0.0782181724778332,0.8980792708739461,0.4778256659422636,-0.1659550186446392,48,6643,3786
0.1563086648648523,0.0782181724778332,0.8980792708739461,0.4778256659422636,-0.1659550186446392,49,6643,3786
0.1563444579667233,0.0775680876496787,0.8926100288318627,0.4778256659422636,-0.1660962552534096,50,6643,3786
0.1563444579667233,0.0775680876496787,0.8926100288318627,0.4778256659422636,-0.1660962552534096,51,6643,3786
0.1567004935117834,0.0782274177345206,0.9031626318220852,0.4777132503993774,-0.1665310616178672,52,6643,3786
0.1567004935117834,0.0782274177345206,0.9031626318220852,0.4777132503993774,-0.1665310616178672,53,6643,3786
0.1567004935117834,0.0782274177345206,0.9031626318220852,0.4777132503993774,-0.1665310616178672,54,6643,3786
0.1567004935117834,0.0782274177345206,0.9031626318220852,0.4777132503993774,-0.1665310616178672,55,6643,3786
0.1567004935117834,0.0782274177345206,0.9031626318220852,0.4777132503993774,-0.1665310616178672,56,6643,3786
0.1567004935117834,0.0782274177345206,0.9031626318220852,0.4777132503993774,-0.1665310616178672,57,6643,3786
0.1567004935117834,0.0782274177345206,0.9031626318220852,0.4777132503993774,-0.1665310616178672,58,6643,3786
0.1567004935117834,0.0782274177345206,0.9031626318220852,0.4777132503993774,-0.1665310616178672,59,6643,3786
0.1567004935117834,0.0782274177345206,0.9031626318220852,0.4777132503993774,-0.1665310616178672,60,6643,3786
0.1567004935117834,0.0782274177345206,0.9031626318220852,0.4777132503993774,-0.1665310616178672,61,6643,3786
0.1567004935117834,0.0782274177345206,0.9031626318220852,0.4777132503993774,-0.1665310616178672,62,6643,3786
0.1567004935117834,0.0782274177345206,0.9031626318220852,0.4777132503993774,-0.1665310616178672,63,6643,3786
0.1567004935117834,0.0782274177345206,0.9031626318220852,0.4777132503993774,-0.1665310616178672,64,6643,3786
0.1567004935117834,0.0782274177345206,0.9031626318220852,0.4777132503993774,-0.1665310616178672,65,6643,3786
0.1567004935117834,0.0782274177345206,0.9031626318220852,0.4777132503993774,-0.1665310616178672,66,6643,3786
0.1567004935117834,0.0782274177345206,0.9031626318220852,0.4777132503993774,-0.1665310616178672,67,6643,3786
0.1567004935117834,0.0782274177345206,0.9031626318220852,0.4777132503993774,-0.1665310616178672,68,6643,3786
0.1567004935117834,0.0782274177345206,0.9031626318220852,0.4777132503993774,-0.1665310616178672,69,6643,3786
0.1567004935117834,0.0782274177345206,0.9031626318220852,0.4777132503993774,-0.1665310616178672,70,6643,3786
0.1567004935117834,0.0782274177345206,0.9031626318220852,0.4777132503993774,-0.1665310616178672,71,6643,3786
0.1567004935117834,0.0782274177345206,0.9031626318220852,0.4777132503993774,-0.1665310616178672,72,6643,3786
0.1567004935117834,0.0782274177345206,0.9031626318220852,0.4777132503993774,-0.1665310616178672,73,6643,3786
0.1567004935117834,0.0782274177345206,0.9031626318220852,0.4777132503993774,-0.1665310616178672,74,6643,3786
0.1567004935117834,0.0782274177345206,0.9031626318220852,0.4777132503993774,-0.1665310616178672,75,6643,3786
0.1567004935117834,0.0782274177345206,0.9031626318220852,0.4777132503993774,-0.1665310616178672,76,6643,3786
0.1567004935117834,0.0782274177345206,0.9031626318220852,0.4777132503993774,-0.1665310616178672,77,6643,3786
0.1645072664741013,0.2621467961899895,0.9153082686153085,0.613894995603037,-0.062891366746639,0,6643,4500
0.1645072664741013,0.2621467961899895,0.9153082686153085,0.613894995603037,-0.062891366746639,1,6643,4500
0.1645072664741013,0.2621467961899895,0.9153082686153085,0.613894995603037,-0.062891366746639,2,6643,4500
0.1645072664741013,0.2621467961899895,0.9153082686153085,0.613894995603037,-0.062891366746639,3,6643,4500
0.1645072664741013,0.2621467961899895,0.9153082686153085,0.613894995603037,-0.062891366746639,4,6643,4500
0.9581450693361596,0.2092810426177854,0.6719799459358546,0.781946274750997,-0.0798278983843853,5,6643,4500
0.9581450693361596,0.2092810426177854,0.6719799459358546,0.781946274750997,-0.0798278983843853,6,6643,4500
0.0199785482903474,0.0837913453205663,0.6141032696599334,0.3877825917137236,-0.087662057825014,7,6643,4500
0.069262310461733,0.0891858131341515,0.9107596036118554,0.4772618474312163,-0.0958942926332964,8,6643,4500
0.069262310461733,0.0891858131341515,0.9107596036118554,0.4772618474312163,-0.0958942926332964,9,6643,4500
0.069262310461733,0.0891858131341515,0.9107596036118554,0.4772618474312163,-0.0958942926332964,10,6643,4500
0.164655145304806,0.0891858131341515,0.9107596036118554,0.482253168934314,-0.102532632954822,11,6643,4500
0.1474603279265882,0.0895177070480722,0.9008561352011494,0.3879832017411852,-0.1101061783921763,12,6643,4500
0.1474603279265882,0.0895177070480722,0.9008561352011494,0.3879832017411852,-0.1101061783921763,13,6643,4500
0.1474603279265882,0.0815264688337918,0.9008561352011494,0.3986126579549944,-0.1102255415594194,14,6643,4500
0.1474603279265882,0.077129563292408,0.9008561352011494,0.3879832017411852,-0.1141761003424982,15,6643,4500
0.1474603279265882,0.077129563292408,0.9008561352011494,0.3879832017411852,-0.1141761003424982,16,6643,4500
0.1474603279265882,0.0801849354641362,0.9008747440591685,0.3879832017411852,-0.114732568643667,17,6643,4500
0.1474603279265882,0.0801849354641362,0.9008747440591685,0.3879832017411852,-0.114732568643667,18,6643,4500
0.1474603279265882,0.0801849354641362,0.9008747440591685,0.3879832017411852,-0.114732568643667,19,6643,4500
0.1474603279265882,0.0801849354641362,0.9008747440591685,0.3879832017411852,-0.114732568643667,20,6643,4500
0.165448628260533,0.0813465294655113,0.9004470895210464,0.3879832017411852,-0.1164487908710328,21,6643,4500
0.165448628260533,0.0813465294655113,0.9004470895210464,0.3879832017411852,-0.1164487908710328,22,6643,4500
0.1605059882300927,0.0806786391785579,0.900693335470022,0.3858405043884753,-0.1169443745341224,23,6643,4500
0.1684409432701017,0.0806786391785579,0.900693335470022,0.3852672712358112,-0.1171468005007289,24,6643,4500
0.1576822337774278,0.0801869926489989,0.9004571570388991,0.3678812066499813,-0.117179253171507,25,6643,4500
0.1569945417364102,0.0801849354641362,0.9008747440591685,0.3891315616628634,-0.1180218546442105,26,6643,4500
0.1569945417364102,0.0801849354641362,0.9008747440591685,0.3891315616628634,-0.1180218546442105,27,6643,4500
0.1569945417364102,0.0801849354641362,0.9008747440591685,0.3891315616628634,-0.1180218546442105,28,6643,4500
0.1569945417364102,0.0801849354641362,0.9008747440591685,0.3891315616628634,-0.1180218546442105,29,6643,4500
0.1569745175545406,0.0792892067360312,0.9006626292303228,0.3878830023144899,-0.1181273029098444,30,6643,4500
0.1569745175545406,0.0792892067360312,0.9006626292303228,0.3878830023144899,-0.1181273029098444,31,6643,4500
0.1569745175545406,0.0792892067360312,0.9006626292303228,0.3878830023144899,-0.1181273029098444,32,6643,4500
0.1569745175545406,0.0792892067360312,0.9006626292303228,0.3878830023144899,-0.1181273029098444,33,6643,4500
0.1569745175545406,0.0792892067360312,0.9006626292303228,0.3878830023144899,-0.1181273029098444,34,6643,4500
0.1569745175545406,0.0792892067360312,0.9006626292303228,0.3878830023144899,-0.1181273029098444,35,6643,4500
0.1569745175545406,0.0792892067360312,0.9006626292303228,0.3878830023144899,-0.1181273029098444,36,6643,4500
0.1569745175545406,0.0792892067360312,0.9006626292303228,0.3878830023144899,-0.1181273029098444,37,6643,4500
0.1569445042596682,0.0793141950930562,0.9001532801759421,0.3626467866706366,-0.1182997142856243,38,6643,4500
0.1569445042596682,0.0793141950930562,0.9001532801759421,0.3626467866706366,-0.1182997142856243,39,6643,4500
0.1569445042596682,0.0793141950930562,0.9001532801759421,0.3626467866706366,-0.1182997142856243,40,6643,4500
0.1569445042596682,0.0793141950930562,0.9001532801759421,0.3626467866706366,-0.1182997142856243,41,6643,4500
0.1569445042596682,0.0793141950930562,0.9001532801759421,0.3626467866706366,-0.1182997142856243,42,6643,4500
0.1614922028851703,0.0804634627275382,0.8997268801439251,0.3625849583706355,-0.118866397876211,43,6643,4500
0.1614922028851703,0.0804634627275382,0.8997268801439251,0.3625849583706355,-0.118866397876211,44,6643,4500
0.1614922028851703,0.0804634627275382,0.8997268801439251,0.3625849583706355,-0.118866397876211,45,6643,4500
0.1614922028851703,0.0804634627275382,0.8997268801439251,0.3625849583706355,-0.118866397876211,46,6643,4500
0.1614922028851703,0.0804634627275382,0.8997268801439251,0.3625849583706355,-0.118866397876211,47,6643,4500
0.1614922028851703,0.0804634627275382,0.8997268801439251,0.3625849583706355,-0.118866397876211,48,6643,4500
0.1614922028851703,0.0804634627275382,0.8997268801439251,0.3625849583706355,-0.118866397876211,49,6643,4500
0.1614922028851703,0.0804634627275382,0.8997268801439251,0.3625849583706355,-0.118866397876211,50,6643,4500
0.1614922028851703,0.0804634627275382,0.8997268801439251,0.3625849583706355,-0.118866397876211,51,6643,4500
0.1614922028851703,0.0804634627275382,0.8997268801439251,0.3625849583706355,-0.118866397876211,52,6643,4500
0.1614922028851703,0.0804634627275382,0.8997268801439251,0.3625849583706355,-0.118866397876211,53,6643,4500
0.1614922028851703,0.0804634627275382,0.8997268801439251,0.3625849583706355,-0.118866397876211,54,6643,4500
0.1614922028851703,0.0804634627275382,0.8997268801439251,0.3625849583706355,-0.118866397876211,55,6643,4500
0.1614922028851703,0.0804634627275382,0.8997268801439251,0.3625849583706355,-0.118866397876211,56,6643,4500
0.1614922028851703,0.0804634627275382,0.8997268801439251,0.3625849583706355,-0.118866397876211,57,6643,4500
0.1614922028851703,0.0804634627275382,0.8997268801439251,0.3625849583706355,-0.118866397876211,58,6643,4500
0.1614922028851703,0.0804634627275382,0.8997268801439251,0.3625849583706355,-0.118866397876211,59,6643,4500
0.1614922028851703,0.0804634627275382,0.8997268801439251,0.3625849583706355,-0.118866397876211,60,6643,4500
0.1614922028851703,0.0804634627275382,0.8997268801439251,0.3625849583706355,-0.118866397876211,61,6643,4500
0.1614922028851703,0.0804634627275382,0.8997268801439251,0.3625849583706355,-0.118866397876211,62,6643,4500
0.1614922028851703,0.0804634627275382,0.8997268801439251,0.3625849583706355,-0.118866397876211,63,6643,4500
0.1645072664741013,0.2621467961899895,0.9153082686153085,0.613894995603037,-0.0339675603609361,0,6643,5214
0.1645072664741013,0.2621467961899895,0.9153082686153085,0.613894995603037,-0.0339675603609361,1,6643,5214
0.1645072664741013,0.2621467961899895,0.9153082686153085,0.613894995603037,-0.0339675603609361,2,6643,5214
0.1645072664741013,0.2621467961899895,0.9153082686153085,0.613894995603037,-0.0339675603609361,3,6643,5214
0.1645072664741013,0.2621467961899895,0.9153082686153085,0.613894995603037,-0.0339675603609361,4,6643,5214
0.1645072664741013,0.2621467961899895,0.9153082686153085,0.613894995603037,-0.0339675603609361,5,6643,5214
0.1645072664741013,0.2621467961899895,0.9153082686153085,0.613894995603037,-0.0339675603609361,6,6643,5214
0.1506076080837545,0.1271133818136774,0.931316383689902,0.3543416635173383,-0.0539718200652044,7,6643,5214
0.163275125241796,0.1101962985486458,0.9170878414940028,0.3609718285745157,-0.0772198746777445,8,6643,5214
0.163275125241796,0.1101962985486458,0.9170878414940028,0.3609718285745157,-0.0772198746777445,9,6643,5214
0.1679117219425764,0.1006470919678156,0.9056006288253218,0.3830774266328034,-0.0819022009850454,10,6643,5214
0.1679117219425764,0.1006470919678156,0.9056006288253218,0.3830774266328034,-0.0819022009850454,11,6643,5214
0.1664455353625736,0.0813336060274795,0.9361637400058772,0.3742981960836979,-0.0973090998612209,12,6643,5214
0.1664455353625736,0.0813336060274795,0.9361637400058772,0.3742981960836979,-0.0973090998612209,13,6643,5214
0.1664455353625736,0.0813336060274795,0.9361637400058772,0.3742981960836979,-0.0973090998612209,14,6643,5214
0.1671390367923435,0.0816231711166944,0.9361637400058772,0.3661145691583332,-0.0987205139862757,15,6643,5214
0.1682658460922837,0.0812676332610806,0.9056006288253218,0.3830774266328034,-0.1012097437753026,16,6643,5214
0.1682658460922837,0.0812676332610806,0.9056006288253218,0.3830774266328034,-0.1012097437753026,17,6643,5214
0.1682658460922837,0.0812676332610806,0.9056006288253218,0.3830774266328034,-0.1012097437753026,18,6643,5214
0.1682658460922837,0.0812676332610806,0.9056006288253218,0.3830774266328034,-0.1012097437753026,19,6643,5214
0.1611222572312454,0.0838696503874639,0.9041595807666704,0.3629428689522099,-0.1062770747076419,20,6643,5214
0.1611222572312454,0.0838696503874639,0.9041595807666704,0.3629428689522099,-0.1062770747076419,21,6643,5214
0.1611222572312454,0.0838696503874639,0.9041595807666704,0.3629428689522099,-0.1062770747076419,22,6643,5214
0.1611222572312454,0.0838696503874639,0.9041595807666704,0.3629428689522099,-0.1062770747076419,23,6643,5214
0.1611222572312454,0.0838696503874639,0.9041595807666704,0.3629428689522099,-0.1062770747076419,24,6643,5214
0.1610648951864129,0.0792126146275691,0.9039001041094724,0.3629289429995648,-0.1066907579634133,25,6643,5214
0.1610648951864129,0.0792126146275691,0.9039001041094724,0.3629289429995648,-0.1066907579634133,26,6643,5214
0.16105874996378,0.079135664447392,0.9021111477018804,0.3629257363998145,-0.1076555332145617,27,6643,5214
0.16105874996378,0.079135664447392,0.9021111477018804,0.3629257363998145,-0.1076555332145617,28,6643,5214
0.16105874996378,0.079135664447392,0.9021111477018804,0.3629257363998145,-0.1076555332145617,29,6643,5214
0.16105874996378,0.079135664447392,0.9021111477018804,0.3629257363998145,-0.1076555332145617,30,6643,5214
0.16105874996378,0.079135664447392,0.9021111477018804,0.3629257363998145,-0.1076555332145617,31,6643,5214
0.1613515152450182,0.0818199429976547,0.902816091548006,0.3631528619346545,-0.1081333598111719,32,6643,5214
0.1613515152450182,0.0818199429976547,0.902816091548006,0.3631528619346545,-0.1081333598111719,33,6643,5214
0.1613515152450182,0.0818199429976547,0.902816091548006,0.3631528619346545,-0.1081333598111719,34,6643,5214
0.1613515152450182,0.0818199429976547,0.902816091548006,0.3631528619346545,-0.1081333598111719,35,6643,5214
0.1613515152450182,0.0818199429976547,0.902816091548006,0.3631528619346545,-0.1081333598111719,36,6643,5214
0.1610426571553539,0.0803461491777366,0.9027768044029868,0.3631528619346545,-0.1084215614838279,37,6643,5214
0.1610426571553539,0.0803461491777366,0.9027768044029868,0.3631528619346545,-0.1084215614838279,38,6643,5214
0.1610426571553539,0.0803461491777366,0.9027768044029868,0.3631528619346545,-0.1084215614838279,39,6643,5214
0.1610426571553539,0.0803461491777366,0.9027768044029868,0.3631528619346545,-0.1084215614838279,40,6643,5214
0.1610426571553539,0.0803461491777366,0.9027768044029868,0.3631528619346545,-0.1084215614838279,41,6643,5214
0.1610426571553539,0.0803461491777366,0.9027768044029868,0.3631528619346545,-0.1084215614838279,42,6643,5214
0.1610426571553539,0.0803461491777366,0.9027768044029868,0.3631528619346545,-0.1084215614838279,43,6643,5214
0.1610426571553539,0.0803461491777366,0.9027768044029868,0.3631528619346545,-0.1084215614838279,44,6643,5214
0.1610426571553539,0.0803461491777366,0.9027768044029868,0.3631528619346545,-0.1084215614838279,45,6643,5214
0.1610426571553539,0.0803461491777366,0.9027768044029868,0.3631528619346545,-0.1084215614838279,46,6643,5214
0.1610426571553539,0.0803461491777366,0.9027768044029868,0.3631528619346545,-0.1084215614838279,47,6643,5214
0.1610426571553539,0.0803461491777366,0.9027768044029868,0.3631528619346545,-0.1084215614838279,48,6643,5214
0.1610426571553539,0.0803461491777366,0.9027768044029868,0.3631528619346545,-0.1084215614838279,49,6643,5214
0.1610426571553539,0.0803461491777366,0.9027768044029868,0.3631528619346545,-0.1084215614838279,50,6643,5214
0.1610426571553539,0.0803461491777366,0.9027768044029868,0.3631528619346545,-0.1084215614838279,51,6643,5214
0.1610426571553539,0.0803461491777366,0.9027768044029868,0.3631528619346545,-0.1084215614838279,52,6643,5214
0.1610426571553539,0.0803461491777366,0.9027768044029868,0.3631528619346545,-0.1084215614838279,53,6643,5214
0.1610426571553539,0.0803461491777366,0.9027768044029868,0.3631528619346545,-0.1084215614838279,54,6643,5214
0.1610426571553539,0.0803461491777366,0.9027768044029868,0.3631528619346545,-0.1084215614838279,55,6643,5214
0.1610426571553539,0.0803461491777366,0.9027768044029868,0.3631528619346545,-0.1084215614838279,56,6643,5214
0.1610426571553539,0.0803461491777366,0.9027768044029868,0.3631528619346545,-0.1084215614838279,57,6643,5214
0.948649447137244,0.632135117500167,0.6051365892775145,0.4989864523070149,0.0199601798660901,0,6643,5929
0.948649447137244,0.632135117500167,0.6051365892775145,0.4989864523070149,0.0199601798660901,1,6643,5929
0.9079141128821154,0.4483963093444842,0.6240269518601809,0.3658435291805171,-0.0059141646246319,2,6643,5929
0.1590249591402581,0.2103311049982533,0.7409819027790709,0.3684420216764879,-0.0192736861880618,3,6643,5929
0.170598434938902,0.4769006707528884,0.9102767749007564,0.4419362703312281,-0.0341341949950363,4,6643,5929
0.170598434938902,0.4769006707528884,0.9102767749007564,0.4419362703312281,-0.0341341949950363,5,6643,5929
0.1716624124445679,0.4669772509843472,0.9102767749007564,0.4333080856328191,-0.035781116320865,6,6643,5929
0.9965420014049302,0.2117016972628311,0.738018490845743,0.3858489940723694,-0.0431077099781107,7,6643,5929
0.9279519426169264,0.4484240293455617,0.932817082165853,0.3654446115909545,-0.0537848189463535,8,6643,5929
0.9816202596605376,0.2945119662976787,0.9023069423291756,0.3829407364539089,-0.0747795668394681,9,6643,5929
0.9816202596605376,0.2945119662976787,0.9023069423291756,0.3829407364539089,-0.0747795668394681,10,6643,5929
0.9814386620722928,0.3416354766298015,0.904062954332936,0.3808352823368385,-0.076301547240151,11,6643,5929
0.1702623239546797,0.0856566044271847,0.9304899635202216,0.4394326601704705,-0.0841570761290914,12,6643,5929
0.1702623239546797,0.0856566044271847,0.9304899635202216,0.4394326601704705,-0.0841570761290914,13,6643,5929
0.1702623239546797,0.0897651793926028,0.9304899635202216,0.3819977959785647,-0.0871460310266275,14,6643,5929
0.1702623239546797,0.0897651793926028,0.9304899635202216,0.3819977959785647,-0.0871460310266275,15,6643,5929
0.1702623239546797,0.0897651793926028,0.9304899635202216,0.3819977959785647,-0.0871460310266275,16,6643,5929
0.1706577537049597,0.0895494481794083,0.9304152070564552,0.3869609392901194,-0.087671577927256,17,6643,5929
0.1702623239546797,0.0889800350564771,0.9304899635202216,0.3816370616530949,-0.0877731249605226,18,6643,5929
0.1702623239546797,0.0889800350564771,0.9304899635202216,0.3816370616530949,-0.0877731249605226,19,6643,5929
0.1702623239546797,0.0889800350564771,0.9304899635202216,0.3816370616530949,-0.0877731249605226,20,6643,5929
0.160884577707328,0.0845547882864754,0.9030987881110872,0.3647386647987825,-0.0962513975752216,21,6643,5929
0.160884577707328,0.0845547882864754,0.9030987881110872,0.3647386647987825,-0.0962513975752216,22,6643,5929
0.160884577707328,0.0845547882864754,0.9030987881110872,0.3647386647987825,-0.0962513975752216,23,6643,5929
0.160884577707328,0.0845547882864754,0.9030987881110872,0.3647386647987825,-0.0962513975752216,24,6643,5929
0.160884577707328,0.0845547882864754,0.9030987881110872,0.3647386647987825,-0.0962513975752216,25,6643,5929
0.160884577707328,0.0845547882864754,0.9030987881110872,0.3647386647987825,-0.0962513975752216,26,6643,5929
0.160884577707328,0.0845547882864754,0.9030987881110872,0.3647386647987825,-0.0962513975752216,27,6643,5929
0.160884577707328,0.0845547882864754,0.9030987881110872,0.3647386647987825,-0.0962513975752216,28,6643,5929
0.1608598528240808,0.0831114269269421,0.9351953584037732,0.3911113673841615,-0.0973950574202844,29,6643,5929
0.1646228729569176,0.0830242596420955,0.9367107405338349,0.3820799012755064,-0.1005762253487417,30,6643,5929
0.1646228729569176,0.0830242596420955,0.9367107405338349,0.3820799012755064,-0.1005762253487417,31,6643,5929
0.1646228729569176,0.0830242596420955,0.9367107405338349,0.3820799012755064,-0.1005762253487417,32,6643,5929
0.162750027178252,0.0893401565434908,0.9342132420721788,0.3824722579328866,-0.1005957174240794,33,6643,5929
0.1635861416144211,0.0846649817871478,0.9346308319659984,0.3895216446779709,-0.1011830782435663,34,6643,5929
0.161322120318221,0.0830691796773709,0.9356668742189006,0.3625597142265909,-0.1033551510889042,35,6643,5929
0.1611951499098039,0.0799458503081259,0.9356668742189006,0.3625597142265909,-0.1038708341114517,36,6643,5929
0.1611951499098039,0.0799458503081259,0.9356668742189006,0.3625597142265909,-0.1038708341114517,37,6643,5929
0.1646941743841819,0.0830243224637303,0.9337838728502168,0.3620572022128668,-0.1040209527288755,38,6643,5929
0.1646941743841819,0.0830243224637303,0.9337838728502168,0.3620572022128668,-0.1040209527288755,39,6643,5929
0.1627224462961131,0.0822746009017717,0.9352484273279223,0.3625459056844596,-0.1068052328453176,40,6643,5929
0.1627224462961131,0.0822746009017717,0.9352484273279223,0.3625459056844596,-0.1068052328453176,41,6643,5929
0.1627224462961131,0.0822746009017717,0.9352484273279223,0.3625459056844596,-0.1068052328453176,42,6643,5929
0.1644643596298185,0.083117840539091,0.9367440030537026,0.3634731129760742,-0.1071273147730034,43,6643,5929
0.1646941743841819,0.0830243224637303,0.9337838728502168,0.3629038466815129,-0.1083589770428273,44,6643,5929
0.1646941743841819,0.0830243224637303,0.9337838728502168,0.3629038466815129,-0.1083589770428273,45,6643,5929
0.1646941743841819,0.0830243224637303,0.9337838728502168,0.3629038466815129,-0.1083589770428273,46,6643,5929
0.1646941743841819,0.0830243224637303,0.9337838728502168,0.3629038466815129,-0.1083589770428273,47,6643,5929
0.1646941743841819,0.0830243224637303,0.9337838728502168,0.3629038466815129,-0.1083589770428273,48,6643,5929
0.1646941743841819,0.0830243224637303,0.9337838728502168,0.3629038466815129,-0.1083589770428273,49,6643,5929
0.1646941743841819,0.0830243224637303,0.9337838728502168,0.3629038466815129,-0.1083589770428273,50,6643,5929
0.1646941743841819,0.0830243224637303,0.9337838728502168,0.3629038466815129,-0.1083589770428273,51,6643,5929
0.1646941743841819,0.0830243224637303,0.9337838728502168,0.3629038466815129,-0.1083589770428273,52,6643,5929
0.1646941743841819,0.0830243224637303,0.9337838728502168,0.3629038466815129,-0.1083589770428273,53,6643,5929
0.1646941743841819,0.0830243224637303,0.9337838728502168,0.3629038466815129,-0.1083589770428273,54,6643,5929
0.1623780265938544,0.0794773089232356,0.9338719878635552,0.3629988601800803,-0.1088120525597794,55,6643,5929
0.1623780265938544,0.0794773089232356,0.9338719878635552,0.3629988601800803,-0.1088120525597794,56,6643,5929
0.1623780265938544,0.0794773089232356,0.9338719878635552,0.3629988601800803,-0.1088120525597794,57,6643,5929
0.1623780265938544,0.0794773089232356,0.9338719878635552,0.3629988601800803,-0.1088120525597794,58,6643,5929
0.1623780265938544,0.0794773089232356,0.9338719878635552,0.3629988601800803,-0.1088120525597794,59,6643,5929
0.163074064805548,0.0792369857630758,0.9337884339038184,0.36299757282215,-0.1088338133173793,60,6643,5929
0.1646941743841819,0.0805900777523516,0.933860876608366,0.3629003118584523,-0.1088380990117304,61,6643,5929
0.1646941743841819,0.0805900777523516,0.933860876608366,0.3629003118584523,-0.1088380990117304,62,6643,5929
0.1646941743841819,0.0805900777523516,0.933860876608366,0.3629003118584523,-0.1088380990117304,63,6643,5929
0.1646941743841819,0.0805900777523516,0.933860876608366,0.3629003118584523,-0.1088380990117304,64,6643,5929
0.1644522708017105,0.0792000421957484,0.9342387740296588,0.3631272291196468,-0.1088598597693303,65,6643,5929
0.1644522708017105,0.0792000421957484,0.9342387740296588,0.3631272291196468,-0.1088598597693303,66,6643,5929
0.1644522708017105,0.0792000421957484,0.9342387740296588,0.3631272291196468,-0.1088598597693303,67,6643,5929
0.1644522708017105,0.0792000421957484,0.9342387740296588,0.3631272291196468,-0.1088598597693303,68,6643,5929
0.1644522708017105,0.0792000421957484,0.9342387740296588,0.3631272291196468,-0.1088598597693303,69,6643,5929
0.1644522708017105,0.0792000421957484,0.9342387740296588,0.3631272291196468,-0.1088598597693303,70,6643,5929
0.1644522708017105,0.0792000421957484,0.9342387740296588,0.3631272291196468,-0.1088598597693303,71,6643,5929
0.1644522708017105,0.0792000421957484,0.9342387740296588,0.3631272291196468,-0.1088598597693303,72,6643,5929
0.1644522708017105,0.0792000421957484,0.9342387740296588,0.3631272291196468,-0.1088598597693303,73,6643,5929
0.1644522708017105,0.0792000421957484,0.9342387740296588,0.3631272291196468,-0.1088598597693303,74,6643,5929
0.1644522708017105,0.0792000421957484,0.9342387740296588,0.3631272291196468,-0.1088598597693303,75,6643,5929
0.1644522708017105,0.0792000421957484,0.9342387740296588,0.3631272291196468,-0.1088598597693303,76,6643,5929
0.1644522708017105,0.0792000421957484,0.9342387740296588,0.3631272291196468,-0.1088598597693303,77,6643,5929
0.1644522708017105,0.0792000421957484,0.9342387740296588,0.3631272291196468,-0.1088598597693303,78,6643,5929
0.1644522708017105,0.0792000421957484,0.9342387740296588,0.3631272291196468,-0.1088598597693303,79,6643,5929
0.1644522708017105,0.0792000421957484,0.9342387740296588,0.3631272291196468,-0.1088598597693303,80,6643,5929
0.1644522708017105,0.0792000421957484,0.9342387740296588,0.3631272291196468,-0.1088598597693303,81,6643,5929
0.1644522708017105,0.0792000421957484,0.9342387740296588,0.3631272291196468,-0.1088598597693303,82,6643,5929
0.1644522708017105,0.0792000421957484,0.9342387740296588,0.3631272291196468,-0.1088598597693303,83,6643,5929
0.1644522708017105,0.0792000421957484,0.9342387740296588,0.3631272291196468,-0.1088598597693303,84,6643,5929
0.1644522708017105,0.0792000421957484,0.9342387740296588,0.3631272291196468,-0.1088598597693303,85,6643,5929
0.1644522708017105,0.0792000421957484,0.9342387740296588,0.3631272291196468,-0.1088598597693303,86,6643,5929
0.948649447137244,0.632135117500167,0.6051365892775145,0.4989864523070149,0.0929898145409369,0,6643,6643
0.01197250887973,0.4446583551774633,0.9492729925432772,0.2959826983582798,0.0548097681482344,1,6643,6643
0.0874338308506286,0.2621467961899895,0.9187040032196832,0.4401353060777583,0.0081375763353476,2,6643,6643
0.0874338308506286,0.2621467961899895,0.9187040032196832,0.4401353060777583,0.0081375763353476,3,6643,6643
0.0874338308506286,0.2621467961899895,0.9187040032196832,0.4401353060777583,0.0081375763353476,4,6643,6643
0.053975597215788,0.1660615345973624,0.932469644341426,0.3996964016273315,-0.0021971897643879,5,6643,6643
0.1447807059589295,0.0924978749486349,0.9268386124282416,0.3474255336332845,-0.0293367023379529,6,6643,6643
0.9206210333406192,0.1541388771630628,0.9177742523591018,0.3609289650651177,-0.040280197140892,7,6643,6643
0.9502434665628896,0.1949893423765218,0.9331573098704063,0.3726039013701662,-0.0422661354407911,8,6643,6643
0.9502434665628896,0.1949893423765218,0.9331573098704063,0.3726039013701662,-0.0422661354407911,9,6643,6643
0.9827109053150396,0.1613992726074191,0.9316277597121968,0.3859632172574476,-0.0432328761164094,10,6643,6643
0.9661400193163624,0.1327331517847358,0.9178273679480056,0.3628009352292681,-0.0455313538320977,11,6643,6643
0.1484911829080814,0.0967305037985219,0.9082682372723186,0.3895636734505723,-0.0482642522982392,12,6643,6643
0.1484911829080814,0.0786397662636349,0.9082682372723186,0.3883265876680325,-0.0531703047342999,13,6643,6643
0.1674885787437149,0.0870549380774497,0.9084504375351828,0.3828666900896721,-0.0581233091121708,14,6643,6643
0.1623675301622627,0.0786397662636349,0.9092063961594072,0.3883265876680325,-0.0659652871809324,15,6643,6643
0.1623675301622627,0.0786397662636349,0.9092063961594072,0.3883265876680325,-0.0659652871809324,16,6643,6643
0.1623675301622627,0.0786397662636349,0.9092063961594072,0.3883265876680325,-0.0659652871809324,17,6643,6643
0.1623675301622627,0.0786397662636349,0.9092063961594072,0.3883265876680325,-0.0659652871809324,18,6643,6643
0.1623675301622627,0.0786397662636349,0.9092063961594072,0.3883265876680325,-0.0659652871809324,19,6643,6643
0.1623675301622627,0.0786397662636349,0.9092063961594072,0.3883265876680325,-0.0659652871809324,20,6643,6643
0.1624233522640507,0.0786397662636349,0.8993174529179141,0.3882860389564981,-0.0674475088844554,21,6643,6643
0.1623675301622627,0.0786397662636349,0.933182666242158,0.3883265876680325,-0.0718185845899583,22,6643,6643
0.1623675301622627,0.0786397662636349,0.933182666242158,0.3883265876680325,-0.0718185845899583,23,6643,6643
0.1623675301622627,0.0786397662636349,0.933182666242158,0.3883265876680325,-0.0718185845899583,24,6643,6643
0.1645520647117894,0.0789545581300288,0.9340680119410312,0.3642243283115957,-0.0759563521560121,25,6643,6643
0.1645520647117894,0.0789545581300288,0.9340680119410312,0.3642243283115957,-0.0759563521560121,26,6643,6643
0.1645520647117894,0.0789545581300288,0.9340680119410312,0.3642243283115957,-0.0759563521560121,27,6643,6643
0.1645520647117894,0.0789545581300288,0.9340680119410312,0.3642243283115957,-0.0759563521560121,28,6643,6643
0.1645520647117894,0.0789545581300288,0.9340680119410312,0.3642243283115957,-0.0759563521560121,29,6643,6643
0.1645520647117894,0.0789545581300288,0.9340680119410312,0.3642243283115957,-0.0759563521560121,30,6643,6643
0.1645520647117894,0.0789545581300288,0.9340680119410312,0.3642243283115957,-0.0759563521560121,31,6643,6643
0.1645520647117894,0.0789545581300288,0.9340680119410312,0.3642243283115957,-0.0759563521560121,32,6643,6643
0.1623666047652037,0.0787353344967957,0.9341232777485468,0.3639823331435288,-0.0766932150480194,33,6643,6643
0.1641270310346383,0.0789934771377858,0.934022496207558,0.3623827114873924,-0.0771067938160308,34,6643,6643
0.1641270310346383,0.0789934771377858,0.934022496207558,0.3623827114873924,-0.0771067938160308,35,6643,6643
0.1623772600934038,0.0791546595509216,0.9373580329300676,0.3629226464382623,-0.0773409147259813,36,6643,6643
0.1641270310346383,0.0797656778183725,0.934022496207558,0.3623827114873924,-0.0776342317932936,37,6643,6643
0.1624233522640507,0.0810903316213349,0.9338574912676192,0.3628492350992328,-0.0783790419355729,38,6643,6643
0.1624233522640507,0.0810903316213349,0.9338574912676192,0.3628492350992328,-0.0783790419355729,39,6643,6643
0.1624233522640507,0.0810903316213349,0.9338574912676192,0.3628492350992328,-0.0783790419355729,40,6643,6643
0.1624233522640507,0.0810903316213349,0.9338574912676192,0.3628492350992328,-0.0783790419355729,41,6643,6643
0.1624233522640507,0.0810903316213349,0.9338574912676192,0.3628492350992328,-0.0783790419355729,42,6643,6643
0.1624233522640507,0.0810903316213349,0.9338574912676192,0.3628492350992328,-0.0783790419355729,43,6643,6643
0.1624233522640507,0.0810903316213349,0.9338574912676192,0.3628492350992328,-0.0783790419355729,44,6643,6643
0.1624233522640507,0.0810903316213349,0.9338574912676192,0.3628492350992328,-0.0783790419355729,45,6643,6643
0.1624233522640507,0.0810903316213349,0.9338574912676192,0.3628492350992328,-0.0783790419355729,46,6643,6643
0.1624233522640507,0.0810903316213349,0.9338574912676192,0.3628492350992328,-0.0783790419355729,47,6643,6643
0.1624233522640507,0.0810903316213349,0.9338574912676192,0.3628492350992328,-0.0783790419355729,48,6643,6643
0.1624233522640507,0.0810903316213349,0.9338574912676192,0.3628492350992328,-0.0783790419355729,49,6643,6643
0.1624233522640507,0.0810903316213349,0.9338574912676192,0.3628492350992328,-0.0783790419355729,50,6643,6643
0.1624233522640507,0.0810903316213349,0.9338574912676192,0.3628492350992328,-0.0783790419355729,51,6643,6643
0.1624233522640507,0.0810903316213349,0.9338574912676192,0.3628492350992328,-0.0783790419355729,52,6643,6643
0.1624233522640507,0.0810903316213349,0.9338574912676192,0.3628492350992328,-0.0783790419355729,53,6643,6643
0.1624233522640507,0.0810903316213349,0.9338574912676192,0.3628492350992328,-0.0783790419355729,54,6643,6643
0.1624233522640507,0.0810903316213349,0.9338574912676192,0.3628492350992328,-0.0783790419355729,55,6643,6643
0.1624233522640507,0.0810903316213349,0.9338574912676192,0.3628492350992328,-0.0783790419355729,56,6643,6643
0.1624233522640507,0.0810903316213349,0.9338574912676192,0.3628492350992328,-0.0783790419355729,57,6643,6643
0.1624233522640507,0.0810903316213349,0.9338574912676192,0.3628492350992328,-0.0783790419355729,58,6643,6643
0.4211888142289552,0.4468129517344519,0.9469066664934074,0.299815542437813,0.1189081030343564,0,6643,7357
0.01197250887973,0.4446583551774633,0.9492729925432772,0.2959826983582798,0.0894253765375863,1,6643,7357
0.0141461506614994,0.4483963093444842,0.97220381840756,0.3658435291805171,0.076091779062803,2,6643,7357
0.0141461506614994,0.4483963093444842,0.97220381840756,0.3658435291805171,0.076091779062803,3,6643,7357
0.1891369360962975,0.0821209749962156,0.9602482051134964,0.2671915845012608,0.0617433479201679,4,6643,7357
0.1587384128520194,0.2577795152688792,0.9138110958094124,0.299815542437813,0.0416089143796079,5,6643,7357
0.1587384128520194,0.2577795152688792,0.9138110958094124,0.299815542437813,0.0416089143796079,6,6643,7357
0.1664297464476855,0.0727676053695012,0.9331241072152476,0.2469352722374426,0.0328940620420121,7,6643,7357
0.1651061341448814,0.0742801022056587,0.9331241072152476,0.2469352722374426,0.032511642417992,8,6643,7357
0.0230504533828653,0.0813248887129347,0.9404101910520892,0.3852188435152131,0.0177972970739738,9,6643,7357
0.0230504533828653,0.0813248887129347,0.9404101910520892,0.3852188435152131,0.0177972970739738,10,6643,7357
0.0230504533828653,0.0813248887129347,0.9404101910520892,0.3852188435152131,0.0177972970739738,11,6643,7357
0.1598434124788105,0.1394670650685014,0.9139536387123866,0.3660481206974972,0.0109546050959623,12,6643,7357
0.1456714763159706,0.0821734439479402,0.9352895210377282,0.3978460627034012,0.0048740468360158,13,6643,7357
0.1592022323144033,0.0958559035501055,0.93743106077848,0.3659842675468734,-0.0084496922511572,14,6643,7357
0.1592022323144033,0.0958559035501055,0.93743106077848,0.3659842675468734,-0.0084496922511572,15,6643,7357
0.1592022323144033,0.0958559035501055,0.93743106077848,0.3659842675468734,-0.0084496922511572,16,6643,7357
0.1592022323144033,0.0958559035501055,0.93743106077848,0.3659842675468734,-0.0084496922511572,17,6643,7357
0.1625898312889713,0.0910942410791917,0.9337846497990556,0.3175480432902306,-0.0102053384410674,18,6643,7357
0.1625898312889713,0.0910942410791917,0.9337846497990556,0.3175480432902306,-0.0102053384410674,19,6643,7357
0.1625898312889713,0.0910942410791917,0.9337846497990556,0.3175480432902306,-0.0102053384410674,20,6643,7357
0.1631269683370712,0.0831713499062102,0.9374221873838168,0.364444707055044,-0.0136878155804657,21,6643,7357
0.1631269683370712,0.0831713499062102,0.9374221873838168,0.364444707055044,-0.0136878155804657,22,6643,7357
0.1631269683370712,0.0831713499062102,0.9374221873838168,0.364444707055044,-0.0136878155804657,23,6643,7357
0.157682340845189,0.0838087776386167,0.9339705291399876,0.3658978173037462,-0.0139106563961985,24,6643,7357
0.157682340845189,0.0838087776386167,0.9339705291399876,0.3658978173037462,-0.0139106563961985,25,6643,7357
0.157682340845189,0.0838087776386167,0.9339705291399876,0.3658978173037462,-0.0139106563961985,26,6643,7357
0.1634572164989166,0.0844852869164112,0.9037709577843348,0.3659784023244864,-0.0146708171734899,27,6643,7357
0.1634572164989166,0.0844852869164112,0.9037709577843348,0.3659784023244864,-0.0146708171734899,28,6643,7357
0.1594540617307768,0.0822678763919912,0.9035705871118456,0.3659076697584688,-0.0156856815117918,29,6643,7357
0.1594540617307768,0.0822678763919912,0.9035705871118456,0.3659076697584688,-0.0156856815117918,30,6643,7357
0.1594540617307768,0.0822678763919912,0.9035705871118456,0.3659076697584688,-0.0156856815117918,31,6643,7357
0.1628713263704712,0.0829212432555621,0.9035054123126288,0.3645085597482771,-0.0174304148158708,32,6643,7357
0.1628713263704712,0.0829212432555621,0.9035054123126288,0.3645085597482771,-0.0174304148158708,33,6643,7357
0.1628713263704712,0.0829212432555621,0.9032716952904728,0.3645085597482771,-0.0174595383293589,34,6643,7357
0.1628713263704712,0.0829212432555621,0.9032716952904728,0.3645085597482771,-0.0174595383293589,35,6643,7357
0.1628713263704712,0.0829212432555621,0.9032716952904728,0.3645085597482771,-0.0174595383293589,36,6643,7357
0.1629646537082576,0.0831770538831812,0.9030393524573024,0.3644774859789288,-0.0175823922004062,37,6643,7357
0.1634608968417674,0.0829029868089314,0.9030682700627408,0.3640035141018956,-0.0180858859172325,38,6643,7357
0.1634608968417674,0.0829029868089314,0.9030682700627408,0.3640035141018956,-0.0180858859172325,39,6643,7357
0.1634608968417674,0.0829029868089314,0.9030682700627408,0.3640035141018956,-0.0180858859172325,40,6643,7357
0.1633068207080811,0.0836643082366635,0.902695601591512,0.3640014740449716,-0.0180966726556955,41,6643,7357
0.1633068207080811,0.0836643082366635,0.902695601591512,0.3640014740449716,-0.0180966726556955,42,6643,7357
0.1629646537082576,0.0829687479693636,0.9029454929355806,0.3644302955087609,-0.0182022573267388,43,6643,7357
0.1629646537082576,0.0829687479693636,0.9029454929355806,0.3644302955087609,-0.0182022573267388,44,6643,7357
0.1629646537082576,0.0829687479693636,0.9029454929355806,0.3644302955087609,-0.0182022573267388,45,6643,7357
0.1638670145462457,0.0830085777567985,0.9027861919831618,0.3639239453941092,-0.0188269873779902,46,6643,7357
0.1638670145462457,0.0830085777567985,0.9027861919831618,0.3639239453941092,-0.0188269873779902,47,6643,7357
0.1638670145462457,0.0830085777567985,0.9027861919831618,0.3639239453941092,-0.0188269873779902,48,6643,7357
0.1638670145462457,0.0830085777567985,0.9027861919831618,0.3639239453941092,-0.0188269873779902,49,6643,7357
0.1638670145462457,0.0830085777567985,0.9027861919831618,0.3639239453941092,-0.0188269873779902,50,6643,7357
0.1638670145462457,0.0830085777567985,0.9027861919831618,0.3639239453941092,-0.0188269873779902,51,6643,7357
0.1638670145462457,0.0830085777567985,0.9027861919831618,0.3639239453941092,-0.0188269873779902,52,6643,7357
0.1638670145462457,0.0830085777567985,0.9027861919831618,0.3639239453941092,-0.0188269873779902,53,6643,7357
0.1638670145462457,0.0830085777567985,0.9027861919831618,0.3639239453941092,-0.0188269873779902,54,6643,7357
0.1635610592996311,0.0833860638016355,0.902789449852418,0.3632831174314907,-0.018925243917928,55,6643,7357
0.1635610592996311,0.0833860638016355,0.902789449852418,0.3632831174314907,-0.018925243917928,56,6643,7357
0.1635610592996311,0.0833860638016355,0.902789449852418,0.3632831174314907,-0.018925243917928,57,6643,7357
0.1635610592996311,0.0833860638016355,0.902789449852418,0.3632831174314907,-0.018925243917928,58,6643,7357
0.1635610592996311,0.0833860638016355,0.902789449852418,0.3632831174314907,-0.018925243917928,59,6643,7357
0.1635610592996311,0.0833860638016355,0.902789449852418,0.3632831174314907,-0.018925243917928,60,6643,7357
0.1635610592996311,0.0833860638016355,0.902789449852418,0.3632831174314907,-0.018925243917928,61,6643,7357
0.1635610592996311,0.0833860638016355,0.902789449852418,0.3632831174314907,-0.018925243917928,62,6643,7357
0.1635610592996311,0.0833860638016355,0.902789449852418,0.3632831174314907,-0.018925243917928,63,6643,7357
0.1635610592996311,0.0833860638016355,0.902789449852418,0.3632831174314907,-0.018925243917928,64,6643,7357
0.1635610592996311,0.0833860638016355,0.902789449852418,0.3632831174314907,-0.018925243917928,65,6643,7357
0.1635610592996311,0.0833860638016355,0.902789449852418,0.3632831174314907,-0.018925243917928,66,6643,7357
0.1635610592996311,0.0833860638016355,0.902789449852418,0.3632831174314907,-0.018925243917928,67,6643,7357
0.1635610592996311,0.0833860638016355,0.902789449852418,0.3632831174314907,-0.018925243917928,68,6643,7357
0.1635610592996311,0.0833860638016355,0.902789449852418,0.3632831174314907,-0.018925243917928,69,6643,7357
0.1635610592996311,0.0833860638016355,0.902789449852418,0.3632831174314907,-0.018925243917928,70,6643,7357
0.1635610592996311,0.0833860638016355,0.902789449852418,0.3632831174314907,-0.018925243917928,71,6643,7357
0.1635610592996311,0.0833860638016355,0.902789449852418,0.3632831174314907,-0.018925243917928,72,6643,7357
0.1635610592996311,0.0833860638016355,0.902789449852418,0.3632831174314907,-0.018925243917928,73,6643,7357
0.1635610592996311,0.0833860638016355,0.902789449852418,0.3632831174314907,-0.018925243917928,74,6643,7357
0.1635610592996311,0.0833860638016355,0.902789449852418,0.3632831174314907,-0.018925243917928,75,6643,7357
0.1635610592996311,0.0833860638016355,0.902789449852418,0.3632831174314907,-0.018925243917928,76,6643,7357
0.1635610592996311,0.0833860638016355,0.902789449852418,0.3632831174314907,-0.018925243917928,77,6643,7357
0.1635610592996311,0.0833860638016355,0.902789449852418,0.3632831174314907,-0.018925243917928,78,6643,7357
0.1635610592996311,0.0833860638016355,0.902789449852418,0.3632831174314907,-0.018925243917928,79,6643,7357
0.1635610592996311,0.0833860638016355,0.902789449852418,0.3632831174314907,-0.018925243917928,80,6643,7357
0.4211888142289552,0.4468129517344519,0.9469066664934074,0.299815542437813,0.1647571347245276,0,6643,8072
0.01197250887973,0.4446583551774633,0.9492729925432772,0.2959826983582798,0.1270747279757705,1,6643,8072
0.9616571936637868,0.4363461342671859,0.9268766773288032,0.3658435291805171,0.0922657608499719,2,6643,8072
0.9616571936637868,0.4363461342671859,0.9268766773288032,0.3658435291805171,0.0922657608499719,3,6643,8072
0.9616571936637868,0.4136057010486775,0.9268766773288032,0.3824853633825491,0.0900449412456388,4,6643,8072
0.1466672379815091,0.5207627647585136,0.9386674996565352,0.3826778533950245,0.0854083436549424,5,6643,8072
0.1466672379815091,0.5207627647585136,0.9386674996565352,0.3826778533950245,0.0854083436549424,6,6643,8072
0.1638076008502296,0.4363461342671859,0.9268766773288032,0.3658435291805171,0.0766874371031945,7,6643,8072
0.1638076008502296,0.4363461342671859,0.9268766773288032,0.3658435291805171,0.0766874371031945,8,6643,8072
0.1638076008502296,0.4363461342671859,0.9268766773288032,0.3658435291805171,0.0766874371031945,9,6643,8072
0.1648714252646317,0.2544634678069827,0.9319179618723288,0.3183414700249481,0.0684400758803066,10,6643,8072
0.1646921122338011,0.1055214846047419,0.9272889752540422,0.3823340758594225,0.0576753702392457,11,6643,8072
0.1646921122338011,0.1055214846047419,0.9272889752540422,0.3823340758594225,0.0576753702392457,12,6643,8072
0.1608725117694759,0.3491483346062226,0.9034311135596956,0.3603658762653293,0.0543421066627363,13,6643,8072
0.1609311801836039,0.268555989453029,0.8966866599835744,0.3603658762653293,0.05387310137741,14,6643,8072
0.1637810660900166,0.1055214846047419,0.9034118261309868,0.382669582470503,0.0491599465193956,15,6643,8072
0.1638076008502296,0.1468369393819817,0.903799867061024,0.3658435291805171,0.0487255101253668,16,6643,8072
0.1485524019792253,0.0961582244926797,0.9028075432477604,0.3635563311561758,0.0418021809261317,17,6643,8072
0.1485524019792253,0.0961582244926797,0.9028075432477604,0.3635563311561758,0.0418021809261317,18,6643,8072
0.1485524019792253,0.0961582244926797,0.9028075432477604,0.3635563311561758,0.0418021809261317,19,6643,8072
0.1569917910240475,0.0866747312803932,0.904467108423668,0.3655574979362471,0.035361493698244,20,6643,8072
0.1569917910240475,0.0866747312803932,0.904467108423668,0.3655574979362471,0.035361493698244,21,6643,8072
0.1569917910240475,0.0866747312803932,0.904467108423668,0.3655574979362471,0.035361493698244,22,6643,8072
0.1569917910240475,0.0866747312803932,0.904467108423668,0.3655574979362471,0.035361493698244,23,6643,8072
0.1569917910240475,0.0866747312803932,0.904467108423668,0.3655574979362471,0.035361493698244,24,6643,8072
0.1569917910240475,0.0866747312803932,0.904467108423668,0.3655574979362471,0.035361493698244,25,6643,8072
0.1639878872533528,0.0821375973031672,0.9034118261309868,0.3623433624508619,0.0336412457726773,26,6643,8072
0.1639878872533528,0.0821375973031672,0.9034118261309868,0.3623433624508619,0.0336412457726773,27,6643,8072
0.1633220982991289,0.0837959623547605,0.903556119257857,0.3653273332076359,0.0335418356260654,28,6643,8072
0.1633220982991289,0.0837959623547605,0.903556119257857,0.3653273332076359,0.0335418356260654,29,6643,8072
0.1633220982991289,0.0837959623547605,0.903556119257857,0.3653273332076359,0.0335418356260654,30,6643,8072
0.1633220982991289,0.0837959623547605,0.903556119257857,0.3653273332076359,0.0335418356260654,31,6643,8072
0.1633220982991289,0.0837959623547605,0.903556119257857,0.3653273332076359,0.0335418356260654,32,6643,8072
0.1566503859228862,0.083344855511433,0.9034529406235018,0.3638750996048533,0.0324036826602445,33,6643,8072
0.1569597821103099,0.0821375973031672,0.903542845621236,0.3624265062399424,0.0321314659776741,34,6643,8072
0.1569924209110966,0.0821375973031672,0.903542845621236,0.3632479723287219,0.0320034235814397,35,6643,8072
0.1569924209110966,0.0821375973031672,0.903542845621236,0.3632479723287219,0.0320034235814397,36,6643,8072
0.1569924209110966,0.0821375973031672,0.903542845621236,0.3632479723287219,0.0320034235814397,37,6643,8072
0.1569924209110966,0.0821375973031672,0.903542845621236,0.3632479723287219,0.0320034235814397,38,6643,8072
0.1569924209110966,0.0821375973031672,0.903542845621236,0.3632479723287219,0.0320034235814397,39,6643,8072
0.1571313333682592,0.0837582711761144,0.9035578299336452,0.3179154764909634,0.0291960700719656,40,6643,8072
0.1571313333682592,0.0837582711761144,0.9035578299336452,0.3179154764909634,0.0291960700719656,41,6643,8072
0.1571313333682592,0.0837582711761144,0.9035578299336452,0.3179154764909634,0.0291960700719656,42,6643,8072
0.1571313333682592,0.0837582711761144,0.9035578299336452,0.3179154764909634,0.0291960700719656,43,6643,8072
0.1571313333682592,0.0837582711761144,0.9035578299336452,0.3179154764909634,0.0291960700719656,44,6643,8072
0.1571313333682592,0.0837582711761144,0.9035578299336452,0.3179154764909634,0.0291960700719656,45,6643,8072
0.1569981624979707,0.0837807026357021,0.90359222361459,0.3178672312825796,0.0290083121713458,46,6643,8072
0.1569981624979707,0.0837807026357021,0.90359222361459,0.3178672312825796,0.0290083121713458,47,6643,8072
0.1569981624979707,0.0837807026357021,0.90359222361459,0.3178672312825796,0.0290083121713458,48,6643,8072
0.1569981624979707,0.0837807026357021,0.90359222361459,0.3178672312825796,0.0290083121713458,49,6643,8072
0.1569981624979707,0.0837807026357021,0.90359222361459,0.3178672312825796,0.0290083121713458,50,6643,8072
0.1569981624979707,0.0837807026357021,0.90359222361459,0.3178672312825796,0.0290083121713458,51,6643,8072
0.1569981624979707,0.0837807026357021,0.90359222361459,0.3178672312825796,0.0290083121713458,52,6643,8072
0.1569981624979707,0.0837807026357021,0.90359222361459,0.3178672312825796,0.0290083121713458,53,6643,8072
0.1569093910994391,0.0837582711761144,0.9033225470856898,0.3180640356651354,0.0289791886578577,54,6643,8072
0.1569093910994391,0.0837582711761144,0.9033225470856898,0.3180640356651354,0.0289791886578577,55,6643,8072
0.1569093910994391,0.0837582711761144,0.9033225470856898,0.3180640356651354,0.0289791886578577,56,6643,8072
0.1569093910994391,0.0837582711761144,0.9033225470856898,0.3180640356651354,0.0289791886578577,57,6643,8072
0.1569093910994391,0.0837582711761144,0.9033225470856898,0.3180640356651354,0.0289791886578577,58,6643,8072
0.1569093910994391,0.0837582711761144,0.9033225470856898,0.3180640356651354,0.0289791886578577,59,6643,8072
0.1569093910994391,0.0837582711761144,0.9033225470856898,0.3180640356651354,0.0289791886578577,60,6643,8072
0.1569093910994391,0.0837582711761144,0.9033225470856898,0.3180640356651354,0.0289791886578577,61,6643,8072
0.1569093910994391,0.0837582711761144,0.9033225470856898,0.3180640356651354,0.0289791886578577,62,6643,8072
0.1569093910994391,0.0837582711761144,0.9033225470856898,0.3180640356651354,0.0289791886578577,63,6643,8072
0.1569093910994391,0.0837582711761144,0.9033225470856898,0.3180640356651354,0.0289791886578577,64,6643,8072
0.1569093910994391,0.0837582711761144,0.9033225470856898,0.3180640356651354,0.0289791886578577,65,6643,8072
0.1569093910994391,0.0837582711761144,0.9033225470856898,0.3180640356651354,0.0289791886578577,66,6643,8072
0.1569093910994391,0.0837582711761144,0.9033225470856898,0.3180640356651354,0.0289791886578577,67,6643,8072
0.1569093910994391,0.0837582711761144,0.9033225470856898,0.3180640356651354,0.0289791886578577,68,6643,8072
0.1569093910994391,0.0837582711761144,0.9033225470856898,0.3180640356651354,0.0289791886578577,69,6643,8072
0.1569093910994391,0.0837582711761144,0.9033225470856898,0.3180640356651354,0.0289791886578577,70,6643,8072
0.1569093910994391,0.0837582711761144,0.9033225470856898,0.3180640356651354,0.0289791886578577,71,6643,8072
0.1569093910994391,0.0837582711761144,0.9033225470856898,0.3180640356651354,0.0289791886578577,72,6643,8072
0.1569093910994391,0.0837582711761144,0.9033225470856898,0.3180640356651354,0.0289791886578577,73,6643,8072
0.1569093910994391,0.0837582711761144,0.9033225470856898,0.3180640356651354,0.0289791886578577,74,6643,8072
0.1569063313107701,0.0837934224572357,0.9028413460973648,0.3178970115738958,0.0281859567313592,75,6643,8072
0.1569063313107701,0.0837934224572357,0.9028413460973648,0.3178970115738958,0.0281859567313592,76,6643,8072
0.1569063313107701,0.0837934224572357,0.9028413460973648,0.3178970115738958,0.0281859567313592,77,6643,8072
0.1569063313107701,0.0837934224572357,0.9028413460973648,0.3178970115738958,0.0281859567313592,78,6643,8072
0.1569063313107701,0.0837934224572357,0.9028413460973648,0.3178970115738958,0.0281859567313592,79,6643,8072
0.1569063313107701,0.0837934224572357,0.9028413460973648,0.3178970115738958,0.0281859567313592,80,6643,8072
0.1569063313107701,0.0837934224572357,0.9028413460973648,0.3178970115738958,0.0281859567313592,81,6643,8072
0.1569063313107701,0.0837934224572357,0.9028413460973648,0.3178970115738958,0.0281859567313592,82,6643,8072
0.1569063313107701,0.0837934224572357,0.9028413460973648,0.3178970115738958,0.0281859567313592,83,6643,8072
0.1569063313107701,0.0837934224572357,0.9028413460973648,0.3178970115738958,0.0281859567313592,84,6643,8072
0.1569063313107701,0.0837934224572357,0.9028413460973648,0.3178970115738958,0.0281859567313592,85,6643,8072
0.1569063313107701,0.0837934224572357,0.9028413460973648,0.3178970115738958,0.0281859567313592,86,6643,8072
0.1569063313107701,0.0837934224572357,0.9028413460973648,0.3178970115738958,0.0281859567313592,87,6643,8072
0.1569063313107701,0.0837934224572357,0.9028413460973648,0.3178970115738958,0.0281859567313592,88,6643,8072
0.1569063313107701,0.0837934224572357,0.9028413460973648,0.3178970115738958,0.0281859567313592,89,6643,8072
0.1569063313107701,0.0837934224572357,0.9028413460973648,0.3178970115738958,0.0281859567313592,90,6643,8072
0.1569063313107701,0.0837934224572357,0.9028413460973648,0.3178970115738958,0.0281859567313592,91,6643,8072
0.1569063313107701,0.0837934224572357,0.9028413460973648,0.3178970115738958,0.0281859567313592,92,6643,8072
0.1569063313107701,0.0837934224572357,0.9028413460973648,0.3178970115738958,0.0281859567313592,93,6643,8072
0.1569063313107701,0.0837934224572357,0.9028413460973648,0.3178970115738958,0.0281859567313592,94,6643,8072
0.1569063313107701,0.0837934224572357,0.9028413460973648,0.3178970115738958,0.0281859567313592,95,6643,8072
0.1569063313107701,0.0837934224572357,0.9028413460973648,0.3178970115738958,0.0281859567313592,96,6643,8072
0.1569063313107701,0.0837934224572357,0.9028413460973648,0.3178970115738958,0.0281859567313592,97,6643,8072
0.1569063313107701,0.0837934224572357,0.9028413460973648,0.3178970115738958,0.0281859567313592,98,6643,8072
0.1569063313107701,0.0837934224572357,0.9028413460973648,0.3178970115738958,0.0281859567313592,99,6643,8072
0.1569063313107701,0.0837934224572357,0.9028413460973648,0.3178970115738958,0.0281859567313592,100,6643,8072
0.1645072664741013,0.2621467961899895,0.9153082686153085,0.613894995603037,-0.1360515817006702,0,7357,3072
0.1645072664741013,0.2621467961899895,0.9153082686153085,0.613894995603037,-0.1360515817006702,1,7357,3072
0.1645072664741013,0.2621467961899895,0.9153082686153085,0.613894995603037,-0.1360515817006702,2,7357,3072
0.1609721519398522,0.2621467961899895,0.9153082686153085,0.613894995603037,-0.1360898962298543,3,7357,3072
0.1609721519398522,0.2621467961899895,0.9153082686153085,0.613894995603037,-0.1360898962298543,4,7357,3072
0.1609721519398522,0.2621467961899895,0.9153082686153085,0.613894995603037,-0.1360898962298543,5,7357,3072
0.1609721519398522,0.2621467961899895,0.9153082686153085,0.613894995603037,-0.1360898962298543,6,7357,3072
0.1668030090643291,0.2549175955522005,0.9153082686153085,0.613894995603037,-0.1365888789280345,7,7357,3072
0.0381292890937308,0.0570537605294045,0.9086984107162486,0.4059887721488981,-0.141151344282071,8,7357,3072
0.0999303091189133,0.0570537605294045,0.9086984107162486,0.3801216165210573,-0.1417438176657294,9,7357,3072
0.1678957630388097,0.0756703019822309,0.7015174414532078,0.4375534591618332,-0.1501089588170486,10,7357,3072
0.1651892943419246,0.0732710017857038,0.8967173715927927,0.4292750334928993,-0.1543764613915696,11,7357,3072
0.1651892943419246,0.0732710017857038,0.8967173715927927,0.4292750334928993,-0.1543764613915696,12,7357,3072
0.1651892943419246,0.0732710017857038,0.8967173715927927,0.4292750334928993,-0.1543764613915696,13,7357,3072
0.1651892943419246,0.0732710017857038,0.8967173715927927,0.4292750334928993,-0.1543764613915696,14,7357,3072
0.1653174846634108,0.0738777142290224,0.6573701097009318,0.4612254537846404,-0.1560237088210289,15,7357,3072
0.1653174846634108,0.0738777142290224,0.6573701097009318,0.4612254537846404,-0.1560237088210289,16,7357,3072
0.1653174846634108,0.0738777142290224,0.6573701097009318,0.4612254537846404,-0.1560237088210289,17,7357,3072
0.1674619925375576,0.075662700113027,0.8880151862668585,0.3908244784448434,-0.1577669807070799,18,7357,3072
0.1616561528517902,0.0758913045220475,0.902700391086359,0.3901765923286515,-0.157951339369141,19,7357,3072
0.1616561528517902,0.0758913045220475,0.902700391086359,0.3901765923286515,-0.157951339369141,20,7357,3072
0.1527955160468682,0.0782344785394505,0.8993776327815008,0.3752421386063886,-0.1583744961430639,21,7357,3072
0.1527955160468682,0.0782344785394505,0.8993776327815008,0.3752421386063886,-0.1583744961430639,22,7357,3072
0.1681597549520126,0.0783802513673321,0.8976750475291952,0.3897625909387648,-0.1591212865535289,23,7357,3072
0.1516178436073653,0.0785413729230275,0.8977848212688198,0.4772301031029681,-0.1600167972146905,24,7357,3072
0.1516178436073653,0.0785413729230275,0.8977848212688198,0.4772301031029681,-0.1600167972146905,25,7357,3072
0.1516178436073653,0.0785413729230275,0.8977848212688198,0.4772301031029681,-0.1600167972146905,26,7357,3072
0.1516178436073653,0.0785413729230275,0.8977848212688198,0.4772301031029681,-0.1600167972146905,27,7357,3072
0.1516178436073653,0.0785413729230275,0.8977848212688198,0.4772301031029681,-0.1600167972146905,28,7357,3072
0.1522971971719964,0.0784764007304957,0.8979079768251609,0.3910647234457098,-0.1607602532323195,29,7357,3072
0.152612863703921,0.0781952488920185,0.889525381697649,0.3845481775021911,-0.1611013372111557,30,7357,3072
0.152612863703921,0.0781952488920185,0.889525381697649,0.3845481775021911,-0.1611013372111557,31,7357,3072
0.1556962119619192,0.0786978344222585,0.8907324882202683,0.3910351014705631,-0.1614574516955924,32,7357,3072
0.1556962119619192,0.0786978344222585,0.8907324882202683,0.3910351014705631,-0.1614574516955924,33,7357,3072
0.1556962119619192,0.0786978344222585,0.8907324882202683,0.3910351014705631,-0.1614574516955924,34,7357,3072
0.1556962119619192,0.0786978344222585,0.8907324882202683,0.3910351014705631,-0.1614574516955924,35,7357,3072
0.1556962119619192,0.0786978344222585,0.8907324882202683,0.3910351014705631,-0.1614574516955924,36,7357,3072
0.1556962119619192,0.0786978344222585,0.8907324882202683,0.3910351014705631,-0.1614574516955924,37,7357,3072
0.1556962119619192,0.0786978344222585,0.8907324882202683,0.3910351014705631,-0.1614574516955924,38,7357,3072
0.1556962119619192,0.0786978344222585,0.8907324882202683,0.3910351014705631,-0.1614574516955924,39,7357,3072
0.1556962119619192,0.0786978344222585,0.8907324882202683,0.3910351014705631,-0.1614574516955924,40,7357,3072
0.1556962119619192,0.0786978344222585,0.8907324882202683,0.3910351014705631,-0.1614574516955924,41,7357,3072
0.1556962119619192,0.0786978344222585,0.8907324882202683,0.3910351014705631,-0.1614574516955924,42,7357,3072
0.1556962119619192,0.0786978344222585,0.8907324882202683,0.3910351014705631,-0.1614574516955924,43,7357,3072
0.1556962119619192,0.0786978344222585,0.8907324882202683,0.3910351014705631,-0.1614574516955924,44,7357,3072
0.1558315846647874,0.0771237681471288,0.8871958414594746,0.389449510099305,-0.1614806516852518,45,7357,3072
0.1558315846647874,0.0771237681471288,0.8871958414594746,0.389449510099305,-0.1614806516852518,46,7357,3072
0.1558315846647874,0.0771237681471288,0.8871958414594746,0.389449510099305,-0.1614806516852518,47,7357,3072
0.1558315846647874,0.0771237681471288,0.8871958414594746,0.389449510099305,-0.1614806516852518,48,7357,3072
0.1558315846647874,0.0771237681471288,0.8871958414594746,0.389449510099305,-0.1614806516852518,49,7357,3072
0.1558315846647874,0.0771237681471288,0.8871958414594746,0.389449510099305,-0.1614806516852518,50,7357,3072
0.1558315846647874,0.0771237681471288,0.8871958414594746,0.389449510099305,-0.1614806516852518,51,7357,3072
0.1558315846647874,0.0771237681471288,0.8871958414594746,0.389449510099305,-0.1614806516852518,52,7357,3072
0.1558315846647874,0.0771237681471288,0.8871958414594746,0.389449510099305,-0.1614806516852518,53,7357,3072
0.1558315846647874,0.0771237681471288,0.8871958414594746,0.389449510099305,-0.1614806516852518,54,7357,3072
0.1558315846647874,0.0771237681471288,0.8871958414594746,0.389449510099305,-0.1614806516852518,55,7357,3072
0.1558315846647874,0.0771237681471288,0.8871958414594746,0.389449510099305,-0.1614806516852518,56,7357,3072
0.1558315846647874,0.0771237681471288,0.8871958414594746,0.389449510099305,-0.1614806516852518,57,7357,3072
0.1558315846647874,0.0771237681471288,0.8871958414594746,0.389449510099305,-0.1614806516852518,58,7357,3072
0.1558315846647874,0.0771237681471288,0.8871958414594746,0.389449510099305,-0.1614806516852518,59,7357,3072
0.1558315846647874,0.0771237681471288,0.8871958414594746,0.389449510099305,-0.1614806516852518,60,7357,3072
0.1558315846647874,0.0771237681471288,0.8871958414594746,0.389449510099305,-0.1614806516852518,61,7357,3072
0.1558315846647874,0.0771237681471288,0.8871958414594746,0.389449510099305,-0.1614806516852518,62,7357,3072
0.1558315846647874,0.0771237681471288,0.8871958414594746,0.389449510099305,-0.1614806516852518,63,7357,3072
0.1558315846647874,0.0771237681471288,0.8871958414594746,0.389449510099305,-0.1614806516852518,64,7357,3072
0.1558315846647874,0.0771237681471288,0.8871958414594746,0.389449510099305,-0.1614806516852518,65,7357,3072
0.1558315846647874,0.0771237681471288,0.8871958414594746,0.389449510099305,-0.1614806516852518,66,7357,3072
0.1558315846647874,0.0771237681471288,0.8871958414594746,0.389449510099305,-0.1614806516852518,67,7357,3072
0.1558315846647874,0.0771237681471288,0.8871958414594746,0.389449510099305,-0.1614806516852518,68,7357,3072
0.1558315846647874,0.0771237681471288,0.8871958414594746,0.389449510099305,-0.1614806516852518,69,7357,3072
0.1558315846647874,0.0771237681471288,0.8871958414594746,0.389449510099305,-0.1614806516852518,70,7357,3072
0.1645072664741013,0.2621467961899895,0.9153082686153085,0.613894995603037,-0.1368047998518444,0,7357,3786
0.1645072664741013,0.2621467961899895,0.9153082686153085,0.613894995603037,-0.1368047998518444,1,7357,3786
0.1645072664741013,0.2621467961899895,0.9153082686153085,0.613894995603037,-0.1368047998518444,2,7357,3786
0.1645072664741013,0.2621467961899895,0.9153082686153085,0.613894995603037,-0.1368047998518444,3,7357,3786
0.1645072664741013,0.2621467961899895,0.9153082686153085,0.613894995603037,-0.1368047998518444,4,7357,3786
0.1645072664741013,0.2621467961899895,0.9153082686153085,0.613894995603037,-0.1368047998518444,5,7357,3786
0.1645072664741013,0.2621467961899895,0.9153082686153085,0.613894995603037,-0.1368047998518444,6,7357,3786
0.1645072664741013,0.2621467961899895,0.9153082686153085,0.613894995603037,-0.1368047998518444,7,7357,3786
0.0397156194678857,0.0411116115257684,0.817618455037603,0.4798614765987345,-0.138184930629197,8,7357,3786
0.1363637576036273,0.0196540235925352,0.8966330874987867,0.4759326708029341,-0.1408677557666216,9,7357,3786
0.1505727250267618,0.0829923498413807,0.903183961118274,0.3892689937537446,-0.1573476456601835,10,7357,3786
0.1505727250267618,0.0829923498413807,0.903183961118274,0.3892689937537446,-0.1573476456601835,11,7357,3786
0.1505727250267618,0.0829923498413807,0.903183961118274,0.3892689937537446,-0.1573476456601835,12,7357,3786
0.1505727250267618,0.0829923498413807,0.903183961118274,0.3892689937537446,-0.1573476456601835,13,7357,3786
0.1505727250267618,0.0829923498413807,0.903183961118274,0.3892689937537446,-0.1573476456601835,14,7357,3786
0.1633794143905014,0.0766860998266464,0.9021730811516748,0.3862953392801492,-0.159615194613097,15,7357,3786
0.1633794143905014,0.0766860998266464,0.9021730811516748,0.3862953392801492,-0.159615194613097,16,7357,3786
0.1633794143905014,0.0766860998266464,0.9021730811516748,0.3862953392801492,-0.159615194613097,17,7357,3786
0.1505727250267618,0.0789278355322775,0.903277801968605,0.393537306680475,-0.1606840815343613,18,7357,3786
0.1505727250267618,0.0789278355322775,0.903277801968605,0.4727740170907838,-0.1623806818137796,19,7357,3786
0.1505727250267618,0.0789278355322775,0.903277801968605,0.4727740170907838,-0.1623806818137796,20,7357,3786
0.1505727250267618,0.0789278355322775,0.903277801968605,0.4727740170907838,-0.1623806818137796,21,7357,3786
0.1657803093484577,0.077073410926789,0.8890145863981137,0.4788007085276095,-0.1632719183783598,22,7357,3786
0.1657803093484577,0.077073410926789,0.8890145863981137,0.4788007085276095,-0.1632719183783598,23,7357,3786
0.1657803093484577,0.077073410926789,0.8890145863981137,0.4788007085276095,-0.1632719183783598,24,7357,3786
0.1671703539034795,0.0787964163186342,0.9025034748208908,0.4781188403525379,-0.1635067722338396,25,7357,3786
0.1675099450087616,0.0772101123924045,0.9035807915435968,0.4779925031404936,-0.1639463018620558,26,7357,3786
0.1675099450087616,0.0772101123924045,0.9035807915435968,0.4779925031404936,-0.1639463018620558,27,7357,3786
0.1675099450087616,0.0772101123924045,0.9035807915435968,0.4779925031404936,-0.1639463018620558,28,7357,3786
0.1508710241617207,0.0789271654288614,0.903277801968605,0.4782074294420154,-0.164128306900661,29,7357,3786
0.1508710241617207,0.0789271654288614,0.903277801968605,0.4782074294420154,-0.164128306900661,30,7357,3786
0.1508710241617207,0.0789271654288614,0.903277801968605,0.4782074294420154,-0.164128306900661,31,7357,3786
0.1657803093484577,0.0770845989578155,0.9033123828061046,0.4777113014905356,-0.1644716828427201,32,7357,3786
0.1657803093484577,0.0770845989578155,0.9033123828061046,0.4777113014905356,-0.1644716828427201,33,7357,3786
0.1463182672666906,0.0768094252259617,0.9036298241489285,0.4777688526049888,-0.1645366410562342,34,7357,3786
0.1463182672666906,0.0768094252259617,0.9036298241489285,0.4777688526049888,-0.1645366410562342,35,7357,3786
0.1463182672666906,0.0768094252259617,0.9036298241489285,0.4777688526049888,-0.1645366410562342,36,7357,3786
0.1463182672666906,0.0768094252259617,0.9036298241489285,0.4777688526049888,-0.1645366410562342,37,7357,3786
0.1528147946577866,0.0775310917200746,0.9036284322417264,0.4777590133646861,-0.1645398138411838,38,7357,3786
0.1508346375318647,0.0770166592671225,0.903270604140008,0.4778011979890281,-0.1646062530891548,39,7357,3786
0.1508346375318647,0.0770166592671225,0.903270604140008,0.4778011979890281,-0.1646062530891548,40,7357,3786
0.1508346375318647,0.0770166592671225,0.903270604140008,0.4778011979890281,-0.1646062530891548,41,7357,3786
0.1654902940408182,0.0770166592671225,0.903270604140008,0.4778011979890281,-0.1646808264620554,42,7357,3786
0.1654902940408182,0.0770166592671225,0.903270604140008,0.4778011979890281,-0.1646808264620554,43,7357,3786
0.1654902940408182,0.0770166592671225,0.903270604140008,0.4778011979890281,-0.1646808264620554,44,7357,3786
0.1654902940408182,0.0770166592671225,0.903270604140008,0.4778011979890281,-0.1646808264620554,45,7357,3786
0.1654902940408182,0.0770166592671225,0.903270604140008,0.4778011979890281,-0.1646808264620554,46,7357,3786
0.1558876146410224,0.0788548366040088,0.903672672630824,0.4777632005565608,-0.1650557281400838,47,7357,3786
0.1558876146410224,0.0788548366040088,0.903672672630824,0.4777632005565608,-0.1650557281400838,48,7357,3786
0.1558876146410224,0.0788548366040088,0.903672672630824,0.4777632005565608,-0.1650557281400838,49,7357,3786
0.1558876146410224,0.0788548366040088,0.903672672630824,0.4777632005565608,-0.1650557281400838,50,7357,3786
0.1559122970918937,0.0772031308241112,0.903277267243343,0.4777865463709574,-0.1651221673880549,51,7357,3786
0.1559122970918937,0.0772031308241112,0.903277267243343,0.4777865463709574,-0.1651221673880549,52,7357,3786
0.1559122970918937,0.0772031308241112,0.903277267243343,0.4777865463709574,-0.1651221673880549,53,7357,3786
0.1559122970918937,0.0772031308241112,0.903277267243343,0.4777865463709574,-0.1651221673880549,54,7357,3786
0.1559122970918937,0.0772031308241112,0.903277267243343,0.4777865463709574,-0.1651221673880549,55,7357,3786
0.1559122970918937,0.0772031308241112,0.903277267243343,0.4777865463709574,-0.1651221673880549,56,7357,3786
0.1559122970918937,0.0772031308241112,0.903277267243343,0.4777865463709574,-0.1651221673880549,57,7357,3786
0.1559122970918937,0.0772031308241112,0.903277267243343,0.4777865463709574,-0.1651221673880549,58,7357,3786
0.1559122970918937,0.0772031308241112,0.903277267243343,0.4777865463709574,-0.1651221673880549,59,7357,3786
0.1559122970918937,0.0772031308241112,0.903277267243343,0.4777865463709574,-0.1651221673880549,60,7357,3786
0.1559122970918937,0.0772031308241112,0.903277267243343,0.4777865463709574,-0.1651221673880549,61,7357,3786
0.1559122970918937,0.0772031308241112,0.903277267243343,0.4777865463709574,-0.1651221673880549,62,7357,3786
0.1559122970918937,0.0772031308241112,0.903277267243343,0.4777865463709574,-0.1651221673880549,63,7357,3786
0.1559122970918937,0.0772031308241112,0.903277267243343,0.4777865463709574,-0.1651221673880549,64,7357,3786
0.1559122970918937,0.0772031308241112,0.903277267243343,0.4777865463709574,-0.1651221673880549,65,7357,3786
0.1559122970918937,0.0772031308241112,0.903277267243343,0.4777865463709574,-0.1651221673880549,66,7357,3786
0.1559122970918937,0.0772031308241112,0.903277267243343,0.4777865463709574,-0.1651221673880549,67,7357,3786
0.1559122970918937,0.0772031308241112,0.903277267243343,0.4777865463709574,-0.1651221673880549,68,7357,3786
0.1559122970918937,0.0772031308241112,0.903277267243343,0.4777865463709574,-0.1651221673880549,69,7357,3786
0.1559122970918937,0.0772031308241112,0.903277267243343,0.4777865463709574,-0.1651221673880549,70,7357,3786
0.1559122970918937,0.0772031308241112,0.903277267243343,0.4777865463709574,-0.1651221673880549,71,7357,3786
0.1559122970918937,0.0772031308241112,0.903277267243343,0.4777865463709574,-0.1651221673880549,72,7357,3786
0.1645072664741013,0.2621467961899895,0.9153082686153085,0.613894995603037,-0.0759444751268986,0,7357,4500
0.1645072664741013,0.2621467961899895,0.9153082686153085,0.613894995603037,-0.0759444751268986,1,7357,4500
0.1645072664741013,0.2621467961899895,0.9153082686153085,0.613894995603037,-0.0759444751268986,2,7357,4500
0.1645072664741013,0.2621467961899895,0.9153082686153085,0.613894995603037,-0.0759444751268986,3,7357,4500
0.1679100262780272,0.0789639203952175,0.8120408988449805,0.5580801480310812,-0.0956237232640875,4,7357,4500
0.1679100262780272,0.0789639203952175,0.8120408988449805,0.5580801480310812,-0.0956237232640875,5,7357,4500
0.1679100262780272,0.0789639203952175,0.8120408988449805,0.5580801480310812,-0.0956237232640875,6,7357,4500
0.0169845367640541,0.0836750797091803,0.8710841794321831,0.4671732833955474,-0.1016954039658317,7,7357,4500
0.0169845367640541,0.0836750797091803,0.8710841794321831,0.4671732833955474,-0.1016954039658317,8,7357,4500
0.0169845367640541,0.0836750797091803,0.8710841794321831,0.4671732833955474,-0.1016954039658317,9,7357,4500
0.0169845367640541,0.0836750797091803,0.8710841794321831,0.4671732833955474,-0.1016954039658317,10,7357,4500
0.1444889995793744,0.083817670803998,0.7041325715950252,0.4871756802628199,-0.1035083856912246,11,7357,4500
0.1685900301295299,0.0802036702396413,0.8075513154368346,0.381632157956531,-0.11260772872386,12,7357,4500
0.1544504224138236,0.0786156239713641,0.8079446586171078,0.3705635450709419,-0.1135789674875311,13,7357,4500
0.1544504224138236,0.0786156239713641,0.8079446586171078,0.3705635450709419,-0.1135789674875311,14,7357,4500
0.1553411282197252,0.0795710631113967,0.8163112259137922,0.383276145566187,-0.1160164182004211,15,7357,4500
0.1553411282197252,0.0795710631113967,0.8163112259137922,0.383276145566187,-0.1160164182004211,16,7357,4500
0.1553411282197252,0.0795710631113967,0.8163112259137922,0.383276145566187,-0.1160164182004211,17,7357,4500
0.1551954973120131,0.0789972619525905,0.8887618415098997,0.3711940954095307,-0.118102913305711,18,7357,4500
0.1551954973120131,0.0789972619525905,0.8887618415098997,0.3711940954095307,-0.118102913305711,19,7357,4500
0.1551954973120131,0.0789972619525905,0.8887618415098997,0.3711940954095307,-0.118102913305711,20,7357,4500
0.1551954973120131,0.0789972619525905,0.8887618415098997,0.3711940954095307,-0.118102913305711,21,7357,4500
0.1551954973120131,0.0789972619525905,0.8887618415098997,0.3711940954095307,-0.118102913305711,22,7357,4500
0.1544031016784801,0.0780263398425421,0.8951784640071347,0.372570879448785,-0.118371108382336,23,7357,4500
0.1516373253430414,0.0780278966445753,0.9044951000110076,0.3846307197236108,-0.1195409395252327,24,7357,4500
0.1544122318375458,0.078540485934432,0.8862076491988005,0.3857473897617282,-0.1202181455713768,25,7357,4500
0.1544122318375458,0.078540485934432,0.8862076491988005,0.3857473897617282,-0.1202181455713768,26,7357,4500
0.1556832630496613,0.077153110672407,0.8976030929767885,0.3832620888602484,-0.1211129799560283,27,7357,4500
0.1556832630496613,0.077153110672407,0.8976030929767885,0.3832620888602484,-0.1211129799560283,28,7357,4500
0.1556832630496613,0.077153110672407,0.8976030929767885,0.3832620888602484,-0.1211129799560283,29,7357,4500
0.1556832630496613,0.077153110672407,0.8976030929767885,0.3832620888602484,-0.1211129799560283,30,7357,4500
0.1556832630496613,0.077153110672407,0.8976030929767885,0.3832620888602484,-0.1211129799560283,31,7357,4500
0.1556832630496613,0.077153110672407,0.8976030929767885,0.3832620888602484,-0.1211129799560283,32,7357,4500
0.1556832630496613,0.077153110672407,0.8976030929767885,0.3832620888602484,-0.1211129799560283,33,7357,4500
0.1556832630496613,0.077153110672407,0.8976030929767885,0.3832620888602484,-0.1211129799560283,34,7357,4500
0.1556832630496613,0.077153110672407,0.8976030929767885,0.3832620888602484,-0.1211129799560283,35,7357,4500
0.1556832630496613,0.077153110672407,0.8976030929767885,0.3832620888602484,-0.1211129799560283,36,7357,4500
0.1557285088386556,0.0768893302524349,0.8918104846595009,0.3832737210525797,-0.1211731860924094,37,7357,4500
0.1557285088386556,0.0768893302524349,0.8918104846595009,0.3832737210525797,-0.1211731860924094,38,7357,4500
0.1557285088386556,0.0768893302524349,0.8918104846595009,0.3832737210525797,-0.1211731860924094,39,7357,4500
0.1557285088386556,0.0768893302524349,0.8918104846595009,0.3832737210525797,-0.1211731860924094,40,7357,4500
0.1557285088386556,0.0768893302524349,0.8918104846595009,0.3832737210525797,-0.1211731860924094,41,7357,4500
0.1557285088386556,0.0768893302524349,0.8918104846595009,0.3832737210525797,-0.1211731860924094,42,7357,4500
0.1557285088386556,0.0768893302524349,0.8918104846595009,0.3832737210525797,-0.1211731860924094,43,7357,4500
0.1557285088386556,0.0768893302524349,0.8918104846595009,0.3832737210525797,-0.1211731860924094,44,7357,4500
0.1557285088386556,0.0768893302524349,0.8918104846595009,0.3832737210525797,-0.1211731860924094,45,7357,4500
0.1557285088386556,0.0768893302524349,0.8918104846595009,0.3832737210525797,-0.1211731860924094,46,7357,4500
0.1557285088386556,0.0768893302524349,0.8918104846595009,0.3832737210525797,-0.1211731860924094,47,7357,4500
0.1557285088386556,0.0768893302524349,0.8918104846595009,0.3832737210525797,-0.1211731860924094,48,7357,4500
0.1557285088386556,0.0768893302524349,0.8918104846595009,0.3832737210525797,-0.1211731860924094,49,7357,4500
0.1557285088386556,0.0768893302524349,0.8918104846595009,0.3832737210525797,-0.1211731860924094,50,7357,4500
0.1557285088386556,0.0768893302524349,0.8918104846595009,0.3832737210525797,-0.1211731860924094,51,7357,4500
0.1557285088386556,0.0768893302524349,0.8918104846595009,0.3832737210525797,-0.1211731860924094,52,7357,4500
0.1557285088386556,0.0768893302524349,0.8918104846595009,0.3832737210525797,-0.1211731860924094,53,7357,4500
0.1555283788687107,0.0780080967680683,0.9031671801350184,0.3832740046120041,-0.121269456639723,54,7357,4500
0.1555283788687107,0.0780080967680683,0.9031671801350184,0.3832740046120041,-0.121269456639723,55,7357,4500
0.1555283788687107,0.0780080967680683,0.9031671801350184,0.3832740046120041,-0.121269456639723,56,7357,4500
0.1555283788687107,0.0780080967680683,0.9031671801350184,0.3832740046120041,-0.121269456639723,57,7357,4500
0.1555283788687107,0.0780080967680683,0.9031671801350184,0.3832740046120041,-0.121269456639723,58,7357,4500
0.1555283788687107,0.0780080967680683,0.9031671801350184,0.3832740046120041,-0.121269456639723,59,7357,4500
0.1555283788687107,0.0780080967680683,0.9031671801350184,0.3832740046120041,-0.121269456639723,60,7357,4500
0.1555283788687107,0.0780080967680683,0.9031671801350184,0.3832740046120041,-0.121269456639723,61,7357,4500
0.1555283788687107,0.0780080967680683,0.9031671801350184,0.3832740046120041,-0.121269456639723,62,7357,4500
0.1555283788687107,0.0780080967680683,0.9031671801350184,0.3832740046120041,-0.121269456639723,63,7357,4500
0.1555283788687107,0.0780080967680683,0.9031671801350184,0.3832740046120041,-0.121269456639723,64,7357,4500
0.1555283788687107,0.0780080967680683,0.9031671801350184,0.3832740046120041,-0.121269456639723,65,7357,4500
0.1555283788687107,0.0780080967680683,0.9031671801350184,0.3832740046120041,-0.121269456639723,66,7357,4500
0.1555283788687107,0.0780080967680683,0.9031671801350184,0.3832740046120041,-0.121269456639723,67,7357,4500
0.1555283788687107,0.0780080967680683,0.9031671801350184,0.3832740046120041,-0.121269456639723,68,7357,4500
0.1555283788687107,0.0780080967680683,0.9031671801350184,0.3832740046120041,-0.121269456639723,69,7357,4500
0.1555283788687107,0.0780080967680683,0.9031671801350184,0.3832740046120041,-0.121269456639723,70,7357,4500
0.1555283788687107,0.0780080967680683,0.9031671801350184,0.3832740046120041,-0.121269456639723,71,7357,4500
0.1555283788687107,0.0780080967680683,0.9031671801350184,0.3832740046120041,-0.121269456639723,72,7357,4500
0.1555283788687107,0.0780080967680683,0.9031671801350184,0.3832740046120041,-0.121269456639723,73,7357,4500
0.1555283788687107,0.0780080967680683,0.9031671801350184,0.3832740046120041,-0.121269456639723,74,7357,4500
0.1555283788687107,0.0780080967680683,0.9031671801350184,0.3832740046120041,-0.121269456639723,75,7357,4500
0.1555283788687107,0.0780080967680683,0.9031671801350184,0.3832740046120041,-0.121269456639723,76,7357,4500
0.1555283788687107,0.0780080967680683,0.9031671801350184,0.3832740046120041,-0.121269456639723,77,7357,4500
0.1555283788687107,0.0780080967680683,0.9031671801350184,0.3832740046120041,-0.121269456639723,78,7357,4500
0.1555283788687107,0.0780080967680683,0.9031671801350184,0.3832740046120041,-0.121269456639723,79,7357,4500
0.1645072664741013,0.2621467961899895,0.9153082686153085,0.613894995603037,-0.030439769151095,0,7357,5214
0.1645072664741013,0.2621467961899895,0.9153082686153085,0.613894995603037,-0.030439769151095,1,7357,5214
0.1645072664741013,0.2621467961899895,0.9153082686153085,0.613894995603037,-0.030439769151095,2,7357,5214
0.1645072664741013,0.2621467961899895,0.9153082686153085,0.613894995603037,-0.030439769151095,3,7357,5214
0.1645072664741013,0.2621467961899895,0.9153082686153085,0.613894995603037,-0.030439769151095,4,7357,5214
0.156281650006855,0.2327521269849948,0.886948033646623,0.3346829684362073,-0.031277465204745,5,7357,5214
0.0735181046656214,0.3096753311315354,0.8972664698810128,0.3858489940723694,-0.035110608867762,6,7357,5214
0.0703989260338787,0.0982732147680586,0.9395054998382284,0.4051740184223253,-0.0485704384477223,7,7357,5214
0.0703989260338787,0.0982732147680586,0.9395054998382284,0.4051740184223253,-0.0485704384477223,8,7357,5214
0.1487751271596457,0.0963524873909376,0.909297910024396,0.3932937216232776,-0.0704544233241691,9,7357,5214
0.1614632278080608,0.091662037305395,0.7536985271581863,0.3879472982353135,-0.0723749241855408,10,7357,5214
0.1487751271596457,0.0956885401765291,0.8917233616634805,0.3932937216232776,-0.0749545936435471,11,7357,5214
0.1487751271596457,0.0956885401765291,0.8917233616634805,0.3932937216232776,-0.0749545936435471,12,7357,5214
0.1487751271596457,0.0956885401765291,0.8917233616634805,0.3932937216232776,-0.0749545936435471,13,7357,5214
0.1561645628867549,0.0924927318215056,0.8768776781287799,0.3882234205148812,-0.0795832866197625,14,7357,5214
0.1631395133089141,0.091662037305395,0.877108680942956,0.3879472982353135,-0.0796834476374478,15,7357,5214
0.1643410197829075,0.093314638713914,0.8891895077580396,0.3865997639517081,-0.0833023524120921,16,7357,5214
0.1643410197829075,0.093314638713914,0.8891895077580396,0.3865997639517081,-0.0833023524120921,17,7357,5214
0.1622281697221229,0.083736382139894,0.8895930479316372,0.377649038972894,-0.0851779471641283,18,7357,5214
0.169753720695277,0.081190762106228,0.8984265812862683,0.3830872733502755,-0.0868188278696595,19,7357,5214
0.1675445590727282,0.076848893782085,0.8917233616634805,0.3875606197402986,-0.0888080534706667,20,7357,5214
0.1600768549528517,0.0798829204578089,0.8873887275402503,0.3650707805977305,-0.0888183798568575,21,7357,5214
0.1626925780440338,0.0773136743916587,0.9010247454325204,0.387804494448476,-0.0898691713131252,22,7357,5214
0.1626925780440338,0.0773136743916587,0.9010247454325204,0.387804494448476,-0.0898691713131252,23,7357,5214
0.1626925780440338,0.0773136743916587,0.9010247454325204,0.387804494448476,-0.0898691713131252,24,7357,5214
0.1643410197829075,0.0769239522348457,0.8918078704801791,0.3866241368602321,-0.0900054767792485,25,7357,5214
0.1643410197829075,0.0769239522348457,0.8918078704801791,0.3866241368602321,-0.0900054767792485,26,7357,5214
0.1581016584351838,0.0769239522348457,0.8918078704801791,0.3866241368602321,-0.0900164207066921,27,7357,5214
0.1581016584351838,0.0769239522348457,0.8918078704801791,0.3866241368602321,-0.0900164207066921,28,7357,5214
0.1581016584351838,0.0769239522348457,0.8918078704801791,0.3866241368602321,-0.0900164207066921,29,7357,5214
0.1641774854286812,0.0835758624143164,0.8999230778552412,0.3640685281237221,-0.0902660887538513,30,7357,5214
0.1641892473894839,0.0771424308609454,0.887705640302867,0.3640685281237221,-0.0905758396319869,31,7357,5214
0.1573741414053251,0.076848893782085,0.8965313734245514,0.3649095439901115,-0.0907206707874871,32,7357,5214
0.1624133297800055,0.0771786320113348,0.8920090692549137,0.3648713965972108,-0.09095516961165,33,7357,5214
0.1643098581253833,0.076848893782085,0.8990302868852971,0.36236848899015,-0.0919215749522383,34,7357,5214
0.1640044133805005,0.076848893782085,0.892141689125364,0.3634693419374212,-0.0920318339664106,35,7357,5214
0.1640044133805005,0.076848893782085,0.892141689125364,0.3634693419374212,-0.0920318339664106,36,7357,5214
0.1640044133805005,0.076848893782085,0.892141689125364,0.3634693419374212,-0.0920318339664106,37,7357,5214
0.1643181052960804,0.0773044258892772,0.8964404241862324,0.3634813000127958,-0.0921715010553637,38,7357,5214
0.1643181052960804,0.0773044258892772,0.8964404241862324,0.3634813000127958,-0.0921715010553637,39,7357,5214
0.1643181052960804,0.0773044258892772,0.8964404241862324,0.3634813000127958,-0.0921715010553637,40,7357,5214
0.1643181052960804,0.0773044258892772,0.8964404241862324,0.3634813000127958,-0.0921715010553637,41,7357,5214
0.1643181052960804,0.0773044258892772,0.8964404241862324,0.3634813000127958,-0.0921715010553637,42,7357,5214
0.1643181052960804,0.0773044258892772,0.8964404241862324,0.3634813000127958,-0.0921715010553637,43,7357,5214
0.1643181052960804,0.0773044258892772,0.8964404241862324,0.3634813000127958,-0.0921715010553637,44,7357,5214
0.161534551251235,0.0770531066415071,0.8954560686474813,0.3634793930124445,-0.0922826333810544,45,7357,5214
0.161534551251235,0.0770531066415071,0.8954560686474813,0.3634793930124445,-0.0922826333810544,46,7357,5214
0.161534551251235,0.0770531066415071,0.8954560686474813,0.3634793930124445,-0.0922826333810544,47,7357,5214
0.161534551251235,0.0770531066415071,0.8954560686474813,0.3634793930124445,-0.0922826333810544,48,7357,5214
0.1615643768478821,0.0768735342108883,0.9028818432850676,0.3633543499489539,-0.0927522459846471,49,7357,5214
0.1615643768478821,0.0768735342108883,0.9028818432850676,0.3633543499489539,-0.0927522459846471,50,7357,5214
0.1615643768478821,0.0768735342108883,0.9028818432850676,0.3633543499489539,-0.0927522459846471,51,7357,5214
0.1615643768478821,0.0768735342108883,0.9028818432850676,0.3633543499489539,-0.0927522459846471,52,7357,5214
0.1615643768478821,0.0768735342108883,0.9028818432850676,0.3633543499489539,-0.0927522459846471,53,7357,5214
0.1615643768478821,0.0768735342108883,0.9028818432850676,0.3633543499489539,-0.0927522459846471,54,7357,5214
0.1615643768478821,0.0768735342108883,0.9028818432850676,0.3633543499489539,-0.0927522459846471,55,7357,5214
0.1615220943108667,0.0768752056070284,0.902788907489773,0.3632450462018085,-0.0927790250113487,56,7357,5214
0.1615220943108667,0.0768752056070284,0.902788907489773,0.3632450462018085,-0.0927790250113487,57,7357,5214
0.1615220943108667,0.0768752056070284,0.902788907489773,0.3632450462018085,-0.0927790250113487,58,7357,5214
0.1615220943108667,0.0768752056070284,0.902788907489773,0.3632450462018085,-0.0927790250113487,59,7357,5214
0.1615220943108667,0.0768752056070284,0.902788907489773,0.3632450462018085,-0.0927790250113487,60,7357,5214
0.1615220943108667,0.0768752056070284,0.902788907489773,0.3632450462018085,-0.0927790250113487,61,7357,5214
0.1615220943108667,0.0768752056070284,0.902788907489773,0.3632450462018085,-0.0927790250113487,62,7357,5214
0.1615220943108667,0.0768752056070284,0.902788907489773,0.3632450462018085,-0.0927790250113487,63,7357,5214
0.1615220943108667,0.0768752056070284,0.902788907489773,0.3632450462018085,-0.0927790250113487,64,7357,5214
0.1615220943108667,0.0768752056070284,0.902788907489773,0.3632450462018085,-0.0927790250113487,65,7357,5214
0.1615220943108667,0.0768752056070284,0.902788907489773,0.3632450462018085,-0.0927790250113487,66,7357,5214
0.1615220943108667,0.0768752056070284,0.902788907489773,0.3632450462018085,-0.0927790250113487,67,7357,5214
0.1615220943108667,0.0768752056070284,0.902788907489773,0.3632450462018085,-0.0927790250113487,68,7357,5214
0.1615220943108667,0.0768752056070284,0.902788907489773,0.3632450462018085,-0.0927790250113487,69,7357,5214
0.1615220943108667,0.0768752056070284,0.902788907489773,0.3632450462018085,-0.0927790250113487,70,7357,5214
0.1615220943108667,0.0768752056070284,0.902788907489773,0.3632450462018085,-0.0927790250113487,71,7357,5214
0.1615220943108667,0.0768752056070284,0.902788907489773,0.3632450462018085,-0.0927790250113487,72,7357,5214
0.1615220943108667,0.0768752056070284,0.902788907489773,0.3632450462018085,-0.0927790250113487,73,7357,5214
0.1615220943108667,0.0768752056070284,0.902788907489773,0.3632450462018085,-0.0927790250113487,74,7357,5214
0.1615220943108667,0.0768752056070284,0.902788907489773,0.3632450462018085,-0.0927790250113487,75,7357,5214
0.1615220943108667,0.0768752056070284,0.902788907489773,0.3632450462018085,-0.0927790250113487,76,7357,5214
0.1615220943108667,0.0768752056070284,0.902788907489773,0.3632450462018085,-0.0927790250113487,77,7357,5214
0.1615220943108667,0.0768752056070284,0.902788907489773,0.3632450462018085,-0.0927790250113487,78,7357,5214
0.1615220943108667,0.0768752056070284,0.902788907489773,0.3632450462018085,-0.0927790250113487,79,7357,5214
0.1615220943108667,0.0768752056070284,0.902788907489773,0.3632450462018085,-0.0927790250113487,80,7357,5214
0.1615220943108667,0.0768752056070284,0.902788907489773,0.3632450462018085,-0.0927790250113487,81,7357,5214
0.1645072664741013,0.2621467961899895,0.9153082686153085,0.613894995603037,0.0133049216716557,0,7357,5929
0.1645072664741013,0.2621467961899895,0.9153082686153085,0.613894995603037,0.0133049216716557,1,7357,5929
0.1818472499438155,0.2603719119840361,0.939308970592554,0.3099100102329069,0.0016054807569315,2,7357,5929
0.1818472499438155,0.2603719119840361,0.939308970592554,0.3099100102329069,0.0016054807569315,3,7357,5929
0.1645072664741013,0.2621467961899895,0.9153082686153085,0.3890634052370548,-0.0400415232415621,4,7357,5929
0.1645072664741013,0.2621467961899895,0.9153082686153085,0.3890634052370548,-0.0400415232415621,5,7357,5929
0.1645072664741013,0.2621467961899895,0.9153082686153085,0.3890634052370548,-0.0400415232415621,6,7357,5929
0.1645072664741013,0.2621467961899895,0.9153082686153085,0.3890634052370548,-0.0400415232415621,7,7357,5929
0.1645072664741013,0.2621467961899895,0.9153317931110458,0.359809685962161,-0.0469075896511902,8,7357,5929
0.1645072664741013,0.2621467961899895,0.9153317931110458,0.359809685962161,-0.0469075896511902,9,7357,5929
0.9281213132819044,0.263564449337607,0.8917986846868958,0.3581800237824187,-0.0538434806300694,10,7357,5929
0.9544835942023592,0.2592296540438848,0.8995479143828109,0.3581800237824187,-0.0557514665350735,11,7357,5929
0.9544835942023592,0.2592296540438848,0.8995479143828109,0.3581800237824187,-0.0557514665350735,12,7357,5929
0.9389801372022342,0.3506548008128169,0.8994819248617117,0.3605241502642025,-0.0580537797329578,13,7357,5929
0.9389801372022342,0.3506548008128169,0.8994819248617117,0.3605241502642025,-0.0580537797329578,14,7357,5929
0.1618271661258287,0.0846848495149299,0.9328348070855076,0.435675891511007,-0.0658049357168302,15,7357,5929
0.1618271661258287,0.0846848495149299,0.9328348070855076,0.4163853454329455,-0.0674189536599208,16,7357,5929
0.1618271661258287,0.0846848495149299,0.9328348070855076,0.4163853454329455,-0.0674189536599208,17,7357,5929
0.1618271661258287,0.0846848495149299,0.9328348070855076,0.4163853454329455,-0.0674189536599208,18,7357,5929
0.1618271661258287,0.0846848495149299,0.9328348070855076,0.4163853454329455,-0.0674189536599208,19,7357,5929
0.1620181657021158,0.0853994506298782,0.8999600372522696,0.3705946722176804,-0.0689594284356265,20,7357,5929
0.1599963080048683,0.0854515730446918,0.894686449164494,0.3890285981572434,-0.0693165399658563,21,7357,5929
0.1618271661258287,0.0846748176215269,0.9345873552541002,0.4163853454329455,-0.0707012207327759,22,7357,5929
0.1620179401188292,0.088364046986147,0.9326665400767332,0.3677701702015486,-0.0726069919473652,23,7357,5929
0.1628559482021019,0.0883778471898724,0.9351208070875549,0.369492636258984,-0.0760691366504857,24,7357,5929
0.1628559482021019,0.0883778471898724,0.9351208070875549,0.369492636258984,-0.0760691366504857,25,7357,5929
0.1620181657021158,0.0853361854224174,0.9328430357075768,0.3641518255657969,-0.0764272675509709,26,7357,5929
0.1620181657021158,0.0819818432683124,0.9344257495172577,0.35873399946037,-0.0785247784209575,27,7357,5929
0.1620181657021158,0.0819818432683124,0.9344257495172577,0.35873399946037,-0.0785247784209575,28,7357,5929
0.1623491652291433,0.0880051171260967,0.934103560178882,0.362923373079582,-0.08292874307109,29,7357,5929
0.1623491652291433,0.0880051171260967,0.934103560178882,0.362923373079582,-0.08292874307109,30,7357,5929
0.1623491652291433,0.0880051171260967,0.934103560178882,0.362923373079582,-0.08292874307109,31,7357,5929
0.1623491652291433,0.0880051171260967,0.934103560178882,0.362923373079582,-0.08292874307109,32,7357,5929
0.1623491652291433,0.0880051171260967,0.934103560178882,0.362923373079582,-0.08292874307109,33,7357,5929
0.162017287286858,0.0789355055168526,0.933759832172622,0.3636150859270957,-0.0835096890214146,34,7357,5929
0.1622385961027468,0.0836270777982552,0.9340236904953364,0.3639870807653271,-0.0841301675399962,35,7357,5929
0.1627323752059229,0.0778585667523406,0.935721106013596,0.3629701535105561,-0.0860866220556842,36,7357,5929
0.1627323752059229,0.0778585667523406,0.935721106013596,0.3629701535105561,-0.0860866220556842,37,7357,5929
0.1627323752059229,0.0778585667523406,0.935721106013596,0.3629701535105561,-0.0860866220556842,38,7357,5929
0.1627323752059229,0.0778585667523406,0.935721106013596,0.3629701535105561,-0.0860866220556842,39,7357,5929
0.1627323752059229,0.0778585667523406,0.935721106013596,0.3629701535105561,-0.0860866220556842,40,7357,5929
0.1627323752059229,0.0778585667523406,0.935721106013596,0.3629701535105561,-0.0860866220556842,41,7357,5929
0.1620181657021158,0.0776162912795428,0.933852702709923,0.3632989665576668,-0.0869172039518824,42,7357,5929
0.1620181657021158,0.0776162912795428,0.933852702709923,0.3632989665576668,-0.0869172039518824,43,7357,5929
0.1620181657021158,0.0776162912795428,0.933852702709923,0.3632989665576668,-0.0869172039518824,44,7357,5929
0.1620181657021158,0.0776162912795428,0.933852702709923,0.3632989665576668,-0.0869172039518824,45,7357,5929
0.1623862290368219,0.0774996648000264,0.9341650965527768,0.362938897601246,-0.087084483543131,46,7357,5929
0.1623862290368219,0.0774996648000264,0.9341650965527768,0.362938897601246,-0.087084483543131,47,7357,5929
0.1623862290368219,0.0774996648000264,0.9341650965527768,0.362938897601246,-0.087084483543131,48,7357,5929
0.1623862290368219,0.0774996648000264,0.9341650965527768,0.362938897601246,-0.087084483543131,49,7357,5929
0.1623862290368219,0.0774996648000264,0.9341650965527768,0.362938897601246,-0.087084483543131,50,7357,5929
0.1623862290368219,0.0774996648000264,0.9341650965527768,0.362938897601246,-0.087084483543131,51,7357,5929
0.1623862290368219,0.0774996648000264,0.9341650965527768,0.362938897601246,-0.087084483543131,52,7357,5929
0.1623862290368219,0.0774996648000264,0.9341650965527768,0.362938897601246,-0.087084483543131,53,7357,5929
0.1623862290368219,0.0774996648000264,0.9341650965527768,0.362938897601246,-0.087084483543131,54,7357,5929
0.1623862290368219,0.0774996648000264,0.9341650965527768,0.362938897601246,-0.087084483543131,55,7357,5929
0.1623862290368219,0.0774996648000264,0.9341650965527768,0.362938897601246,-0.087084483543131,56,7357,5929
0.1623862290368219,0.0774996648000264,0.9341650965527768,0.362938897601246,-0.087084483543131,57,7357,5929
0.1623862290368219,0.0774996648000264,0.9341650965527768,0.362938897601246,-0.087084483543131,58,7357,5929
0.1642380964688689,0.077260685876052,0.933829740867608,0.3630711794750121,-0.087110529995082,59,7357,5929
0.1642380964688689,0.077260685876052,0.933829740867608,0.3630711794750121,-0.087110529995082,60,7357,5929
0.1642380964688689,0.077260685876052,0.933829740867608,0.3630711794750121,-0.087110529995082,61,7357,5929
0.1642380964688689,0.077260685876052,0.933829740867608,0.3630711794750121,-0.087110529995082,62,7357,5929
0.1642380964688689,0.077260685876052,0.933829740867608,0.3630711794750121,-0.087110529995082,63,7357,5929
0.1642380964688689,0.077260685876052,0.933829740867608,0.3630711794750121,-0.087110529995082,64,7357,5929
0.1642380964688689,0.077260685876052,0.933829740867608,0.3630711794750121,-0.087110529995082,65,7357,5929
0.1642380964688689,0.077260685876052,0.933829740867608,0.3630711794750121,-0.087110529995082,66,7357,5929
0.1642380964688689,0.077260685876052,0.933829740867608,0.3630711794750121,-0.087110529995082,67,7357,5929
0.1642380964688689,0.077260685876052,0.933829740867608,0.3630711794750121,-0.087110529995082,68,7357,5929
0.1642380964688689,0.077260685876052,0.933829740867608,0.3630711794750121,-0.087110529995082,69,7357,5929
0.1642380964688689,0.077260685876052,0.933829740867608,0.3630711794750121,-0.087110529995082,70,7357,5929
0.1642380964688689,0.077260685876052,0.933829740867608,0.3630711794750121,-0.087110529995082,71,7357,5929
0.1642380964688689,0.077260685876052,0.933829740867608,0.3630711794750121,-0.087110529995082,72,7357,5929
0.1642380964688689,0.077260685876052,0.933829740867608,0.3630711794750121,-0.087110529995082,73,7357,5929
0.1642380964688689,0.077260685876052,0.933829740867608,0.3630711794750121,-0.087110529995082,74,7357,5929
0.1642380964688689,0.077260685876052,0.933829740867608,0.3630711794750121,-0.087110529995082,75,7357,5929
0.1642380964688689,0.077260685876052,0.933829740867608,0.3630711794750121,-0.087110529995082,76,7357,5929
0.1642380964688689,0.077260685876052,0.933829740867608,0.3630711794750121,-0.087110529995082,77,7357,5929
0.1642380964688689,0.077260685876052,0.933829740867608,0.3630711794750121,-0.087110529995082,78,7357,5929
0.1642380964688689,0.077260685876052,0.933829740867608,0.3630711794750121,-0.087110529995082,79,7357,5929
0.1642380964688689,0.077260685876052,0.933829740867608,0.3630711794750121,-0.087110529995082,80,7357,5929
0.1642380964688689,0.077260685876052,0.933829740867608,0.3630711794750121,-0.087110529995082,81,7357,5929
0.1642380964688689,0.077260685876052,0.933829740867608,0.3630711794750121,-0.087110529995082,82,7357,5929
0.1642380964688689,0.077260685876052,0.933829740867608,0.3630711794750121,-0.087110529995082,83,7357,5929
0.1642380964688689,0.077260685876052,0.933829740867608,0.3630711794750121,-0.087110529995082,84,7357,5929
0.1645072664741013,0.2621467961899895,0.9153082686153085,0.613894995603037,0.0762549143380241,0,7357,6643
0.1645072664741013,0.2621467961899895,0.9153082686153085,0.613894995603037,0.0762549143380241,1,7357,6643
0.1254616094801419,0.2605013776624885,0.9305692120618908,0.3855872572300576,0.0093777571026617,2,7357,6643
0.1254616094801419,0.2605013776624885,0.9305692120618908,0.3855872572300576,0.0093777571026617,3,7357,6643
0.1254616094801419,0.2605013776624885,0.9305692120618908,0.3855872572300576,0.0093777571026617,4,7357,6643
0.1629716943473351,0.2634894784232273,0.9429178589316264,0.3673488241505678,-0.0034059733778816,5,7357,6643
0.1632245781984699,0.2621467961899895,0.9173888864243658,0.3753400053959519,-0.0070240137039058,6,7357,6643
0.1632245781984699,0.2621467961899895,0.9173888864243658,0.3753400053959519,-0.0070240137039058,7,7357,6643
0.1686692909006775,0.2605771779836498,0.9426990639348732,0.3648771582486053,-0.0082356067668883,8,7357,6643
0.1624129397389477,0.2746395828161543,0.9058294014491256,0.3673488241505678,-0.0102286672170077,9,7357,6643
0.1632245781984699,0.0876072844113892,0.9371932289664544,0.3753400053959519,-0.0356577543237137,10,7357,6643
0.1632245781984699,0.0876072844113892,0.9371932289664544,0.3753400053959519,-0.0356577543237137,11,7357,6643
0.1624372629797351,0.0819504626422775,0.9370631198054732,0.3670466741177826,-0.0376256817538122,12,7357,6643
0.1583208463580234,0.07792312006058,0.936504256449482,0.3783127802937812,-0.0377034341509945,13,7357,6643
0.1583208463580234,0.07792312006058,0.936504256449482,0.3783127802937812,-0.0377034341509945,14,7357,6643
0.1624372629797351,0.0819504626422775,0.9341633146537174,0.375046843408565,-0.0394758919651464,15,7357,6643
0.1624372629797351,0.0819504626422775,0.9341633146537174,0.375046843408565,-0.0394758919651464,16,7357,6643
0.1624360264355822,0.0784316264445392,0.9338221482428548,0.3869450858108756,-0.0408212521730012,17,7357,6643
0.1624360264355822,0.0784316264445392,0.9338221482428548,0.3869450858108756,-0.0408212521730012,18,7357,6643
0.1621052617496022,0.0822090880310082,0.9371932289664544,0.3641162250855477,-0.0413634936283981,19,7357,6643
0.1632265811158596,0.0835284914747219,0.935914681234018,0.3647622340314563,-0.0415136922636448,20,7357,6643
0.1621052617496022,0.0822791519878265,0.937192427331739,0.3637920914162868,-0.0417641711836725,21,7357,6643
0.1630545307627448,0.0822791519878265,0.937192427331739,0.3637920914162868,-0.0419314507749212,22,7357,6643
0.1626838722202568,0.0786468615666658,0.9339625307766268,0.3629747622654147,-0.0450390820564605,23,7357,6643
0.1626838722202568,0.0786468615666658,0.9339625307766268,0.3629747622654147,-0.0450390820564605,24,7357,6643
0.1626838722202568,0.0786468615666658,0.9339625307766268,0.3629747622654147,-0.0450390820564605,25,7357,6643
0.1626838722202568,0.0786468615666658,0.9339625307766268,0.3629747622654147,-0.0450390820564605,26,7357,6643
0.1626838722202568,0.0786468615666658,0.9339625307766268,0.3629747622654147,-0.0450390820564605,27,7357,6643
0.1626838722202568,0.0786468615666658,0.9339625307766268,0.3629747622654147,-0.0450390820564605,28,7357,6643
0.1626838722202568,0.0786468615666658,0.9339625307766268,0.3629747622654147,-0.0450390820564605,29,7357,6643
0.1626838722202568,0.0786468615666658,0.9339625307766268,0.3629747622654147,-0.0450390820564605,30,7357,6643
0.1626838722202568,0.0786468615666658,0.9339625307766268,0.3629747622654147,-0.0450390820564605,31,7357,6643
0.1626838722202568,0.0786468615666658,0.9339625307766268,0.3629747622654147,-0.0450390820564605,32,7357,6643
0.1626838722202568,0.0786468615666658,0.9339625307766268,0.3629747622654147,-0.0450390820564605,33,7357,6643
0.1626838722202568,0.0786468615666658,0.9339625307766268,0.3629747622654147,-0.0450390820564605,34,7357,6643
0.1626838722202568,0.0786468615666658,0.9339625307766268,0.3629747622654147,-0.0450390820564605,35,7357,6643
0.1626838722202568,0.0786468615666658,0.9339625307766268,0.3629747622654147,-0.0450390820564605,36,7357,6643
0.1626838722202568,0.0786468615666658,0.9339625307766268,0.3629747622654147,-0.0450390820564605,37,7357,6643
0.1626838722202568,0.0786468615666658,0.9339625307766268,0.3629747622654147,-0.0450390820564605,38,7357,6643
0.1626838722202568,0.0786468615666658,0.9339625307766268,0.3629747622654147,-0.0450390820564605,39,7357,6643
0.1626838722202568,0.0786468615666658,0.9339625307766268,0.3629747622654147,-0.0450390820564605,40,7357,6643
0.1626838722202568,0.0786468615666658,0.9339625307766268,0.3629747622654147,-0.0450390820564605,41,7357,6643
0.1626838722202568,0.0786468615666658,0.9339625307766268,0.3629747622654147,-0.0450390820564605,42,7357,6643
0.1626838722202568,0.0786468615666658,0.9339625307766268,0.3629747622654147,-0.0450390820564605,43,7357,6643
0.1626838722202568,0.0786468615666658,0.9339625307766268,0.3629747622654147,-0.0450390820564605,44,7357,6643
0.4211888142289552,0.4468129517344519,0.9469066664934074,0.299815542437813,0.1804206822788577,0,7357,7357
0.01197250887973,0.4446583551774633,0.9492729925432772,0.2959826983582798,0.1333910268499558,1,7357,7357
0.1680543243357429,0.3758631778991219,0.9476529562064594,0.299815542437813,0.1096281897551975,2,7357,7357
0.1680543243357429,0.3758631778991219,0.9476529562064594,0.299815542437813,0.1096281897551975,3,7357,7357
0.1680543243357429,0.3758631778991219,0.9476529562064594,0.299815542437813,0.1096281897551975,4,7357,7357
0.1669685925607609,0.1531568532002237,0.9855155578071372,0.2433106904480057,0.1083810041901923,5,7357,7357
0.0998676531609357,0.3816162185378232,0.898838840252751,0.3684869084387034,0.0931038137132865,6,7357,7357
0.0998676531609357,0.3816162185378232,0.898838840252751,0.3684869084387034,0.0931038137132865,7,7357,7357
0.1404591682981921,0.1202130726514973,0.9469123383324924,0.3868319790960611,0.0826986528863484,8,7357,7357
0.1404591682981921,0.1202130726514973,0.9469123383324924,0.3868319790960611,0.0826986528863484,9,7357,7357
0.167942822720206,0.3577208816836905,0.9025619245776444,0.365043365048691,0.0623422457753239,10,7357,7357
0.167942822720206,0.3577208816836905,0.9025619245776444,0.365043365048691,0.0623422457753239,11,7357,7357
0.1687225180234809,0.2710779716413925,0.8961847551735739,0.3655251867179663,0.0580177834304643,12,7357,7357
0.1619602542865086,0.3000551127023464,0.8975919643117208,0.3879435923846156,0.0576465080833847,13,7357,7357
0.1619602542865086,0.3000551127023464,0.8975919643117208,0.3879435923846156,0.0576465080833847,14,7357,7357
0.1505804906433886,0.2487711585126785,0.8984479490911841,0.3181965319141947,0.0510957953332642,15,7357,7357
0.1505804906433886,0.2487711585126785,0.8984479490911841,0.3181965319141947,0.0510957953332642,16,7357,7357
0.1505804906433886,0.2612795925384638,0.8965264830441674,0.318035847827449,0.0462788095205348,17,7357,7357
0.1505804906433886,0.2612795925384638,0.8965264830441674,0.318035847827449,0.0462788095205348,18,7357,7357
0.1505804906433886,0.2612795925384638,0.8965264830441674,0.318035847827449,0.0462788095205348,19,7357,7357
0.1548664440536207,0.0945292868488473,0.9343806806989284,0.3172786364084085,0.0439745230240447,20,7357,7357
0.1550779713773275,0.0945292868488473,0.9342177173706546,0.3172786364084085,0.0429766615365979,21,7357,7357
0.1591462904789251,0.0828512441979945,0.898355335238459,0.3183481540441025,0.0347038104941711,22,7357,7357
0.1591462904789251,0.0828512441979945,0.898355335238459,0.3183481540441025,0.0347038104941711,23,7357,7357
0.1591462904789251,0.0828512441979945,0.898355335238459,0.3183481540441025,0.0347038104941711,24,7357,7357
0.1591462904789251,0.0828512441979945,0.898355335238459,0.3183481540441025,0.0347038104941711,25,7357,7357
0.1591462904789251,0.0828512441979945,0.898355335238459,0.3183481540441025,0.0347038104941711,26,7357,7357
0.1591462904789251,0.0828512441979945,0.898355335238459,0.3183481540441025,0.0347038104941711,27,7357,7357
0.1591462904789251,0.0828512441979945,0.898355335238459,0.3183481540441025,0.0347038104941711,28,7357,7357
0.1591462904789251,0.0828512441979945,0.898355335238459,0.3183481540441025,0.0347038104941711,29,7357,7357
0.1612117446251626,0.083381431127567,0.8976471560421888,0.3181965319141947,0.0343609667591412,30,7357,7357
0.1619432047542279,0.083119172939983,0.902515659754031,0.3186358264662939,0.0341525141835963,31,7357,7357
0.1575313767340392,0.0791536194518626,0.9034607167280596,0.3190033663266716,0.0335383424070437,32,7357,7357
0.1575313767340392,0.0835820879420167,0.9034607167280596,0.3181654044770845,0.0317807340790516,33,7357,7357
0.1575313767340392,0.0835820879420167,0.9034607167280596,0.3181654044770845,0.0317807340790516,34,7357,7357
0.1575313767340392,0.0835820879420167,0.9034607167280596,0.3181654044770845,0.0317807340790516,35,7357,7357
0.1618934317104834,0.0787047276214294,0.903490981502225,0.3181698950599718,0.0315176365619529,36,7357,7357
0.1618934317104834,0.0787047276214294,0.903490981502225,0.3181698950599718,0.0315176365619529,37,7357,7357
0.1574912049030454,0.0778374379775077,0.9025080217761916,0.3181651976867471,0.0309981308813507,38,7357,7357
0.1628049550195154,0.0772877703516738,0.9036238005605822,0.3182045200123593,0.0303993349557298,39,7357,7357
0.1564763208351284,0.078809671079437,0.9034607167280596,0.3183343142802671,0.0301798132365128,40,7357,7357
0.1638010451769357,0.0786643118785202,0.9024129128680908,0.3181966260162864,0.0300832532414472,41,7357,7357
0.1638010451769357,0.0786643118785202,0.9024129128680908,0.3181966260162864,0.0300832532414472,42,7357,7357
0.1638010451769357,0.0786643118785202,0.9024129128680908,0.3181966260162864,0.0300832532414472,43,7357,7357
0.1622826792037197,0.0799918791544668,0.902788339668529,0.3181963170290109,0.0297911026869786,44,7357,7357
0.1564763208351284,0.0786027485221878,0.9028623253247716,0.318329445753177,0.029567203286518,45,7357,7357
0.1622486867322037,0.0779625512551886,0.9029136514831092,0.317871824536195,0.0294761832931961,46,7357,7357
0.1622486867322037,0.0779625512551886,0.9029136514831092,0.317871824536195,0.0294761832931961,47,7357,7357
0.1625925324737321,0.0779420466814848,0.9027886140877786,0.3181961621411148,0.0293529385191525,48,7357,7357
0.1625925324737321,0.0779420466814848,0.9027886140877786,0.3181961621411148,0.0293529385191525,49,7357,7357
0.1625925324737321,0.0779420466814848,0.9027886140877786,0.3181961621411148,0.0293529385191525,50,7357,7357
0.1625925324737321,0.0779420466814848,0.9027886140877786,0.3181961621411148,0.0293529385191525,51,7357,7357
0.1625925324737321,0.0779420466814848,0.9027886140877786,0.3181961621411148,0.0293529385191525,52,7357,7357
0.1625925324737321,0.0779420466814848,0.9027886140877786,0.3181961621411148,0.0293529385191525,53,7357,7357
0.1625925324737321,0.0779420466814848,0.9027886140877786,0.3181961621411148,0.0293529385191525,54,7357,7357
0.1625925324737321,0.0779420466814848,0.9027886140877786,0.3181961621411148,0.0293529385191525,55,7357,7357
0.1625925324737321,0.0779420466814848,0.9027886140877786,0.3181961621411148,0.0293529385191525,56,7357,7357
0.1625925324737321,0.0779420466814848,0.9027886140877786,0.3181961621411148,0.0293529385191525,57,7357,7357
0.1625925324737321,0.0779420466814848,0.9027886140877786,0.3181961621411148,0.0293529385191525,58,7357,7357
0.1625925324737321,0.0779420466814848,0.9027886140877786,0.3181961621411148,0.0293529385191525,59,7357,7357
0.1625925324737321,0.0779420466814848,0.9027886140877786,0.3181961621411148,0.0293529385191525,60,7357,7357
0.1625925324737321,0.0779420466814848,0.9027886140877786,0.3181961621411148,0.0293529385191525,61,7357,7357
0.1625925324737321,0.0779420466814848,0.9027886140877786,0.3181961621411148,0.0293529385191525,62,7357,7357
0.1625925324737321,0.0779420466814848,0.9027886140877786,0.3181961621411148,0.0293529385191525,63,7357,7357
0.1625925324737321,0.0779420466814848,0.9027886140877786,0.3181961621411148,0.0293529385191525,64,7357,7357
0.1625925324737321,0.0779420466814848,0.9027886140877786,0.3181961621411148,0.0293529385191525,65,7357,7357
0.1625925324737321,0.0779420466814848,0.9027886140877786,0.3181961621411148,0.0293529385191525,66,7357,7357
0.1625925324737321,0.0779420466814848,0.9027886140877786,0.3181961621411148,0.0293529385191525,67,7357,7357
0.1625925324737321,0.0779420466814848,0.9027886140877786,0.3181961621411148,0.0293529385191525,68,7357,7357
0.1625925324737321,0.0779420466814848,0.9027886140877786,0.3181961621411148,0.0293529385191525,69,7357,7357
0.4211888142289552,0.4468129517344519,0.9469066664934074,0.299815542437813,0.2103740667832801,0,7357,8072
0.01197250887973,0.4446583551774633,0.9492729925432772,0.2959826983582798,0.162234934458967,1,7357,8072
0.0057817447608699,0.7583058620038184,0.972320422627156,0.3811375324040436,0.1614387640118507,2,7357,8072
0.0057817447608699,0.7583058620038184,0.972320422627156,0.3811375324040436,0.1614387640118507,3,7357,8072
0.1454246920380318,0.322562537756731,0.8948933377767091,0.4032094002418244,0.107551223116781,4,7357,8072
0.1454246920380318,0.322562537756731,0.8948933377767091,0.4032094002418244,0.107551223116781,5,7357,8072
0.1454246920380318,0.322562537756731,0.8948933377767091,0.4032094002418244,0.107551223116781,6,7357,8072
0.1454246920380318,0.322562537756731,0.8948933377767091,0.4032094002418244,0.107551223116781,7,7357,8072
0.1454246920380318,0.322562537756731,0.8948933377767091,0.4032094002418244,0.107551223116781,8,7357,8072
0.1454246920380318,0.322562537756731,0.8948933377767091,0.4032094002418244,0.107551223116781,9,7357,8072
0.1454246920380318,0.322562537756731,0.8948933377767091,0.4032094002418244,0.107551223116781,10,7357,8072
0.1351307997144371,0.2648114230403635,0.9005669180145545,0.3575093248708654,0.0991914831049486,11,7357,8072
0.1647638665251688,0.3435900141379363,0.8989889768932824,0.3195499735956693,0.0903945623267535,12,7357,8072
0.1612009146879802,0.264620989988128,0.9005669180145545,0.3652486305995265,0.0890573129176461,13,7357,8072
0.1634837954024215,0.3203531211318016,0.8994033821784059,0.3190367016007318,0.0862063388973013,14,7357,8072
0.163161749964579,0.2723544610476899,0.8997656640610435,0.3180441082855302,0.0828836687896549,15,7357,8072
0.163161749964579,0.2723544610476899,0.8997656640610435,0.3180441082855302,0.0828836687896549,16,7357,8072
0.163161749964579,0.2723544610476899,0.8997656640610435,0.3180441082855302,0.0828836687896549,17,7357,8072
0.163161749964579,0.2723544610476899,0.8997656640610435,0.3180441082855302,0.0828836687896549,18,7357,8072
0.163161749964579,0.2723544610476899,0.8997656640610435,0.3180441082855302,0.0828836687896549,19,7357,8072
0.163161749964579,0.2723544610476899,0.8997656640610435,0.3180441082855302,0.0828836687896549,20,7357,8072
0.163161749964579,0.2723544610476899,0.8997656640610435,0.3180441082855302,0.0828836687896549,21,7357,8072
0.1616088815546715,0.076691067625855,0.897115287969583,0.3181814690292855,0.080246844319475,22,7357,8072
0.1615372628851985,0.2723544610476899,0.8997656640610435,0.3180441082855302,0.0797212542609085,23,7357,8072
0.1615372628851985,0.2723544610476899,0.8997656640610435,0.3180441082855302,0.0797212542609085,24,7357,8072
0.1615372628851985,0.2723544610476899,0.8997656640610435,0.3180441082855302,0.0797212542609085,25,7357,8072
0.1563469871201272,0.2723261750818179,0.899840654961187,0.3180441082855302,0.0779912447175449,26,7357,8072
0.1563469871201272,0.2723261750818179,0.899840654961187,0.3180441082855302,0.0779912447175449,27,7357,8072
0.1563469871201272,0.2723261750818179,0.899840654961187,0.3180441082855302,0.0779912447175449,28,7357,8072
0.1563469871201272,0.2723261750818179,0.899840654961187,0.3180441082855302,0.0779912447175449,29,7357,8072
0.1563469871201272,0.2723261750818179,0.899840654961187,0.3180441082855302,0.0779912447175449,30,7357,8072
0.1563469871201272,0.2723261750818179,0.899840654961187,0.3180441082855302,0.0779912447175449,31,7357,8072
0.1563469871201272,0.2723261750818179,0.899840654961187,0.3180441082855302,0.0779912447175449,32,7357,8072
0.1563469871201272,0.2723261750818179,0.899840654961187,0.3180441082855302,0.0779912447175449,33,7357,8072
0.1563469871201272,0.2723261750818179,0.899840654961187,0.3180441082855302,0.0779912447175449,34,7357,8072
0.1563469871201272,0.2723261750818179,0.899840654961187,0.3180441082855302,0.0779912447175449,35,7357,8072
0.1563469871201272,0.2723261750818179,0.899840654961187,0.3180441082855302,0.0779912447175449,36,7357,8072
0.1566668893566296,0.2725998422463944,0.9002029344200763,0.3179630039767024,0.0775458119115287,37,7357,8072
0.1566668893566296,0.2725998422463944,0.9002029344200763,0.3179630039767024,0.0775458119115287,38,7357,8072
0.1566668893566296,0.2725998422463944,0.9002029344200763,0.3179630039767024,0.0775458119115287,39,7357,8072
0.1566668893566296,0.2725998422463944,0.9002029344200763,0.3179630039767024,0.0775458119115287,40,7357,8072
0.1566668893566296,0.2725998422463944,0.9002029344200763,0.3179630039767024,0.0775458119115287,41,7357,8072
0.1566668893566296,0.2725998422463944,0.9002029344200763,0.3179630039767024,0.0775458119115287,42,7357,8072
0.1566668893566296,0.2725998422463944,0.9002029344200763,0.3179630039767024,0.0775458119115287,43,7357,8072
0.1566668893566296,0.2725998422463944,0.9002029344200763,0.3179630039767024,0.0775458119115287,44,7357,8072
0.1566668893566296,0.2725998422463944,0.9002029344200763,0.3179630039767024,0.0775458119115287,45,7357,8072
0.1566668893566296,0.2725998422463944,0.9002029344200763,0.3179630039767024,0.0775458119115287,46,7357,8072
0.1562567904604754,0.2726114538941592,0.9028988595906569,0.3179474479638102,0.0773510886490349,47,7357,8072
0.1562567904604754,0.2726114538941592,0.9028988595906569,0.3179474479638102,0.0773510886490349,48,7357,8072
0.1562567904604754,0.2726114538941592,0.9028988595906569,0.3179474479638102,0.0773510886490349,49,7357,8072
0.1562567904604754,0.2726114538941592,0.9028988595906569,0.3179474479638102,0.0773510886490349,50,7357,8072
0.1562567904604754,0.2726114538941592,0.9028988595906569,0.3179474479638102,0.0773510886490349,51,7357,8072
0.1562567904604754,0.2726114538941592,0.9028988595906569,0.3179474479638102,0.0773510886490349,52,7357,8072
0.1562567904604754,0.2726114538941592,0.9028988595906569,0.3179474479638102,0.0773510886490349,53,7357,8072
0.1563269474847525,0.2737200621430301,0.9028324535277592,0.3180156131481706,0.0773243096223333,54,7357,8072
0.1563269474847525,0.2737200621430301,0.9028324535277592,0.3180156131481706,0.0773243096223333,55,7357,8072
0.1569858414278288,0.2737200621430301,0.9028988595906569,0.318050967537458,0.0769056558430188,56,7357,8072
0.1569858414278288,0.2737200621430301,0.9028988595906569,0.318050967537458,0.0769056558430188,57,7357,8072
0.1569882663213443,0.2726697289739679,0.9028545131406944,0.318036361856672,0.0768788768163172,58,7357,8072
0.1569882663213443,0.2726697289739679,0.9028545131406944,0.318036361856672,0.0768788768163172,59,7357,8072
0.1569882663213443,0.2726697289739679,0.9028545131406944,0.318036361856672,0.0768788768163172,60,7357,8072
0.1569882663213443,0.2726697289739679,0.9028545131406944,0.318036361856672,0.0768788768163172,61,7357,8072
0.1569882663213443,0.2726697289739679,0.9028545131406944,0.318036361856672,0.0768788768163172,62,7357,8072
0.1569882663213443,0.2726697289739679,0.9028545131406944,0.318036361856672,0.0768788768163172,63,7357,8072
0.156979330197322,0.093503096477281,0.9029170347927528,0.3180497782180345,0.0761382371041192,64,7357,8072
0.156979330197322,0.093503096477281,0.9029170347927528,0.3180497782180345,0.0761382371041192,65,7357,8072
0.156979330197322,0.093503096477281,0.9029170347927528,0.3180497782180345,0.0761382371041192,66,7357,8072
0.156979330197322,0.093503096477281,0.9029170347927528,0.3180497782180345,0.0761382371041192,67,7357,8072
0.156979330197322,0.093503096477281,0.9029170347927528,0.3180497782180345,0.0761382371041192,68,7357,8072
0.156979330197322,0.093503096477281,0.9029170347927528,0.3180497782180345,0.0761382371041192,69,7357,8072
0.156979330197322,0.093503096477281,0.9029170347927528,0.3180497782180345,0.0761382371041192,70,7357,8072
0.1569541727922692,0.0866721462358672,0.9028985873028178,0.3179473444759949,0.0757931825911809,71,7357,8072
0.1569541727922692,0.0866721462358672,0.9028985873028178,0.3179473444759949,0.0757931825911809,72,7357,8072
0.1569538912071763,0.0831917242583858,0.9028985873028178,0.3179473444759949,0.0749288797241325,73,7357,8072
0.1569538912071763,0.0831917242583858,0.9028985873028178,0.3179473444759949,0.0749288797241325,74,7357,8072
0.1569787077811014,0.0836315229326956,0.902831856590218,0.3180559813504381,0.074902100697431,75,7357,8072
0.1569787077811014,0.0836315229326956,0.902831856590218,0.3180559813504381,0.074902100697431,76,7357,8072
0.1569800663731751,0.0796799596183379,0.9029170347927528,0.3180497782180345,0.0746671255109377,77,7357,8072
0.1569800535297939,0.0808463533641492,0.9028547491967388,0.3180075762788026,0.0746403464842362,78,7357,8072
0.1569800535297939,0.0808463533641492,0.9028547491967388,0.3180075762788026,0.0746403464842362,79,7357,8072
0.1569800535297939,0.0808463533641492,0.9028547491967388,0.3180075762788026,0.0746403464842362,80,7357,8072
0.1569893585815044,0.0786274025724296,0.9029170290105798,0.3180529853411248,0.0742309697827302,81,7357,8072
0.1569544642296728,0.0772820408968889,0.90283267005861,0.3180484887612304,0.0742041907560286,82,7357,8072
0.1569544642296728,0.0772820408968889,0.90283267005861,0.3180484887612304,0.0742041907560286,83,7357,8072
0.1569544642296728,0.0772820408968889,0.90283267005861,0.3180484887612304,0.0742041907560286,84,7357,8072
0.1569544642296728,0.0772820408968889,0.90283267005861,0.3180484887612304,0.0742041907560286,85,7357,8072
0.1569544642296728,0.0772820408968889,0.90283267005861,0.3180484887612304,0.0742041907560286,86,7357,8072
0.1569544642296728,0.0772820408968889,0.90283267005861,0.3180484887612304,0.0742041907560286,87,7357,8072
0.1569544642296728,0.0772820408968889,0.90283267005861,0.3180484887612304,0.0742041907560286,88,7357,8072
0.1569544642296728,0.0772820408968889,0.90283267005861,0.3180484887612304,0.0742041907560286,89,7357,8072
0.1569544642296728,0.0772820408968889,0.90283267005861,0.3180484887612304,0.0742041907560286,90,7357,8072
0.1569544642296728,0.0772820408968889,0.90283267005861,0.3180484887612304,0.0742041907560286,91,7357,8072
0.1569544642296728,0.0772820408968889,0.90283267005861,0.3180484887612304,0.0742041907560286,92,7357,8072
0.1569544642296728,0.0772820408968889,0.90283267005861,0.3180484887612304,0.0742041907560286,93,7357,8072
0.1569544642296728,0.0772820408968889,0.90283267005861,0.3180484887612304,0.0742041907560286,94,7357,8072
0.1569544642296728,0.0772820408968889,0.90283267005861,0.3180484887612304,0.0742041907560286,95,7357,8072
0.1569544642296728,0.0772820408968889,0.90283267005861,0.3180484887612304,0.0742041907560286,96,7357,8072
0.1569544642296728,0.0772820408968889,0.90283267005861,0.3180484887612304,0.0742041907560286,97,7357,8072
0.1569544642296728,0.0772820408968889,0.90283267005861,0.3180484887612304,0.0742041907560286,98,7357,8072
0.1569544642296728,0.0772820408968889,0.90283267005861,0.3180484887612304,0.0742041907560286,99,7357,8072
0.1569544642296728,0.0772820408968889,0.90283267005861,0.3180484887612304,0.0742041907560286,100,7357,8072
0.1569544642296728,0.0772820408968889,0.90283267005861,0.3180484887612304,0.0742041907560286,101,7357,8072
0.1569544642296728,0.0772820408968889,0.90283267005861,0.3180484887612304,0.0742041907560286,102,7357,8072
0.1645072664741013,0.2621467961899895,0.9153082686153085,0.613894995603037,-0.0918190053264557,0,8072,3072
0.1645072664741013,0.2621467961899895,0.9153082686153085,0.613894995603037,-0.0918190053264557,1,8072,3072
0.1645072664741013,0.2621467961899895,0.9153082686153085,0.613894995603037,-0.0918190053264557,2,8072,3072
0.1666760048069857,0.2621467961899895,0.9123022829105956,0.6239588328482452,-0.0958003607760805,3,8072,3072
0.1666760048069857,0.2621467961899895,0.9123022829105956,0.6239588328482452,-0.0958003607760805,4,8072,3072
0.1666760048069857,0.2621467961899895,0.9123022829105956,0.6239588328482452,-0.0958003607760805,5,8072,3072
0.1666760048069857,0.2621467961899895,0.9123022829105956,0.6239588328482452,-0.0958003607760805,6,8072,3072
0.1666576188381154,0.2727702040388003,0.9152037225759774,0.623920766474267,-0.0976153935731039,7,8072,3072
0.9319638555820486,0.2645824863144861,0.6623175376402888,0.6273931828775379,-0.1027842665492088,8,8072,3072
0.9319638555820486,0.2645824863144861,0.6623175376402888,0.6273931828775379,-0.1027842665492088,9,8072,3072
0.9365718666767564,0.3034833207043557,0.6535820535727204,0.6309102543658164,-0.1089370531398979,10,8072,3072
0.9850077120822784,0.2789702323723146,0.6599705802993722,0.6328427407218945,-0.1096575327659149,11,8072,3072
0.9850077120822784,0.2789702323723146,0.6599705802993722,0.6328427407218945,-0.1096575327659149,12,8072,3072
0.9850077120822784,0.2789702323723146,0.6599705802993722,0.6328427407218945,-0.1096575327659149,13,8072,3072
0.9640535533626954,0.2868067638267799,0.6522832752528865,0.5931830112758202,-0.111101272724691,14,8072,3072
0.9640535533626954,0.2868067638267799,0.6522832752528865,0.5931830112758202,-0.111101272724691,15,8072,3072
0.9567381100685586,0.2803376378375866,0.6575655833519823,0.595932915719932,-0.1117733686268872,16,8072,3072
0.9352513648507316,0.2862234596543113,0.6522243752173446,0.6247113819707554,-0.1125966019785499,17,8072,3072
0.9352513648507316,0.2862234596543113,0.6522243752173446,0.6247113819707554,-0.1125966019785499,18,8072,3072
0.9352513648507316,0.2862234596543113,0.6522243752173446,0.6247113819707554,-0.1125966019785499,19,8072,3072
0.9271739630818906,0.2731760731703007,0.6520442763027776,0.6201102799914424,-0.1142416530706392,20,8072,3072
0.9271739630818906,0.2731760731703007,0.6520442763027776,0.6201102799914424,-0.1142416530706392,21,8072,3072
0.9258688535962856,0.2731760731703007,0.6518742183831163,0.6201102799914424,-0.1148404035058956,22,8072,3072
0.927331076172605,0.2810852009823695,0.6525079195430534,0.5956918825801342,-0.1151871465399795,23,8072,3072
0.927331076172605,0.2810852009823695,0.6525079195430534,0.5956918825801342,-0.1151871465399795,24,8072,3072
0.9373208081053408,0.279641305556576,0.6520663749462572,0.595445746421659,-0.1153735243519391,25,8072,3072
0.9373208081053408,0.279641305556576,0.6520663749462572,0.595445746421659,-0.1153735243519391,26,8072,3072
0.9320541180003687,0.2732373249699475,0.6518576322577941,0.5942551377072697,-0.1154379728196348,27,8072,3072
0.9320541180003687,0.2732373249699475,0.6518576322577941,0.5942551377072697,-0.1154379728196348,28,8072,3072
0.9320541180003687,0.2732373249699475,0.6518576322577941,0.5942551377072697,-0.1154379728196348,29,8072,3072
0.9320541180003687,0.2732373249699475,0.6518576322577941,0.5942551377072697,-0.1154379728196348,30,8072,3072
0.9260233852505166,0.2738285247988171,0.651920387188482,0.5963382654390824,-0.1160943308965328,31,8072,3072
0.9260233852505166,0.2738285247988171,0.651920387188482,0.5963382654390824,-0.1160943308965328,32,8072,3072
0.9260233852505166,0.2738285247988171,0.651920387188482,0.5963382654390824,-0.1160943308965328,33,8072,3072
0.9260233852505166,0.2738285247988171,0.651920387188482,0.5963382654390824,-0.1160943308965328,34,8072,3072
0.9260233852505166,0.2738285247988171,0.651920387188482,0.5963382654390824,-0.1160943308965328,35,8072,3072
0.9260233852505166,0.2738285247988171,0.651920387188482,0.5963382654390824,-0.1160943308965328,36,8072,3072
0.9260233852505166,0.2738285247988171,0.651920387188482,0.5963382654390824,-0.1160943308965328,37,8072,3072
0.9260233852505166,0.2738285247988171,0.651920387188482,0.5963382654390824,-0.1160943308965328,38,8072,3072
0.9260233852505166,0.2738285247988171,0.651920387188482,0.5963382654390824,-0.1160943308965328,39,8072,3072
0.9260233852505166,0.2738285247988171,0.651920387188482,0.5963382654390824,-0.1160943308965328,40,8072,3072
0.9260233852505166,0.2738285247988171,0.651920387188482,0.5963382654390824,-0.1160943308965328,41,8072,3072
0.9260233852505166,0.2738285247988171,0.651920387188482,0.5963382654390824,-0.1160943308965328,42,8072,3072
0.9260233852505166,0.2738285247988171,0.651920387188482,0.5963382654390824,-0.1160943308965328,43,8072,3072
0.9260233852505166,0.2738285247988171,0.651920387188482,0.5963382654390824,-0.1160943308965328,44,8072,3072
0.9260233852505166,0.2738285247988171,0.651920387188482,0.5963382654390824,-0.1160943308965328,45,8072,3072
0.9260233852505166,0.2738285247988171,0.651920387188482,0.5963382654390824,-0.1160943308965328,46,8072,3072
0.9260233852505166,0.2738285247988171,0.651920387188482,0.5963382654390824,-0.1160943308965328,47,8072,3072
0.9260233852505166,0.2738285247988171,0.651920387188482,0.5963382654390824,-0.1160943308965328,48,8072,3072
0.9260233852505166,0.2738285247988171,0.651920387188482,0.5963382654390824,-0.1160943308965328,49,8072,3072
0.9260233852505166,0.2738285247988171,0.651920387188482,0.5963382654390824,-0.1160943308965328,50,8072,3072
0.9260233852505166,0.2738285247988171,0.651920387188482,0.5963382654390824,-0.1160943308965328,51,8072,3072
0.9260233852505166,0.2738285247988171,0.651920387188482,0.5963382654390824,-0.1160943308965328,52,8072,3072
0.1645072664741013,0.2621467961899895,0.9153082686153085,0.613894995603037,-0.0905059123602117,0,8072,3786
0.1645072664741013,0.2621467961899895,0.9153082686153085,0.613894995603037,-0.0905059123602117,1,8072,3786
0.1645072664741013,0.2621467961899895,0.9153082686153085,0.613894995603037,-0.0905059123602117,2,8072,3786
0.1645072664741013,0.2621467961899895,0.9153082686153085,0.613894995603037,-0.0905059123602117,3,8072,3786
0.1645072664741013,0.2621467961899895,0.9153082686153085,0.613894995603037,-0.0905059123602117,4,8072,3786
0.1645072664741013,0.2621467961899895,0.9153082686153085,0.613894995603037,-0.0905059123602117,5,8072,3786
0.1645072664741013,0.2621467961899895,0.9153082686153085,0.613894995603037,-0.0905059123602117,6,8072,3786
0.1645072664741013,0.2621467961899895,0.9153082686153085,0.613894995603037,-0.0905059123602117,7,8072,3786
0.1645072664741013,0.2693978673668826,0.9067040415308728,0.613894995603037,-0.0932895241732839,8,8072,3786
0.1645072664741013,0.2693978673668826,0.9067040415308728,0.613894995603037,-0.0932895241732839,9,8072,3786
0.9195673006091796,0.2905340019661059,0.6577747687797372,0.5709922238312732,-0.0988495408996989,10,8072,3786
0.9195673006091796,0.2905340019661059,0.6577747687797372,0.5709922238312732,-0.0988495408996989,11,8072,3786
0.9195673006091796,0.2905340019661059,0.6577747687797372,0.5709922238312732,-0.0988495408996989,12,8072,3786
0.1495120464114402,0.0802993415993821,0.7660207841523057,0.557913805581483,-0.1007974149614549,13,8072,3786
0.953265596873766,0.2725930766944568,0.660507782615397,0.5739545674984764,-0.1021076677315919,14,8072,3786
0.992878751633558,0.2950064428055194,0.6525903344964357,0.6066548389535936,-0.1023263289203475,15,8072,3786
0.992878751633558,0.2950064428055194,0.6525903344964357,0.6066548389535936,-0.1023263289203475,16,8072,3786
0.9259946622802238,0.0938601218404266,0.7066771699569236,0.5919825773894097,-0.1028265552399497,17,8072,3786
0.9943790305941836,0.2754981797704214,0.6513261657758986,0.5840946269554174,-0.1050270210680934,18,8072,3786
0.9775242309000608,0.2754484130321386,0.6534908067922038,0.5965998130519568,-0.1063612835667548,19,8072,3786
0.9775242309000608,0.2754484130321386,0.6534908067922038,0.5965998130519568,-0.1063612835667548,20,8072,3786
0.9775242309000608,0.2754484130321386,0.6534908067922038,0.5965998130519568,-0.1063612835667548,21,8072,3786
0.9795836296475782,0.2800093929851003,0.6524670498474558,0.593527252375796,-0.1073835127187637,22,8072,3786
0.9795836296475782,0.2800093929851003,0.6524670498474558,0.593527252375796,-0.1073835127187637,23,8072,3786
0.990167399230918,0.2726841448903358,0.652695884977239,0.595440928344261,-0.1088999051278885,24,8072,3786
0.9528740736729656,0.2721399587864013,0.6523810609600896,0.5946019739749681,-0.1097632763063815,25,8072,3786
0.9267685056595996,0.2721399587864013,0.6523810609600896,0.5946019739749681,-0.1106385937589264,26,8072,3786
0.9267685056595996,0.2721399587864013,0.6523810609600896,0.5946019739749681,-0.1106385937589264,27,8072,3786
0.9267685056595996,0.2721399587864013,0.6523810609600896,0.5946019739749681,-0.1106385937589264,28,8072,3786
0.9267685056595996,0.2721399587864013,0.6523810609600896,0.5946019739749681,-0.1106385937589264,29,8072,3786
0.9267685056595996,0.2721399587864013,0.6523810609600896,0.5946019739749681,-0.1106385937589264,30,8072,3786
0.9267685056595996,0.2721399587864013,0.6523810609600896,0.5946019739749681,-0.1106385937589264,31,8072,3786
0.9256992786593532,0.2754781637994345,0.651583986363381,0.5945269118070617,-0.1110506702145818,32,8072,3786
0.9256992786593532,0.2754781637994345,0.651583986363381,0.5945269118070617,-0.1110506702145818,33,8072,3786
0.9256992786593532,0.2754781637994345,0.651583986363381,0.5945269118070617,-0.1110506702145818,34,8072,3786
0.9256992786593532,0.2754781637994345,0.651583986363381,0.5945269118070617,-0.1110506702145818,35,8072,3786
0.926066743825752,0.2742538747204109,0.6525185061396964,0.5946589652019426,-0.1113471270387412,36,8072,3786
0.926066743825752,0.2742538747204109,0.6525185061396964,0.5946589652019426,-0.1113471270387412,37,8072,3786
0.926066743825752,0.2742538747204109,0.6525185061396964,0.5946589652019426,-0.1113471270387412,38,8072,3786
0.926066743825752,0.2742538747204109,0.6525185061396964,0.5946589652019426,-0.1113471270387412,39,8072,3786
0.926066743825752,0.2742538747204109,0.6525185061396964,0.5946589652019426,-0.1113471270387412,40,8072,3786
0.926066743825752,0.2742538747204109,0.6525185061396964,0.5946589652019426,-0.1113471270387412,41,8072,3786
0.926066743825752,0.2742538747204109,0.6525185061396964,0.5946589652019426,-0.1113471270387412,42,8072,3786
0.9263216301924476,0.2740979548174713,0.6525132648125874,0.5959002825107242,-0.111411575506437,43,8072,3786
0.9263216301924476,0.2740979548174713,0.6525132648125874,0.5959002825107242,-0.111411575506437,44,8072,3786
0.9263216301924476,0.2740979548174713,0.6525132648125874,0.5959002825107242,-0.111411575506437,45,8072,3786
0.9263216301924476,0.2740979548174713,0.6525132648125874,0.5959002825107242,-0.111411575506437,46,8072,3786
0.9263216301924476,0.2740979548174713,0.6525132648125874,0.5959002825107242,-0.111411575506437,47,8072,3786
0.9263216301924476,0.2740979548174713,0.6525132648125874,0.5959002825107242,-0.111411575506437,48,8072,3786
0.9263216301924476,0.2740979548174713,0.6525132648125874,0.5959002825107242,-0.111411575506437,49,8072,3786
0.9263216301924476,0.2740979548174713,0.6525132648125874,0.5959002825107242,-0.111411575506437,50,8072,3786
0.9263216301924476,0.2740979548174713,0.6525132648125874,0.5959002825107242,-0.111411575506437,51,8072,3786
0.9263216301924476,0.2740979548174713,0.6525132648125874,0.5959002825107242,-0.111411575506437,52,8072,3786
0.9263216301924476,0.2740979548174713,0.6525132648125874,0.5959002825107242,-0.111411575506437,53,8072,3786
0.9263216301924476,0.2740979548174713,0.6525132648125874,0.5959002825107242,-0.111411575506437,54,8072,3786
0.9263216301924476,0.2740979548174713,0.6525132648125874,0.5959002825107242,-0.111411575506437,55,8072,3786
0.9263216301924476,0.2740979548174713,0.6525132648125874,0.5959002825107242,-0.111411575506437,56,8072,3786
0.9263216301924476,0.2740979548174713,0.6525132648125874,0.5959002825107242,-0.111411575506437,57,8072,3786
0.9263216301924476,0.2740979548174713,0.6525132648125874,0.5959002825107242,-0.111411575506437,58,8072,3786
0.9263216301924476,0.2740979548174713,0.6525132648125874,0.5959002825107242,-0.111411575506437,59,8072,3786
0.9263216301924476,0.2740979548174713,0.6525132648125874,0.5959002825107242,-0.111411575506437,60,8072,3786
0.9263216301924476,0.2740979548174713,0.6525132648125874,0.5959002825107242,-0.111411575506437,61,8072,3786
0.9263216301924476,0.2740979548174713,0.6525132648125874,0.5959002825107242,-0.111411575506437,62,8072,3786
0.9263216301924476,0.2740979548174713,0.6525132648125874,0.5959002825107242,-0.111411575506437,63,8072,3786
0.9263216301924476,0.2740979548174713,0.6525132648125874,0.5959002825107242,-0.111411575506437,64,8072,3786
0.9263216301924476,0.2740979548174713,0.6525132648125874,0.5959002825107242,-0.111411575506437,65,8072,3786
0.9263216301924476,0.2740979548174713,0.6525132648125874,0.5959002825107242,-0.111411575506437,66,8072,3786
0.9263216301924476,0.2740979548174713,0.6525132648125874,0.5959002825107242,-0.111411575506437,67,8072,3786
0.9263216301924476,0.2740979548174713,0.6525132648125874,0.5959002825107242,-0.111411575506437,68,8072,3786
0.1645072664741013,0.2621467961899895,0.9153082686153085,0.613894995603037,-0.0318647961081747,0,8072,4500
0.1645072664741013,0.2621467961899895,0.9153082686153085,0.613894995603037,-0.0318647961081747,1,8072,4500
0.1645072664741013,0.2621467961899895,0.9153082686153085,0.613894995603037,-0.0318647961081747,2,8072,4500
0.1596577788358226,0.2664510408714872,0.9246660045168332,0.6326163956146919,-0.0321614888928052,3,8072,4500
0.0994619790807588,0.0838231666899632,0.7849985352075711,0.5032681589728254,-0.0392896425630942,4,8072,4500
0.0994619790807588,0.0838231666899632,0.7849985352075711,0.5032681589728254,-0.0392896425630942,5,8072,4500
0.1686993448745835,0.0774732590266112,0.9336335471130082,0.4712655316501571,-0.0538344484133158,6,8072,4500
0.1686735737096548,0.0872842221741866,0.6506709172018995,0.47270829860313,-0.0623544075495107,7,8072,4500
0.1686735737096548,0.0872842221741866,0.6506709172018995,0.47270829860313,-0.0623544075495107,8,8072,4500
0.1686735737096548,0.0872842221741866,0.6506709172018995,0.47270829860313,-0.0623544075495107,9,8072,4500
0.1686735737096548,0.0872842221741866,0.6506709172018995,0.47270829860313,-0.0623544075495107,10,8072,4500
0.1686735737096548,0.0872842221741866,0.6506709172018995,0.47270829860313,-0.0623544075495107,11,8072,4500
0.1686735737096548,0.0872842221741866,0.6506709172018995,0.47270829860313,-0.0623544075495107,12,8072,4500
0.1686735737096548,0.0872842221741866,0.6506709172018995,0.47270829860313,-0.0623544075495107,13,8072,4500
0.1686735737096548,0.0872842221741866,0.6506709172018995,0.47270829860313,-0.0623544075495107,14,8072,4500
0.1686735737096548,0.0872842221741866,0.6506709172018995,0.47270829860313,-0.0623544075495107,15,8072,4500
0.1686735737096548,0.0872842221741866,0.6506709172018995,0.47270829860313,-0.0623544075495107,16,8072,4500
0.1686735737096548,0.0872842221741866,0.6506709172018995,0.47270829860313,-0.0623544075495107,17,8072,4500
0.1577422329738955,0.085372886010689,0.889163397641624,0.3894576264401981,-0.0625044511455684,18,8072,4500
0.9240818628893892,0.261481706725492,0.607071329140086,0.7111092807395346,-0.0633620272148655,19,8072,4500
0.9240818628893892,0.261481706725492,0.607071329140086,0.7111092807395346,-0.0633620272148655,20,8072,4500
0.1614342441224028,0.0836647279061183,0.6506709172018995,0.3868558302650071,-0.0643936864358236,21,8072,4500
0.1614342441224028,0.0836647279061183,0.6506709172018995,0.3868558302650071,-0.0643936864358236,22,8072,4500
0.1614342441224028,0.0836647279061183,0.6506709172018995,0.3868558302650071,-0.0643936864358236,23,8072,4500
0.1614342441224028,0.0836647279061183,0.6506709172018995,0.3868558302650071,-0.0643936864358236,24,8072,4500
0.1646989176304748,0.0833091764922814,0.8988156522388441,0.3885403779357398,-0.0647576217490381,25,8072,4500
0.1646989176304748,0.0833091764922814,0.8988156522388441,0.3885403779357398,-0.0647576217490381,26,8072,4500
0.1646989176304748,0.0833091764922814,0.8988156522388441,0.3885403779357398,-0.0647576217490381,27,8072,4500
0.1646989176304748,0.0833091764922814,0.8988156522388441,0.3885403779357398,-0.0647576217490381,28,8072,4500
0.1569091526037917,0.0831103709724225,0.8944860247540982,0.3868499172041677,-0.0656103494342301,29,8072,4500
0.168185772959288,0.0802886804095182,0.9004655910456509,0.3894576264401981,-0.0665787113350129,30,8072,4500
0.168185772959288,0.0802886804095182,0.9004655910456509,0.3894576264401981,-0.0665787113350129,31,8072,4500
0.168185772959288,0.0802886804095182,0.9004655910456509,0.3894576264401981,-0.0665787113350129,32,8072,4500
0.168185772959288,0.0802886804095182,0.9004655910456509,0.3894576264401981,-0.0665787113350129,33,8072,4500
0.168185772959288,0.0802886804095182,0.9004655910456509,0.3894576264401981,-0.0665787113350129,34,8072,4500
0.1700667180371324,0.080950617763923,0.9000042185635313,0.3839611136050385,-0.0666841596006468,35,8072,4500
0.1700667180371324,0.080950617763923,0.9000042185635313,0.3839611136050385,-0.0666841596006468,36,8072,4500
0.1700667180371324,0.080950617763923,0.9000042185635313,0.3839611136050385,-0.0666841596006468,37,8072,4500
0.1579178078115657,0.080304877639534,0.9002134872714088,0.3865217349990413,-0.0668529335113501,38,8072,4500
0.1579178078115657,0.080304877639534,0.9002134872714088,0.3865217349990413,-0.0668529335113501,39,8072,4500
0.1565053218278118,0.0804662086629728,0.900016506399932,0.3837664692157777,-0.0669093892881869,40,8072,4500
0.1565053218278118,0.0804662086629728,0.900016506399932,0.3837664692157777,-0.0669093892881869,41,8072,4500
0.1565053218278118,0.0804662086629728,0.900016506399932,0.3837664692157777,-0.0669093892881869,42,8072,4500
0.1565053218278118,0.0804662086629728,0.900016506399932,0.3837664692157777,-0.0669093892881869,43,8072,4500
0.1531178889537352,0.0810111457163556,0.8989325062598361,0.3825934683737954,-0.0670091808608159,44,8072,4500
0.1531178889537352,0.0810111457163556,0.8989325062598361,0.3825934683737954,-0.0670091808608159,45,8072,4500
0.156480787776201,0.0808634866961119,0.8992831075450407,0.362732370068639,-0.0670887291924329,46,8072,4500
0.156480787776201,0.0808634866961119,0.8992831075450407,0.362732370068639,-0.0670887291924329,47,8072,4500
0.1680120400355332,0.0793030483052362,0.8947203709675362,0.3631297827353157,-0.0671421639076442,48,8072,4500
0.15577131896797,0.0808569306751578,0.8944860247540982,0.3852078761875863,-0.0673652953452525,49,8072,4500
0.15577131896797,0.0808569306751578,0.8944860247540982,0.3852078761875863,-0.0673652953452525,50,8072,4500
0.15577131896797,0.0808569306751578,0.8944860247540982,0.3852078761875863,-0.0673652953452525,51,8072,4500
0.15577131896797,0.0808569306751578,0.8944860247540982,0.3852078761875863,-0.0673652953452525,52,8072,4500
0.15577131896797,0.0808569306751578,0.8944860247540982,0.3852078761875863,-0.0673652953452525,53,8072,4500
0.1556982905598765,0.0791229016751218,0.9028541012039089,0.3851968553643152,-0.0673909360636493,54,8072,4500
0.1556982905598765,0.0791229016751218,0.9028541012039089,0.3851968553643152,-0.0673909360636493,55,8072,4500
0.1556982905598765,0.0791229016751218,0.9028541012039089,0.3851968553643152,-0.0673909360636493,56,8072,4500
0.1556982905598765,0.0791229016751218,0.9028541012039089,0.3851968553643152,-0.0673909360636493,57,8072,4500
0.15577131896797,0.0790727134093321,0.8947207197211883,0.363493661937887,-0.0675249247136521,58,8072,4500
0.15577131896797,0.0790727134093321,0.8947207197211883,0.363493661937887,-0.0675249247136521,59,8072,4500
0.15577131896797,0.0809138245332309,0.8947207197211883,0.363493661937887,-0.0675446352494985,60,8072,4500
0.15577131896797,0.0809138245332309,0.8947207197211883,0.363493661937887,-0.0675446352494985,61,8072,4500
0.15577131896797,0.0809138245332309,0.8947207197211883,0.363493661937887,-0.0675446352494985,62,8072,4500
0.15577131896797,0.0809138245332309,0.8947207197211883,0.363493661937887,-0.0675446352494985,63,8072,4500
0.15577131896797,0.0809138245332309,0.8947207197211883,0.363493661937887,-0.0675446352494985,64,8072,4500
0.1553641714006099,0.0808042257451739,0.9028536516221264,0.3630498354982273,-0.0675899865037417,65,8072,4500
0.1553641714006099,0.0808042257451739,0.9028536516221264,0.3630498354982273,-0.0675899865037417,66,8072,4500
0.1553641714006099,0.0808042257451739,0.9028536516221264,0.3630498354982273,-0.0675899865037417,67,8072,4500
0.1553641714006099,0.0808042257451739,0.9028536516221264,0.3630498354982273,-0.0675899865037417,68,8072,4500
0.1553641714006099,0.0808042257451739,0.9028536516221264,0.3630498354982273,-0.0675899865037417,69,8072,4500
0.1553641714006099,0.0808042257451739,0.9028536516221264,0.3630498354982273,-0.0675899865037417,70,8072,4500
0.1553641714006099,0.0808042257451739,0.9028536516221264,0.3630498354982273,-0.0675899865037417,71,8072,4500
0.1553641714006099,0.0808042257451739,0.9028536516221264,0.3630498354982273,-0.0675899865037417,72,8072,4500
0.1553641714006099,0.0808042257451739,0.9028536516221264,0.3630498354982273,-0.0675899865037417,73,8072,4500
0.1553641714006099,0.0808042257451739,0.9028536516221264,0.3630498354982273,-0.0675899865037417,74,8072,4500
0.1553641714006099,0.0808042257451739,0.9028536516221264,0.3630498354982273,-0.0675899865037417,75,8072,4500
0.1553641714006099,0.0808042257451739,0.9028536516221264,0.3630498354982273,-0.0675899865037417,76,8072,4500
0.1553641714006099,0.0808042257451739,0.9028536516221264,0.3630498354982273,-0.0675899865037417,77,8072,4500
0.1553641714006099,0.0808042257451739,0.9028536516221264,0.3630498354982273,-0.0675899865037417,78,8072,4500
0.1553641714006099,0.0808042257451739,0.9028536516221264,0.3630498354982273,-0.0675899865037417,79,8072,4500
0.1553641714006099,0.0808042257451739,0.9028536516221264,0.3630498354982273,-0.0675899865037417,80,8072,4500
0.1553641714006099,0.0808042257451739,0.9028536516221264,0.3630498354982273,-0.0675899865037417,81,8072,4500
0.1553641714006099,0.0808042257451739,0.9028536516221264,0.3630498354982273,-0.0675899865037417,82,8072,4500
0.1553641714006099,0.0808042257451739,0.9028536516221264,0.3630498354982273,-0.0675899865037417,83,8072,4500
0.1553641714006099,0.0808042257451739,0.9028536516221264,0.3630498354982273,-0.0675899865037417,84,8072,4500
0.1553641714006099,0.0808042257451739,0.9028536516221264,0.3630498354982273,-0.0675899865037417,85,8072,4500
0.1645072664741013,0.2621467961899895,0.9153082686153085,0.613894995603037,0.0041857237496577,0,8072,5214
0.1645072664741013,0.2621467961899895,0.9153082686153085,0.613894995603037,0.0041857237496577,1,8072,5214
0.1645072664741013,0.2621467961899895,0.9153082686153085,0.613894995603037,0.0041857237496577,2,8072,5214
0.1645072664741013,0.2621467961899895,0.9153082686153085,0.613894995603037,0.0041857237496577,3,8072,5214
0.1809350253465864,0.8715550032703641,0.701429151581795,0.6387019878707165,-0.0085238145806016,4,8072,5214
0.1809350253465864,0.8715550032703641,0.701429151581795,0.6387019878707165,-0.0085238145806016,5,8072,5214
0.1657396495722821,0.7958960368338032,0.687528806137301,0.7372503107812414,-0.0181005840238583,6,8072,5214
0.1657396495722821,0.7958960368338032,0.687528806137301,0.7372503107812414,-0.0181005840238583,7,8072,5214
0.9174214339065744,0.378997230662203,0.7004787272838631,0.6394809046096819,-0.0188395540279303,8,8072,5214
0.9390527747222492,0.3750657522674881,0.7004787272838631,0.6387397489055725,-0.0235985988335672,9,8072,5214
0.9390527747222492,0.3750657522674881,0.7004787272838631,0.6387397489055725,-0.0235985988335672,10,8072,5214
0.9390527747222492,0.3750657522674881,0.6586904428261963,0.6624726912370744,-0.0297242322850079,11,8072,5214
0.9390527747222492,0.3750657522674881,0.6586904428261963,0.6624726912370744,-0.0297242322850079,12,8072,5214
0.9390527747222492,0.3750657522674881,0.6586904428261963,0.6624726912370744,-0.0297242322850079,13,8072,5214
0.9390527747222492,0.3750657522674881,0.6586904428261963,0.6624726912370744,-0.0297242322850079,14,8072,5214
0.9390527747222492,0.3750657522674881,0.6586904428261963,0.6624726912370744,-0.0297242322850079,15,8072,5214
0.9957767338546416,0.412550144105997,0.6992114542896557,0.6452519239492264,-0.0316894650118524,16,8072,5214
0.93189546277563,0.4038124223763865,0.6982451300278437,0.6624726912370744,-0.0329922881205665,17,8072,5214
0.9390527747222492,0.404135014965173,0.6589702748804821,0.6624726912370744,-0.0345689042806441,18,8072,5214
0.9390527747222492,0.404135014965173,0.6589702748804821,0.6624726912370744,-0.0345689042806441,19,8072,5214
0.939109096072938,0.3982306170694968,0.6589702748804821,0.6624726912370744,-0.0353648406847485,20,8072,5214
0.939109096072938,0.3982306170694968,0.6589702748804821,0.6624726912370744,-0.0353648406847485,21,8072,5214
0.939109096072938,0.3982306170694968,0.6589702748804821,0.6624726912370744,-0.0353648406847485,22,8072,5214
0.939109096072938,0.3982306170694968,0.6589702748804821,0.6624726912370744,-0.0353648406847485,23,8072,5214
0.939109096072938,0.3982306170694968,0.6589702748804821,0.6624726912370744,-0.0353648406847485,24,8072,5214
0.939109096072938,0.3982306170694968,0.6589702748804821,0.6624726912370744,-0.0353648406847485,25,8072,5214
0.9255787852972136,0.4050530365819003,0.7029033182879341,0.6452285279195497,-0.0361810945176057,26,8072,5214
0.94554828930949,0.4122995560290587,0.706789835060918,0.6454115090107867,-0.0369001197713539,27,8072,5214
0.9387613080213776,0.4122995560290587,0.706789835060918,0.6454115090107867,-0.0370207553500267,28,8072,5214
0.9387613080213776,0.4122995560290587,0.706789835060918,0.6454115090107867,-0.0370207553500267,29,8072,5214
0.93237781613957,0.4035900395125889,0.5986488490332029,0.6452122561339966,-0.0372510051163869,30,8072,5214
0.93237781613957,0.4035900395125889,0.5986488490332029,0.6452122561339966,-0.0372510051163869,31,8072,5214
0.9391387168184672,0.3579508310743066,0.7072741786290074,0.6454115090107867,-0.0389163606931541,32,8072,5214
0.9321192920434206,0.4048051487489794,0.7074238421329001,0.6469291979879401,-0.0395201641147714,33,8072,5214
0.9321192920434206,0.4048051487489794,0.7074238421329001,0.6469291979879401,-0.0395201641147714,34,8072,5214
0.9258064242551516,0.4048051487489794,0.7074238421329001,0.6469291979879401,-0.04116540115535,35,8072,5214
0.9258064242551516,0.4048051487489794,0.7074238421329001,0.6469291979879401,-0.04116540115535,36,8072,5214
0.9258064242551516,0.4048051487489794,0.7074238421329001,0.6469291979879401,-0.04116540115535,37,8072,5214
0.9258064242551516,0.4048051487489794,0.7074238421329001,0.6469291979879401,-0.04116540115535,38,8072,5214
0.9258064242551516,0.4048051487489794,0.7074238421329001,0.6469291979879401,-0.04116540115535,39,8072,5214
0.9258064242551516,0.4048051487489794,0.7074238421329001,0.6469291979879401,-0.04116540115535,40,8072,5214
0.9258064242551516,0.4048051487489794,0.7074238421329001,0.6469291979879401,-0.04116540115535,41,8072,5214
0.9258064242551516,0.4048051487489794,0.7074238421329001,0.6469291979879401,-0.04116540115535,42,8072,5214
0.9258064242551516,0.4048051487489794,0.7074238421329001,0.6469291979879401,-0.04116540115535,43,8072,5214
0.9258064242551516,0.4048051487489794,0.7074238421329001,0.6469291979879401,-0.04116540115535,44,8072,5214
0.942417299286149,0.3505209931561933,0.7077073139230431,0.6454206043339705,-0.0421158963884537,45,8072,5214
0.942417299286149,0.3505209931561933,0.7077073139230431,0.6454206043339705,-0.0421158963884537,46,8072,5214
0.942417299286149,0.3505209931561933,0.7077073139230431,0.6454206043339705,-0.0421158963884537,47,8072,5214
0.9254711247352592,0.3505209931561933,0.7077073139230431,0.645143426109027,-0.0434880718029601,48,8072,5214
0.9254711247352592,0.3505209931561933,0.7077073139230431,0.645143426109027,-0.0434880718029601,49,8072,5214
0.9254711247352592,0.3505209931561933,0.7077073139230431,0.645143426109027,-0.0434880718029601,50,8072,5214
0.9254711247352592,0.3505209931561933,0.7077073139230431,0.645143426109027,-0.0434880718029601,51,8072,5214
0.9254711247352592,0.3505209931561933,0.7077073139230431,0.645143426109027,-0.0434880718029601,52,8072,5214
0.9254711247352592,0.3505209931561933,0.7077073139230431,0.645143426109027,-0.0434880718029601,53,8072,5214
0.9254711247352592,0.3505209931561933,0.7077073139230431,0.645143426109027,-0.0434880718029601,54,8072,5214
0.9254711247352592,0.3505209931561933,0.7077073139230431,0.645143426109027,-0.0434880718029601,55,8072,5214
0.9254711247352592,0.3505209931561933,0.7077073139230431,0.645143426109027,-0.0434880718029601,56,8072,5214
0.9254711247352592,0.3505209931561933,0.7077073139230431,0.645143426109027,-0.0434880718029601,57,8072,5214
0.9254711247352592,0.3505209931561933,0.7077073139230431,0.645143426109027,-0.0434880718029601,58,8072,5214
0.9254711247352592,0.3505209931561933,0.7077073139230431,0.645143426109027,-0.0434880718029601,59,8072,5214
0.9254711247352592,0.3505209931561933,0.7077073139230431,0.645143426109027,-0.0434880718029601,60,8072,5214
0.9254711247352592,0.3505209931561933,0.7077073139230431,0.645143426109027,-0.0434880718029601,61,8072,5214
0.9254711247352592,0.3505209931561933,0.7077073139230431,0.645143426109027,-0.0434880718029601,62,8072,5214
0.9254711247352592,0.3505209931561933,0.7077073139230431,0.645143426109027,-0.0434880718029601,63,8072,5214
0.9254711247352592,0.3505209931561933,0.7077073139230431,0.645143426109027,-0.0434880718029601,64,8072,5214
0.9254711247352592,0.3505209931561933,0.7077073139230431,0.645143426109027,-0.0434880718029601,65,8072,5214
0.9254711247352592,0.3505209931561933,0.7077073139230431,0.645143426109027,-0.0434880718029601,66,8072,5214
0.9254711247352592,0.3505209931561933,0.7077073139230431,0.645143426109027,-0.0434880718029601,67,8072,5214
0.9254711247352592,0.3505209931561933,0.7077073139230431,0.645143426109027,-0.0434880718029601,68,8072,5214
0.9254711247352592,0.3505209931561933,0.7077073139230431,0.645143426109027,-0.0434880718029601,69,8072,5214
0.9254711247352592,0.3505209931561933,0.7077073139230431,0.645143426109027,-0.0434880718029601,70,8072,5214
0.1645072664741013,0.2621467961899895,0.9153082686153085,0.613894995603037,0.0319485599657682,0,8072,5929
0.1645072664741013,0.2621467961899895,0.9153082686153085,0.613894995603037,0.0319485599657682,1,8072,5929
0.1645072664741013,0.2621467961899895,0.9153082686153085,0.613894995603037,0.0319485599657682,2,8072,5929
0.9295983365636604,0.3902632849854502,0.9430427334247216,0.6336233624540714,0.0300751674211105,3,8072,5929
0.9295983365636604,0.3902632849854502,0.9430427334247216,0.6336233624540714,0.0300751674211105,4,8072,5929
0.1620493800935567,0.4712787227976918,0.916963657247452,0.4374562708575035,0.0106503327979499,5,8072,5929
0.1624010510909778,0.3035089265995107,0.891163203650582,0.4334695061533581,0.0078588208791502,6,8072,5929
0.9764257138186588,0.2166807653730638,0.9367921973191452,0.4080017596822259,-0.0052137164408069,7,8072,5929
0.950162940218668,0.3228166920080274,0.9396731639641208,0.3622355203129427,-0.0174496063742874,8,8072,5929
0.950162940218668,0.3228166920080274,0.9396731639641208,0.3622355203129427,-0.0174496063742874,9,8072,5929
0.950162940218668,0.3228166920080274,0.9396731639641208,0.3622355203129427,-0.0174496063742874,10,8072,5929
0.950162940218668,0.3228166920080274,0.9396731639641208,0.3622355203129427,-0.0174496063742874,11,8072,5929
0.9364107354657066,0.3228166920080274,0.9396731639641208,0.3622355203129427,-0.0178293788951012,12,8072,5929
0.9364107354657066,0.3228166920080274,0.9396731639641208,0.3622355203129427,-0.0178293788951012,13,8072,5929
0.9983550490768246,0.3153050721522443,0.9032485878379274,0.357588239679574,-0.0246569395090733,14,8072,5929
0.9983550490768246,0.3153050721522443,0.9032485878379274,0.357588239679574,-0.0246569395090733,15,8072,5929
0.957815910783996,0.3403038672185047,0.9239500524200622,0.363412675282948,-0.0248213218324203,16,8072,5929
0.9681898530727372,0.2544969819966389,0.9373976242353524,0.3626735207468142,-0.0273558588885451,17,8072,5929
0.9681898530727372,0.2544969819966389,0.9373976242353524,0.3626735207468142,-0.0273558588885451,18,8072,5929
0.9681898530727372,0.2544969819966389,0.9373976242353524,0.3626735207468142,-0.0273558588885451,19,8072,5929
0.9681898530727372,0.2544969819966389,0.9373976242353524,0.3626735207468142,-0.0273558588885451,20,8072,5929
0.944082559617584,0.3436429072740659,0.9029717687662006,0.3623702443345212,-0.0322076587039735,21,8072,5929
0.944082559617584,0.3436429072740659,0.9029717687662006,0.3623702443345212,-0.0322076587039735,22,8072,5929
0.944082559617584,0.3436429072740659,0.9029717687662006,0.3623702443345212,-0.0322076587039735,23,8072,5929
0.944082559617584,0.3436429072740659,0.9029717687662006,0.3623702443345212,-0.0322076587039735,24,8072,5929
0.944082559617584,0.3436429072740659,0.9029717687662006,0.3623702443345212,-0.0322076587039735,25,8072,5929
0.944082559617584,0.3436429072740659,0.9029717687662006,0.3623702443345212,-0.0322076587039735,26,8072,5929
0.944082559617584,0.3436429072740659,0.9029717687662006,0.3623702443345212,-0.0322076587039735,27,8072,5929
0.9630217947839896,0.3392574779860395,0.9027719615857172,0.3632470912220255,-0.0330631386423282,28,8072,5929
0.9253572290969236,0.3442593032775771,0.9029717687662006,0.3625521383073243,-0.0336169288748101,29,8072,5929
0.9253572290969236,0.3442593032775771,0.9029717687662006,0.3625521383073243,-0.0336169288748101,30,8072,5929
0.9253572290969236,0.3442593032775771,0.9029717687662006,0.3625521383073243,-0.0336169288748101,31,8072,5929
0.9253572290969236,0.3442593032775771,0.9029717687662006,0.3625521383073243,-0.0336169288748101,32,8072,5929
0.9253572290969236,0.3442593032775771,0.9029717687662006,0.3625521383073243,-0.0336169288748101,33,8072,5929
0.9253572290969236,0.3442593032775771,0.9029717687662006,0.3625521383073243,-0.0336169288748101,34,8072,5929
0.9269762568038862,0.337898344021694,0.902943473337563,0.3626610216571542,-0.0344128930191469,35,8072,5929
0.9251177551957004,0.3373759705282633,0.9029313864842848,0.3626492848698877,-0.0345076152395905,36,8072,5929
0.9349490383390536,0.3480445756237566,0.902849536868918,0.3626735207468142,-0.0348779695923506,37,8072,5929
0.9349490383390536,0.3480445756237566,0.902849536868918,0.3626735207468142,-0.0348779695923506,38,8072,5929
0.9263742593493314,0.345445226758045,0.902845887065902,0.363264312850082,-0.0348854738704706,39,8072,5929
0.9259837922567832,0.341733225249081,0.902845887065902,0.3626740297600843,-0.0349899374125629,40,8072,5929
0.9247609068285164,0.3496659638506203,0.9027732043142354,0.362481228036057,-0.03571191037882,41,8072,5929
0.9247609068285164,0.3496659638506203,0.9027732043142354,0.362481228036057,-0.03571191037882,42,8072,5929
0.9271256945326422,0.3481424401076776,0.9028509366209432,0.3624357449544034,-0.036344943590143,43,8072,5929
0.9271256945326422,0.3481424401076776,0.9028509366209432,0.3624357449544034,-0.036344943590143,44,8072,5929
0.9271256945326422,0.3481424401076776,0.9028509366209432,0.3624357449544034,-0.036344943590143,45,8072,5929
0.9271256945326422,0.3481424401076776,0.9028509366209432,0.3624357449544034,-0.036344943590143,46,8072,5929
0.9255093324315358,0.348046040274988,0.9028471922839586,0.3626604031050202,-0.0364396658105866,47,8072,5929
0.9255093324315358,0.348046040274988,0.9028471922839586,0.3626604031050202,-0.0364396658105866,48,8072,5929
0.9255093324315358,0.348046040274988,0.9028471922839586,0.3626604031050202,-0.0364396658105866,49,8072,5929
0.9255093324315358,0.348046040274988,0.9028471922839586,0.3626604031050202,-0.0364396658105866,50,8072,5929
0.9255093324315358,0.348046040274988,0.9028471922839586,0.3626604031050202,-0.0364396658105866,51,8072,5929
0.9255093324315358,0.348046040274988,0.9028471922839586,0.3626604031050202,-0.0364396658105866,52,8072,5929
0.9255093324315358,0.348046040274988,0.9028471922839586,0.3626604031050202,-0.0364396658105866,53,8072,5929
0.9255093324315358,0.348046040274988,0.9028471922839586,0.3626604031050202,-0.0364396658105866,54,8072,5929
0.9255093324315358,0.348046040274988,0.9028471922839586,0.3626604031050202,-0.0364396658105866,55,8072,5929
0.9255093324315358,0.348046040274988,0.9028471922839586,0.3626604031050202,-0.0364396658105866,56,8072,5929
0.9255093324315358,0.348046040274988,0.9028471922839586,0.3626604031050202,-0.0364396658105866,57,8072,5929
0.9255093324315358,0.348046040274988,0.9028471922839586,0.3626604031050202,-0.0364396658105866,58,8072,5929
0.9255093324315358,0.348046040274988,0.9028471922839586,0.3626604031050202,-0.0364396658105866,59,8072,5929
0.9255093324315358,0.348046040274988,0.9028471922839586,0.3626604031050202,-0.0364396658105866,60,8072,5929
0.9255093324315358,0.348046040274988,0.9028471922839586,0.3626604031050202,-0.0364396658105866,61,8072,5929
0.9255093324315358,0.348046040274988,0.9028471922839586,0.3626604031050202,-0.0364396658105866,62,8072,5929
0.9255093324315358,0.348046040274988,0.9028471922839586,0.3626604031050202,-0.0364396658105866,63,8072,5929
0.9255093324315358,0.348046040274988,0.9028471922839586,0.3626604031050202,-0.0364396658105866,64,8072,5929
0.9255093324315358,0.348046040274988,0.9028471922839586,0.3626604031050202,-0.0364396658105866,65,8072,5929
0.9255093324315358,0.348046040274988,0.9028471922839586,0.3626604031050202,-0.0364396658105866,66,8072,5929
0.9255093324315358,0.348046040274988,0.9028471922839586,0.3626604031050202,-0.0364396658105866,67,8072,5929
0.9255093324315358,0.348046040274988,0.9028471922839586,0.3626604031050202,-0.0364396658105866,68,8072,5929
0.9255093324315358,0.348046040274988,0.9028471922839586,0.3626604031050202,-0.0364396658105866,69,8072,5929
0.9255093324315358,0.348046040274988,0.9028471922839586,0.3626604031050202,-0.0364396658105866,70,8072,5929
0.9255093324315358,0.348046040274988,0.9028471922839586,0.3626604031050202,-0.0364396658105866,71,8072,5929
0.9255093324315358,0.348046040274988,0.9028471922839586,0.3626604031050202,-0.0364396658105866,72,8072,5929
0.1645072664741013,0.2621467961899895,0.9153082686153085,0.613894995603037,0.0853298840433065,0,8072,6643
0.1645072664741013,0.2621467961899895,0.9153082686153085,0.613894995603037,0.0853298840433065,1,8072,6643
0.1645072664741013,0.2621467961899895,0.9153082686153085,0.613894995603037,0.0853298840433065,2,8072,6643
0.0748122057114379,0.2968727078683066,0.94390252108648,0.4394326601704705,0.0511855326184499,3,8072,6643
0.0748122057114379,0.2968727078683066,0.94390252108648,0.4394326601704705,0.0511855326184499,4,8072,6643
0.96469806206884,0.2250109558644694,0.9153082686153085,0.3591938171035316,0.0139640312330124,5,8072,6643
0.96469806206884,0.2250109558644694,0.9153082686153085,0.3591938171035316,0.0139640312330124,6,8072,6643
0.1652033643431536,0.2634927908170911,0.915027565796264,0.3591938171035316,0.0086238891399245,7,8072,6643
0.949197224546208,0.1468837157632561,0.9351314717498096,0.3641414094237887,0.0085294240568073,8,8072,6643
0.949197224546208,0.1468837157632561,0.9351314717498096,0.3641414094237887,0.0085294240568073,9,8072,6643
0.9491146242764787,0.1471742830134381,0.9362272629691,0.3641414094237887,0.0085240813845389,10,8072,6643
0.949543199658798,0.2963731765474947,0.8984941319811474,0.3657958126337449,0.0077347703537251,11,8072,6643
0.1627765586748157,0.0951358783589276,0.9330013716457132,0.3594760501233375,-0.0068325544557185,12,8072,6643
0.1627765586748157,0.0951358783589276,0.9330013716457132,0.3594760501233375,-0.0068325544557185,13,8072,6643
0.1627765586748157,0.0951358783589276,0.9330013716457132,0.3594760501233375,-0.0068325544557185,14,8072,6643
0.1627765586748157,0.0951358783589276,0.9330013716457132,0.3594760501233375,-0.0068325544557185,15,8072,6643
0.1627765586748157,0.0951358783589276,0.9330013716457132,0.3594760501233375,-0.0068325544557185,16,8072,6643
0.1627765586748157,0.0951358783589276,0.9330013716457132,0.3594760501233375,-0.0068325544557185,17,8072,6643
0.1627765586748157,0.0951358783589276,0.9330013716457132,0.3594760501233375,-0.0068325544557185,18,8072,6643
0.1627765586748157,0.0951358783589276,0.9330013716457132,0.3594760501233375,-0.0068325544557185,19,8072,6643
0.1627765586748157,0.0951358783589276,0.9330013716457132,0.3594760501233375,-0.0068325544557185,20,8072,6643
0.1627765586748157,0.0951358783589276,0.9330013716457132,0.3594760501233375,-0.0068325544557185,21,8072,6643
0.1627765586748157,0.0952747998758162,0.9330013716457132,0.3594760501233375,-0.0070497877147795,22,8072,6643
0.1521071191237706,0.0951358783589276,0.934031137034916,0.3634898495099854,-0.0073885897751671,23,8072,6643
0.1521071191237706,0.0951358783589276,0.934031137034916,0.3634898495099854,-0.0073885897751671,24,8072,6643
0.1521071191237706,0.0951358783589276,0.934031137034916,0.3634898495099854,-0.0073885897751671,25,8072,6643
0.1627765586748157,0.0817054988245046,0.9330441971786676,0.3594760501233375,-0.0085372735904888,26,8072,6643
0.1627765586748157,0.0817054988245046,0.9330441971786676,0.3594760501233375,-0.0085372735904888,27,8072,6643
0.1627765586748157,0.0817054988245046,0.9330441971786676,0.3594760501233375,-0.0085372735904888,28,8072,6643
0.1630486206061384,0.0830282476629737,0.9349731249941816,0.3644948083323379,-0.0144252437923201,29,8072,6643
0.1630486206061384,0.0830282476629737,0.9349731249941816,0.3644948083323379,-0.0144252437923201,30,8072,6643
0.1630486206061384,0.0830282476629737,0.9349731249941816,0.3644948083323379,-0.0144252437923201,31,8072,6643
0.1627853107877463,0.0796685719488213,0.9352412989908864,0.3628153918027747,-0.0161263462400033,32,8072,6643
0.1627853107877463,0.0796685719488213,0.9352412989908864,0.3628153918027747,-0.0161263462400033,33,8072,6643
0.1627853107877463,0.0796685719488213,0.9352412989908864,0.3628153918027747,-0.0161263462400033,34,8072,6643
0.1627853107877463,0.0796685719488213,0.9352412989908864,0.3628153918027747,-0.0161263462400033,35,8072,6643
0.1628205980428252,0.0802083780675997,0.9352313068234004,0.3629255774680224,-0.0162543886362377,36,8072,6643
0.1628205980428252,0.0802083780675997,0.9352313068234004,0.3629255774680224,-0.0162543886362377,37,8072,6643
0.1628205980428252,0.0802083780675997,0.9352313068234004,0.3629255774680224,-0.0162543886362377,38,8072,6643
0.1628205980428252,0.0802083780675997,0.9352313068234004,0.3629255774680224,-0.0162543886362377,39,8072,6643
0.1628205980428252,0.0802083780675997,0.9352313068234004,0.3629255774680224,-0.0162543886362377,40,8072,6643
0.1628205980428252,0.0802083780675997,0.9352313068234004,0.3629255774680224,-0.0162543886362377,41,8072,6643
0.1627765586748157,0.0836424593724464,0.9340006566442977,0.362702074330248,-0.016832113167119,42,8072,6643
0.1627765586748157,0.0836424593724464,0.9340006566442977,0.362702074330248,-0.016832113167119,43,8072,6643
0.1627765586748157,0.0836424593724464,0.9340006566442977,0.362702074330248,-0.016832113167119,44,8072,6643
0.1627765586748157,0.0836424593724464,0.9340006566442977,0.362702074330248,-0.016832113167119,45,8072,6643
0.1627765586748157,0.0836424593724464,0.9340006566442977,0.362702074330248,-0.016832113167119,46,8072,6643
0.1623605810663427,0.0805359548977811,0.9339035420633436,0.3626736860423851,-0.0169569281362014,47,8072,6643
0.1628144809704554,0.0806477877203817,0.9339888177611074,0.3626439465320428,-0.0171242077274501,48,8072,6643
0.1627804553726929,0.0794818076425867,0.934015988957984,0.3628196070156841,-0.0172522501236845,49,8072,6643
0.1627804553726929,0.0794818076425867,0.934015988957984,0.3628196070156841,-0.0172522501236845,50,8072,6643
0.1627804553726929,0.0794818076425867,0.934015988957984,0.3628196070156841,-0.0172522501236845,51,8072,6643
0.1627804553726929,0.0794818076425867,0.934015988957984,0.3628196070156841,-0.0172522501236845,52,8072,6643
0.1627804553726929,0.0794818076425867,0.934015988957984,0.3628196070156841,-0.0172522501236845,53,8072,6643
0.1627804553726929,0.0794818076425867,0.934015988957984,0.3628196070156841,-0.0172522501236845,54,8072,6643
0.1627804553726929,0.0794818076425867,0.934015988957984,0.3628196070156841,-0.0172522501236845,55,8072,6643
0.1627804553726929,0.0794818076425867,0.934015988957984,0.3628196070156841,-0.0172522501236845,56,8072,6643
0.1627804553726929,0.0794818076425867,0.934015988957984,0.3628196070156841,-0.0172522501236845,57,8072,6643
0.1628166903084722,0.0791401001382427,0.9338518831050536,0.3628200022515837,-0.0172740108812844,58,8072,6643
0.1628166903084722,0.0791401001382427,0.9338518831050536,0.3628200022515837,-0.0172740108812844,59,8072,6643
0.1628166903084722,0.0791401001382427,0.9338518831050536,0.3628200022515837,-0.0172740108812844,60,8072,6643
0.1628166903084722,0.0791401001382427,0.9338518831050536,0.3628200022515837,-0.0172740108812844,61,8072,6643
0.1628166903084722,0.0791401001382427,0.9338518831050536,0.3628200022515837,-0.0172740108812844,62,8072,6643
0.1628166903084722,0.0791401001382427,0.9338518831050536,0.3628200022515837,-0.0172740108812844,63,8072,6643
0.1628166903084722,0.0791401001382427,0.9338518831050536,0.3628200022515837,-0.0172740108812844,64,8072,6643
0.1628166903084722,0.0791401001382427,0.9338518831050536,0.3628200022515837,-0.0172740108812844,65,8072,6643
0.1628166903084722,0.0791401001382427,0.9338518831050536,0.3628200022515837,-0.0172740108812844,66,8072,6643
0.1628166903084722,0.0791401001382427,0.9338518831050536,0.3628200022515837,-0.0172740108812844,67,8072,6643
0.1628166903084722,0.0791401001382427,0.9338518831050536,0.3628200022515837,-0.0172740108812844,68,8072,6643
0.1628166903084722,0.0791401001382427,0.9338518831050536,0.3628200022515837,-0.0172740108812844,69,8072,6643
0.1628166903084722,0.0791401001382427,0.9338518831050536,0.3628200022515837,-0.0172740108812844,70,8072,6643
0.1628166903084722,0.0791401001382427,0.9338518831050536,0.3628200022515837,-0.0172740108812844,71,8072,6643
0.1628166903084722,0.0791401001382427,0.9338518831050536,0.3628200022515837,-0.0172740108812844,72,8072,6643
0.1628166903084722,0.0791401001382427,0.9338518831050536,0.3628200022515837,-0.0172740108812844,73,8072,6643
0.1628166903084722,0.0791401001382427,0.9338518831050536,0.3628200022515837,-0.0172740108812844,74,8072,6643
0.1628166903084722,0.0791401001382427,0.9338518831050536,0.3628200022515837,-0.0172740108812844,75,8072,6643
0.1628166903084722,0.0791401001382427,0.9338518831050536,0.3628200022515837,-0.0172740108812844,76,8072,6643
0.1628166903084722,0.0791401001382427,0.9338518831050536,0.3628200022515837,-0.0172740108812844,77,8072,6643
0.1628166903084722,0.0791401001382427,0.9338518831050536,0.3628200022515837,-0.0172740108812844,78,8072,6643
0.1628166903084722,0.0791401001382427,0.9338518831050536,0.3628200022515837,-0.0172740108812844,79,8072,6643
0.1628166903084722,0.0791401001382427,0.9338518831050536,0.3628200022515837,-0.0172740108812844,80,8072,6643
0.1628166903084722,0.0791401001382427,0.9338518831050536,0.3628200022515837,-0.0172740108812844,81,8072,6643
0.1628166903084722,0.0791401001382427,0.9338518831050536,0.3628200022515837,-0.0172740108812844,82,8072,6643
0.1628166903084722,0.0791401001382427,0.9338518831050536,0.3628200022515837,-0.0172740108812844,83,8072,6643
0.4211888142289552,0.4468129517344519,0.9469066664934074,0.299815542437813,0.1716061463192734,0,8072,7357
0.01197250887973,0.4446583551774633,0.9492729925432772,0.2959826983582798,0.1507766674689058,1,8072,7357
0.92047914570336,0.2669854660358541,0.9157895941540494,0.4766165868289146,0.1175942986280764,2,8072,7357
0.92047914570336,0.2669854660358541,0.9157895941540494,0.4766165868289146,0.1175942986280764,3,8072,7357
0.92047914570336,0.2669854660358541,0.9157895941540494,0.4766165868289146,0.1175942986280764,4,8072,7357
0.92047914570336,0.2488742888697639,0.946499266285717,0.3108011322836184,0.1157799486706251,5,8072,7357
0.1769148554824837,0.2458071565037091,0.9480944399858238,0.3108285446496988,0.1090049045726984,6,8072,7357
0.1769148554824837,0.2458071565037091,0.9480944399858238,0.3108285446496988,0.1090049045726984,7,8072,7357
0.92047914570336,0.2488742888697639,0.946499266285717,0.3631284223867836,0.0984012092525263,8,8072,7357
0.9839646967125526,0.3116111212906635,0.9378750207912986,0.3758164353049005,0.0949572299059554,9,8072,7357
0.9800529421199976,0.3035089265995107,0.9348197673355592,0.3852184638601449,0.0870123486015026,10,8072,7357
0.9800529421199976,0.3035089265995107,0.9348197673355592,0.3852184638601449,0.0870123486015026,11,8072,7357
0.9833664275874112,0.2289270440388751,0.9341179312948308,0.3632523154516422,0.0846903729139317,12,8072,7357
0.9833664275874112,0.2289270440388751,0.9341179312948308,0.3632523154516422,0.0846903729139317,13,8072,7357
0.1358088916898671,0.0886022284340702,0.9378771544252844,0.3712807006308978,0.0780495132598723,14,8072,7357
0.1358088916898671,0.0886022284340702,0.9378771544252844,0.3712807006308978,0.0780495132598723,15,8072,7357
0.1543748279923339,0.0786714774170273,0.934645568541354,0.3583639526206787,0.0677404987256372,16,8072,7357
0.1543748279923339,0.0786714774170273,0.934645568541354,0.3583639526206787,0.0677404987256372,17,8072,7357
0.1543748279923339,0.0786714774170273,0.934645568541354,0.3583639526206787,0.0677404987256372,18,8072,7357
0.1543748279923339,0.0786714774170273,0.934645568541354,0.3583639526206787,0.0677404987256372,19,8072,7357
0.1543748279923339,0.0786714774170273,0.934645568541354,0.3583639526206787,0.0677404987256372,20,8072,7357
0.1543748279923339,0.0786714774170273,0.934645568541354,0.3583639526206787,0.0677404987256372,21,8072,7357
0.1543748279923339,0.0786714774170273,0.934645568541354,0.3583639526206787,0.0677404987256372,22,8072,7357
0.1543748279923339,0.0786714774170273,0.934645568541354,0.3583639526206787,0.0677404987256372,23,8072,7357
0.1543748279923339,0.0786597064204384,0.93514857897278,0.3638022681630166,0.0660989775945876,24,8072,7357
0.1543748279923339,0.0786597064204384,0.93514857897278,0.3638022681630166,0.0660989775945876,25,8072,7357
0.1543748279923339,0.0786597064204384,0.93514857897278,0.3638022681630166,0.0660989775945876,26,8072,7357
0.1543748279923339,0.0786597064204384,0.93514857897278,0.3638022681630166,0.0660989775945876,27,8072,7357
0.1607899378457819,0.081432573564826,0.9370012834013568,0.363918446173161,0.0610401070268287,28,8072,7357
0.1607899378457819,0.081432573564826,0.9370012834013568,0.363918446173161,0.0610401070268287,29,8072,7357
0.1607899378457819,0.0815567558830217,0.9370406509880064,0.3628128456520265,0.0609793197352924,30,8072,7357
0.1607899378457819,0.0815567558830217,0.9370406509880064,0.3628128456520265,0.0609793197352924,31,8072,7357
0.1607899378457819,0.0815567558830217,0.9370406509880064,0.3628128456520265,0.0609793197352924,32,8072,7357
0.1607899378457819,0.0815567558830217,0.9370406509880064,0.3628128456520265,0.0609793197352924,33,8072,7357
0.1571390189908893,0.0786714774170273,0.9342164830300556,0.3628158132885509,0.0604212534264182,34,8072,7357
0.1571390189908893,0.0786714774170273,0.9342164830300556,0.3628158132885509,0.0604212534264182,35,8072,7357
0.1623566175148423,0.0816530840881546,0.937038081609748,0.3627547467774512,0.0599825603671429,36,8072,7357
0.1569731402164259,0.0814415902218449,0.9370156363109868,0.3636979534091251,0.0590642110529656,37,8072,7357
0.1569163210311677,0.0846266354942364,0.9347553271652764,0.3631541094347214,0.0589963336543606,38,8072,7357
0.1569731402164259,0.0814415902218449,0.9370156363109868,0.3631562572136909,0.058635758950452,39,8072,7357
0.1569159295992738,0.0806083652500948,0.9341104858127384,0.362999331365509,0.0573761432498104,40,8072,7357
0.1569159295992738,0.0806083652500948,0.9341104858127384,0.362999331365509,0.0573761432498104,41,8072,7357
0.1569159295992738,0.0806083652500948,0.9341104858127384,0.362999331365509,0.0573761432498104,42,8072,7357
0.1569159295992738,0.0806083652500948,0.9341104858127384,0.362999331365509,0.0573761432498104,43,8072,7357
0.1569159295992738,0.0806083652500948,0.9341104858127384,0.362999331365509,0.0573761432498104,44,8072,7357
0.1569159295992738,0.0806083652500948,0.9341104858127384,0.362999331365509,0.0573761432498104,45,8072,7357
0.1631757773318056,0.0790765070978417,0.9335851094390796,0.3192948430018053,0.055973676140811,46,8072,7357
0.1631757773318056,0.0790765070978417,0.9335851094390796,0.3192948430018053,0.055973676140811,47,8072,7357
0.1631757773318056,0.0790765070978417,0.9335851094390796,0.3192948430018053,0.055973676140811,48,8072,7357
0.1631757773318056,0.0790765070978417,0.9335851094390796,0.3192948430018053,0.055973676140811,49,8072,7357
0.1631757773318056,0.0790765070978417,0.9335851094390796,0.3192948430018053,0.055973676140811,50,8072,7357
0.1631757773318056,0.0790765070978417,0.9335851094390796,0.3192948430018053,0.055973676140811,51,8072,7357
0.1631757773318056,0.0790765070978417,0.9335851094390796,0.3192948430018053,0.055973676140811,52,8072,7357
0.1631757773318056,0.0790765070978417,0.9335851094390796,0.3192948430018053,0.055973676140811,53,8072,7357
0.1631757773318056,0.0790765070978417,0.9335851094390796,0.3192948430018053,0.055973676140811,54,8072,7357
0.1631757773318056,0.0790765070978417,0.9335851094390796,0.3192948430018053,0.055973676140811,55,8072,7357
0.156883625105226,0.0810812730667487,0.9343740405388778,0.3185763991242902,0.0551719289949997,56,8072,7357
0.1570805034772619,0.0805356771752346,0.9340316408290058,0.3193716481751474,0.054398106937696,57,8072,7357
0.1570805034772619,0.0805356771752346,0.9340316408290058,0.3193716481751474,0.054398106937696,58,8072,7357
0.1570805034772619,0.0805356771752346,0.9340316408290058,0.3193716481751474,0.054398106937696,59,8072,7357
0.1570805034772619,0.0805356771752346,0.9340316408290058,0.3193716481751474,0.054398106937696,60,8072,7357
0.1570547599584145,0.0791837278309492,0.9340139075133272,0.3192410565159749,0.0543207387578528,61,8072,7357
0.1570823254114322,0.0805123262275133,0.9339840475434302,0.3188129366352882,0.0539123132943581,62,8072,7357
0.1570823254114322,0.0805123262275133,0.9339840475434302,0.3188129366352882,0.0539123132943581,63,8072,7357
0.1570823254114322,0.0805123262275133,0.9339840475434302,0.3188129366352882,0.0539123132943581,64,8072,7357
0.1570823254114322,0.0805123262275133,0.9339840475434302,0.3188129366352882,0.0539123132943581,65,8072,7357
0.156959912492949,0.0791631434519084,0.933820834415134,0.3185293761115507,0.0538905525367583,66,8072,7357
0.156959912492949,0.0791631434519084,0.933820834415134,0.3185293761115507,0.0538905525367583,67,8072,7357
0.156959912492949,0.0791631434519084,0.933820834415134,0.3185293761115507,0.0538905525367583,68,8072,7357
0.1570601950605116,0.080511376383913,0.9339850130952482,0.3178922410464121,0.0521373843347716,69,8072,7357
0.1570601950605116,0.080511376383913,0.9339850130952482,0.3178922410464121,0.0521373843347716,70,8072,7357
0.1570601950605116,0.080511376383913,0.9339850130952482,0.3178922410464121,0.0521373843347716,71,8072,7357
0.1570601950605116,0.080511376383913,0.9339850130952482,0.3178922410464121,0.0521373843347716,72,8072,7357
0.1570601950605116,0.080511376383913,0.9339850130952482,0.3178922410464121,0.0521373843347716,73,8072,7357
0.1570601950605116,0.080511376383913,0.9339850130952482,0.3178922410464121,0.0521373843347716,74,8072,7357
0.1570601950605116,0.080511376383913,0.9339850130952482,0.3178922410464121,0.0521373843347716,75,8072,7357
0.1570601950605116,0.080511376383913,0.9339850130952482,0.3178922410464121,0.0521373843347716,76,8072,7357
0.1570601950605116,0.080511376383913,0.9339850130952482,0.3178922410464121,0.0521373843347716,77,8072,7357
0.1570601950605116,0.080511376383913,0.9339850130952482,0.3178922410464121,0.0521373843347716,78,8072,7357
0.1570601950605116,0.080511376383913,0.9339850130952482,0.3178922410464121,0.0521373843347716,79,8072,7357
0.1570601950605116,0.080511376383913,0.9339850130952482,0.3178922410464121,0.0521373843347716,80,8072,7357
0.156989797120364,0.0791837278309492,0.9340955736640948,0.3178835318911928,0.0521156235771718,81,8072,7357
0.156989797120364,0.0791837278309492,0.9340955736640948,0.3178835318911928,0.0521156235771718,82,8072,7357
0.156989797120364,0.0791837278309492,0.9340955736640948,0.3178835318911928,0.0521156235771718,83,8072,7357
0.156989797120364,0.0791837278309492,0.9340955736640948,0.3178835318911928,0.0521156235771718,84,8072,7357
0.156989797120364,0.0791837278309492,0.9340955736640948,0.3178835318911928,0.0521156235771718,85,8072,7357
0.156989797120364,0.0791837278309492,0.9340955736640948,0.3178835318911928,0.0521156235771718,86,8072,7357
0.156989797120364,0.0791837278309492,0.9340955736640948,0.3178835318911928,0.0521156235771718,87,8072,7357
0.156989797120364,0.0791837278309492,0.9340955736640948,0.3178835318911928,0.0521156235771718,88,8072,7357
0.156989797120364,0.0791837278309492,0.9340955736640948,0.3178835318911928,0.0521156235771718,89,8072,7357
0.156989797120364,0.0791837278309492,0.9340955736640948,0.3178835318911928,0.0521156235771718,90,8072,7357
0.156989797120364,0.0791837278309492,0.9340955736640948,0.3178835318911928,0.0521156235771718,91,8072,7357
0.156989797120364,0.0791837278309492,0.9340955736640948,0.3178835318911928,0.0521156235771718,92,8072,7357
0.156989797120364,0.0791837278309492,0.9340955736640948,0.3178835318911928,0.0521156235771718,93,8072,7357
0.156989797120364,0.0791837278309492,0.9340955736640948,0.3178835318911928,0.0521156235771718,94,8072,7357
0.156989797120364,0.0791837278309492,0.9340955736640948,0.3178835318911928,0.0521156235771718,95,8072,7357
0.156989797120364,0.0791837278309492,0.9340955736640948,0.3178835318911928,0.0521156235771718,96,8072,7357
0.156989797120364,0.0791837278309492,0.9340955736640948,0.3178835318911928,0.0521156235771718,97,8072,7357
0.156989797120364,0.0791837278309492,0.9340955736640948,0.3178835318911928,0.0521156235771718,98,8072,7357
0.156989797120364,0.0791837278309492,0.9340955736640948,0.3178835318911928,0.0521156235771718,99,8072,7357
0.156989797120364,0.0791837278309492,0.9340955736640948,0.3178835318911928,0.0521156235771718,100,8072,7357
0.156989797120364,0.0791837278309492,0.9340955736640948,0.3178835318911928,0.0521156235771718,101,8072,7357
0.156989797120364,0.0791837278309492,0.9340955736640948,0.3178835318911928,0.0521156235771718,102,8072,7357
0.156989797120364,0.0791837278309492,0.9340955736640948,0.3178835318911928,0.0521156235771718,103,8072,7357
0.156989797120364,0.0791837278309492,0.9340955736640948,0.3178835318911928,0.0521156235771718,104,8072,7357
0.156989797120364,0.0791837278309492,0.9340955736640948,0.3178835318911928,0.0521156235771718,105,8072,7357
0.156989797120364,0.0791837278309492,0.9340955736640948,0.3178835318911928,0.0521156235771718,106,8072,7357
0.42118881422895527,0.4468129517344519,0.9469066664934074,0.29981554243781305,0.20115844190832033,0,8072,8072
0.01197250887973006,0.4446583551774633,0.9492729925432772,0.29598269835827984,0.17453498922591243,1,8072,8072
0.01197250887973006,0.4446583551774633,0.9492729925432772,0.29598269835827984,0.17453498922591243,2,8072,8072
0.12355320899849737,0.5717350440939176,0.9170777415673893,0.38389758902777427,0.15015811019528535,3,8072,8072
0.12355320899849737,0.5717350440939176,0.9170777415673893,0.38389758902777427,0.15015811019528535,4,8072,8072
0.1541395883319452,0.2629138441136115,0.9173169716926387,0.2321645393152555,0.14711972710501783,5,8072,8072
0.14819619727509914,0.1197260795186269,0.9158674275353557,0.26796120819716035,0.1435576583488074,6,8072,8072
0.15425136977076256,0.2629138441136115,0.9226140437591354,0.4123755562917657,0.1340801621356989,7,8072,8072
0.15425136977076256,0.2629138441136115,0.9226140437591354,0.4123755562917657,0.1340801621356989,8,8072,8072
0.15858542227047978,0.35326050133072184,0.9371869062258693,0.3384161678710709,0.12983255047203873,9,8072,8072
0.15858542227047978,0.3160893740156435,0.9342979305869844,0.3920658090163855,0.12333344550133896,10,8072,8072
0.15858542227047978,0.3160893740156435,0.9342979305869844,0.3920658090163855,0.12333344550133896,11,8072,8072
0.16797822034560742,0.08897913019946121,0.9239324987321931,0.39767661579100944,0.1178237617073998,12,8072,8072
0.1541395883319452,0.3270955680292914,0.8997424233317234,0.31851766203260173,0.1057071502417239,13,8072,8072
0.1541395883319452,0.3270955680292914,0.8997424233317234,0.31851766203260173,0.1057071502417239,14,8072,8072
0.1541395883319452,0.3270955680292914,0.8997424233317234,0.31851766203260173,0.1057071502417239,15,8072,8072
0.1541395883319452,0.3270955680292914,0.8997424233317234,0.31851766203260173,0.1057071502417239,16,8072,8072
0.1541395883319452,0.3270955680292914,0.8997424233317234,0.31851766203260173,0.1057071502417239,17,8072,8072
0.1541395883319452,0.3270955680292914,0.8997424233317234,0.31851766203260173,0.1057071502417239,18,8072,8072
0.1645280935911844,0.09244577519903682,0.9037952346422014,0.3636109254857194,0.10274420064741807,19,8072,8072
0.15735718627506873,0.08981052942519675,0.9339433687086575,0.3193459995195161,0.09552411497567657,20,8072,8072
0.15735718627506873,0.08981052942519675,0.9339433687086575,0.3193459995195161,0.09552411497567657,21,8072,8072
0.15735718627506873,0.08981052942519675,0.9339433687086575,0.3193459995195161,0.09552411497567657,22,8072,8072
0.15735718627506873,0.08981052942519675,0.9339433687086575,0.3193459995195161,0.09552411497567657,23,8072,8072
0.15735718627506873,0.08981052942519675,0.9339433687086575,0.3193459995195161,0.09552411497567657,24,8072,8072
0.15735718627506873,0.0963841907488376,0.9339433687086575,0.3193459995195161,0.09513157148478353,25,8072,8072
0.15735718627506873,0.0963841907488376,0.9339433687086575,0.3193459995195161,0.09513157148478353,26,8072,8072
0.15869448111965842,0.08528699168910923,0.9368241781310519,0.31832120399461317,0.09453709978970336,27,8072,8072
0.15869448111965842,0.08528699168910923,0.9368241781310519,0.31832120399461317,0.09453709978970336,28,8072,8072
0.15869448111965842,0.08528699168910923,0.9368241781310519,0.31832120399461317,0.09453709978970336,29,8072,8072
0.15869448111965842,0.08528699168910923,0.9368241781310519,0.31832120399461317,0.09453709978970336,30,8072,8072
0.15869448111965842,0.08528699168910923,0.9368241781310519,0.31832120399461317,0.09453709978970336,31,8072,8072
0.15869448111965842,0.08528699168910923,0.9368241781310519,0.31832120399461317,0.09453709978970336,32,8072,8072
0.1587876341382563,0.08069935464544077,0.9341090972254498,0.3179007007663877,0.09269496303729048,33,8072,8072
0.1587876341382563,0.08069935464544077,0.9341090972254498,0.3179007007663877,0.09269496303729048,34,8072,8072
0.1569061201308934,0.08033927712537654,0.9364410940543271,0.3179376393418011,0.09262903107091862,35,8072,8072
0.1569061201308934,0.08033927712537654,0.9364410940543271,0.3179376393418011,0.09262903107091862,36,8072,8072
0.15696473664657615,0.09006183282203276,0.9028074094555296,0.3183116168142883,0.09217468918155465,37,8072,8072
0.15696473664657615,0.09164840583116032,0.9028074094555296,0.3183116168142883,0.09199937894972259,38,8072,8072
0.15734956985891926,0.0812375838998348,0.9029053657049203,0.31831505265937066,0.09147352666905735,39,8072,8072
0.15734956985891926,0.0812375838998348,0.9029053657049203,0.31831505265937066,0.09147352666905735,40,8072,8072
0.15734956985891926,0.0812375838998348,0.9029053657049203,0.31831505265937066,0.09147352666905735,41,8072,8072
0.15734956985891926,0.0812375838998348,0.9029053657049203,0.31831505265937066,0.09147352666905735,42,8072,8072
0.15734956985891926,0.0812375838998348,0.9029053657049203,0.31831505265937066,0.09147352666905735,43,8072,8072
0.15734956985891926,0.0812375838998348,0.9029053657049203,0.31831505265937066,0.09147352666905735,44,8072,8072
0.1569707267290152,0.0812375838998348,0.9029053657049203,0.31790122636194934,0.09128576876843757,45,8072,8072
0.1569707267290152,0.0812375838998348,0.9029053657049203,0.31790122636194934,0.09128576876843757,46,8072,8072
0.1569707267290152,0.0812375838998348,0.9029053657049203,0.31790122636194934,0.09128576876843757,47,8072,8072
0.1569707267290152,0.0812375838998348,0.9029053657049203,0.31790122636194934,0.09128576876843757,48,8072,8072
0.1569707267290152,0.0812375838998348,0.9029053657049203,0.31790122636194934,0.09128576876843757,49,8072,8072
0.15739071759703904,0.08100330749096406,0.9028047654344943,0.3183120012820764,0.09118499342916093,50,8072,8072
0.15690370091541325,0.07924823614238696,0.9028074094555296,0.318308660397532,0.09098710189094385,51,8072,8072
0.15690370091541325,0.07924823614238696,0.9028074094555296,0.318308660397532,0.09098710189094385,52,8072,8072
0.15690370091541325,0.07924823614238696,0.9028074094555296,0.318308660397532,0.09098710189094385,53,8072,8072
0.15690370091541325,0.07924823614238696,0.9028074094555296,0.318308660397532,0.09098710189094385,54,8072,8072
0.15690370091541325,0.07924823614238696,0.9028074094555296,0.318308660397532,0.09098710189094385,55,8072,8072
0.15690370091541325,0.07924823614238696,0.9028074094555296,0.318308660397532,0.09098710189094385,56,8072,8072
0.15690370091541325,0.07924823614238696,0.9028074094555296,0.318308660397532,0.09098710189094385,57,8072,8072
0.15690370091541325,0.07924823614238696,0.9028074094555296,0.318308660397532,0.09098710189094385,58,8072,8072
0.15690370091541325,0.07924823614238696,0.9028074094555296,0.318308660397532,0.09098710189094385,59,8072,8072
0.15690370091541325,0.07924823614238696,0.9028074094555296,0.318308660397532,0.09098710189094385,60,8072,8072
0.15690370091541325,0.07924823614238696,0.9028074094555296,0.318308660397532,0.09098710189094385,61,8072,8072
0.15690370091541325,0.07924823614238696,0.9028074094555296,0.318308660397532,0.09098710189094385,62,8072,8072
0.15690370091541325,0.07924823614238696,0.9028074094555296,0.318308660397532,0.09098710189094385,63,8072,8072
0.15690370091541325,0.07924823614238696,0.9028074094555296,0.318308660397532,0.09098710189094385,64,8072,8072
0.15690370091541325,0.07924823614238696,0.9028074094555296,0.318308660397532,0.09098710189094385,65,8072,8072
0.15690370091541325,0.07924823614238696,0.9028074094555296,0.318308660397532,0.09098710189094385,66,8072,8072
0.15690370091541325,0.07924823614238696,0.9028074094555296,0.318308660397532,0.09098710189094385,67,8072,8072
0.15690370091541325,0.07924823614238696,0.9028074094555296,0.318308660397532,0.09098710189094385,68,8072,8072
0.15690370091541325,0.07924823614238696,0.9028074094555296,0.318308660397532,0.09098710189094385,69,8072,8072
0.15690370091541325,0.07924823614238696,0.9028074094555296,0.318308660397532,0.09098710189094385,70,8072,8072
0.15690370091541325,0.07924823614238696,0.9028074094555296,0.318308660397532,0.09098710189094385,71,8072,8072
0.15690370091541325,0.07924823614238696,0.9028074094555296,0.318308660397532,0.09098710189094385,72,8072,8072
0.15690370091541325,0.07924823614238696,0.9028074094555296,0.318308660397532,0.09098710189094385,73,8072,8072
0.15690370091541325,0.07924823614238696,0.9028074094555296,0.318308660397532,0.09098710189094385,74,8072,8072
0.15690370091541325,0.07924823614238696,0.9028074094555296,0.318308660397532,0.09098710189094385,75,8072,8072
0.15690370091541325,0.07924823614238696,0.9028074094555296,0.318308660397532,0.09098710189094385,76,8072,8072
