alpha,gamma,beta,p_frac,performance,iteration,m,n
0.5412268555474342,0.1097346640066967,0.2763130140951527,0.6400105583176766,-0.1440980429372799,0,3072,3072
0.5789449339934719,0.1097346640066967,0.2763130140951527,0.6911742775559903,-0.1642818922509304,1,3072,3072
0.5789449339934719,0.1097346640066967,0.2763130140951527,0.6911742775559903,-0.1642818922509304,2,3072,3072
0.5789449339934719,0.1097346640066967,0.2763130140951527,0.6911742775559903,-0.1642818922509304,3,3072,3072
0.5789449339934719,0.1052185283291085,0.2763130140951527,0.7436208749046508,-0.1740548563568643,4,3072,3072
0.5789449339934719,0.1052185283291085,0.2763130140951527,0.7436208749046508,-0.1740548563568643,5,3072,3072
0.5417191010933584,0.0690080354789975,0.2763130140951527,0.7436208749046508,-0.1757842340867169,6,3072,3072
0.5417191010933584,0.0690080354789975,0.2763130140951527,0.7436208749046508,-0.1757842340867169,7,3072,3072
0.5279223788269096,0.0737697554722303,0.2887339428488989,0.7418886428987717,-0.1764292546223156,8,3072,3072
0.5279223788269096,0.0737697554722303,0.2887339428488989,0.7418886428987717,-0.1764292546223156,9,3072,3072
0.5279223788269096,0.0737697554722303,0.2887339428488989,0.7418886428987717,-0.1764292546223156,10,3072,3072
0.5279223788269096,0.0737697554722303,0.2887339428488989,0.7418886428987717,-0.1764292546223156,11,3072,3072
0.5259550335496839,0.1661403168610693,0.3094093539112204,0.712627149538104,-0.1767972438998621,12,3072,3072
0.5259550335496839,0.1661403168610693,0.3094093539112204,0.712627149538104,-0.1767972438998621,13,3072,3072
0.5259550335496839,0.1661403168610693,0.3094093539112204,0.712627149538104,-0.1767972438998621,14,3072,3072
0.52770380894642,0.0803918816264696,0.3100528813494513,0.7430078096941098,-0.1777428542233077,15,3072,3072
0.5305811145002824,0.1024691868201236,0.3051317550475018,0.7446950510149949,-0.1777991534923213,16,3072,3072
0.5305811145002824,0.1024691868201236,0.3051317550475018,0.7446950510149949,-0.1777991534923213,17,3072,3072
0.5305811145002824,0.1024691868201236,0.3051317550475018,0.7446950510149949,-0.1777991534923213,18,3072,3072
0.5305811145002824,0.1024691868201236,0.3051317550475018,0.7446950510149949,-0.1777991534923213,19,3072,3072
0.5305811145002824,0.1024691868201236,0.3051317550475018,0.7446950510149949,-0.1777991534923213,20,3072,3072
0.5305811145002824,0.1024691868201236,0.3051317550475018,0.7446950510149949,-0.1777991534923213,21,3072,3072
0.5305811145002824,0.1024691868201236,0.3051317550475018,0.7446950510149949,-0.1777991534923213,22,3072,3072
0.5305811145002824,0.1024691868201236,0.3051317550475018,0.7446950510149949,-0.1777991534923213,23,3072,3072
0.5305811145002824,0.1024691868201236,0.3051317550475018,0.7446950510149949,-0.1777991534923213,24,3072,3072
0.5305811145002824,0.1024691868201236,0.3051317550475018,0.7446950510149949,-0.1777991534923213,25,3072,3072
0.5305811145002824,0.1024691868201236,0.3051317550475018,0.7446950510149949,-0.1777991534923213,26,3072,3072
0.5305811145002824,0.1024691868201236,0.3051317550475018,0.7446950510149949,-0.1777991534923213,27,3072,3072
0.5305811145002824,0.1024691868201236,0.3051317550475018,0.7446950510149949,-0.1777991534923213,28,3072,3072
0.5305811145002824,0.1024691868201236,0.3051317550475018,0.7446950510149949,-0.1777991534923213,29,3072,3072
0.5305811145002824,0.1024691868201236,0.3051317550475018,0.7446950510149949,-0.1777991534923213,30,3072,3072
0.5305811145002824,0.1024691868201236,0.3051317550475018,0.7446950510149949,-0.1777991534923213,31,3072,3072
0.5305811145002824,0.1024691868201236,0.3051317550475018,0.7446950510149949,-0.1777991534923213,32,3072,3072
0.5305811145002824,0.1024691868201236,0.3051317550475018,0.7446950510149949,-0.1777991534923213,33,3072,3072
0.5305811145002824,0.1024691868201236,0.3051317550475018,0.7446950510149949,-0.1777991534923213,34,3072,3072
0.5305811145002824,0.1024691868201236,0.3051317550475018,0.7446950510149949,-0.1777991534923213,35,3072,3072
0.5305811145002824,0.1024691868201236,0.3051317550475018,0.7446950510149949,-0.1777991534923213,36,3072,3072
0.5305811145002824,0.1024691868201236,0.3051317550475018,0.7446950510149949,-0.1777991534923213,37,3072,3072
0.5412268555474342,0.1097346640066967,0.2763130140951527,0.6400105583176766,-0.1453047951235458,0,3072,3786
0.5789449339934719,0.1097346640066967,0.2763130140951527,0.6911742775559903,-0.1654755049400841,1,3072,3786
0.5789449339934719,0.1097346640066967,0.2763130140951527,0.6911742775559903,-0.1654755049400841,2,3072,3786
0.5789449339934719,0.1097346640066967,0.2763130140951527,0.6911742775559903,-0.1654755049400841,3,3072,3786
0.6003220799085816,0.0949595223947352,0.3269954907328029,0.6847187889672722,-0.1710295603877458,4,3072,3786
0.6003220799085816,0.0949595223947352,0.3269954907328029,0.6847187889672722,-0.1710295603877458,5,3072,3786
0.5797351894570264,0.1226620295711404,0.2902984050206921,0.7128277498402984,-0.1752484690460179,6,3072,3786
0.5397966543972961,0.0934285754100532,0.2751035234710467,0.6847187889672722,-0.1752995138697063,7,3072,3786
0.5412268555474342,0.1097346640066967,0.2825891094800274,0.7228294685114209,-0.1769778467758705,8,3072,3786
0.5264982663287895,0.0904827619659864,0.3034987346260083,0.7000262652819572,-0.178445996478099,9,3072,3786
0.5264982663287895,0.0904827619659864,0.3034987346260083,0.7000262652819572,-0.178445996478099,10,3072,3786
0.5264982663287895,0.0796720150954512,0.3030930229610436,0.7195409247479293,-0.1787498018616671,11,3072,3786
0.5264982663287895,0.0796720150954512,0.3030930229610436,0.7195409247479293,-0.1787498018616671,12,3072,3786
0.5264982663287895,0.0796720150954512,0.3030930229610436,0.7195409247479293,-0.1787498018616671,13,3072,3786
0.5264982663287895,0.0796720150954512,0.3030930229610436,0.7195409247479293,-0.1787498018616671,14,3072,3786
0.5264982663287895,0.0935753322925747,0.3034987346260083,0.7373823524591859,-0.1800634014626592,15,3072,3786
0.5264982663287895,0.0935753322925747,0.3034987346260083,0.7373823524591859,-0.1800634014626592,16,3072,3786
0.5264982663287895,0.0935753322925747,0.3034987346260083,0.7373823524591859,-0.1800634014626592,17,3072,3786
0.5264982663287895,0.0935753322925747,0.3034987346260083,0.7373823524591859,-0.1800634014626592,18,3072,3786
0.5264982663287895,0.0935753322925747,0.3034987346260083,0.7373823524591859,-0.1800634014626592,19,3072,3786
0.5264982663287895,0.0935753322925747,0.3034987346260083,0.7373823524591859,-0.1800634014626592,20,3072,3786
0.5264982663287895,0.0935753322925747,0.3034987346260083,0.7373823524591859,-0.1800634014626592,21,3072,3786
0.5264982663287895,0.0935753322925747,0.3034987346260083,0.7373823524591859,-0.1800634014626592,22,3072,3786
0.5264982663287895,0.0935753322925747,0.3034987346260083,0.7373823524591859,-0.1800634014626592,23,3072,3786
0.5300915909264207,0.053951843257331,0.3085477233310992,0.738624387900405,-0.1801197007316728,24,3072,3786
0.5300915909264207,0.053951843257331,0.3085477233310992,0.738624387900405,-0.1801197007316728,25,3072,3786
0.5300915909264207,0.053951843257331,0.3085477233310992,0.738624387900405,-0.1801197007316728,26,3072,3786
0.5300915909264207,0.053951843257331,0.3085477233310992,0.738624387900405,-0.1801197007316728,27,3072,3786
0.5300915909264207,0.053951843257331,0.3085477233310992,0.738624387900405,-0.1801197007316728,28,3072,3786
0.5300915909264207,0.053951843257331,0.3085477233310992,0.738624387900405,-0.1801197007316728,29,3072,3786
0.5300915909264207,0.053951843257331,0.3085477233310992,0.738624387900405,-0.1801197007316728,30,3072,3786
0.5300915909264207,0.053951843257331,0.3085477233310992,0.738624387900405,-0.1801197007316728,31,3072,3786
0.5300915909264207,0.053951843257331,0.3085477233310992,0.738624387900405,-0.1801197007316728,32,3072,3786
0.5300915909264207,0.053951843257331,0.3085477233310992,0.738624387900405,-0.1801197007316728,33,3072,3786
0.5300915909264207,0.053951843257331,0.3085477233310992,0.738624387900405,-0.1801197007316728,34,3072,3786
0.5300915909264207,0.053951843257331,0.3085477233310992,0.738624387900405,-0.1801197007316728,35,3072,3786
0.5300915909264207,0.053951843257331,0.3085477233310992,0.738624387900405,-0.1801197007316728,36,3072,3786
0.5300915909264207,0.053951843257331,0.3085477233310992,0.738624387900405,-0.1801197007316728,37,3072,3786
0.5300915909264207,0.053951843257331,0.3085477233310992,0.738624387900405,-0.1801197007316728,38,3072,3786
0.5300915909264207,0.053951843257331,0.3085477233310992,0.738624387900405,-0.1801197007316728,39,3072,3786
0.5300915909264207,0.053951843257331,0.3085477233310992,0.738624387900405,-0.1801197007316728,40,3072,3786
0.5300915909264207,0.053951843257331,0.3085477233310992,0.738624387900405,-0.1801197007316728,41,3072,3786
0.5300915909264207,0.053951843257331,0.3085477233310992,0.738624387900405,-0.1801197007316728,42,3072,3786
0.5300915909264207,0.053951843257331,0.3085477233310992,0.738624387900405,-0.1801197007316728,43,3072,3786
0.5300915909264207,0.053951843257331,0.3085477233310992,0.738624387900405,-0.1801197007316728,44,3072,3786
0.5300915909264207,0.053951843257331,0.3085477233310992,0.738624387900405,-0.1801197007316728,45,3072,3786
0.5300915909264207,0.053951843257331,0.3085477233310992,0.738624387900405,-0.1801197007316728,46,3072,3786
0.5300915909264207,0.053951843257331,0.3085477233310992,0.738624387900405,-0.1801197007316728,47,3072,3786
0.5300915909264207,0.053951843257331,0.3085477233310992,0.738624387900405,-0.1801197007316728,48,3072,3786
0.5300915909264207,0.053951843257331,0.3085477233310992,0.738624387900405,-0.1801197007316728,49,3072,3786
0.5412268555474342,0.1097346640066967,0.2763130140951527,0.6400105583176766,-0.1171435030769925,0,3072,4500
0.5789449339934719,0.1097346640066967,0.2763130140951527,0.6911742775559903,-0.1364422821568443,1,3072,4500
0.5789449339934719,0.1097346640066967,0.2763130140951527,0.6911742775559903,-0.1364422821568443,2,3072,4500
0.9920140846618968,0.1095237453700499,0.4971665123217313,0.7088753241690366,-0.1385738815269816,3,3072,4500
0.9920140846618968,0.1095237453700499,0.4971665123217313,0.7088753241690366,-0.1385738815269816,4,3072,4500
0.5724903544388267,0.5969877305237564,0.2874408799761094,0.7434368526321353,-0.1432515975053656,5,3072,4500
0.5724903544388267,0.5969877305237564,0.2874408799761094,0.7434368526321353,-0.1432515975053656,6,3072,4500
0.5724903544388267,0.5969877305237564,0.2874408799761094,0.7434368526321353,-0.1432515975053656,7,3072,4500
0.5258094642244823,0.1977019639883706,0.5766151534820756,0.6873319922983631,-0.1455513677018868,8,3072,4500
0.5412268555474342,0.1131291126837615,0.2763130140951527,0.678621351211797,-0.1463474745625662,9,3072,4500
0.518484149733754,0.1096068623455856,0.3079382989414433,0.6787947653939942,-0.1484607969512529,10,3072,4500
0.5255299266124921,0.1977019639883706,0.2750662216760644,0.7192723764562169,-0.1513971578417337,11,3072,4500
0.5255299266124921,0.1977019639883706,0.2750662216760644,0.7192723764562169,-0.1513971578417337,12,3072,4500
0.5255299266124921,0.1977019639883706,0.2750662216760644,0.7192723764562169,-0.1513971578417337,13,3072,4500
0.5244513775460846,0.1348567765589715,0.3047448997316884,0.7273506922249476,-0.1518737608237735,14,3072,4500
0.5244513775460846,0.1348567765589715,0.3047448997316884,0.7273506922249476,-0.1518737608237735,15,3072,4500
0.5274378986566258,0.0073289541746912,0.2991423259027463,0.7113674611657798,-0.1523427681651792,16,3072,4500
0.5274378986566258,0.0073289541746912,0.2991423259027463,0.7113674611657798,-0.1523427681651792,17,3072,4500
0.5294563645849387,0.1496499882733996,0.3073743425183139,0.7157584987874467,-0.1528756704162327,18,3072,4500
0.5294563645849387,0.1496499882733996,0.3073743425183139,0.7157584987874467,-0.1528756704162327,19,3072,4500
0.5294563645849387,0.1496499882733996,0.3073743425183139,0.7157584987874467,-0.1528756704162327,20,3072,4500
0.5294563645849387,0.1496499882733996,0.3073743425183139,0.7157584987874467,-0.1528756704162327,21,3072,4500
0.5294563645849387,0.1496499882733996,0.3073743425183139,0.7157584987874467,-0.1528756704162327,22,3072,4500
0.5294563645849387,0.1496499882733996,0.3073743425183139,0.7157584987874467,-0.1528756704162327,23,3072,4500
0.5294563645849387,0.1496499882733996,0.3073743425183139,0.7157584987874467,-0.1528756704162327,24,3072,4500
0.5294563645849387,0.1496499882733996,0.3073743425183139,0.7157584987874467,-0.1528756704162327,25,3072,4500
0.5294563645849387,0.1496499882733996,0.3073743425183139,0.7157584987874467,-0.1528756704162327,26,3072,4500
0.5294563645849387,0.1496499882733996,0.3073743425183139,0.7157584987874467,-0.1528756704162327,27,3072,4500
0.5294563645849387,0.1496499882733996,0.3073743425183139,0.7157584987874467,-0.1528756704162327,28,3072,4500
0.5294563645849387,0.1496499882733996,0.3073743425183139,0.7157584987874467,-0.1528756704162327,29,3072,4500
0.5294563645849387,0.1496499882733996,0.3073743425183139,0.7157584987874467,-0.1528756704162327,30,3072,4500
0.5294563645849387,0.1496499882733996,0.3073743425183139,0.7157584987874467,-0.1528756704162327,31,3072,4500
0.5294563645849387,0.1496499882733996,0.3073743425183139,0.7157584987874467,-0.1528756704162327,32,3072,4500
0.5294563645849387,0.1496499882733996,0.3073743425183139,0.7157584987874467,-0.1528756704162327,33,3072,4500
0.5294563645849387,0.1496499882733996,0.3073743425183139,0.7157584987874467,-0.1528756704162327,34,3072,4500
0.5294563645849387,0.1496499882733996,0.3073743425183139,0.7157584987874467,-0.1528756704162327,35,3072,4500
0.5294563645849387,0.1496499882733996,0.3073743425183139,0.7157584987874467,-0.1528756704162327,36,3072,4500
0.5294563645849387,0.1496499882733996,0.3073743425183139,0.7157584987874467,-0.1528756704162327,37,3072,4500
0.5294563645849387,0.1496499882733996,0.3073743425183139,0.7157584987874467,-0.1528756704162327,38,3072,4500
0.5294563645849387,0.1496499882733996,0.3073743425183139,0.7157584987874467,-0.1528756704162327,39,3072,4500
0.2600974477372232,0.1326962975467872,0.5995244730532772,0.2434927120280825,-0.1130815117853745,0,3072,5214
0.510888884466533,0.1977019639883706,0.2883279886478656,0.4790335153981873,-0.1291322163118075,1,3072,5214
0.510888884466533,0.1977019639883706,0.2883279886478656,0.4790335153981873,-0.1291322163118075,2,3072,5214
0.7891869743096204,0.1288399441722394,0.7754134053255651,0.272042875605586,-0.1325292050557054,3,3072,5214
0.5466569727428372,0.0944799204432504,0.2937561166330248,0.301080502541422,-0.1363498574139688,4,3072,5214
0.5466569727428372,0.0944799204432504,0.2937561166330248,0.301080502541422,-0.1363498574139688,5,3072,5214
0.5466569727428372,0.0944799204432504,0.2937561166330248,0.301080502541422,-0.1363498574139688,6,3072,5214
0.5238193644434164,0.1323037744532265,0.29319015473712,0.2101579405172514,-0.1369402606639636,7,3072,5214
0.5460054060090344,0.0933883804488708,0.2764646216131274,0.240590417670728,-0.1409394142137922,8,3072,5214
0.5460054060090344,0.0933883804488708,0.2764646216131274,0.240590417670728,-0.1409394142137922,9,3072,5214
0.5460054060090344,0.0933883804488708,0.2764646216131274,0.240590417670728,-0.1409394142137922,10,3072,5214
0.5235050888556858,0.1197145886085287,0.3032172681028433,0.2433383351932165,-0.1433292002738091,11,3072,5214
0.5235050888556858,0.1197145886085287,0.3032172681028433,0.2433383351932165,-0.1433292002738091,12,3072,5214
0.5235050888556858,0.1197145886085287,0.3032172681028433,0.2433383351932165,-0.1433292002738091,13,3072,5214
0.5235050888556858,0.1197145886085287,0.3032172681028433,0.2433383351932165,-0.1433292002738091,14,3072,5214
0.5268523768147626,0.119567047051423,0.312099124084598,0.2434345649991573,-0.1438624038432923,15,3072,5214
0.5268523768147626,0.119567047051423,0.312099124084598,0.2434345649991573,-0.1438624038432923,16,3072,5214
0.5268523768147626,0.119567047051423,0.312099124084598,0.2434345649991573,-0.1438624038432923,17,3072,5214
0.5268523768147626,0.119567047051423,0.312099124084598,0.2434345649991573,-0.1438624038432923,18,3072,5214
0.5293973444021779,0.1205010220790585,0.3094915800604337,0.2437123520699172,-0.1439187031123059,19,3072,5214
0.5268365749562018,0.0023370336537348,0.3119215068073914,0.2523869758983099,-0.144123135367731,20,3072,5214
0.5268365749562018,0.0023370336537348,0.3119215068073914,0.2523869758983099,-0.144123135367731,21,3072,5214
0.5293973444021779,0.1163294303252353,0.3103900769467997,0.2495606862220137,-0.1441794346367445,22,3072,5214
0.5293973444021779,0.1163294303252353,0.3103900769467997,0.2495606862220137,-0.1441794346367445,23,3072,5214
0.5293973444021779,0.1163294303252353,0.3103900769467997,0.2495606862220137,-0.1441794346367445,24,3072,5214
0.5293973444021779,0.1163294303252353,0.3103900769467997,0.2495606862220137,-0.1441794346367445,25,3072,5214
0.5293973444021779,0.1163294303252353,0.3103900769467997,0.2495606862220137,-0.1441794346367445,26,3072,5214
0.5293973444021779,0.1163294303252353,0.3103900769467997,0.2495606862220137,-0.1441794346367445,27,3072,5214
0.5293973444021779,0.1163294303252353,0.3103900769467997,0.2495606862220137,-0.1441794346367445,28,3072,5214
0.5293973444021779,0.1163294303252353,0.3103900769467997,0.2495606862220137,-0.1441794346367445,29,3072,5214
0.5293973444021779,0.1163294303252353,0.3103900769467997,0.2495606862220137,-0.1441794346367445,30,3072,5214
0.5293973444021779,0.1163294303252353,0.3103900769467997,0.2495606862220137,-0.1441794346367445,31,3072,5214
0.5293973444021779,0.1163294303252353,0.3103900769467997,0.2495606862220137,-0.1441794346367445,32,3072,5214
0.5293973444021779,0.1163294303252353,0.3103900769467997,0.2495606862220137,-0.1441794346367445,33,3072,5214
0.5293973444021779,0.1163294303252353,0.3103900769467997,0.2495606862220137,-0.1441794346367445,34,3072,5214
0.5293973444021779,0.1163294303252353,0.3103900769467997,0.2495606862220137,-0.1441794346367445,35,3072,5214
0.5293973444021779,0.1163294303252353,0.3103900769467997,0.2495606862220137,-0.1441794346367445,36,3072,5214
0.5293973444021779,0.1163294303252353,0.3103900769467997,0.2495606862220137,-0.1441794346367445,37,3072,5214
0.5293973444021779,0.1163294303252353,0.3103900769467997,0.2495606862220137,-0.1441794346367445,38,3072,5214
0.5293973444021779,0.1163294303252353,0.3103900769467997,0.2495606862220137,-0.1441794346367445,39,3072,5214
0.5293973444021779,0.1163294303252353,0.3103900769467997,0.2495606862220137,-0.1441794346367445,40,3072,5214
0.5293973444021779,0.1163294303252353,0.3103900769467997,0.2495606862220137,-0.1441794346367445,41,3072,5214
0.5293973444021779,0.1163294303252353,0.3103900769467997,0.2495606862220137,-0.1441794346367445,42,3072,5214
0.5293973444021779,0.1163294303252353,0.3103900769467997,0.2495606862220137,-0.1441794346367445,43,3072,5214
0.5293973444021779,0.1163294303252353,0.3103900769467997,0.2495606862220137,-0.1441794346367445,44,3072,5214
0.5293973444021779,0.1163294303252353,0.3103900769467997,0.2495606862220137,-0.1441794346367445,45,3072,5214
0.5293973444021779,0.1163294303252353,0.3103900769467997,0.2495606862220137,-0.1441794346367445,46,3072,5214
0.5293973444021779,0.1163294303252353,0.3103900769467997,0.2495606862220137,-0.1441794346367445,47,3072,5214
0.2600974477372232,0.1326962975467872,0.5995244730532772,0.2434927120280825,-0.1183922472464643,0,3072,5929
0.510888884466533,0.1977019639883706,0.2883279886478656,0.4790335153981873,-0.1322844781060506,1,3072,5929
0.510888884466533,0.1977019639883706,0.2883279886478656,0.4790335153981873,-0.1322844781060506,2,3072,5929
0.5412268555474342,0.0971532331253776,0.2763130140951527,0.354364218042572,-0.1388929076571047,3,3072,5929
0.510888884466533,0.1977019639883706,0.2883279886478656,0.2737270394577492,-0.1432752954212471,4,3072,5929
0.510888884466533,0.1977019639883706,0.2883279886478656,0.2737270394577492,-0.1432752954212471,5,3072,5929
0.510888884466533,0.1977019639883706,0.2883279886478656,0.2737270394577492,-0.1432752954212471,6,3072,5929
0.5460333205947023,0.2004248041946449,0.2969149719235183,0.2401515210903125,-0.1470510437622764,7,3072,5929
0.5460333205947023,0.2004248041946449,0.2969149719235183,0.2401515210903125,-0.1470510437622764,8,3072,5929
0.5460333205947023,0.2004248041946449,0.2969149719235183,0.2401515210903125,-0.1470510437622764,9,3072,5929
0.5460333205947023,0.2004248041946449,0.3102282312027783,0.2400913678032936,-0.1486617581006886,10,3072,5929
0.5460333205947023,0.2004248041946449,0.3102282312027783,0.2400913678032936,-0.1486617581006886,11,3072,5929
0.5438124219952205,0.1985956327434539,0.3047072925703739,0.2501875047324584,-0.149544501640058,12,3072,5929
0.5331207060946562,0.0661695782214723,0.3096025833404411,0.2444885601387514,-0.1495922380428124,13,3072,5929
0.521585216855112,0.1794986554984788,0.3093940617774953,0.2539398806249345,-0.1505919006175885,14,3072,5929
0.521585216855112,0.1794986554984788,0.3093940617774953,0.2539398806249345,-0.1505919006175885,15,3072,5929
0.530653919399888,0.1298810117248386,0.3085557043038132,0.246706588348958,-0.1512084085126439,16,3072,5929
0.530653919399888,0.1298810117248386,0.3085557043038132,0.246706588348958,-0.1512084085126439,17,3072,5929
0.530653919399888,0.1298810117248386,0.3085557043038132,0.246706588348958,-0.1512084085126439,18,3072,5929
0.530653919399888,0.1298810117248386,0.3085557043038132,0.246706588348958,-0.1512084085126439,19,3072,5929
0.530653919399888,0.1298810117248386,0.3085557043038132,0.246706588348958,-0.1512084085126439,20,3072,5929
0.530653919399888,0.1298810117248386,0.3085557043038132,0.246706588348958,-0.1512084085126439,21,3072,5929
0.530653919399888,0.1298810117248386,0.3085557043038132,0.246706588348958,-0.1512084085126439,22,3072,5929
0.530653919399888,0.1298810117248386,0.3085557043038132,0.246706588348958,-0.1512084085126439,23,3072,5929
0.530653919399888,0.1298810117248386,0.3085557043038132,0.246706588348958,-0.1512084085126439,24,3072,5929
0.530653919399888,0.1298810117248386,0.3085557043038132,0.246706588348958,-0.1512084085126439,25,3072,5929
0.530653919399888,0.1298810117248386,0.3085557043038132,0.246706588348958,-0.1512084085126439,26,3072,5929
0.530653919399888,0.1298810117248386,0.3085557043038132,0.246706588348958,-0.1512084085126439,27,3072,5929
0.530653919399888,0.1298810117248386,0.3085557043038132,0.246706588348958,-0.1512084085126439,28,3072,5929
0.530653919399888,0.1298810117248386,0.3085557043038132,0.246706588348958,-0.1512084085126439,29,3072,5929
0.530653919399888,0.1298810117248386,0.3085557043038132,0.246706588348958,-0.1512084085126439,30,3072,5929
0.530653919399888,0.1298810117248386,0.3085557043038132,0.246706588348958,-0.1512084085126439,31,3072,5929
0.530653919399888,0.1298810117248386,0.3085557043038132,0.246706588348958,-0.1512084085126439,32,3072,5929
0.530653919399888,0.1298810117248386,0.3085557043038132,0.246706588348958,-0.1512084085126439,33,3072,5929
0.530653919399888,0.1298810117248386,0.3085557043038132,0.246706588348958,-0.1512084085126439,34,3072,5929
0.530653919399888,0.1298810117248386,0.3085557043038132,0.246706588348958,-0.1512084085126439,35,3072,5929
0.530653919399888,0.1298810117248386,0.3085557043038132,0.246706588348958,-0.1512084085126439,36,3072,5929
0.530653919399888,0.1298810117248386,0.3085557043038132,0.246706588348958,-0.1512084085126439,37,3072,5929
0.530653919399888,0.1298810117248386,0.3085557043038132,0.246706588348958,-0.1512084085126439,38,3072,5929
0.6734598871529389,0.016722821635377,0.9268052023585862,0.1225256507690002,-0.1136497637774807,0,3072,6643
0.6734598871529389,0.016722821635377,0.9268052023585862,0.1225256507690002,-0.1136497637774807,1,3072,6643
0.5381433132192782,0.0731900723909659,0.9628645784432278,0.3023711872983941,-0.1349064768872024,2,3072,6643
0.5381433132192782,0.0731900723909659,0.9628645784432278,0.3023711872983941,-0.1349064768872024,3,3072,6643
0.7403059251245059,0.0845517903711602,0.7669167745002602,0.2517483006794441,-0.139306618188762,4,3072,6643
0.7403059251245059,0.0845517903711602,0.7669167745002602,0.2517483006794441,-0.139306618188762,5,3072,6643
0.7403059251245059,0.0845517903711602,0.7669167745002602,0.2517483006794441,-0.139306618188762,6,3072,6643
0.5242018879787644,0.05316021749673,0.8736523503192679,0.2555454989344823,-0.1405016335470223,7,3072,6643
0.5242018879787644,0.05316021749673,0.8736523503192679,0.2555454989344823,-0.1405016335470223,8,3072,6643
0.547635183093389,0.025078124937303,0.7752735345044655,0.2424504513765287,-0.1410581629102241,9,3072,6643
0.5295667655465088,0.05316021749673,0.8736523503192679,0.25649396327992,-0.1411181414420777,10,3072,6643
0.5285545341347772,0.133930313812451,0.7763689163966141,0.2416232061079623,-0.1416304036692523,11,3072,6643
0.5285545341347772,0.133930313812451,0.7763689163966141,0.2416232061079623,-0.1416304036692523,12,3072,6643
0.5305843016218071,0.1339501240299839,0.7780602218347005,0.2473179018481543,-0.1425131472086218,13,3072,6643
0.5305843016218071,0.1339501240299839,0.7780602218347005,0.2473179018481543,-0.1425131472086218,14,3072,6643
0.5305843016218071,0.1339501240299839,0.7780602218347005,0.2473179018481543,-0.1425131472086218,15,3072,6643
0.5305843016218071,0.1339501240299839,0.7780602218347005,0.2473179018481543,-0.1425131472086218,16,3072,6643
0.5305843016218071,0.1339501240299839,0.7780602218347005,0.2473179018481543,-0.1425131472086218,17,3072,6643
0.5305843016218071,0.1339501240299839,0.7780602218347005,0.2473179018481543,-0.1425131472086218,18,3072,6643
0.5305843016218071,0.1339501240299839,0.7780602218347005,0.2473179018481543,-0.1425131472086218,19,3072,6643
0.5305843016218071,0.1339501240299839,0.7780602218347005,0.2473179018481543,-0.1425131472086218,20,3072,6643
0.5305843016218071,0.1339501240299839,0.7780602218347005,0.2473179018481543,-0.1425131472086218,21,3072,6643
0.5305843016218071,0.1339501240299839,0.7780602218347005,0.2473179018481543,-0.1425131472086218,22,3072,6643
0.5305843016218071,0.1339501240299839,0.7780602218347005,0.2473179018481543,-0.1425131472086218,23,3072,6643
0.5305843016218071,0.1339501240299839,0.7780602218347005,0.2473179018481543,-0.1425131472086218,24,3072,6643
0.5305843016218071,0.1339501240299839,0.7780602218347005,0.2473179018481543,-0.1425131472086218,25,3072,6643
0.5305843016218071,0.1339501240299839,0.7780602218347005,0.2473179018481543,-0.1425131472086218,26,3072,6643
0.5305843016218071,0.1339501240299839,0.7780602218347005,0.2473179018481543,-0.1425131472086218,27,3072,6643
0.5305843016218071,0.1339501240299839,0.7780602218347005,0.2473179018481543,-0.1425131472086218,28,3072,6643
0.5305843016218071,0.1339501240299839,0.7780602218347005,0.2473179018481543,-0.1425131472086218,29,3072,6643
0.5305843016218071,0.1339501240299839,0.7780602218347005,0.2473179018481543,-0.1425131472086218,30,3072,6643
0.5305843016218071,0.1339501240299839,0.7780602218347005,0.2473179018481543,-0.1425131472086218,31,3072,6643
0.5305843016218071,0.1339501240299839,0.7780602218347005,0.2473179018481543,-0.1425131472086218,32,3072,6643
0.5305843016218071,0.1339501240299839,0.7780602218347005,0.2473179018481543,-0.1425131472086218,33,3072,6643
0.5305843016218071,0.1339501240299839,0.7780602218347005,0.2473179018481543,-0.1425131472086218,34,3072,6643
0.5305843016218071,0.1339501240299839,0.7780602218347005,0.2473179018481543,-0.1425131472086218,35,3072,6643
0.5305843016218071,0.1339501240299839,0.7780602218347005,0.2473179018481543,-0.1425131472086218,36,3072,6643
0.5305843016218071,0.1339501240299839,0.7780602218347005,0.2473179018481543,-0.1425131472086218,37,3072,6643
0.5305843016218071,0.1339501240299839,0.7780602218347005,0.2473179018481543,-0.1425131472086218,38,3072,6643
0.8050548331450097,0.2012032007246644,0.7533654181283584,0.4394326601704705,-0.1189601529962293,0,3072,7357
0.8050548331450097,0.2012032007246644,0.7533654181283584,0.4394326601704705,-0.1189601529962293,1,3072,7357
0.6301035778714181,0.1190401652020615,0.9669749487136264,0.4876717835946151,-0.1360547574310976,2,3072,7357
0.6301035778714181,0.1190401652020615,0.9669749487136264,0.4876717835946151,-0.1360547574310976,3,3072,7357
0.7514785865187306,0.1265826955617229,0.774225158792538,0.2864910244716064,-0.1419390662328545,4,3072,7357
0.8779673880076736,0.0198354251123027,0.947493487851193,0.4048544402011848,-0.1430502544087059,5,3072,7357
0.8779673880076736,0.0198354251123027,0.947493487851193,0.4048544402011848,-0.1430502544087059,6,3072,7357
0.8779673880076736,0.0198354251123027,0.9473672097977788,0.2385333554590588,-0.1442622657367454,7,3072,7357
0.5333615080544118,0.0583093664941193,0.9947708556392696,0.2357114882292894,-0.1445907127968587,8,3072,7357
0.9992356766464684,0.0403958841383866,0.9288324208310396,0.3783256567747829,-0.1462671084234604,9,3072,7357
0.9992356766464684,0.0403958841383866,0.9288324208310396,0.3783256567747829,-0.1462671084234604,10,3072,7357
0.5932467108990219,0.0287564458180273,0.7794788012311425,0.2527159911867195,-0.1463574805906948,11,3072,7357
0.5932467108990219,0.0287564458180273,0.7794788012311425,0.2527159911867195,-0.1463574805906948,12,3072,7357
0.5270225350162305,0.1081826945204545,0.7659509743650369,0.2421954933709409,-0.1475516526933225,13,3072,7357
0.5406288126738019,0.0895987444973557,0.7755392007946846,0.2505060949093772,-0.1476227195840504,14,3072,7357
0.5314392012992422,0.0202795230867873,0.7802069944835331,0.2506033303408581,-0.1484343962326919,15,3072,7357
0.5314392012992422,0.0202795230867873,0.7802069944835331,0.2506033303408581,-0.1484343962326919,16,3072,7357
0.5314392012992422,0.0202795230867873,0.7802069944835331,0.2506033303408581,-0.1484343962326919,17,3072,7357
0.5314392012992422,0.0202795230867873,0.7802069944835331,0.2506033303408581,-0.1484343962326919,18,3072,7357
0.5314392012992422,0.0202795230867873,0.7802069944835331,0.2506033303408581,-0.1484343962326919,19,3072,7357
0.5314392012992422,0.0202795230867873,0.7802069944835331,0.2506033303408581,-0.1484343962326919,20,3072,7357
0.5314392012992422,0.0202795230867873,0.7802069944835331,0.2506033303408581,-0.1484343962326919,21,3072,7357
0.5314392012992422,0.0202795230867873,0.7802069944835331,0.2506033303408581,-0.1484343962326919,22,3072,7357
0.5314392012992422,0.0202795230867873,0.7802069944835331,0.2506033303408581,-0.1484343962326919,23,3072,7357
0.5314392012992422,0.0202795230867873,0.7802069944835331,0.2506033303408581,-0.1484343962326919,24,3072,7357
0.5314392012992422,0.0202795230867873,0.7802069944835331,0.2506033303408581,-0.1484343962326919,25,3072,7357
0.5314392012992422,0.0202795230867873,0.7802069944835331,0.2506033303408581,-0.1484343962326919,26,3072,7357
0.5314392012992422,0.0202795230867873,0.7802069944835331,0.2506033303408581,-0.1484343962326919,27,3072,7357
0.5314392012992422,0.0202795230867873,0.7802069944835331,0.2506033303408581,-0.1484343962326919,28,3072,7357
0.5314392012992422,0.0202795230867873,0.7802069944835331,0.2506033303408581,-0.1484343962326919,29,3072,7357
0.5314392012992422,0.0202795230867873,0.7802069944835331,0.2506033303408581,-0.1484343962326919,30,3072,7357
0.5314392012992422,0.0202795230867873,0.7802069944835331,0.2506033303408581,-0.1484343962326919,31,3072,7357
0.5314392012992422,0.0202795230867873,0.7802069944835331,0.2506033303408581,-0.1484343962326919,32,3072,7357
0.5314392012992422,0.0202795230867873,0.7802069944835331,0.2506033303408581,-0.1484343962326919,33,3072,7357
0.5314392012992422,0.0202795230867873,0.7802069944835331,0.2506033303408581,-0.1484343962326919,34,3072,7357
0.5314392012992422,0.0202795230867873,0.7802069944835331,0.2506033303408581,-0.1484343962326919,35,3072,7357
0.5314392012992422,0.0202795230867873,0.7802069944835331,0.2506033303408581,-0.1484343962326919,36,3072,7357
0.5314392012992422,0.0202795230867873,0.7802069944835331,0.2506033303408581,-0.1484343962326919,37,3072,7357
0.5314392012992422,0.0202795230867873,0.7802069944835331,0.2506033303408581,-0.1484343962326919,38,3072,7357
0.8050548331450097,0.2012032007246644,0.7533654181283584,0.4394326601704705,-0.1191375830157716,0,3072,8072
0.8050548331450097,0.2012032007246644,0.7533654181283584,0.4394326601704705,-0.1191375830157716,1,3072,8072
0.6434511661502598,0.2225068659462724,0.8208525439635634,0.2872589806827957,-0.1366886677455226,2,3072,8072
0.6704125198019032,0.0993126035617734,0.9691712689323512,0.2619365187261138,-0.1410069466621947,3,3072,8072
0.9443862258667984,0.1921539009491174,0.8847459586581496,0.2796369171512363,-0.1432592324117632,4,3072,8072
0.9443862258667984,0.174258080498832,0.9621774027560492,0.2938947945841291,-0.1436708384045034,5,3072,8072
0.9034889306955768,0.0824664354754701,0.9707811619770677,0.2636313970219955,-0.1439088745600465,6,3072,8072
0.9034889306955768,0.0824664354754701,0.9707811619770677,0.2636313970219955,-0.1439088745600465,7,3072,8072
0.9034889306955768,0.0824664354754701,0.9707811619770677,0.2636313970219955,-0.1439088745600465,8,3072,8072
0.8793328814230145,0.0264412607423056,0.9026306643650688,0.3860068134853171,-0.1464445384430027,9,3072,8072
0.8793328814230145,0.0264412607423056,0.9026306643650688,0.3860068134853171,-0.1464445384430027,10,3072,8072
0.8793328814230145,0.0264412607423056,0.9026306643650688,0.3860068134853171,-0.1464445384430027,11,3072,8072
0.8793328814230145,0.0264412607423056,0.9026306643650688,0.3860068134853171,-0.1464445384430027,12,3072,8072
0.8793328814230145,0.0264412607423056,0.9026306643650688,0.3860068134853171,-0.1464445384430027,13,3072,8072
0.5700143588675244,0.0499046803784085,0.773180951902493,0.2755895160545145,-0.1465525501977925,14,3072,8072
0.5700143588675244,0.0499046803784085,0.773180951902493,0.2755895160545145,-0.1465525501977925,15,3072,8072
0.5700143588675244,0.0499194694433707,0.7712482173572788,0.2401639934363285,-0.1469028032615297,16,3072,8072
0.5700143588675244,0.0499194694433707,0.7712482173572788,0.2401639934363285,-0.1469028032615297,17,3072,8072
0.5700143588675244,0.0499194694433707,0.7712482173572788,0.2401639934363285,-0.1469028032615297,18,3072,8072
0.5700143588675244,0.0499194694433707,0.7712482173572788,0.2401639934363285,-0.1469028032615297,19,3072,8072
0.5700143588675244,0.0731703391150102,0.7759404981658329,0.2518855557025303,-0.1477855468008991,20,3072,8072
0.5700143588675244,0.0731703391150102,0.7759404981658329,0.2518855557025303,-0.1477855468008991,21,3072,8072
0.5700143588675244,0.0731703391150102,0.7759404981658329,0.2518855557025303,-0.1477855468008991,22,3072,8072
0.5700143588675244,0.0731703391150102,0.7759404981658329,0.2518855557025303,-0.1477855468008991,23,3072,8072
0.5700143588675244,0.0731703391150102,0.7759404981658329,0.2518855557025303,-0.1477855468008991,24,3072,8072
0.5408765636822335,0.0244917448857005,0.7621942124370062,0.252505588953725,-0.1480337054158955,25,3072,8072
0.5408765636822335,0.0244917448857005,0.7621942124370062,0.252505588953725,-0.1480337054158955,26,3072,8072
0.5408765636822335,0.0244917448857005,0.7621942124370062,0.252505588953725,-0.1480337054158955,27,3072,8072
0.5408765636822335,0.0244917448857005,0.7621942124370062,0.252505588953725,-0.1480337054158955,28,3072,8072
0.5408765636822335,0.0244917448857005,0.7621942124370062,0.252505588953725,-0.1480337054158955,29,3072,8072
0.5282984415911243,0.015140770800038,0.7621345755823553,0.2470196727529458,-0.1486118262522343,30,3072,8072
0.5282984415911243,0.015140770800038,0.7621345755823553,0.2470196727529458,-0.1486118262522343,31,3072,8072
0.5282984415911243,0.015140770800038,0.7621345755823553,0.2470196727529458,-0.1486118262522343,32,3072,8072
0.5282984415911243,0.015140770800038,0.7621345755823553,0.2470196727529458,-0.1486118262522343,33,3072,8072
0.5282984415911243,0.015140770800038,0.7621345755823553,0.2470196727529458,-0.1486118262522343,34,3072,8072
0.5282984415911243,0.015140770800038,0.7621345755823553,0.2470196727529458,-0.1486118262522343,35,3072,8072
0.5282984415911243,0.015140770800038,0.7621345755823553,0.2470196727529458,-0.1486118262522343,36,3072,8072
0.5282984415911243,0.015140770800038,0.7621345755823553,0.2470196727529458,-0.1486118262522343,37,3072,8072
0.5282984415911243,0.015140770800038,0.7621345755823553,0.2470196727529458,-0.1486118262522343,38,3072,8072
0.5282984415911243,0.015140770800038,0.7621345755823553,0.2470196727529458,-0.1486118262522343,39,3072,8072
0.5282984415911243,0.015140770800038,0.7621345755823553,0.2470196727529458,-0.1486118262522343,40,3072,8072
0.5282984415911243,0.015140770800038,0.7621345755823553,0.2470196727529458,-0.1486118262522343,41,3072,8072
0.5282984415911243,0.015140770800038,0.7621345755823553,0.2470196727529458,-0.1486118262522343,42,3072,8072
0.5282984415911243,0.015140770800038,0.7621345755823553,0.2470196727529458,-0.1486118262522343,43,3072,8072
0.5282984415911243,0.015140770800038,0.7621345755823553,0.2470196727529458,-0.1486118262522343,44,3072,8072
0.5282984415911243,0.015140770800038,0.7621345755823553,0.2470196727529458,-0.1486118262522343,45,3072,8072
0.5282984415911243,0.015140770800038,0.7621345755823553,0.2470196727529458,-0.1486118262522343,46,3072,8072
0.5282984415911243,0.015140770800038,0.7621345755823553,0.2470196727529458,-0.1486118262522343,47,3072,8072
0.5282984415911243,0.015140770800038,0.7621345755823553,0.2470196727529458,-0.1486118262522343,48,3072,8072
0.5282984415911243,0.015140770800038,0.7621345755823553,0.2470196727529458,-0.1486118262522343,49,3072,8072
0.5282984415911243,0.015140770800038,0.7621345755823553,0.2470196727529458,-0.1486118262522343,50,3072,8072
0.5282984415911243,0.015140770800038,0.7621345755823553,0.2470196727529458,-0.1486118262522343,51,3072,8072
0.5282984415911243,0.015140770800038,0.7621345755823553,0.2470196727529458,-0.1486118262522343,52,3072,8072
0.5282984415911243,0.015140770800038,0.7621345755823553,0.2470196727529458,-0.1486118262522343,53,3072,8072
0.5282984415911243,0.015140770800038,0.7621345755823553,0.2470196727529458,-0.1486118262522343,54,3072,8072
0.5282984415911243,0.015140770800038,0.7621345755823553,0.2470196727529458,-0.1486118262522343,55,3072,8072
0.5412268555474342,0.1097346640066967,0.2763130140951527,0.6400105583176766,-0.1356656888589963,0,3786,3072
0.5789449339934719,0.1097346640066967,0.2763130140951527,0.6911742775559903,-0.1558754970673888,1,3786,3072
0.5789449339934719,0.1097346640066967,0.2763130140951527,0.6911742775559903,-0.1558754970673888,2,3786,3072
0.5789449339934719,0.1097346640066967,0.2763130140951527,0.6911742775559903,-0.1558754970673888,3,3786,3072
0.5789449339934719,0.1094050407431388,0.2763130140951527,0.7327381396364532,-0.1656484611733226,4,3786,3072
0.5789449339934719,0.1094050407431388,0.2763130140951527,0.7327381396364532,-0.1656484611733226,5,3786,3072
0.5789449339934719,0.1094050407431388,0.2763130140951527,0.7327381396364532,-0.1656484611733226,6,3786,3072
0.5789449339934719,0.1094050407431388,0.2763130140951527,0.7327381396364532,-0.1656484611733226,7,3786,3072
0.5789449339934719,0.1094050407431388,0.2763130140951527,0.7327381396364532,-0.1656484611733226,8,3786,3072
0.5327175729657143,0.1151621134273877,0.2812413775098449,0.7433261630073917,-0.1673555462255233,9,3786,3072
0.5270566203975218,0.0511934201743442,0.2891426175656358,0.7249751164987563,-0.1679383467329224,10,3786,3072
0.5270566203975218,0.0511934201743442,0.2891426175656358,0.7249751164987563,-0.1679383467329224,11,3786,3072
0.5270566203975218,0.0511934201743442,0.2891426175656358,0.7249751164987563,-0.1679383467329224,12,3786,3072
0.5270566203975218,0.0511934201743442,0.2891426175656358,0.7249751164987563,-0.1679383467329224,13,3786,3072
0.5427223088459332,0.039340197751253,0.3114006949043049,0.7389204549033521,-0.1686069257983156,14,3786,3072
0.5327175729657143,0.1129371060386092,0.3112394205674909,0.7433261630073917,-0.1686691458265153,15,3786,3072
0.5327175729657143,0.1129371060386092,0.3112394205674909,0.7433261630073917,-0.1686691458265153,16,3786,3072
0.5316432554214873,0.0375324437042209,0.3112394205674909,0.7438290708717497,-0.169308245602928,17,3786,3072
0.5316432554214873,0.0375324437042209,0.3112394205674909,0.7438290708717497,-0.169308245602928,18,3786,3072
0.5316432554214873,0.0375324437042209,0.3112394205674909,0.7438290708717497,-0.169308245602928,19,3786,3072
0.5316432554214873,0.0375324437042209,0.3112394205674909,0.7438290708717497,-0.169308245602928,20,3786,3072
0.5316432554214873,0.0375324437042209,0.3112394205674909,0.7438290708717497,-0.169308245602928,21,3786,3072
0.5316432554214873,0.0375324437042209,0.3112394205674909,0.7438290708717497,-0.169308245602928,22,3786,3072
0.5316432554214873,0.0375324437042209,0.3112394205674909,0.7438290708717497,-0.169308245602928,23,3786,3072
0.5316432554214873,0.0375324437042209,0.3112394205674909,0.7438290708717497,-0.169308245602928,24,3786,3072
0.5316432554214873,0.0375324437042209,0.3112394205674909,0.7438290708717497,-0.169308245602928,25,3786,3072
0.5316432554214873,0.0375324437042209,0.3112394205674909,0.7438290708717497,-0.169308245602928,26,3786,3072
0.5316432554214873,0.0375324437042209,0.3112394205674909,0.7438290708717497,-0.169308245602928,27,3786,3072
0.5316432554214873,0.0375324437042209,0.3112394205674909,0.7438290708717497,-0.169308245602928,28,3786,3072
0.5316432554214873,0.0375324437042209,0.3112394205674909,0.7438290708717497,-0.169308245602928,29,3786,3072
0.5316432554214873,0.0375324437042209,0.3112394205674909,0.7438290708717497,-0.169308245602928,30,3786,3072
0.5316432554214873,0.0375324437042209,0.3112394205674909,0.7438290708717497,-0.169308245602928,31,3786,3072
0.5316432554214873,0.0375324437042209,0.3112394205674909,0.7438290708717497,-0.169308245602928,32,3786,3072
0.5316432554214873,0.0375324437042209,0.3112394205674909,0.7438290708717497,-0.169308245602928,33,3786,3072
0.5316432554214873,0.0375324437042209,0.3112394205674909,0.7438290708717497,-0.169308245602928,34,3786,3072
0.5316432554214873,0.0375324437042209,0.3112394205674909,0.7438290708717497,-0.169308245602928,35,3786,3072
0.5316432554214873,0.0375324437042209,0.3112394205674909,0.7438290708717497,-0.169308245602928,36,3786,3072
0.5316432554214873,0.0375324437042209,0.3112394205674909,0.7438290708717497,-0.169308245602928,37,3786,3072
0.5316432554214873,0.0375324437042209,0.3112394205674909,0.7438290708717497,-0.169308245602928,38,3786,3072
0.5316432554214873,0.0375324437042209,0.3112394205674909,0.7438290708717497,-0.169308245602928,39,3786,3072
0.5316432554214873,0.0375324437042209,0.3112394205674909,0.7438290708717497,-0.169308245602928,40,3786,3072
0.5412268555474342,0.1097346640066967,0.2763130140951527,0.6400105583176766,-0.1317729180059888,0,3786,3786
0.5789449339934719,0.1097346640066967,0.2763130140951527,0.6911742775559903,-0.1519695867172693,1,3786,3786
0.5789449339934719,0.1097346640066967,0.2763130140951527,0.6911742775559903,-0.1519695867172693,2,3786,3786
0.5789449339934719,0.1097346640066967,0.2763130140951527,0.6911742775559903,-0.1519695867172693,3,3786,3786
0.5789449339934719,0.1097346640066967,0.2763130140951527,0.6911742775559903,-0.1519695867172693,4,3786,3786
0.5789449339934719,0.1097346640066967,0.2763130140951527,0.6911742775559903,-0.1519695867172693,5,3786,3786
0.517789437106525,0.1960176080330604,0.3384126942271614,0.7228838677212392,-0.1561818649689097,6,3786,3786
0.528909283389439,0.1705670159019892,0.2883279886478656,0.6766646790345441,-0.1635972588761211,7,3786,3786
0.528909283389439,0.1705670159019892,0.2883279886478656,0.6766646790345441,-0.1635972588761211,8,3786,3786
0.528909283389439,0.1705670159019892,0.2883279886478656,0.6766646790345441,-0.1635972588761211,9,3786,3786
0.528909283389439,0.1705670159019892,0.2883279886478656,0.6766646790345441,-0.1635972588761211,10,3786,3786
0.5289129417987835,0.0666207470083648,0.289259237839844,0.7306820682718137,-0.1651593709330006,11,3786,3786
0.5289129417987835,0.0666207470083648,0.289259237839844,0.7306820682718137,-0.1651593709330006,12,3786,3786
0.5289129417987835,0.0666207470083648,0.289259237839844,0.7306820682718137,-0.1651593709330006,13,3786,3786
0.5289129417987835,0.0666207470083648,0.289259237839844,0.7306820682718137,-0.1651593709330006,14,3786,3786
0.5241966809662463,0.1221233102997016,0.307292537284093,0.7123635492766838,-0.1655273602105471,15,3786,3786
0.5289129417987835,0.1035235413161684,0.3069395868556827,0.7306820682718137,-0.1664729705339927,16,3786,3786
0.5289129417987835,0.1035235413161684,0.3069395868556827,0.7306820682718137,-0.1664729705339927,17,3786,3786
0.5303165516723947,0.1712362664860059,0.3103574871542084,0.7198668278027193,-0.1665292698030063,18,3786,3786
0.5303165516723947,0.1712362664860059,0.3103574871542084,0.7198668278027193,-0.1665292698030063,19,3786,3786
0.5303165516723947,0.1712362664860059,0.3103574871542084,0.7198668278027193,-0.1665292698030063,20,3786,3786
0.5303165516723947,0.1712362664860059,0.3103574871542084,0.7198668278027193,-0.1665292698030063,21,3786,3786
0.5303165516723947,0.1712362664860059,0.3103574871542084,0.7198668278027193,-0.1665292698030063,22,3786,3786
0.5303165516723947,0.1712362664860059,0.3103574871542084,0.7198668278027193,-0.1665292698030063,23,3786,3786
0.5303165516723947,0.1712362664860059,0.3103574871542084,0.7198668278027193,-0.1665292698030063,24,3786,3786
0.5303165516723947,0.1712362664860059,0.3103574871542084,0.7198668278027193,-0.1665292698030063,25,3786,3786
0.5303165516723947,0.1712362664860059,0.3103574871542084,0.7198668278027193,-0.1665292698030063,26,3786,3786
0.5303165516723947,0.1712362664860059,0.3103574871542084,0.7198668278027193,-0.1665292698030063,27,3786,3786
0.5303165516723947,0.1712362664860059,0.3103574871542084,0.7198668278027193,-0.1665292698030063,28,3786,3786
0.5303165516723947,0.1712362664860059,0.3103574871542084,0.7198668278027193,-0.1665292698030063,29,3786,3786
0.5303165516723947,0.1712362664860059,0.3103574871542084,0.7198668278027193,-0.1665292698030063,30,3786,3786
0.5303165516723947,0.1712362664860059,0.3103574871542084,0.7198668278027193,-0.1665292698030063,31,3786,3786
0.5303165516723947,0.1712362664860059,0.3103574871542084,0.7198668278027193,-0.1665292698030063,32,3786,3786
0.5303165516723947,0.1712362664860059,0.3103574871542084,0.7198668278027193,-0.1665292698030063,33,3786,3786
0.5303165516723947,0.1712362664860059,0.3103574871542084,0.7198668278027193,-0.1665292698030063,34,3786,3786
0.5303165516723947,0.1712362664860059,0.3103574871542084,0.7198668278027193,-0.1665292698030063,35,3786,3786
0.5303165516723947,0.1712362664860059,0.3103574871542084,0.7198668278027193,-0.1665292698030063,36,3786,3786
0.5303165516723947,0.1712362664860059,0.3103574871542084,0.7198668278027193,-0.1665292698030063,37,3786,3786
0.5303165516723947,0.1712362664860059,0.3103574871542084,0.7198668278027193,-0.1665292698030063,38,3786,3786
0.5303165516723947,0.1712362664860059,0.3103574871542084,0.7198668278027193,-0.1665292698030063,39,3786,3786
0.5303165516723947,0.1712362664860059,0.3103574871542084,0.7198668278027193,-0.1665292698030063,40,3786,3786
0.2600974477372232,0.1326962975467872,0.5995244730532772,0.2434927120280825,-0.0908913191664992,0,3786,4500
0.5789449339934719,0.1097346640066967,0.2763130140951527,0.6911742775559903,-0.1078033262779777,1,3786,4500
0.5403458180702188,0.165823778936909,0.5995244730532772,0.2434927120280825,-0.1198860596064031,2,3786,4500
0.5403458180702188,0.165823778936909,0.5995244730532772,0.2434927120280825,-0.1198860596064031,3,3786,4500
0.5403458180702188,0.165823778936909,0.5995244730532772,0.2434927120280825,-0.1198860596064031,4,3786,4500
0.5403458180702188,0.165823778936909,0.5995244730532772,0.2434927120280825,-0.1198860596064031,5,3786,4500
0.5403458180702188,0.165823778936909,0.622129225990364,0.2434927120280825,-0.121078421058528,6,3786,4500
0.5403458180702188,0.165823778936909,0.622129225990364,0.2434927120280825,-0.121078421058528,7,3786,4500
0.5403458180702188,0.165823778936909,0.622129225990364,0.2434927120280825,-0.121078421058528,8,3786,4500
0.5311050136443648,0.0100738078804929,0.6152472080241526,0.7242129376156092,-0.1239392435742596,9,3786,4500
0.5311050136443648,0.0100738078804929,0.6152472080241526,0.7242129376156092,-0.1239392435742596,10,3786,4500
0.525811440787425,0.0153863973825822,0.6311883834446717,0.709349574511956,-0.1246325536106777,11,3786,4500
0.525811440787425,0.0153863973825822,0.6311883834446717,0.709349574511956,-0.1246325536106777,12,3786,4500
0.525811440787425,0.0153863973825822,0.6311883834446717,0.709349574511956,-0.1246325536106777,13,3786,4500
0.525811440787425,0.0153863973825822,0.6311883834446717,0.709349574511956,-0.1246325536106777,14,3786,4500
0.5264617863203596,0.1619541552188591,0.5982674300314696,0.7086294056920663,-0.1250692344126924,15,3786,4500
0.5264617863203596,0.1619541552188591,0.5982674300314696,0.7086294056920663,-0.1250692344126924,16,3786,4500
0.5264617863203596,0.1619541552188591,0.5982674300314696,0.7086294056920663,-0.1250692344126924,17,3786,4500
0.5309479473933251,0.0286385512743954,0.6141301466282364,0.7048104839854403,-0.1251255336817059,18,3786,4500
0.5310687943304759,0.1567604043077094,0.6319129530296627,0.7093054088904628,-0.1256344632031368,19,3786,4500
0.5310687943304759,0.1567604043077094,0.6319129530296627,0.7093054088904628,-0.1256344632031368,20,3786,4500
0.5310687943304759,0.1567604043077094,0.6319129530296627,0.7093054088904628,-0.1256344632031368,21,3786,4500
0.5310687943304759,0.1567604043077094,0.6319129530296627,0.7093054088904628,-0.1256344632031368,22,3786,4500
0.5311359651288385,0.0253762946809845,0.6310577616354085,0.6774313210702683,-0.1256897561308176,23,3786,4500
0.5311359651288385,0.0253762946809845,0.6310577616354085,0.6774313210702683,-0.1256897561308176,24,3786,4500
0.5311359651288385,0.0253762946809845,0.6310577616354085,0.6774313210702683,-0.1256897561308176,25,3786,4500
0.5311359651288385,0.0253762946809845,0.6310577616354085,0.6774313210702683,-0.1256897561308176,26,3786,4500
0.5311359651288385,0.0253762946809845,0.6310577616354085,0.6774313210702683,-0.1256897561308176,27,3786,4500
0.5311359651288385,0.0253762946809845,0.6310577616354085,0.6774313210702683,-0.1256897561308176,28,3786,4500
0.5311359651288385,0.0253762946809845,0.6310577616354085,0.6774313210702683,-0.1256897561308176,29,3786,4500
0.5311359651288385,0.0253762946809845,0.6310577616354085,0.6774313210702683,-0.1256897561308176,30,3786,4500
0.5311359651288385,0.0253762946809845,0.6310577616354085,0.6774313210702683,-0.1256897561308176,31,3786,4500
0.5311359651288385,0.0253762946809845,0.6310577616354085,0.6774313210702683,-0.1256897561308176,32,3786,4500
0.5311359651288385,0.0253762946809845,0.6310577616354085,0.6774313210702683,-0.1256897561308176,33,3786,4500
0.5311359651288385,0.0253762946809845,0.6310577616354085,0.6774313210702683,-0.1256897561308176,34,3786,4500
0.5311359651288385,0.0253762946809845,0.6310577616354085,0.6774313210702683,-0.1256897561308176,35,3786,4500
0.5311359651288385,0.0253762946809845,0.6310577616354085,0.6774313210702683,-0.1256897561308176,36,3786,4500
0.5311359651288385,0.0253762946809845,0.6310577616354085,0.6774313210702683,-0.1256897561308176,37,3786,4500
0.5311359651288385,0.0253762946809845,0.6310577616354085,0.6774313210702683,-0.1256897561308176,38,3786,4500
0.5311359651288385,0.0253762946809845,0.6310577616354085,0.6774313210702683,-0.1256897561308176,39,3786,4500
0.5311359651288385,0.0253762946809845,0.6310577616354085,0.6774313210702683,-0.1256897561308176,40,3786,4500
0.5311359651288385,0.0253762946809845,0.6310577616354085,0.6774313210702683,-0.1256897561308176,41,3786,4500
0.5311359651288385,0.0253762946809845,0.6310577616354085,0.6774313210702683,-0.1256897561308176,42,3786,4500
0.5311359651288385,0.0253762946809845,0.6310577616354085,0.6774313210702683,-0.1256897561308176,43,3786,4500
0.5311359651288385,0.0253762946809845,0.6310577616354085,0.6774313210702683,-0.1256897561308176,44,3786,4500
0.5311359651288385,0.0253762946809845,0.6310577616354085,0.6774313210702683,-0.1256897561308176,45,3786,4500
0.5311359651288385,0.0253762946809845,0.6310577616354085,0.6774313210702683,-0.1256897561308176,46,3786,4500
0.5311359651288385,0.0253762946809845,0.6310577616354085,0.6774313210702683,-0.1256897561308176,47,3786,4500
0.5311359651288385,0.0253762946809845,0.6310577616354085,0.6774313210702683,-0.1256897561308176,48,3786,4500
0.2600974477372232,0.1326962975467872,0.5995244730532772,0.2434927120280825,-0.0965014186824635,0,3786,5214
0.510888884466533,0.1977019639883706,0.2883279886478656,0.4790335153981873,-0.1038734743806178,1,3786,5214
0.5033290102134867,0.0231217114469546,0.6615190179278311,0.2796369171512363,-0.1097996397723474,2,3786,5214
0.7265719170435784,0.0401554562652544,0.6006421606724737,0.1830883722380398,-0.1154987787557499,3,3786,5214
0.5306584261586929,0.124996046759497,0.2871211782689081,0.2745919669303351,-0.1219680790773696,4,3786,5214
0.5306584261586929,0.124996046759497,0.2871211782689081,0.2745919669303351,-0.1219680790773696,5,3786,5214
0.5306584261586929,0.124996046759497,0.2871211782689081,0.2745919669303351,-0.1219680790773696,6,3786,5214
0.5306584261586929,0.124996046759497,0.2871211782689081,0.2745919669303351,-0.1219680790773696,7,3786,5214
0.5306584261586929,0.124996046759497,0.2871211782689081,0.2745919669303351,-0.1219680790773696,8,3786,5214
0.5306584261586929,0.124996046759497,0.2871211782689081,0.2745919669303351,-0.1219680790773696,9,3786,5214
0.5690492197570296,0.0754198448118309,0.6249382592520135,0.242882542970737,-0.1228822192247344,10,3786,5214
0.5690492197570296,0.0754198448118309,0.6249382592520135,0.242882542970737,-0.1228822192247344,11,3786,5214
0.5690492197570296,0.0754198448118309,0.6249382592520135,0.242882542970737,-0.1228822192247344,12,3786,5214
0.5690492197570296,0.0754198448118309,0.6249382592520135,0.242882542970737,-0.1228822192247344,13,3786,5214
0.5286427025322133,0.1227521349171512,0.6175937577670793,0.2536861597273234,-0.1250889204080028,14,3786,5214
0.5286427025322133,0.1227521349171512,0.6175937577670793,0.2536861597273234,-0.1250889204080028,15,3786,5214
0.5298676126322877,0.0871545166065402,0.6257260402029545,0.2531826318371297,-0.1263375811291412,16,3786,5214
0.5298676126322877,0.0871545166065402,0.6257260402029545,0.2531826318371297,-0.1263375811291412,17,3786,5214
0.5298676126322877,0.0871545166065402,0.6257260402029545,0.2531826318371297,-0.1263375811291412,18,3786,5214
0.5301290760819508,0.0028550508041364,0.6297257556512248,0.2463515685717578,-0.1266551958879855,19,3786,5214
0.5301290760819508,0.0028550508041364,0.6297257556512248,0.2463515685717578,-0.1266551958879855,20,3786,5214
0.5301290760819508,0.0028550508041364,0.6297257556512248,0.2463515685717578,-0.1266551958879855,21,3786,5214
0.5301290760819508,0.0028550508041364,0.6297257556512248,0.2463515685717578,-0.1266551958879855,22,3786,5214
0.5301290760819508,0.0028550508041364,0.6297257556512248,0.2463515685717578,-0.1266551958879855,23,3786,5214
0.5301290760819508,0.0028550508041364,0.6297257556512248,0.2463515685717578,-0.1266551958879855,24,3786,5214
0.5301290760819508,0.0028550508041364,0.6297257556512248,0.2463515685717578,-0.1266551958879855,25,3786,5214
0.5301290760819508,0.0028550508041364,0.6297257556512248,0.2463515685717578,-0.1266551958879855,26,3786,5214
0.5301290760819508,0.0028550508041364,0.6297257556512248,0.2463515685717578,-0.1266551958879855,27,3786,5214
0.5301290760819508,0.0028550508041364,0.6297257556512248,0.2463515685717578,-0.1266551958879855,28,3786,5214
0.5301290760819508,0.0028550508041364,0.6297257556512248,0.2463515685717578,-0.1266551958879855,29,3786,5214
0.5301290760819508,0.0028550508041364,0.6297257556512248,0.2463515685717578,-0.1266551958879855,30,3786,5214
0.5301290760819508,0.0028550508041364,0.6297257556512248,0.2463515685717578,-0.1266551958879855,31,3786,5214
0.5301290760819508,0.0028550508041364,0.6297257556512248,0.2463515685717578,-0.1266551958879855,32,3786,5214
0.5301290760819508,0.0028550508041364,0.6297257556512248,0.2463515685717578,-0.1266551958879855,33,3786,5214
0.5301290760819508,0.0028550508041364,0.6297257556512248,0.2463515685717578,-0.1266551958879855,34,3786,5214
0.5301290760819508,0.0028550508041364,0.6297257556512248,0.2463515685717578,-0.1266551958879855,35,3786,5214
0.5301290760819508,0.0028550508041364,0.6297257556512248,0.2463515685717578,-0.1266551958879855,36,3786,5214
0.5301290760819508,0.0028550508041364,0.6297257556512248,0.2463515685717578,-0.1266551958879855,37,3786,5214
0.5301290760819508,0.0028550508041364,0.6297257556512248,0.2463515685717578,-0.1266551958879855,38,3786,5214
0.5301290760819508,0.0028550508041364,0.6297257556512248,0.2463515685717578,-0.1266551958879855,39,3786,5214
0.5301290760819508,0.0028550508041364,0.6297257556512248,0.2463515685717578,-0.1266551958879855,40,3786,5214
0.5301290760819508,0.0028550508041364,0.6297257556512248,0.2463515685717578,-0.1266551958879855,41,3786,5214
0.2600974477372232,0.1326962975467872,0.5995244730532772,0.2434927120280825,-0.0979747746940811,0,3786,5929
0.510888884466533,0.1977019639883706,0.2883279886478656,0.4790335153981873,-0.1090974083195128,1,3786,5929
0.785798820824406,0.1326962975467872,0.6608910282258458,0.2345823547469752,-0.1160778621176047,2,3786,5929
0.5122569860288877,0.1482311595491822,0.2093853219578191,0.2751726108030335,-0.1185492422972235,3,3786,5929
0.5227036392688685,0.1385450654525346,0.5995244730532772,0.2434927120280825,-0.1292523504040039,4,3786,5929
0.5227036392688685,0.1385450654525346,0.5995244730532772,0.2434927120280825,-0.1292523504040039,5,3786,5929
0.5227036392688685,0.1385450654525346,0.5995244730532772,0.2434927120280825,-0.1292523504040039,6,3786,5929
0.5227036392688685,0.1385450654525346,0.5995244730532772,0.2434927120280825,-0.1292523504040039,7,3786,5929
0.5227036392688685,0.1385450654525346,0.5995244730532772,0.2434927120280825,-0.1292523504040039,8,3786,5929
0.5268732244638893,0.1309604991418484,0.6234295109413541,0.2433250474070875,-0.1310612197511843,9,3786,5929
0.5268732244638893,0.1309604991418484,0.6234295109413541,0.2433250474070875,-0.1310612197511843,10,3786,5929
0.5436014566093269,0.1456521905287922,0.6283440148082045,0.2581892752922515,-0.1311034841486336,11,3786,5929
0.5436014566093269,0.1456521905287922,0.6283440148082045,0.2581892752922515,-0.1311034841486336,12,3786,5929
0.5241681054092201,0.0014525518511141,0.3016272412278397,0.2427107051317099,-0.1312341082191759,13,3786,5929
0.5302403736756474,0.1310862277555445,0.6235875252183957,0.2456734069643376,-0.1319732720251831,14,3786,5929
0.5295884119074417,0.0898072259532962,0.3009548646588026,0.2538866457027975,-0.1327626683882302,15,3786,5929
0.5295884119074417,0.0898072259532962,0.3009548646588026,0.2538866457027975,-0.1327626683882302,16,3786,5929
0.5295884119074417,0.0898072259532962,0.3009548646588026,0.2538866457027975,-0.1327626683882302,17,3786,5929
0.5295884119074417,0.0898072259532962,0.3009548646588026,0.2538866457027975,-0.1327626683882302,18,3786,5929
0.5295884119074417,0.0898072259532962,0.3009548646588026,0.2538866457027975,-0.1327626683882302,19,3786,5929
0.5295884119074417,0.0898072259532962,0.3009548646588026,0.2538866457027975,-0.1327626683882302,20,3786,5929
0.5295884119074417,0.0898072259532962,0.3009548646588026,0.2538866457027975,-0.1327626683882302,21,3786,5929
0.5295884119074417,0.0898072259532962,0.3009548646588026,0.2538866457027975,-0.1327626683882302,22,3786,5929
0.5295884119074417,0.0898072259532962,0.3009548646588026,0.2538866457027975,-0.1327626683882302,23,3786,5929
0.5295884119074417,0.0898072259532962,0.3009548646588026,0.2538866457027975,-0.1327626683882302,24,3786,5929
0.5295884119074417,0.0898072259532962,0.3009548646588026,0.2538866457027975,-0.1327626683882302,25,3786,5929
0.5295884119074417,0.0898072259532962,0.3009548646588026,0.2538866457027975,-0.1327626683882302,26,3786,5929
0.5295884119074417,0.0898072259532962,0.3009548646588026,0.2538866457027975,-0.1327626683882302,27,3786,5929
0.5295884119074417,0.0898072259532962,0.3009548646588026,0.2538866457027975,-0.1327626683882302,28,3786,5929
0.5295884119074417,0.0898072259532962,0.3009548646588026,0.2538866457027975,-0.1327626683882302,29,3786,5929
0.5295884119074417,0.0898072259532962,0.3009548646588026,0.2538866457027975,-0.1327626683882302,30,3786,5929
0.5295884119074417,0.0898072259532962,0.3009548646588026,0.2538866457027975,-0.1327626683882302,31,3786,5929
0.5295884119074417,0.0898072259532962,0.3009548646588026,0.2538866457027975,-0.1327626683882302,32,3786,5929
0.5295884119074417,0.0898072259532962,0.3009548646588026,0.2538866457027975,-0.1327626683882302,33,3786,5929
0.5295884119074417,0.0898072259532962,0.3009548646588026,0.2538866457027975,-0.1327626683882302,34,3786,5929
0.5295884119074417,0.0898072259532962,0.3009548646588026,0.2538866457027975,-0.1327626683882302,35,3786,5929
0.5295884119074417,0.0898072259532962,0.3009548646588026,0.2538866457027975,-0.1327626683882302,36,3786,5929
0.5295884119074417,0.0898072259532962,0.3009548646588026,0.2538866457027975,-0.1327626683882302,37,3786,5929
0.5295884119074417,0.0898072259532962,0.3009548646588026,0.2538866457027975,-0.1327626683882302,38,3786,5929
0.5295884119074417,0.0898072259532962,0.3009548646588026,0.2538866457027975,-0.1327626683882302,39,3786,5929
0.5295884119074417,0.0898072259532962,0.3009548646588026,0.2538866457027975,-0.1327626683882302,40,3786,5929
0.6734598871529389,0.016722821635377,0.9268052023585862,0.1225256507690002,-0.0959370939455613,0,3786,6643
0.6734598871529389,0.016722821635377,0.9268052023585862,0.1225256507690002,-0.0959370939455613,1,3786,6643
0.5360107324571827,0.0731900723909659,0.9619824126344152,0.4775983972308112,-0.1040690706178061,2,3786,6643
0.5360107324571827,0.0731900723909659,0.9619824126344152,0.4775983972308112,-0.1040690706178061,3,3786,6643
0.7190367878604996,0.1342593399834268,0.5995244730532772,0.2434927120280825,-0.1112530668808307,4,3786,6643
0.9692751453934416,0.0143372064372968,0.9344891115885344,0.3954399713577868,-0.114036081186517,5,3786,6643
0.6174621505791331,0.1293585914363293,0.9258637856040812,0.2528566108009901,-0.1211768024305097,6,3786,6643
0.5300845839787626,0.1366477016738213,0.7499166866433892,0.2518030279491888,-0.1234230940011961,7,3786,6643
0.5300845839787626,0.1366477016738213,0.7499166866433892,0.2518030279491888,-0.1234230940011961,8,3786,6643
0.5300845839787626,0.1366477016738213,0.7499166866433892,0.2518030279491888,-0.1234230940011961,9,3786,6643
0.5273458839149536,0.1293585914363293,0.9285501863570872,0.2528566108009901,-0.1247439668168913,10,3786,6643
0.5306787639054902,0.0256107174364863,0.8617313764775943,0.2406468193620645,-0.1254979487940361,11,3786,6643
0.5283050719820923,0.1917244736626851,0.8303033940525189,0.2462321063101244,-0.1257278809238674,12,3786,6643
0.5283050719820923,0.1917244736626851,0.8303033940525189,0.2462321063101244,-0.1257278809238674,13,3786,6643
0.5289106477826435,0.1612993889393365,0.7786575679998321,0.2462182375032613,-0.127257995421886,14,3786,6643
0.5289106477826435,0.1612993889393365,0.7786575679998321,0.2462182375032613,-0.127257995421886,15,3786,6643
0.5301221446517939,0.1714765803508265,0.7705033004931288,0.2525043128781806,-0.1272842470333309,16,3786,6643
0.5300845839787626,0.1323880595055641,0.7754299604004457,0.2559689399454012,-0.1272863457303182,17,3786,6643
0.5300845839787626,0.1323880595055641,0.7754299604004457,0.2559689399454012,-0.1272863457303182,18,3786,6643
0.5300845839787626,0.1323880595055641,0.7754299604004457,0.2559689399454012,-0.1272863457303182,19,3786,6643
0.5300845839787626,0.1323880595055641,0.7754299604004457,0.2559689399454012,-0.1272863457303182,20,3786,6643
0.5300845839787626,0.1323880595055641,0.7754299604004457,0.2559689399454012,-0.1272863457303182,21,3786,6643
0.5300845839787626,0.1323880595055641,0.7754299604004457,0.2559689399454012,-0.1272863457303182,22,3786,6643
0.5300845839787626,0.1323880595055641,0.7754299604004457,0.2559689399454012,-0.1272863457303182,23,3786,6643
0.5300845839787626,0.1323880595055641,0.7754299604004457,0.2559689399454012,-0.1272863457303182,24,3786,6643
0.5300845839787626,0.1323880595055641,0.7754299604004457,0.2559689399454012,-0.1272863457303182,25,3786,6643
0.5300845839787626,0.1323880595055641,0.7754299604004457,0.2559689399454012,-0.1272863457303182,26,3786,6643
0.5300845839787626,0.1323880595055641,0.7754299604004457,0.2559689399454012,-0.1272863457303182,27,3786,6643
0.5300845839787626,0.1323880595055641,0.7754299604004457,0.2559689399454012,-0.1272863457303182,28,3786,6643
0.5300845839787626,0.1323880595055641,0.7754299604004457,0.2559689399454012,-0.1272863457303182,29,3786,6643
0.5300845839787626,0.1323880595055641,0.7754299604004457,0.2559689399454012,-0.1272863457303182,30,3786,6643
0.5300845839787626,0.1323880595055641,0.7754299604004457,0.2559689399454012,-0.1272863457303182,31,3786,6643
0.5300845839787626,0.1323880595055641,0.7754299604004457,0.2559689399454012,-0.1272863457303182,32,3786,6643
0.5300845839787626,0.1323880595055641,0.7754299604004457,0.2559689399454012,-0.1272863457303182,33,3786,6643
0.5300845839787626,0.1323880595055641,0.7754299604004457,0.2559689399454012,-0.1272863457303182,34,3786,6643
0.5300845839787626,0.1323880595055641,0.7754299604004457,0.2559689399454012,-0.1272863457303182,35,3786,6643
0.5300845839787626,0.1323880595055641,0.7754299604004457,0.2559689399454012,-0.1272863457303182,36,3786,6643
0.5300845839787626,0.1323880595055641,0.7754299604004457,0.2559689399454012,-0.1272863457303182,37,3786,6643
0.8050548331450097,0.2012032007246644,0.7533654181283584,0.4394326601704705,-0.0913303033343883,0,3786,7357
0.8050548331450097,0.2012032007246644,0.7533654181283584,0.4394326601704705,-0.0913303033343883,1,3786,7357
0.8052119854290231,0.211920772327649,0.7685249622216078,0.4394326601704705,-0.0956977939882168,2,3786,7357
0.8271050601654717,0.2012032007246644,0.7533654181283584,0.3837131597327806,-0.1088315499425534,3,3786,7357
0.9354532945230288,0.1927399182182817,0.8262639624986186,0.2989107166774672,-0.1200004576174784,4,3786,7357
0.9354532945230288,0.1927399182182817,0.8262639624986186,0.2989107166774672,-0.1200004576174784,5,3786,7357
0.5356853262954197,0.0702352058563761,0.8663639083460782,0.2352630498816742,-0.122656665729472,6,3786,7357
0.5356853262954197,0.0702352058563761,0.8663639083460782,0.2352630498816742,-0.122656665729472,7,3786,7357
0.5356853262954197,0.0702352058563761,0.8663639083460782,0.2352630498816742,-0.122656665729472,8,3786,7357
0.5706377945823267,0.1464918296127608,0.7723289909057666,0.2392238168745403,-0.1240134442258748,9,3786,7357
0.5706377945823267,0.1464918296127608,0.7723289909057666,0.2392238168745403,-0.1240134442258748,10,3786,7357
0.5706377945823267,0.1464918296127608,0.7723289909057666,0.2392238168745403,-0.1240134442258748,11,3786,7357
0.5431501542339962,0.145593080921643,0.7723289909057666,0.2386123274191137,-0.1241770901350195,12,3786,7357
0.5431501542339962,0.145593080921643,0.7723289909057666,0.2386123274191137,-0.1241770901350195,13,3786,7357
0.5314135067892283,0.1784932142937075,0.7723289909057666,0.2401445867998558,-0.1249440266739963,14,3786,7357
0.5314135067892283,0.1784932142937075,0.7723289909057666,0.2401445867998558,-0.1249440266739963,15,3786,7357
0.5415951917715867,0.1806488608384416,0.7739421474884226,0.2458469701841552,-0.1250866729542254,16,3786,7357
0.5415951917715867,0.1806488608384416,0.7739421474884226,0.2458469701841552,-0.1250866729542254,17,3786,7357
0.5298228792068085,0.1313772121767877,0.7787968552392679,0.2584008516832714,-0.1258536094932022,18,3786,7357
0.5298228792068085,0.1313772121767877,0.7787968552392679,0.2584008516832714,-0.1258536094932022,19,3786,7357
0.5298228792068085,0.1313772121767877,0.7787968552392679,0.2584008516832714,-0.1258536094932022,20,3786,7357
0.5298228792068085,0.1313772121767877,0.7787968552392679,0.2584008516832714,-0.1258536094932022,21,3786,7357
0.5298228792068085,0.1313772121767877,0.7787968552392679,0.2584008516832714,-0.1258536094932022,22,3786,7357
0.5298228792068085,0.1313772121767877,0.7787968552392679,0.2584008516832714,-0.1258536094932022,23,3786,7357
0.5298228792068085,0.1313772121767877,0.7787968552392679,0.2584008516832714,-0.1258536094932022,24,3786,7357
0.5298228792068085,0.1313772121767877,0.7787968552392679,0.2584008516832714,-0.1258536094932022,25,3786,7357
0.5298228792068085,0.1313772121767877,0.7787968552392679,0.2584008516832714,-0.1258536094932022,26,3786,7357
0.5298228792068085,0.1313772121767877,0.7787968552392679,0.2584008516832714,-0.1258536094932022,27,3786,7357
0.5298228792068085,0.1313772121767877,0.7787968552392679,0.2584008516832714,-0.1258536094932022,28,3786,7357
0.5298228792068085,0.1313772121767877,0.7787968552392679,0.2584008516832714,-0.1258536094932022,29,3786,7357
0.5298228792068085,0.1313772121767877,0.7787968552392679,0.2584008516832714,-0.1258536094932022,30,3786,7357
0.5298228792068085,0.1313772121767877,0.7787968552392679,0.2584008516832714,-0.1258536094932022,31,3786,7357
0.5298228792068085,0.1313772121767877,0.7787968552392679,0.2584008516832714,-0.1258536094932022,32,3786,7357
0.5298228792068085,0.1313772121767877,0.7787968552392679,0.2584008516832714,-0.1258536094932022,33,3786,7357
0.5298228792068085,0.1313772121767877,0.7787968552392679,0.2584008516832714,-0.1258536094932022,34,3786,7357
0.5298228792068085,0.1313772121767877,0.7787968552392679,0.2584008516832714,-0.1258536094932022,35,3786,7357
0.5298228792068085,0.1313772121767877,0.7787968552392679,0.2584008516832714,-0.1258536094932022,36,3786,7357
0.5298228792068085,0.1313772121767877,0.7787968552392679,0.2584008516832714,-0.1258536094932022,37,3786,7357
0.5298228792068085,0.1313772121767877,0.7787968552392679,0.2584008516832714,-0.1258536094932022,38,3786,7357
0.5298228792068085,0.1313772121767877,0.7787968552392679,0.2584008516832714,-0.1258536094932022,39,3786,7357
0.5298228792068085,0.1313772121767877,0.7787968552392679,0.2584008516832714,-0.1258536094932022,40,3786,7357
0.5298228792068085,0.1313772121767877,0.7787968552392679,0.2584008516832714,-0.1258536094932022,41,3786,7357
0.5298228792068085,0.1313772121767877,0.7787968552392679,0.2584008516832714,-0.1258536094932022,42,3786,7357
0.5298228792068085,0.1313772121767877,0.7787968552392679,0.2584008516832714,-0.1258536094932022,43,3786,7357
0.8050548331450097,0.2012032007246644,0.7533654181283584,0.4394326601704705,-0.0915077333539306,0,3786,8072
0.8050548331450097,0.2012032007246644,0.7533654181283584,0.4394326601704705,-0.0915077333539306,1,3786,8072
0.5691400958229015,0.1581058244385096,0.6312265784158835,0.1967436218212379,-0.1015360080416139,2,3786,8072
0.7764993780949127,0.211920772327649,0.9571171527978144,0.2692125562330913,-0.1170879535000516,3,3786,8072
0.5621123520815943,0.1246446685798136,0.7689191287528919,0.2748801949993454,-0.122795567235661,4,3786,8072
0.5621123520815943,0.1246446685798136,0.7689191287528919,0.2748801949993454,-0.122795567235661,5,3786,8072
0.5621123520815943,0.1246446685798136,0.7689191287528919,0.2748801949993454,-0.122795567235661,6,3786,8072
0.5621123520815943,0.1246446685798136,0.7689191287528919,0.2748801949993454,-0.122795567235661,7,3786,8072
0.5683155337148749,0.1248818730513382,0.7689191287528919,0.2748801949993454,-0.1238674604615164,8,3786,8072
0.5683155337148749,0.1248818730513382,0.7689191287528919,0.2748801949993454,-0.1238674604615164,9,3786,8072
0.5683155337148749,0.1248818730513382,0.7689191287528919,0.2748801949993454,-0.1238674604615164,10,3786,8072
0.5456041445488647,0.1377608220476086,0.7807001987549155,0.2637938524900357,-0.1240311063706611,11,3786,8072
0.5645344212809431,0.1661825111824862,0.7681578770338925,0.2568615956390114,-0.125100457064623,12,3786,8072
0.5645344212809431,0.1661825111824862,0.7681578770338925,0.2568615956390114,-0.125100457064623,13,3786,8072
0.5645344212809431,0.1661825111824862,0.7681578770338925,0.2568615956390114,-0.125100457064623,14,3786,8072
0.5645344212809431,0.1661825111824862,0.7681578770338925,0.2568615956390114,-0.125100457064623,15,3786,8072
0.5645344212809431,0.1661825111824862,0.7681578770338925,0.2568615956390114,-0.125100457064623,16,3786,8072
0.5294330596013095,0.182172260795299,0.7612349947455653,0.245729411001357,-0.1260310395127445,17,3786,8072
0.5294330596013095,0.182172260795299,0.7612349947455653,0.245729411001357,-0.1260310395127445,18,3786,8072
0.5294330596013095,0.182172260795299,0.7612349947455653,0.245729411001357,-0.1260310395127445,19,3786,8072
0.5294330596013095,0.182172260795299,0.7612349947455653,0.245729411001357,-0.1260310395127445,20,3786,8072
0.5294330596013095,0.182172260795299,0.7612349947455653,0.245729411001357,-0.1260310395127445,21,3786,8072
0.5294330596013095,0.182172260795299,0.7612349947455653,0.245729411001357,-0.1260310395127445,22,3786,8072
0.5294330596013095,0.182172260795299,0.7612349947455653,0.245729411001357,-0.1260310395127445,23,3786,8072
0.5294330596013095,0.182172260795299,0.7612349947455653,0.245729411001357,-0.1260310395127445,24,3786,8072
0.5294330596013095,0.182172260795299,0.7612349947455653,0.245729411001357,-0.1260310395127445,25,3786,8072
0.5294330596013095,0.182172260795299,0.7612349947455653,0.245729411001357,-0.1260310395127445,26,3786,8072
0.5294330596013095,0.182172260795299,0.7612349947455653,0.245729411001357,-0.1260310395127445,27,3786,8072
0.5294330596013095,0.182172260795299,0.7612349947455653,0.245729411001357,-0.1260310395127445,28,3786,8072
0.5294330596013095,0.182172260795299,0.7612349947455653,0.245729411001357,-0.1260310395127445,29,3786,8072
0.5294330596013095,0.182172260795299,0.7612349947455653,0.245729411001357,-0.1260310395127445,30,3786,8072
0.5294330596013095,0.182172260795299,0.7612349947455653,0.245729411001357,-0.1260310395127445,31,3786,8072
0.5294330596013095,0.182172260795299,0.7612349947455653,0.245729411001357,-0.1260310395127445,32,3786,8072
0.5294330596013095,0.182172260795299,0.7612349947455653,0.245729411001357,-0.1260310395127445,33,3786,8072
0.5294330596013095,0.182172260795299,0.7612349947455653,0.245729411001357,-0.1260310395127445,34,3786,8072
0.5294330596013095,0.182172260795299,0.7612349947455653,0.245729411001357,-0.1260310395127445,35,3786,8072
0.5294330596013095,0.182172260795299,0.7612349947455653,0.245729411001357,-0.1260310395127445,36,3786,8072
0.5294330596013095,0.182172260795299,0.7612349947455653,0.245729411001357,-0.1260310395127445,37,3786,8072
0.5294330596013095,0.182172260795299,0.7612349947455653,0.245729411001357,-0.1260310395127445,38,3786,8072
0.5294330596013095,0.182172260795299,0.7612349947455653,0.245729411001357,-0.1260310395127445,39,3786,8072
0.5294330596013095,0.182172260795299,0.7612349947455653,0.245729411001357,-0.1260310395127445,40,3786,8072
0.5294330596013095,0.182172260795299,0.7612349947455653,0.245729411001357,-0.1260310395127445,41,3786,8072
0.5294330596013095,0.182172260795299,0.7612349947455653,0.245729411001357,-0.1260310395127445,42,3786,8072
0.5412268555474342,0.1097346640066967,0.2763130140951527,0.6400105583176766,-0.1099742287846152,0,4500,3072
0.5789449339934719,0.1097346640066967,0.2763130140951527,0.6911742775559903,-0.128664030048381,1,4500,3072
0.5789449339934719,0.1097346640066967,0.2763130140951527,0.6911742775559903,-0.128664030048381,2,4500,3072
0.5789449339934719,0.1097346640066967,0.2763130140951527,0.6911742775559903,-0.128664030048381,3,4500,3072
0.5789449339934719,0.1097346640066967,0.2763130140951527,0.6911742775559903,-0.128664030048381,4,4500,3072
0.520888189720867,0.5724598273461942,0.2757076080462526,0.6875789987057288,-0.1403480146203262,5,4500,3072
0.520888189720867,0.5724598273461942,0.2757076080462526,0.6875789987057288,-0.1403480146203262,6,4500,3072
0.5172276982803297,0.6071332223447935,0.2851793871190887,0.7459483801763226,-0.1432060466086167,7,4500,3072
0.5408213760998061,0.5825739507681933,0.2763130140951527,0.6766656333324774,-0.1464467234138683,8,4500,3072
0.5408213760998061,0.5825739507681933,0.2763130140951527,0.6766656333324774,-0.1464467234138683,9,4500,3072
0.5408213760998061,0.5825739507681933,0.2763130140951527,0.6766656333324774,-0.1464467234138683,10,4500,3072
0.5421785083006573,0.6049653548864555,0.2763130140951527,0.6766656333324774,-0.1494595239446183,11,4500,3072
0.5421785083006573,0.6049653548864555,0.2763130140951527,0.6766656333324774,-0.1494595239446183,12,4500,3072
0.5421785083006573,0.6049653548864555,0.2763130140951527,0.6766656333324774,-0.1494595239446183,13,4500,3072
0.5267863275249512,0.6036956884791511,0.2781344634885451,0.6879695309730741,-0.1500163477718583,14,4500,3072
0.5267863275249512,0.6036956884791511,0.2781344634885451,0.6879695309730741,-0.1500163477718583,15,4500,3072
0.5267863275249512,0.6036956884791511,0.2781344634885451,0.6879695309730741,-0.1500163477718583,16,4500,3072
0.5267863275249512,0.6036956884791511,0.2781344634885451,0.6879695309730741,-0.1500163477718583,17,4500,3072
0.5267863275249512,0.6036956884791511,0.2781344634885451,0.6879695309730741,-0.1500163477718583,18,4500,3072
0.5239910541056155,0.6219210917404123,0.2758709111555061,0.6769404045625277,-0.1506898674825191,19,4500,3072
0.5448321417902425,0.6036866286565079,0.306941739474053,0.681364266069052,-0.1512164098309099,20,4500,3072
0.5448321417902425,0.6036866286565079,0.306941739474053,0.681364266069052,-0.1512164098309099,21,4500,3072
0.5239906240913456,0.6226371924007126,0.3099241302234398,0.6826286047532791,-0.1524467533688107,22,4500,3072
0.5239906240913456,0.6226371924007126,0.3099241302234398,0.6826286047532791,-0.1524467533688107,23,4500,3072
0.5239906240913456,0.6226371924007126,0.3099241302234398,0.6826286047532791,-0.1524467533688107,24,4500,3072
0.5239906240913456,0.6226371924007126,0.3099241302234398,0.6826286047532791,-0.1524467533688107,25,4500,3072
0.5239906240913456,0.6226371924007126,0.3099241302234398,0.6826286047532791,-0.1524467533688107,26,4500,3072
0.5239906240913456,0.6226371924007126,0.3099241302234398,0.6826286047532791,-0.1524467533688107,27,4500,3072
0.5239906240913456,0.6226371924007126,0.3099241302234398,0.6826286047532791,-0.1524467533688107,28,4500,3072
0.5239906240913456,0.6226371924007126,0.3099241302234398,0.6826286047532791,-0.1524467533688107,29,4500,3072
0.5239906240913456,0.6226371924007126,0.3099241302234398,0.6826286047532791,-0.1524467533688107,30,4500,3072
0.5239906240913456,0.6226371924007126,0.3099241302234398,0.6826286047532791,-0.1524467533688107,31,4500,3072
0.5239906240913456,0.6226371924007126,0.3099241302234398,0.6826286047532791,-0.1524467533688107,32,4500,3072
0.5239906240913456,0.6226371924007126,0.3099241302234398,0.6826286047532791,-0.1524467533688107,33,4500,3072
0.5239906240913456,0.6226371924007126,0.3099241302234398,0.6826286047532791,-0.1524467533688107,34,4500,3072
0.5239906240913456,0.6226371924007126,0.3099241302234398,0.6826286047532791,-0.1524467533688107,35,4500,3072
0.5239906240913456,0.6226371924007126,0.3099241302234398,0.6826286047532791,-0.1524467533688107,36,4500,3072
0.5239906240913456,0.6226371924007126,0.3099241302234398,0.6826286047532791,-0.1524467533688107,37,4500,3072
0.5239906240913456,0.6226371924007126,0.3099241302234398,0.6826286047532791,-0.1524467533688107,38,4500,3072
0.5239906240913456,0.6226371924007126,0.3099241302234398,0.6826286047532791,-0.1524467533688107,39,4500,3072
0.5239906240913456,0.6226371924007126,0.3099241302234398,0.6826286047532791,-0.1524467533688107,40,4500,3072
0.5239906240913456,0.6226371924007126,0.3099241302234398,0.6826286047532791,-0.1524467533688107,41,4500,3072
0.5239906240913456,0.6226371924007126,0.3099241302234398,0.6826286047532791,-0.1524467533688107,42,4500,3072
0.5239906240913456,0.6226371924007126,0.3099241302234398,0.6826286047532791,-0.1524467533688107,43,4500,3072
0.5239906240913456,0.6226371924007126,0.3099241302234398,0.6826286047532791,-0.1524467533688107,44,4500,3072
0.5239906240913456,0.6226371924007126,0.3099241302234398,0.6826286047532791,-0.1524467533688107,45,4500,3072
0.5412268555474342,0.1097346640066967,0.2763130140951527,0.6400105583176766,-0.1033563325116455,0,4500,3786
0.5789449339934719,0.1097346640066967,0.2763130140951527,0.6911742775559903,-0.1220329942782992,1,4500,3786
0.5789449339934719,0.1097346640066967,0.2763130140951527,0.6911742775559903,-0.1220329942782992,2,4500,3786
0.5789449339934719,0.1097346640066967,0.2763130140951527,0.6911742775559903,-0.1220329942782992,3,4500,3786
0.5789449339934719,0.0854706322451209,0.2763130140951527,0.7262568214290355,-0.1302466663761555,4,4500,3786
0.5789449339934719,0.0854706322451209,0.2763130140951527,0.7262568214290355,-0.1302466663761555,5,4500,3786
0.5406603145451021,0.6348826004833623,0.2763130140951527,0.7450210224711048,-0.142485932894451,6,4500,3786
0.5406603145451021,0.6348826004833623,0.2763130140951527,0.7450210224711048,-0.142485932894451,7,4500,3786
0.5406603145451021,0.6348826004833623,0.2763130140951527,0.7450210224711048,-0.142485932894451,8,4500,3786
0.5406603145451021,0.6348826004833623,0.2763130140951527,0.7450210224711048,-0.142485932894451,9,4500,3786
0.5406603145451021,0.6348826004833623,0.2763130140951527,0.7450210224711048,-0.142485932894451,10,4500,3786
0.5418293420148164,0.6069642210052528,0.2775304004696628,0.7426706761575408,-0.1431318538852327,11,4500,3786
0.5418293420148164,0.6069642210052528,0.2775304004696628,0.7426706761575408,-0.1431318538852327,12,4500,3786
0.5418293420148164,0.6069642210052528,0.2775304004696628,0.7426706761575408,-0.1431318538852327,13,4500,3786
0.5271233384702071,0.6037972046221644,0.2763130140951527,0.7294876989822311,-0.1449228291351124,14,4500,3786
0.5271233384702071,0.6037972046221644,0.2763130140951527,0.7294876989822311,-0.1449228291351124,15,4500,3786
0.5261989669562473,0.603929202386801,0.3116481244130272,0.6815233150887018,-0.1481956708130171,16,4500,3786
0.5261989669562473,0.603929202386801,0.3116481244130272,0.6815233150887018,-0.1481956708130171,17,4500,3786
0.5261989669562473,0.603929202386801,0.3116481244130272,0.6815233150887018,-0.1481956708130171,18,4500,3786
0.5261989669562473,0.603929202386801,0.3116481244130272,0.6815233150887018,-0.1481956708130171,19,4500,3786
0.5253765506881958,0.6196933768620851,0.3116481244130272,0.6815233150887018,-0.1487484684579322,20,4500,3786
0.5228614600487659,0.6347607976248838,0.3118441329857364,0.6861105001803284,-0.1488691905236779,21,4500,3786
0.5228614600487659,0.6347607976248838,0.3118441329857364,0.6861105001803284,-0.1488691905236779,22,4500,3786
0.5228614600487659,0.6347607976248838,0.3118441329857364,0.6861105001803284,-0.1488691905236779,23,4500,3786
0.5228614600487659,0.6347607976248838,0.3118441329857364,0.6861105001803284,-0.1488691905236779,24,4500,3786
0.5228614600487659,0.6347607976248838,0.3118441329857364,0.6861105001803284,-0.1488691905236779,25,4500,3786
0.5228614600487659,0.6347607976248838,0.3118441329857364,0.6861105001803284,-0.1488691905236779,26,4500,3786
0.5228614600487659,0.6347607976248838,0.3118441329857364,0.6861105001803284,-0.1488691905236779,27,4500,3786
0.5228614600487659,0.6347607976248838,0.3118441329857364,0.6861105001803284,-0.1488691905236779,28,4500,3786
0.5228614600487659,0.6347607976248838,0.3118441329857364,0.6861105001803284,-0.1488691905236779,29,4500,3786
0.5228614600487659,0.6347607976248838,0.3118441329857364,0.6861105001803284,-0.1488691905236779,30,4500,3786
0.5228614600487659,0.6347607976248838,0.3118441329857364,0.6861105001803284,-0.1488691905236779,31,4500,3786
0.5228614600487659,0.6347607976248838,0.3118441329857364,0.6861105001803284,-0.1488691905236779,32,4500,3786
0.5228614600487659,0.6347607976248838,0.3118441329857364,0.6861105001803284,-0.1488691905236779,33,4500,3786
0.5228614600487659,0.6347607976248838,0.3118441329857364,0.6861105001803284,-0.1488691905236779,34,4500,3786
0.5228614600487659,0.6347607976248838,0.3118441329857364,0.6861105001803284,-0.1488691905236779,35,4500,3786
0.5228614600487659,0.6347607976248838,0.3118441329857364,0.6861105001803284,-0.1488691905236779,36,4500,3786
0.5228614600487659,0.6347607976248838,0.3118441329857364,0.6861105001803284,-0.1488691905236779,37,4500,3786
0.5228614600487659,0.6347607976248838,0.3118441329857364,0.6861105001803284,-0.1488691905236779,38,4500,3786
0.5228614600487659,0.6347607976248838,0.3118441329857364,0.6861105001803284,-0.1488691905236779,39,4500,3786
0.5228614600487659,0.6347607976248838,0.3118441329857364,0.6861105001803284,-0.1488691905236779,40,4500,3786
0.5228614600487659,0.6347607976248838,0.3118441329857364,0.6861105001803284,-0.1488691905236779,41,4500,3786
0.5228614600487659,0.6347607976248838,0.3118441329857364,0.6861105001803284,-0.1488691905236779,42,4500,3786
0.5228614600487659,0.6347607976248838,0.3118441329857364,0.6861105001803284,-0.1488691905236779,43,4500,3786
0.5228614600487659,0.6347607976248838,0.3118441329857364,0.6861105001803284,-0.1488691905236779,44,4500,3786
0.5228614600487659,0.6347607976248838,0.3118441329857364,0.6861105001803284,-0.1488691905236779,45,4500,3786
0.8050548331450097,0.2012032007246644,0.7533654181283584,0.4394326601704705,-0.0543192721887545,0,4500,4500
0.510888884466533,0.1977019639883706,0.2883279886478656,0.4790335153981873,-0.0565482320144612,1,4500,4500
0.5797808543309116,0.1097346640066967,0.2763130140951527,0.2795241373898884,-0.0634273304850278,2,4500,4500
0.7064804683711593,0.1316892354371238,0.7533654181283584,0.307250929916867,-0.0756123938909073,3,4500,4500
0.5153583346852244,0.1131278831215329,0.5879493465270805,0.2434927120280825,-0.0855769803824616,4,4500,4500
0.5153583346852244,0.1131278831215329,0.5879493465270805,0.2434927120280825,-0.0855769803824616,5,4500,4500
0.5325441318249434,0.1977207219102529,0.9442845747072408,0.3170314685016137,-0.0861244258628455,6,4500,4500
0.5325441318249434,0.1977207219102529,0.9442845747072408,0.3170314685016137,-0.0861244258628455,7,4500,4500
0.5225198361614614,0.1084590536844215,0.935522850056402,0.2646618825348566,-0.0893618767664324,8,4500,4500
0.5171586193520608,0.1888899002280483,0.9885338652739852,0.2506197250329486,-0.0896491428604408,9,4500,4500
0.5315881569730712,0.1335977104318571,0.5895617045581762,0.2714858516862245,-0.0912335376353592,10,4500,4500
0.519987900434024,0.1131629309630897,0.6303840544084923,0.2754662586398307,-0.0920885943487887,11,4500,4500
0.5218130493527194,0.1808074023311516,0.9906687282224164,0.2544727878354468,-0.0928033542718303,12,4500,4500
0.5201241162358438,0.2116992769973158,0.6274250836013954,0.241123148514175,-0.0942800512714247,13,4500,4500
0.5201241162358438,0.2116992769973158,0.6274250836013954,0.241123148514175,-0.0942800512714247,14,4500,4500
0.5201241162358438,0.2116992769973158,0.6274250836013954,0.241123148514175,-0.0942800512714247,15,4500,4500
0.5209519405928263,0.1928107817311269,0.599282047561304,0.272810520283246,-0.0944541419293686,16,4500,4500
0.5203074120655042,0.1886446169636667,0.6335703492312497,0.2547589418654891,-0.0964562393753897,17,4500,4500
0.5203074120655042,0.1886446169636667,0.6335703492312497,0.2547589418654891,-0.0964562393753897,18,4500,4500
0.5203074120655042,0.1886446169636667,0.6335703492312497,0.2547589418654891,-0.0964562393753897,19,4500,4500
0.5252633569471971,0.1886446169636667,0.6321189494023343,0.2697948843966644,-0.0977809817812782,20,4500,4500
0.5252633569471971,0.1886446169636667,0.6321189494023343,0.2697948843966644,-0.0977809817812782,21,4500,4500
0.5252633569471971,0.1886446169636667,0.6321189494023343,0.2697948843966644,-0.0977809817812782,22,4500,4500
0.5252633569471971,0.1886446169636667,0.6321189494023343,0.2697948843966644,-0.0977809817812782,23,4500,4500
0.5252633569471971,0.1886446169636667,0.6321189494023343,0.2697948843966644,-0.0977809817812782,24,4500,4500
0.5252633569471971,0.1886446169636667,0.6321189494023343,0.2697948843966644,-0.0977809817812782,25,4500,4500
0.5252633569471971,0.1886446169636667,0.6321189494023343,0.2697948843966644,-0.0977809817812782,26,4500,4500
0.5252633569471971,0.1886446169636667,0.6321189494023343,0.2697948843966644,-0.0977809817812782,27,4500,4500
0.5252633569471971,0.1886446169636667,0.6321189494023343,0.2697948843966644,-0.0977809817812782,28,4500,4500
0.5252633569471971,0.1886446169636667,0.6321189494023343,0.2697948843966644,-0.0977809817812782,29,4500,4500
0.5252633569471971,0.1886446169636667,0.6321189494023343,0.2697948843966644,-0.0977809817812782,30,4500,4500
0.5252633569471971,0.1886446169636667,0.6321189494023343,0.2697948843966644,-0.0977809817812782,31,4500,4500
0.5252633569471971,0.1886446169636667,0.6321189494023343,0.2697948843966644,-0.0977809817812782,32,4500,4500
0.5252633569471971,0.1886446169636667,0.6321189494023343,0.2697948843966644,-0.0977809817812782,33,4500,4500
0.5252633569471971,0.1886446169636667,0.6321189494023343,0.2697948843966644,-0.0977809817812782,34,4500,4500
0.5252633569471971,0.1886446169636667,0.6321189494023343,0.2697948843966644,-0.0977809817812782,35,4500,4500
0.5252633569471971,0.1886446169636667,0.6321189494023343,0.2697948843966644,-0.0977809817812782,36,4500,4500
0.5252633569471971,0.1886446169636667,0.6321189494023343,0.2697948843966644,-0.0977809817812782,37,4500,4500
0.5252633569471971,0.1886446169636667,0.6321189494023343,0.2697948843966644,-0.0977809817812782,38,4500,4500
0.5252633569471971,0.1886446169636667,0.6321189494023343,0.2697948843966644,-0.0977809817812782,39,4500,4500
0.5252633569471971,0.1886446169636667,0.6321189494023343,0.2697948843966644,-0.0977809817812782,40,4500,4500
0.5252633569471971,0.1886446169636667,0.6321189494023343,0.2697948843966644,-0.0977809817812782,41,4500,4500
0.5252633569471971,0.1886446169636667,0.6321189494023343,0.2697948843966644,-0.0977809817812782,42,4500,4500
0.5252633569471971,0.1886446169636667,0.6321189494023343,0.2697948843966644,-0.0977809817812782,43,4500,4500
0.5252633569471971,0.1886446169636667,0.6321189494023343,0.2697948843966644,-0.0977809817812782,44,4500,4500
0.5252633569471971,0.1886446169636667,0.6321189494023343,0.2697948843966644,-0.0977809817812782,45,4500,4500
0.8050548331450097,0.2012032007246644,0.7533654181283584,0.4394326601704705,-0.0586224989611821,0,4500,5214
0.510888884466533,0.1977019639883706,0.2883279886478656,0.4790335153981873,-0.0675279609818455,1,4500,5214
0.80236416113453,0.2228793631305188,0.6852035898998426,0.3036840529445848,-0.0784149348054411,2,4500,5214
0.80236416113453,0.2228793631305188,0.7057162756335418,0.3036840529445848,-0.0786592509743244,3,4500,5214
0.7706510669974715,0.1883790738999145,0.9506970994928584,0.3037598321268456,-0.0881618258661415,4,4500,5214
0.7706510669974715,0.1883790738999145,0.9506970994928584,0.3037598321268456,-0.0881618258661415,5,4500,5214
0.7763284565089006,0.219719473157276,0.8997444831793259,0.2700139072321961,-0.0891206502676488,6,4500,5214
0.5224637473848994,0.2088472145999629,0.9675843268697863,0.2862823641966678,-0.0930306006058116,7,4500,5214
0.5224637473848994,0.2088472145999629,0.9675843268697863,0.2862823641966678,-0.0930306006058116,8,4500,5214
0.5220124678914567,0.1900500061668983,0.9908078722850986,0.2502279381893822,-0.0972900616192821,9,4500,5214
0.525697927359232,0.1930311276118711,0.5894473055458528,0.292385798312207,-0.0981271752523135,10,4500,5214
0.5232620245480999,0.2012898375133975,0.6187589119521761,0.2941157815477932,-0.0983123285792952,11,4500,5214
0.525697927359232,0.1944456670879394,0.6259893838867603,0.2923988696818097,-0.0998142840047725,12,4500,5214
0.525697927359232,0.1944456670879394,0.6259893838867603,0.2923988696818097,-0.0998142840047725,13,4500,5214
0.5275117898535667,0.1900500061668983,0.6106267643862422,0.2496536806298522,-0.1012390403572246,14,4500,5214
0.5275117898535667,0.1900500061668983,0.6106267643862422,0.2496536806298522,-0.1012390403572246,15,4500,5214
0.5235877933726344,0.199902815014304,0.632641928674828,0.2530819814393494,-0.1033466255277291,16,4500,5214
0.5235877933726344,0.199902815014304,0.632641928674828,0.2530819814393494,-0.1033466255277291,17,4500,5214
0.5235877933726344,0.199902815014304,0.632641928674828,0.2530819814393494,-0.1033466255277291,18,4500,5214
0.5235877933726344,0.199902815014304,0.632641928674828,0.2530819814393494,-0.1033466255277291,19,4500,5214
0.5235877933726344,0.199902815014304,0.632641928674828,0.2530819814393494,-0.1033466255277291,20,4500,5214
0.5235877933726344,0.199902815014304,0.632641928674828,0.2530819814393494,-0.1033466255277291,21,4500,5214
0.5235877933726344,0.199902815014304,0.632641928674828,0.2530819814393494,-0.1033466255277291,22,4500,5214
0.5235877933726344,0.199902815014304,0.632641928674828,0.2530819814393494,-0.1033466255277291,23,4500,5214
0.5235877933726344,0.199902815014304,0.632641928674828,0.2530819814393494,-0.1033466255277291,24,4500,5214
0.5235877933726344,0.199902815014304,0.632641928674828,0.2530819814393494,-0.1033466255277291,25,4500,5214
0.5235877933726344,0.199902815014304,0.632641928674828,0.2530819814393494,-0.1033466255277291,26,4500,5214
0.5235877933726344,0.199902815014304,0.632641928674828,0.2530819814393494,-0.1033466255277291,27,4500,5214
0.5235877933726344,0.199902815014304,0.632641928674828,0.2530819814393494,-0.1033466255277291,28,4500,5214
0.5235877933726344,0.199902815014304,0.632641928674828,0.2530819814393494,-0.1033466255277291,29,4500,5214
0.5235877933726344,0.199902815014304,0.632641928674828,0.2530819814393494,-0.1033466255277291,30,4500,5214
0.5235877933726344,0.199902815014304,0.632641928674828,0.2530819814393494,-0.1033466255277291,31,4500,5214
0.5235877933726344,0.199902815014304,0.632641928674828,0.2530819814393494,-0.1033466255277291,32,4500,5214
0.5235877933726344,0.199902815014304,0.632641928674828,0.2530819814393494,-0.1033466255277291,33,4500,5214
0.5235877933726344,0.199902815014304,0.632641928674828,0.2530819814393494,-0.1033466255277291,34,4500,5214
0.5235877933726344,0.199902815014304,0.632641928674828,0.2530819814393494,-0.1033466255277291,35,4500,5214
0.5235877933726344,0.199902815014304,0.632641928674828,0.2530819814393494,-0.1033466255277291,36,4500,5214
0.5235877933726344,0.199902815014304,0.632641928674828,0.2530819814393494,-0.1033466255277291,37,4500,5214
0.8050548331450097,0.2012032007246644,0.7533654181283584,0.4394326601704705,-0.0556273759161187,0,4500,5929
0.510888884466533,0.1977019639883706,0.2883279886478656,0.4790335153981873,-0.069537174628517,1,4500,5929
0.510888884466533,0.1977019639883706,0.2883279886478656,0.4790335153981873,-0.069537174628517,2,4500,5929
0.7699862583710837,0.2138803398043716,0.5995244730532772,0.4404022668191282,-0.0729863193154282,3,4500,5929
0.5957584366718465,0.1532389356137597,0.7688223309466145,0.2389032354171909,-0.0848298104139849,4,4500,5929
0.6537206215081776,0.1840543035447886,0.9689698565071126,0.2411043660130717,-0.0874125528567857,5,4500,5929
0.7695706173852516,0.1866588283019941,0.9623905820481744,0.2503320070404594,-0.0895687844695314,6,4500,5929
0.5070089676476461,0.2025066320591803,0.6258106697049887,0.2962600107471055,-0.0962333275962331,7,4500,5929
0.7688422448008349,0.2098740463564561,0.6259011737753881,0.2405661949425939,-0.0973834760811926,8,4500,5929
0.7688422448008349,0.2098740463564561,0.6259011737753881,0.2405661949425939,-0.0973834760811926,9,4500,5929
0.7648594989040804,0.1809406380965312,0.6004319359450222,0.2426117684233558,-0.097716481268052,10,4500,5929
0.7688422448008349,0.1746620999334269,0.621249915694639,0.2546883977111462,-0.1003590357929436,11,4500,5929
0.5423320817881779,0.1781522319191606,0.6257321264853294,0.2348466308695238,-0.1019556772664368,12,4500,5929
0.5423320817881779,0.1781522319191606,0.6257321264853294,0.2348466308695238,-0.1019556772664368,13,4500,5929
0.5237138443790142,0.1841310891965413,0.6258106697049887,0.2850143808330631,-0.1056984185165731,14,4500,5929
0.5237138443790142,0.1841310891965413,0.6258106697049887,0.2850143808330631,-0.1056984185165731,15,4500,5929
0.5302004187843541,0.1781123491709204,0.626600721353539,0.2431784540101323,-0.108041770008938,16,4500,5929
0.5271861882225913,0.1975070833712865,0.6258106697049887,0.270595807256049,-0.1087835905291647,17,4500,5929
0.5287132123218463,0.2007238217136377,0.626237742535197,0.2542616169795922,-0.1089782244631721,18,4500,5929
0.5242402099861577,0.1964109660951608,0.6264086446755799,0.2551827229149105,-0.1091270861569683,19,4500,5929
0.5242402099861577,0.1964109660951608,0.6264086446755799,0.2551827229149105,-0.1091270861569683,20,4500,5929
0.5242402099861577,0.1964109660951608,0.6264086446755799,0.2551827229149105,-0.1091270861569683,21,4500,5929
0.5242402099861577,0.1964109660951608,0.6264086446755799,0.2551827229149105,-0.1091270861569683,22,4500,5929
0.5242402099861577,0.1964109660951608,0.6264086446755799,0.2551827229149105,-0.1091270861569683,23,4500,5929
0.5242402099861577,0.1964109660951608,0.6264086446755799,0.2551827229149105,-0.1091270861569683,24,4500,5929
0.5242402099861577,0.1964109660951608,0.6264086446755799,0.2551827229149105,-0.1091270861569683,25,4500,5929
0.5242402099861577,0.1964109660951608,0.6264086446755799,0.2551827229149105,-0.1091270861569683,26,4500,5929
0.5242402099861577,0.1964109660951608,0.6264086446755799,0.2551827229149105,-0.1091270861569683,27,4500,5929
0.5242402099861577,0.1964109660951608,0.6264086446755799,0.2551827229149105,-0.1091270861569683,28,4500,5929
0.5242402099861577,0.1964109660951608,0.6264086446755799,0.2551827229149105,-0.1091270861569683,29,4500,5929
0.5242402099861577,0.1964109660951608,0.6264086446755799,0.2551827229149105,-0.1091270861569683,30,4500,5929
0.5242402099861577,0.1964109660951608,0.6264086446755799,0.2551827229149105,-0.1091270861569683,31,4500,5929
0.5242402099861577,0.1964109660951608,0.6264086446755799,0.2551827229149105,-0.1091270861569683,32,4500,5929
0.5242402099861577,0.1964109660951608,0.6264086446755799,0.2551827229149105,-0.1091270861569683,33,4500,5929
0.5242402099861577,0.1964109660951608,0.6264086446755799,0.2551827229149105,-0.1091270861569683,34,4500,5929
0.5242402099861577,0.1964109660951608,0.6264086446755799,0.2551827229149105,-0.1091270861569683,35,4500,5929
0.5242402099861577,0.1964109660951608,0.6264086446755799,0.2551827229149105,-0.1091270861569683,36,4500,5929
0.5242402099861577,0.1964109660951608,0.6264086446755799,0.2551827229149105,-0.1091270861569683,37,4500,5929
0.5242402099861577,0.1964109660951608,0.6264086446755799,0.2551827229149105,-0.1091270861569683,38,4500,5929
0.5242402099861577,0.1964109660951608,0.6264086446755799,0.2551827229149105,-0.1091270861569683,39,4500,5929
0.5242402099861577,0.1964109660951608,0.6264086446755799,0.2551827229149105,-0.1091270861569683,40,4500,5929
0.5242402099861577,0.1964109660951608,0.6264086446755799,0.2551827229149105,-0.1091270861569683,41,4500,5929
0.5242402099861577,0.1964109660951608,0.6264086446755799,0.2551827229149105,-0.1091270861569683,42,4500,5929
0.5242402099861577,0.1964109660951608,0.6264086446755799,0.2551827229149105,-0.1091270861569683,43,4500,5929
0.6734598871529389,0.016722821635377,0.9268052023585862,0.1225256507690002,-0.0447322110757471,0,4500,6643
0.6734598871529389,0.016722821635377,0.9268052023585862,0.1225256507690002,-0.0447322110757471,1,4500,6643
0.8161604112552281,0.0057116675146001,0.9850657316994168,0.1973942523898054,-0.0579891283389197,2,4500,6643
0.5221539512942768,0.2145294467036089,0.8807175852360827,0.2400212548603721,-0.0891681553695108,3,4500,6643
0.5221539512942768,0.2145294467036089,0.8807175852360827,0.2400212548603721,-0.0891681553695108,4,4500,6643
0.5221539512942768,0.2145294467036089,0.8807175852360827,0.2400212548603721,-0.0891681553695108,5,4500,6643
0.5221539512942768,0.2145294467036089,0.8807175852360827,0.2400212548603721,-0.0891681553695108,6,4500,6643
0.5221539512942768,0.2145294467036089,0.8807175852360827,0.2400212548603721,-0.0891681553695108,7,4500,6643
0.5221539512942768,0.2145294467036089,0.8807175852360827,0.2400212548603721,-0.0891681553695108,8,4500,6643
0.5221539512942768,0.2145294467036089,0.8807175852360827,0.2400212548603721,-0.0891681553695108,9,4500,6643
0.5264357939824531,0.2231102328651756,0.9240063227354652,0.2450449706235092,-0.0898022121819656,10,4500,6643
0.5245196566641113,0.2144928668325121,0.983988972448292,0.2472187185395364,-0.0900086722984928,11,4500,6643
0.5220276664465264,0.2145687137242912,0.8785291325628845,0.2649473295576113,-0.0900323543947632,12,4500,6643
0.5221539512942768,0.1950609143330273,0.8864339950943205,0.2363122599356487,-0.090936243394063,13,4500,6643
0.5243713723225643,0.1919174217370358,0.9892553665391304,0.2694823815430534,-0.092216029932113,14,4500,6643
0.5243713723225643,0.1919174217370358,0.9892553665391304,0.2694823815430534,-0.092216029932113,15,4500,6643
0.5243713723225643,0.1919174217370358,0.9892553665391304,0.2694823815430534,-0.092216029932113,16,4500,6643
0.5243713723225643,0.1919174217370358,0.9892553665391304,0.2694823815430534,-0.092216029932113,17,4500,6643
0.5260415640308956,0.1835467740386122,0.8718774384413891,0.263636504882598,-0.0926783118199989,18,4500,6643
0.5260415640308956,0.1835467740386122,0.8718774384413891,0.263636504882598,-0.0926783118199989,19,4500,6643
0.5261400626994449,0.1795533510459535,0.8734566464587756,0.2645570623159983,-0.0930051229301271,20,4500,6643
0.5296769935831649,0.1796228529671426,0.8734912409887043,0.2645187450773388,-0.0930241142483257,21,4500,6643
0.5296769935831649,0.1796228529671426,0.8734912409887043,0.2645187450773388,-0.0930241142483257,22,4500,6643
0.5296769935831649,0.1796228529671426,0.8734912409887043,0.2645187450773388,-0.0930241142483257,23,4500,6643
0.5296769935831649,0.1796228529671426,0.8734912409887043,0.2645187450773388,-0.0930241142483257,24,4500,6643
0.5260419626995716,0.1880720099471406,0.8724717603425426,0.264654817887909,-0.0931539846239233,25,4500,6643
0.5260419626995716,0.1880720099471406,0.8724717603425426,0.264654817887909,-0.0931539846239233,26,4500,6643
0.5260419626995716,0.1880720099471406,0.8724717603425426,0.264654817887909,-0.0931539846239233,27,4500,6643
0.5260419626995716,0.1880720099471406,0.8724717603425426,0.264654817887909,-0.0931539846239233,28,4500,6643
0.5260419626995716,0.1880720099471406,0.8724717603425426,0.264654817887909,-0.0931539846239233,29,4500,6643
0.5260419626995716,0.1880720099471406,0.8724717603425426,0.264654817887909,-0.0931539846239233,30,4500,6643
0.5260419626995716,0.1880720099471406,0.8724717603425426,0.264654817887909,-0.0931539846239233,31,4500,6643
0.5260419626995716,0.1880720099471406,0.8724717603425426,0.264654817887909,-0.0931539846239233,32,4500,6643
0.5260419626995716,0.1880720099471406,0.8724717603425426,0.264654817887909,-0.0931539846239233,33,4500,6643
0.5260419626995716,0.1880720099471406,0.8724717603425426,0.264654817887909,-0.0931539846239233,34,4500,6643
0.5260419626995716,0.1880720099471406,0.8724717603425426,0.264654817887909,-0.0931539846239233,35,4500,6643
0.5260419626995716,0.1880720099471406,0.8724717603425426,0.264654817887909,-0.0931539846239233,36,4500,6643
0.5260419626995716,0.1880720099471406,0.8724717603425426,0.264654817887909,-0.0931539846239233,37,4500,6643
0.5260419626995716,0.1880720099471406,0.8724717603425426,0.264654817887909,-0.0931539846239233,38,4500,6643
0.5260419626995716,0.1880720099471406,0.8724717603425426,0.264654817887909,-0.0931539846239233,39,4500,6643
0.5260419626995716,0.1880720099471406,0.8724717603425426,0.264654817887909,-0.0931539846239233,40,4500,6643
0.5260419626995716,0.1880720099471406,0.8724717603425426,0.264654817887909,-0.0931539846239233,41,4500,6643
0.5260419626995716,0.1880720099471406,0.8724717603425426,0.264654817887909,-0.0931539846239233,42,4500,6643
0.5260419626995716,0.1880720099471406,0.8724717603425426,0.264654817887909,-0.0931539846239233,43,4500,6643
0.5260419626995716,0.1880720099471406,0.8724717603425426,0.264654817887909,-0.0931539846239233,44,4500,6643
0.5260419626995716,0.1880720099471406,0.8724717603425426,0.264654817887909,-0.0931539846239233,45,4500,6643
0.5260419626995716,0.1880720099471406,0.8724717603425426,0.264654817887909,-0.0931539846239233,46,4500,6643
0.5260419626995716,0.1880720099471406,0.8724717603425426,0.264654817887909,-0.0931539846239233,47,4500,6643
0.5260419626995716,0.1880720099471406,0.8724717603425426,0.264654817887909,-0.0931539846239233,48,4500,6643
0.5260419626995716,0.1880720099471406,0.8724717603425426,0.264654817887909,-0.0931539846239233,49,4500,6643
0.5260419626995716,0.1880720099471406,0.8724717603425426,0.264654817887909,-0.0931539846239233,50,4500,6643
0.6734598871529389,0.016722821635377,0.9268052023585862,0.1225256507690002,-0.0376196283246322,0,4500,7357
0.6734598871529389,0.016722821635377,0.9268052023585862,0.1225256507690002,-0.0376196283246322,1,4500,7357
0.8004529716598013,0.1316892354371238,0.7533654181283584,0.4394326601704705,-0.0392794631156675,2,4500,7357
0.7902491477076689,0.0274403932383616,0.90154973843919,0.2390670328594344,-0.0748911774406636,3,4500,7357
0.8363526810988523,0.2189523693225633,0.9496104171751532,0.299815542437813,-0.0757669811146285,4,4500,7357
0.5390074025567391,0.1977019639883706,0.8696249539362562,0.2595232264041329,-0.0828770862277759,5,4500,7357
0.5390074025567391,0.1977019639883706,0.8696249539362562,0.2595232264041329,-0.0828770862277759,6,4500,7357
0.5390074025567391,0.1977019639883706,0.8696249539362562,0.2595232264041329,-0.0828770862277759,7,4500,7357
0.5311115219698856,0.002246138020283,0.8668782543577158,0.2571432411549802,-0.083346981625914,8,4500,7357
0.5311115219698856,0.002246138020283,0.8668782543577158,0.2571432411549802,-0.083346981625914,9,4500,7357
0.5311115219698856,0.002246138020283,0.8668782543577158,0.2571432411549802,-0.083346981625914,10,4500,7357
0.5253067829433932,0.0063843308196869,0.8668782543577158,0.2363792919292768,-0.0834105864579567,11,4500,7357
0.5253067829433932,0.0063843308196869,0.8668782543577158,0.2363792919292768,-0.0834105864579567,12,4500,7357
0.5253067829433932,0.1819389727292195,0.8668782543577158,0.3043497084406192,-0.0847193681470443,13,4500,7357
0.5253067829433932,0.1819881046961163,0.8668782543577158,0.2742503909661486,-0.0884971682173964,14,4500,7357
0.5253067829433932,0.1819881046961163,0.8668782543577158,0.2742503909661486,-0.0884971682173964,15,4500,7357
0.5253067829433932,0.1819881046961163,0.8668782543577158,0.2742503909661486,-0.0884971682173964,16,4500,7357
0.5282474241344409,0.1955243789351682,0.8711701659250909,0.2713707089790398,-0.089116478322669,17,4500,7357
0.5282474241344409,0.1955243789351682,0.8711701659250909,0.2713707089790398,-0.089116478322669,18,4500,7357
0.5282474241344409,0.1955243789351682,0.8711701659250909,0.2713707089790398,-0.089116478322669,19,4500,7357
0.5282474241344409,0.1955243789351682,0.8711701659250909,0.2713707089790398,-0.089116478322669,20,4500,7357
0.5251723996163292,0.1950909443530669,0.8714279146259283,0.2633687908401903,-0.0892976575596127,21,4500,7357
0.5251723996163292,0.1950909443530669,0.8714279146259283,0.2633687908401903,-0.0892976575596127,22,4500,7357
0.5251723996163292,0.1950909443530669,0.8714279146259283,0.2633687908401903,-0.0892976575596127,23,4500,7357
0.5251723996163292,0.1950909443530669,0.8714279146259283,0.2633687908401903,-0.0892976575596127,24,4500,7357
0.5253615283700488,0.1827381085939647,0.8723574808458635,0.2607995500723188,-0.0894192753636894,25,4500,7357
0.5253615283700488,0.1827381085939647,0.8723574808458635,0.2607995500723188,-0.0894192753636894,26,4500,7357
0.5253615283700488,0.1827381085939647,0.8723574808458635,0.2607995500723188,-0.0894192753636894,27,4500,7357
0.5253615283700488,0.1827381085939647,0.8723574808458635,0.2607995500723188,-0.0894192753636894,28,4500,7357
0.5253615283700488,0.1827381085939647,0.8723574808458635,0.2607995500723188,-0.0894192753636894,29,4500,7357
0.5253615283700488,0.1827381085939647,0.8723574808458635,0.2607995500723188,-0.0894192753636894,30,4500,7357
0.5253615283700488,0.1827381085939647,0.8723574808458635,0.2607995500723188,-0.0894192753636894,31,4500,7357
0.5253615283700488,0.1827381085939647,0.8723574808458635,0.2607995500723188,-0.0894192753636894,32,4500,7357
0.5253615283700488,0.1827381085939647,0.8723574808458635,0.2607995500723188,-0.0894192753636894,33,4500,7357
0.5253615283700488,0.1827381085939647,0.8723574808458635,0.2607995500723188,-0.0894192753636894,34,4500,7357
0.5253615283700488,0.1827381085939647,0.8723574808458635,0.2607995500723188,-0.0894192753636894,35,4500,7357
0.5253615283700488,0.1827381085939647,0.8723574808458635,0.2607995500723188,-0.0894192753636894,36,4500,7357
0.5253615283700488,0.1827381085939647,0.8723574808458635,0.2607995500723188,-0.0894192753636894,37,4500,7357
0.5253615283700488,0.1827381085939647,0.8723574808458635,0.2607995500723188,-0.0894192753636894,38,4500,7357
0.5253615283700488,0.1827381085939647,0.8723574808458635,0.2607995500723188,-0.0894192753636894,39,4500,7357
0.5253615283700488,0.1827381085939647,0.8723574808458635,0.2607995500723188,-0.0894192753636894,40,4500,7357
0.5253615283700488,0.1827381085939647,0.8723574808458635,0.2607995500723188,-0.0894192753636894,41,4500,7357
0.5253615283700488,0.1827381085939647,0.8723574808458635,0.2607995500723188,-0.0894192753636894,42,4500,7357
0.5253615283700488,0.1827381085939647,0.8723574808458635,0.2607995500723188,-0.0894192753636894,43,4500,7357
0.5253615283700488,0.1827381085939647,0.8723574808458635,0.2607995500723188,-0.0894192753636894,44,4500,7357
0.5253615283700488,0.1827381085939647,0.8723574808458635,0.2607995500723188,-0.0894192753636894,45,4500,7357
0.5253615283700488,0.1827381085939647,0.8723574808458635,0.2607995500723188,-0.0894192753636894,46,4500,7357
0.6734598871529389,0.016722821635377,0.9268052023585862,0.1225256507690002,-0.0377970583441745,0,4500,8072
0.6734598871529389,0.016722821635377,0.9268052023585862,0.1225256507690002,-0.0377970583441745,1,4500,8072
0.8205038556779803,0.2016680285874127,0.8312992943724904,0.3855872572300576,-0.0657114865585299,2,4500,8072
0.8580483692505173,0.1326962975467872,0.9465204167680644,0.2434927120280825,-0.0754493787196686,3,4500,8072
0.5284946934171144,0.1326962975467872,0.8893476565855984,0.3076824191444278,-0.0798144622602453,4,4500,8072
0.5284946934171144,0.1326962975467872,0.8893476565855984,0.3076824191444278,-0.0798144622602453,5,4500,8072
0.5301881854366136,0.1326962975467872,0.8893476565855984,0.2404065871590964,-0.082979153600403,6,4500,8072
0.5301881854366136,0.1326962975467872,0.8893476565855984,0.2404065871590964,-0.082979153600403,7,4500,8072
0.5236132235913228,0.0176748394687544,0.975444963699594,0.275117422380099,-0.0842042689803746,8,4500,8072
0.5236132235913228,0.0176748394687544,0.975444963699594,0.275117422380099,-0.0842042689803746,9,4500,8072
0.5288502951555714,0.2107050053397083,0.9444441403867144,0.2446563859176618,-0.0859370759518906,10,4500,8072
0.5279775177103343,0.1989700549909698,0.9274410853751404,0.273509410235974,-0.0884775714544776,11,4500,8072
0.5279775177103343,0.1989700549909698,0.9274410853751404,0.273509410235974,-0.0884775714544776,12,4500,8072
0.524147154861774,0.1975537946016876,0.9546818673640386,0.2634611462927055,-0.0886587506914214,13,4500,8072
0.524147154861774,0.1975537946016876,0.9546818673640386,0.2634611462927055,-0.0886587506914214,14,4500,8072
0.5288502951555714,0.1990298119182259,0.8697470573354009,0.2448887582672244,-0.0887603913805209,15,4500,8072
0.5288502951555714,0.1990298119182259,0.8697470573354009,0.2448887582672244,-0.0887603913805209,16,4500,8072
0.5288502951555714,0.1990298119182259,0.8697470573354009,0.2448887582672244,-0.0887603913805209,17,4500,8072
0.5288502951555714,0.1990298119182259,0.8697470573354009,0.2448887582672244,-0.0887603913805209,18,4500,8072
0.5288502951555714,0.1990298119182259,0.8697470573354009,0.2448887582672244,-0.0887603913805209,19,4500,8072
0.5288502951555714,0.1990298119182259,0.8697470573354009,0.2448887582672244,-0.0887603913805209,20,4500,8072
0.5288003391746804,0.1929398454134419,0.8732665072607556,0.2714448190306729,-0.0894155261462879,21,4500,8072
0.5288003391746804,0.1929398454134419,0.8732665072607556,0.2714448190306729,-0.0894155261462879,22,4500,8072
0.5241738302158767,0.1990298119182259,0.8697470573354009,0.2658635290939836,-0.0894750875791551,23,4500,8072
0.524147154861774,0.1975537946016876,0.8738994046454913,0.2715911434755357,-0.0895967053832317,24,4500,8072
0.524147154861774,0.1975537946016876,0.8738994046454913,0.2715911434755357,-0.0895967053832317,25,4500,8072
0.524147154861774,0.1975537946016876,0.8738994046454913,0.2715911434755357,-0.0895967053832317,26,4500,8072
0.524147154861774,0.1975537946016876,0.8738994046454913,0.2715911434755357,-0.0895967053832317,27,4500,8072
0.524147154861774,0.1975537946016876,0.8738994046454913,0.2715911434755357,-0.0895967053832317,28,4500,8072
0.524147154861774,0.1975537946016876,0.8738994046454913,0.2715911434755357,-0.0895967053832317,29,4500,8072
0.524147154861774,0.1975537946016876,0.8738994046454913,0.2715911434755357,-0.0895967053832317,30,4500,8072
0.524147154861774,0.1975537946016876,0.8738994046454913,0.2715911434755357,-0.0895967053832317,31,4500,8072
0.524147154861774,0.1975537946016876,0.8738994046454913,0.2715911434755357,-0.0895967053832317,32,4500,8072
0.524147154861774,0.1975537946016876,0.8738994046454913,0.2715911434755357,-0.0895967053832317,33,4500,8072
0.524147154861774,0.1975537946016876,0.8738994046454913,0.2715911434755357,-0.0895967053832317,34,4500,8072
0.524147154861774,0.1975537946016876,0.8738994046454913,0.2715911434755357,-0.0895967053832317,35,4500,8072
0.524147154861774,0.1975537946016876,0.8738994046454913,0.2715911434755357,-0.0895967053832317,36,4500,8072
0.524147154861774,0.1975537946016876,0.8738994046454913,0.2715911434755357,-0.0895967053832317,37,4500,8072
0.524147154861774,0.1975537946016876,0.8738994046454913,0.2715911434755357,-0.0895967053832317,38,4500,8072
0.524147154861774,0.1975537946016876,0.8738994046454913,0.2715911434755357,-0.0895967053832317,39,4500,8072
0.524147154861774,0.1975537946016876,0.8738994046454913,0.2715911434755357,-0.0895967053832317,40,4500,8072
0.524147154861774,0.1975537946016876,0.8738994046454913,0.2715911434755357,-0.0895967053832317,41,4500,8072
0.524147154861774,0.1975537946016876,0.8738994046454913,0.2715911434755357,-0.0895967053832317,42,4500,8072
0.524147154861774,0.1975537946016876,0.8738994046454913,0.2715911434755357,-0.0895967053832317,43,4500,8072
0.524147154861774,0.1975537946016876,0.8738994046454913,0.2715911434755357,-0.0895967053832317,44,4500,8072
0.524147154861774,0.1975537946016876,0.8738994046454913,0.2715911434755357,-0.0895967053832317,45,4500,8072
0.524147154861774,0.1975537946016876,0.8738994046454913,0.2715911434755357,-0.0895967053832317,46,4500,8072
0.5412268555474342,0.1097346640066967,0.2763130140951527,0.6400105583176766,-0.0960786598944209,0,5214,3072
0.5789449339934719,0.1097346640066967,0.2763130140951527,0.6911742775559903,-0.1184500724135364,1,5214,3072
0.5789449339934719,0.1097346640066967,0.2763130140951527,0.6911742775559903,-0.1184500724135364,2,5214,3072
0.5789449339934719,0.1097346640066967,0.2763130140951527,0.6911742775559903,-0.1184500724135364,3,5214,3072
0.5789449339934719,0.1097346640066967,0.2763130140951527,0.6911742775559903,-0.1184500724135364,4,5214,3072
0.5789449339934719,0.1097346640066967,0.2763130140951527,0.6911742775559903,-0.1184500724135364,5,5214,3072
0.5389993129671129,0.1372141076154782,0.2763130140951527,0.701945300784493,-0.1253039186659634,6,5214,3072
0.5389993129671129,0.1372141076154782,0.2763130140951527,0.701945300784493,-0.1253039186659634,7,5214,3072
0.5389993129671129,0.1372141076154782,0.2763130140951527,0.701945300784493,-0.1253039186659634,8,5214,3072
0.5411446481179576,0.5907101904563332,0.2934134303718526,0.721925814836388,-0.13175112165173,9,5214,3072
0.5411446481179576,0.5907101904563332,0.2934134303718526,0.721925814836388,-0.13175112165173,10,5214,3072
0.5411446481179576,0.5907101904563332,0.2934134303718526,0.721925814836388,-0.13175112165173,11,5214,3072
0.5309529371931679,0.1995618598992322,0.2792094513264117,0.7400600310042827,-0.1329723688406714,12,5214,3072
0.5309529371931679,0.1995618598992322,0.2792094513264117,0.7400600310042827,-0.1329723688406714,13,5214,3072
0.5411446481179576,0.6251850320589587,0.2934134303718526,0.721925814836388,-0.1340616964228707,14,5214,3072
0.5309529371931679,0.1995618598992322,0.3108734108243153,0.739872185094621,-0.1348293995349083,15,5214,3072
0.5309529371931679,0.1995618598992322,0.3108734108243153,0.739872185094621,-0.1348293995349083,16,5214,3072
0.5309529371931679,0.1995618598992322,0.3108734108243153,0.739872185094621,-0.1348293995349083,17,5214,3072
0.5309529371931679,0.1995618598992322,0.3108734108243153,0.739872185094621,-0.1348293995349083,18,5214,3072
0.5309529371931679,0.1995618598992322,0.3108734108243153,0.739872185094621,-0.1348293995349083,19,5214,3072
0.5309529371931679,0.6230852793418488,0.3105486141643284,0.739872185094621,-0.1364399338155995,20,5214,3072
0.5309529371931679,0.6230852793418488,0.3105486141643284,0.739872185094621,-0.1364399338155995,21,5214,3072
0.5309529371931679,0.6230852793418488,0.3105486141643284,0.739872185094621,-0.1364399338155995,22,5214,3072
0.5309529371931679,0.6230852793418488,0.3105486141643284,0.739872185094621,-0.1364399338155995,23,5214,3072
0.5309529371931679,0.6230852793418488,0.3105486141643284,0.739872185094621,-0.1364399338155995,24,5214,3072
0.5309529371931679,0.6230852793418488,0.3105486141643284,0.739872185094621,-0.1364399338155995,25,5214,3072
0.5309529371931679,0.6230852793418488,0.3105486141643284,0.739872185094621,-0.1364399338155995,26,5214,3072
0.5309529371931679,0.6230852793418488,0.3105486141643284,0.739872185094621,-0.1364399338155995,27,5214,3072
0.5240016569830523,0.6174989643016167,0.3097031384162081,0.7132612593311668,-0.1369038548224038,28,5214,3072
0.5240016569830523,0.6174989643016167,0.3097031384162081,0.7132612593311668,-0.1369038548224038,29,5214,3072
0.5240016569830523,0.6174989643016167,0.3097031384162081,0.7132612593311668,-0.1369038548224038,30,5214,3072
0.5240016569830523,0.6174989643016167,0.3097031384162081,0.7132612593311668,-0.1369038548224038,31,5214,3072
0.5240016569830523,0.6174989643016167,0.3097031384162081,0.7132612593311668,-0.1369038548224038,32,5214,3072
0.5240016569830523,0.6174989643016167,0.3097031384162081,0.7132612593311668,-0.1369038548224038,33,5214,3072
0.5240016569830523,0.6174989643016167,0.3097031384162081,0.7132612593311668,-0.1369038548224038,34,5214,3072
0.5240016569830523,0.6174989643016167,0.3097031384162081,0.7132612593311668,-0.1369038548224038,35,5214,3072
0.5240016569830523,0.6174989643016167,0.3097031384162081,0.7132612593311668,-0.1369038548224038,36,5214,3072
0.5240016569830523,0.6174989643016167,0.3097031384162081,0.7132612593311668,-0.1369038548224038,37,5214,3072
0.5240016569830523,0.6174989643016167,0.3097031384162081,0.7132612593311668,-0.1369038548224038,38,5214,3072
0.5240016569830523,0.6174989643016167,0.3097031384162081,0.7132612593311668,-0.1369038548224038,39,5214,3072
0.5240016569830523,0.6174989643016167,0.3097031384162081,0.7132612593311668,-0.1369038548224038,40,5214,3072
0.5240016569830523,0.6174989643016167,0.3097031384162081,0.7132612593311668,-0.1369038548224038,41,5214,3072
0.5240016569830523,0.6174989643016167,0.3097031384162081,0.7132612593311668,-0.1369038548224038,42,5214,3072
0.5240016569830523,0.6174989643016167,0.3097031384162081,0.7132612593311668,-0.1369038548224038,43,5214,3072
0.5240016569830523,0.6174989643016167,0.3097031384162081,0.7132612593311668,-0.1369038548224038,44,5214,3072
0.5240016569830523,0.6174989643016167,0.3097031384162081,0.7132612593311668,-0.1369038548224038,45,5214,3072
0.5240016569830523,0.6174989643016167,0.3097031384162081,0.7132612593311668,-0.1369038548224038,46,5214,3072
0.5240016569830523,0.6174989643016167,0.3097031384162081,0.7132612593311668,-0.1369038548224038,47,5214,3072
0.5240016569830523,0.6174989643016167,0.3097031384162081,0.7132612593311668,-0.1369038548224038,48,5214,3072
0.5240016569830523,0.6174989643016167,0.3097031384162081,0.7132612593311668,-0.1369038548224038,49,5214,3072
0.5240016569830523,0.6174989643016167,0.3097031384162081,0.7132612593311668,-0.1369038548224038,50,5214,3072
0.5240016569830523,0.6174989643016167,0.3097031384162081,0.7132612593311668,-0.1369038548224038,51,5214,3072
0.5240016569830523,0.6174989643016167,0.3097031384162081,0.7132612593311668,-0.1369038548224038,52,5214,3072
0.5240016569830523,0.6174989643016167,0.3097031384162081,0.7132612593311668,-0.1369038548224038,53,5214,3072
0.5412268555474342,0.1097346640066967,0.2763130140951527,0.6400105583176766,-0.0882660039017232,0,5214,3786
0.5789449339934719,0.1097346640066967,0.2763130140951527,0.6911742775559903,-0.1106143856646341,1,5214,3786
0.5789449339934719,0.1097346640066967,0.2763130140951527,0.6911742775559903,-0.1106143856646341,2,5214,3786
0.5789449339934719,0.1097346640066967,0.2763130140951527,0.6911742775559903,-0.1106143856646341,3,5214,3786
0.5789449339934719,0.1085129238218799,0.2763130140951527,0.7029897846542824,-0.1170599451620551,4,5214,3786
0.5789449339934719,0.1085129238218799,0.2763130140951527,0.7029897846542824,-0.1170599451620551,5,5214,3786
0.5797777830628794,0.6365189175405225,0.2763130140951527,0.6911742775559903,-0.1194446490191476,6,5214,3786
0.5258649177756454,0.597062653957019,0.2933224580825956,0.6826904441229483,-0.1217239884907461,7,5214,3786
0.5258649177756454,0.597062653957019,0.2933224580825956,0.6826904441229483,-0.1217239884907461,8,5214,3786
0.5258649177756454,0.597062653957019,0.2933224580825956,0.6826904441229483,-0.1217239884907461,9,5214,3786
0.5597116159043334,0.1795595058034713,0.3086252475711983,0.7150288966710145,-0.1243413549816786,10,5214,3786
0.5578838702082999,0.6137517865660128,0.2763130140951527,0.7239448289695042,-0.1263839678240033,11,5214,3786
0.5578838702082999,0.6137517865660128,0.2763130140951527,0.7239448289695042,-0.1263839678240033,12,5214,3786
0.5289225437405773,0.6006518072072726,0.2777167299246796,0.7174675885611541,-0.1283133392785915,13,5214,3786
0.5289225437405773,0.6006518072072726,0.2777167299246796,0.7174675885611541,-0.1283133392785915,14,5214,3786
0.5286431518814552,0.6211690994426031,0.2748425014659051,0.7146128575848789,-0.1306239140497321,15,5214,3786
0.5286431518814552,0.6211690994426031,0.2748425014659051,0.7146128575848789,-0.1306239140497321,16,5214,3786
0.5286431518814552,0.6211690994426031,0.2748425014659051,0.7146128575848789,-0.1306239140497321,17,5214,3786
0.5276577406961167,0.6143108415128076,0.3093408794039192,0.7128492569016472,-0.1324809447439689,18,5214,3786
0.5276577406961167,0.6143108415128076,0.3093408794039192,0.7128492569016472,-0.1324809447439689,19,5214,3786
0.5276577406961167,0.6143108415128076,0.3093408794039192,0.7128492569016472,-0.1324809447439689,20,5214,3786
0.5293224037480405,0.6178569970232832,0.3115655415498035,0.7185960203630689,-0.1325372440129825,21,5214,3786
0.5258649177756454,0.6024412827601329,0.3101938743074201,0.7288021201358019,-0.1330011650197869,22,5214,3786
0.5258649177756454,0.6024412827601329,0.3101938743074201,0.7288021201358019,-0.1330011650197869,23,5214,3786
0.5258649177756454,0.6024412827601329,0.3101938743074201,0.7288021201358019,-0.1330011650197869,24,5214,3786
0.5258649177756454,0.6024412827601329,0.3101938743074201,0.7288021201358019,-0.1330011650197869,25,5214,3786
0.5258649177756454,0.6024412827601329,0.3101938743074201,0.7288021201358019,-0.1330011650197869,26,5214,3786
0.5258649177756454,0.6024412827601329,0.3101938743074201,0.7288021201358019,-0.1330011650197869,27,5214,3786
0.5258649177756454,0.6024412827601329,0.3101938743074201,0.7288021201358019,-0.1330011650197869,28,5214,3786
0.5258649177756454,0.6024412827601329,0.3101938743074201,0.7288021201358019,-0.1330011650197869,29,5214,3786
0.5258649177756454,0.6024412827601329,0.3101938743074201,0.7288021201358019,-0.1330011650197869,30,5214,3786
0.5258649177756454,0.6024412827601329,0.3101938743074201,0.7288021201358019,-0.1330011650197869,31,5214,3786
0.5258649177756454,0.6024412827601329,0.3101938743074201,0.7288021201358019,-0.1330011650197869,32,5214,3786
0.5258649177756454,0.6024412827601329,0.3101938743074201,0.7288021201358019,-0.1330011650197869,33,5214,3786
0.5258649177756454,0.6024412827601329,0.3101938743074201,0.7288021201358019,-0.1330011650197869,34,5214,3786
0.5258649177756454,0.6024412827601329,0.3101938743074201,0.7288021201358019,-0.1330011650197869,35,5214,3786
0.5258649177756454,0.6024412827601329,0.3101938743074201,0.7288021201358019,-0.1330011650197869,36,5214,3786
0.5258649177756454,0.6024412827601329,0.3101938743074201,0.7288021201358019,-0.1330011650197869,37,5214,3786
0.5258649177756454,0.6024412827601329,0.3101938743074201,0.7288021201358019,-0.1330011650197869,38,5214,3786
0.5258649177756454,0.6024412827601329,0.3101938743074201,0.7288021201358019,-0.1330011650197869,39,5214,3786
0.5258649177756454,0.6024412827601329,0.3101938743074201,0.7288021201358019,-0.1330011650197869,40,5214,3786
0.5258649177756454,0.6024412827601329,0.3101938743074201,0.7288021201358019,-0.1330011650197869,41,5214,3786
0.5258649177756454,0.6024412827601329,0.3101938743074201,0.7288021201358019,-0.1330011650197869,42,5214,3786
0.5258649177756454,0.6024412827601329,0.3101938743074201,0.7288021201358019,-0.1330011650197869,43,5214,3786
0.5258649177756454,0.6024412827601329,0.3101938743074201,0.7288021201358019,-0.1330011650197869,44,5214,3786
0.5258649177756454,0.6024412827601329,0.3101938743074201,0.7288021201358019,-0.1330011650197869,45,5214,3786
0.5258649177756454,0.6024412827601329,0.3101938743074201,0.7288021201358019,-0.1330011650197869,46,5214,3786
0.5381433132192782,0.0731900723909659,0.9628645784432278,0.5604964436423991,-0.0301661239332518,0,5214,4500
0.510888884466533,0.1977019639883706,0.2883279886478656,0.4790335153981873,-0.0367761064489752,1,5214,4500
0.510888884466533,0.1977019639883706,0.2883279886478656,0.4790335153981873,-0.0367761064489752,2,5214,4500
0.6026727477136643,0.0886868624317591,0.9543641846939436,0.2434841827317825,-0.0594240098206152,3,5214,4500
0.6026727477136643,0.0886868624317591,0.9543641846939436,0.2434841827317825,-0.0594240098206152,4,5214,4500
0.7665679580550101,0.1341879956808724,0.9338873354750024,0.23931647168714,-0.0611461013555394,5,5214,4500
0.7645039054639878,0.1008407094027324,0.8994148190497909,0.3090008270946997,-0.062262434749232,6,5214,4500
0.7665679580550101,0.1959227915289194,0.9501066905193798,0.2727571975213387,-0.0672933862893632,7,5214,4500
0.519759897052578,0.1386842142642577,0.9482296102951476,0.2735831860663893,-0.0681061851143371,8,5214,4500
0.5295442760907612,0.1978329875357236,0.931802739313416,0.3312429608739379,-0.074552108713197,9,5214,4500
0.5295442760907612,0.1978329875357236,0.931802739313416,0.3312429608739379,-0.074552108713197,10,5214,4500
0.5295442760907612,0.1978329875357236,0.931802739313416,0.3312429608739379,-0.074552108713197,11,5214,4500
0.5295442760907612,0.1978329875357236,0.931802739313416,0.3312429608739379,-0.074552108713197,12,5214,4500
0.5295442760907612,0.1978329875357236,0.931802739313416,0.3312429608739379,-0.074552108713197,13,5214,4500
0.5295442760907612,0.1978329875357236,0.931802739313416,0.3312429608739379,-0.074552108713197,14,5214,4500
0.5295442760907612,0.1978329875357236,0.931802739313416,0.3312429608739379,-0.074552108713197,15,5214,4500
0.5295442760907612,0.1978329875357236,0.931802739313416,0.3312429608739379,-0.074552108713197,16,5214,4500
0.5295442760907612,0.1978329875357236,0.931802739313416,0.3312429608739379,-0.074552108713197,17,5214,4500
0.5295442760907612,0.1978329875357236,0.931802739313416,0.3312429608739379,-0.074552108713197,18,5214,4500
0.5295442760907612,0.1978329875357236,0.931802739313416,0.3312429608739379,-0.074552108713197,19,5214,4500
0.5295442760907612,0.1978329875357236,0.931802739313416,0.3312429608739379,-0.074552108713197,20,5214,4500
0.525452770239671,0.1978047439070513,0.9393163303584002,0.3236891328618624,-0.0747362186621802,21,5214,4500
0.525452770239671,0.1978047439070513,0.9393163303584002,0.3236891328618624,-0.0747362186621802,22,5214,4500
0.525452770239671,0.1978047439070513,0.9393163303584002,0.3236891328618624,-0.0747362186621802,23,5214,4500
0.525452770239671,0.1978047439070513,0.9393163303584002,0.3236891328618624,-0.0747362186621802,24,5214,4500
0.525452770239671,0.1978047439070513,0.9393163303584002,0.3236891328618624,-0.0747362186621802,25,5214,4500
0.525452770239671,0.1978047439070513,0.9393163303584002,0.3236891328618624,-0.0747362186621802,26,5214,4500
0.525452770239671,0.1978047439070513,0.9393163303584002,0.3236891328618624,-0.0747362186621802,27,5214,4500
0.525452770239671,0.1978047439070513,0.9393163303584002,0.3236891328618624,-0.0747362186621802,28,5214,4500
0.525452770239671,0.1978047439070513,0.9393163303584002,0.3236891328618624,-0.0747362186621802,29,5214,4500
0.525452770239671,0.1978047439070513,0.9393163303584002,0.3236891328618624,-0.0747362186621802,30,5214,4500
0.525452770239671,0.1978047439070513,0.9393163303584002,0.3236891328618624,-0.0747362186621802,31,5214,4500
0.525452770239671,0.1978047439070513,0.9393163303584002,0.3236891328618624,-0.0747362186621802,32,5214,4500
0.525452770239671,0.1978047439070513,0.9393163303584002,0.3236891328618624,-0.0747362186621802,33,5214,4500
0.525452770239671,0.1978047439070513,0.9393163303584002,0.3236891328618624,-0.0747362186621802,34,5214,4500
0.525490836775033,0.1827212432954231,0.8736222890532584,0.3264895292668199,-0.0756741733539905,35,5214,4500
0.525490836775033,0.1827212432954231,0.8736222890532584,0.3264895292668199,-0.0756741733539905,36,5214,4500
0.525490836775033,0.1827212432954231,0.8736222890532584,0.3264895292668199,-0.0756741733539905,37,5214,4500
0.525490836775033,0.1827212432954231,0.8736222890532584,0.3264895292668199,-0.0756741733539905,38,5214,4500
0.525490836775033,0.1827212432954231,0.8736222890532584,0.3264895292668199,-0.0756741733539905,39,5214,4500
0.525490836775033,0.1827212432954231,0.8736222890532584,0.3264895292668199,-0.0756741733539905,40,5214,4500
0.525490836775033,0.1827212432954231,0.8736222890532584,0.3264895292668199,-0.0756741733539905,41,5214,4500
0.525490836775033,0.1827212432954231,0.8736222890532584,0.3264895292668199,-0.0756741733539905,42,5214,4500
0.525490836775033,0.1827212432954231,0.8736222890532584,0.3264895292668199,-0.0756741733539905,43,5214,4500
0.525490836775033,0.1827212432954231,0.8736222890532584,0.3264895292668199,-0.0756741733539905,44,5214,4500
0.525490836775033,0.1827212432954231,0.8736222890532584,0.3264895292668199,-0.0756741733539905,45,5214,4500
0.525490836775033,0.1827212432954231,0.8736222890532584,0.3264895292668199,-0.0756741733539905,46,5214,4500
0.525490836775033,0.1827212432954231,0.8736222890532584,0.3264895292668199,-0.0756741733539905,47,5214,4500
0.525490836775033,0.1827212432954231,0.8736222890532584,0.3264895292668199,-0.0756741733539905,48,5214,4500
0.525490836775033,0.1827212432954231,0.8736222890532584,0.3264895292668199,-0.0756741733539905,49,5214,4500
0.525490836775033,0.1827212432954231,0.8736222890532584,0.3264895292668199,-0.0756741733539905,50,5214,4500
0.525490836775033,0.1827212432954231,0.8736222890532584,0.3264895292668199,-0.0756741733539905,51,5214,4500
0.525490836775033,0.1827212432954231,0.8736222890532584,0.3264895292668199,-0.0756741733539905,52,5214,4500
0.525490836775033,0.1827212432954231,0.8736222890532584,0.3264895292668199,-0.0756741733539905,53,5214,4500
0.525490836775033,0.1827212432954231,0.8736222890532584,0.3264895292668199,-0.0756741733539905,54,5214,4500
0.525490836775033,0.1827212432954231,0.8736222890532584,0.3264895292668199,-0.0756741733539905,55,5214,4500
0.525490836775033,0.1827212432954231,0.8736222890532584,0.3264895292668199,-0.0756741733539905,56,5214,4500
0.525490836775033,0.1827212432954231,0.8736222890532584,0.3264895292668199,-0.0756741733539905,57,5214,4500
0.5254896344183034,0.1977007155845986,0.6205816658110347,0.3295842100029683,-0.0758921929909093,58,5214,4500
0.5254896344183034,0.1977007155845986,0.6205816658110347,0.3295842100029683,-0.0758921929909093,59,5214,4500
0.5254896344183034,0.1977007155845986,0.6205816658110347,0.3295842100029683,-0.0758921929909093,60,5214,4500
0.5254896344183034,0.1977007155845986,0.6205816658110347,0.3295842100029683,-0.0758921929909093,61,5214,4500
0.5255492453355082,0.1978210361085977,0.6337620319563282,0.3264710760414507,-0.0760805033895863,62,5214,4500
0.5255492453355082,0.1978210361085977,0.6337620319563282,0.3264710760414507,-0.0760805033895863,63,5214,4500
0.5255492453355082,0.1978210361085977,0.6337620319563282,0.3264710760414507,-0.0760805033895863,64,5214,4500
0.5255492453355082,0.1978210361085977,0.6337620319563282,0.3264710760414507,-0.0760805033895863,65,5214,4500
0.5255492453355082,0.1978210361085977,0.6337620319563282,0.3264710760414507,-0.0760805033895863,66,5214,4500
0.5255492453355082,0.1978210361085977,0.6337620319563282,0.3264710760414507,-0.0760805033895863,67,5214,4500
0.5255492453355082,0.1978210361085977,0.6337620319563282,0.3264710760414507,-0.0760805033895863,68,5214,4500
0.5255492453355082,0.1978210361085977,0.6337620319563282,0.3264710760414507,-0.0760805033895863,69,5214,4500
0.5255492453355082,0.1978210361085977,0.6337620319563282,0.3264710760414507,-0.0760805033895863,70,5214,4500
0.5255492453355082,0.1978210361085977,0.6337620319563282,0.3264710760414507,-0.0760805033895863,71,5214,4500
0.5255492453355082,0.1978210361085977,0.6337620319563282,0.3264710760414507,-0.0760805033895863,72,5214,4500
0.5255492453355082,0.1978210361085977,0.6337620319563282,0.3264710760414507,-0.0760805033895863,73,5214,4500
0.5255492453355082,0.1978210361085977,0.6337620319563282,0.3264710760414507,-0.0760805033895863,74,5214,4500
0.5255492453355082,0.1978210361085977,0.6337620319563282,0.3264710760414507,-0.0760805033895863,75,5214,4500
0.5255492453355082,0.1978210361085977,0.6337620319563282,0.3264710760414507,-0.0760805033895863,76,5214,4500
0.5255492453355082,0.1978210361085977,0.6337620319563282,0.3264710760414507,-0.0760805033895863,77,5214,4500
0.5255492453355082,0.1978210361085977,0.6337620319563282,0.3264710760414507,-0.0760805033895863,78,5214,4500
0.5255492453355082,0.1978210361085977,0.6337620319563282,0.3264710760414507,-0.0760805033895863,79,5214,4500
0.5255492453355082,0.1978210361085977,0.6337620319563282,0.3264710760414507,-0.0760805033895863,80,5214,4500
0.5255492453355082,0.1978210361085977,0.6337620319563282,0.3264710760414507,-0.0760805033895863,81,5214,4500
0.5255492453355082,0.1978210361085977,0.6337620319563282,0.3264710760414507,-0.0760805033895863,82,5214,4500
0.5255492453355082,0.1978210361085977,0.6337620319563282,0.3264710760414507,-0.0760805033895863,83,5214,4500
0.6734598871529389,0.016722821635377,0.9268052023585862,0.1225256507690002,-0.0278171106213034,0,5214,5214
0.510888884466533,0.1977019639883706,0.2883279886478656,0.4790335153981873,-0.0361919729025132,1,5214,5214
0.510888884466533,0.1977019639883706,0.2883279886478656,0.4790335153981873,-0.0361919729025132,2,5214,5214
0.6130033010530405,0.132693719690197,0.6023145839376152,0.2831710565694664,-0.0501533367354677,3,5214,5214
0.6951007532410096,0.0498503030254988,0.9268052023585862,0.350147759560512,-0.0625176156921821,4,5214,5214
0.6951007532410096,0.0498503030254988,0.9268052023585862,0.350147759560512,-0.0625176156921821,5,5214,5214
0.7081415455503666,0.1630487569926382,0.9512671603702434,0.273520920419503,-0.0661570727480315,6,5214,5214
0.7239897124641912,0.2008718919380012,0.969725950785139,0.3047219889108592,-0.070295637741405,7,5214,5214
0.7478294316162596,0.1896144546403927,0.9697392388945432,0.3309119190052221,-0.0731306576657019,8,5214,5214
0.7478294316162596,0.1896144546403927,0.9697392388945432,0.3309119190052221,-0.0731306576657019,9,5214,5214
0.7288681727613968,0.1941632836408187,0.9310434251236188,0.3276179895196697,-0.0733525456550885,10,5214,5214
0.531184895431385,0.2162850390814381,0.9921912762410188,0.3274105832718259,-0.0752947424574974,11,5214,5214
0.531184895431385,0.2162850390814381,0.9921912762410188,0.3274105832718259,-0.0752947424574974,12,5214,5214
0.531184895431385,0.2162850390814381,0.9921912762410188,0.3274105832718259,-0.0752947424574974,13,5214,5214
0.531184895431385,0.2162850390814381,0.9921912762410188,0.3274105832718259,-0.0752947424574974,14,5214,5214
0.531184895431385,0.2162850390814381,0.9921912762410188,0.3274105832718259,-0.0752947424574974,15,5214,5214
0.527270665333926,0.1773586806928833,0.9211621644140684,0.320938620826957,-0.076833521254601,16,5214,5214
0.5302740543729034,0.1937726343360658,0.9559829154594792,0.3211681562796105,-0.0769843766532722,17,5214,5214
0.5302740543729034,0.1937726343360658,0.9559829154594792,0.3211681562796105,-0.0769843766532722,18,5214,5214
0.5302740543729034,0.1937726343360658,0.9559829154594792,0.3211681562796105,-0.0769843766532722,19,5214,5214
0.5302740543729034,0.1937726343360658,0.9559829154594792,0.3211681562796105,-0.0769843766532722,20,5214,5214
0.531184895431385,0.1916703416906941,0.9308369351228092,0.3311992666206175,-0.0770192534362921,21,5214,5214
0.5303164640829586,0.1937726343360658,0.873734612380126,0.3211681562796105,-0.0779223313450826,22,5214,5214
0.5303164640829586,0.1937726343360658,0.8722161944772452,0.3281534188110449,-0.0779572081281025,23,5214,5214
0.5303164640829586,0.1937726343360658,0.8722161944772452,0.3281534188110449,-0.0779572081281025,24,5214,5214
0.5303164640829586,0.1937726343360658,0.8722161944772452,0.3281534188110449,-0.0779572081281025,25,5214,5214
0.5303164640829586,0.1937726343360658,0.8722161944772452,0.3281534188110449,-0.0779572081281025,26,5214,5214
0.5303164640829586,0.1937726343360658,0.8722161944772452,0.3281534188110449,-0.0779572081281025,27,5214,5214
0.5303164640829586,0.1937726343360658,0.8722161944772452,0.3281534188110449,-0.0779572081281025,28,5214,5214
0.5303164640829586,0.1937726343360658,0.8722161944772452,0.3281534188110449,-0.0779572081281025,29,5214,5214
0.5303164640829586,0.1937726343360658,0.8722161944772452,0.3281534188110449,-0.0779572081281025,30,5214,5214
0.5303164640829586,0.1937726343360658,0.8722161944772452,0.3281534188110449,-0.0779572081281025,31,5214,5214
0.5303164640829586,0.1937726343360658,0.8722161944772452,0.3281534188110449,-0.0779572081281025,32,5214,5214
0.5303164640829586,0.1937726343360658,0.8722161944772452,0.3281534188110449,-0.0779572081281025,33,5214,5214
0.5303164640829586,0.1937726343360658,0.8722161944772452,0.3281534188110449,-0.0779572081281025,34,5214,5214
0.5303164640829586,0.1937726343360658,0.8722161944772452,0.3281534188110449,-0.0779572081281025,35,5214,5214
0.5303164640829586,0.1937726343360658,0.8722161944772452,0.3281534188110449,-0.0779572081281025,36,5214,5214
0.5303164640829586,0.1937726343360658,0.8722161944772452,0.3281534188110449,-0.0779572081281025,37,5214,5214
0.5303164640829586,0.1937726343360658,0.8722161944772452,0.3281534188110449,-0.0779572081281025,38,5214,5214
0.5303164640829586,0.1937726343360658,0.8722161944772452,0.3281534188110449,-0.0779572081281025,39,5214,5214
0.5303164640829586,0.1937726343360658,0.8722161944772452,0.3281534188110449,-0.0779572081281025,40,5214,5214
0.5303164640829586,0.1937726343360658,0.8722161944772452,0.3281534188110449,-0.0779572081281025,41,5214,5214
0.5303164640829586,0.1937726343360658,0.8722161944772452,0.3281534188110449,-0.0779572081281025,42,5214,5214
0.5303164640829586,0.1937726343360658,0.8722161944772452,0.3281534188110449,-0.0779572081281025,43,5214,5214
0.5303164640829586,0.1937726343360658,0.8722161944772452,0.3281534188110449,-0.0779572081281025,44,5214,5214
0.5303164640829586,0.1937726343360658,0.8722161944772452,0.3281534188110449,-0.0779572081281025,45,5214,5214
0.5303164640829586,0.1937726343360658,0.8722161944772452,0.3281534188110449,-0.0779572081281025,46,5214,5214
0.5303164640829586,0.1937726343360658,0.8722161944772452,0.3281534188110449,-0.0779572081281025,47,5214,5214
0.6734598871529389,0.016722821635377,0.9268052023585862,0.1225256507690002,-0.0293161172041031,0,5214,5929
0.510888884466533,0.1977019639883706,0.2883279886478656,0.4790335153981873,-0.0368184343582572,1,5214,5929
0.5390612612568766,0.1977019639883706,0.2855473335782835,0.4790335153981873,-0.042586133107773,2,5214,5929
0.7567212851988955,0.1246571413504988,0.84532172243352,0.3858489940723694,-0.0476713111726083,3,5214,5929
0.6062497707019091,0.0939856521183168,0.9669749487136264,0.2395402879265731,-0.0600966310931647,4,5214,5929
0.77463670429196,0.2225068659462724,0.956702766919961,0.2814654507563499,-0.0661655083740957,5,5214,5929
0.5285892632600216,0.1802397593934673,0.9455605741465906,0.3824669490646162,-0.0683325481356361,6,5214,5929
0.529210471618943,0.2219599311430495,0.8737921770210727,0.3103133674999154,-0.0706484779513346,7,5214,5929
0.529210471618943,0.2219599311430495,0.8737921770210727,0.3103133674999154,-0.0706484779513346,8,5214,5929
0.529210471618943,0.2219599311430495,0.8737921770210727,0.3103133674999154,-0.0706484779513346,9,5214,5929
0.529210471618943,0.2219599311430495,0.8737921770210727,0.3103133674999154,-0.0706484779513346,10,5214,5929
0.529210471618943,0.2219599311430495,0.8737921770210727,0.3103133674999154,-0.0706484779513346,11,5214,5929
0.5292128811938195,0.1753572107243773,0.9964635994329788,0.3232046863219834,-0.0743568103275241,12,5214,5929
0.5292128811938195,0.1753572107243773,0.9964635994329788,0.3232046863219834,-0.0743568103275241,13,5214,5929
0.5292128811938195,0.1753572107243773,0.9964635994329788,0.3232046863219834,-0.0743568103275241,14,5214,5929
0.5292128811938195,0.1753572107243773,0.9964635994329788,0.3232046863219834,-0.0743568103275241,15,5214,5929
0.5292128811938195,0.1753572107243773,0.9964635994329788,0.3232046863219834,-0.0743568103275241,16,5214,5929
0.5307100466221131,0.1898527238777163,0.943479011311002,0.3271348451109101,-0.0744797167656141,17,5214,5929
0.5307100466221131,0.1898527238777163,0.943479011311002,0.3271348451109101,-0.0744797167656141,18,5214,5929
0.5291542696613912,0.191498687263075,0.8722991572582799,0.2704258052422378,-0.0750304120894273,19,5214,5929
0.5291542696613912,0.191498687263075,0.8722991572582799,0.2704258052422378,-0.0750304120894273,20,5214,5929
0.5285064639962794,0.1762363630876504,0.8744570730187943,0.329688399979623,-0.0752947650193344,21,5214,5929
0.5285064639962794,0.1762363630876504,0.8744570730187943,0.329688399979623,-0.0752947650193344,22,5214,5929
0.5285064639962794,0.1762363630876504,0.8744570730187943,0.329688399979623,-0.0752947650193344,23,5214,5929
0.5307071634283063,0.1903729264356519,0.8740113021102749,0.3271488638017216,-0.0754176714574244,24,5214,5929
0.5307071634283063,0.1903729264356519,0.8740113021102749,0.3271488638017216,-0.0754176714574244,25,5214,5929
0.5307071634283063,0.1903729264356519,0.8740113021102749,0.3271488638017216,-0.0754176714574244,26,5214,5929
0.5307071634283063,0.1903729264356519,0.8740113021102749,0.3271488638017216,-0.0754176714574244,27,5214,5929
0.5307071634283063,0.1903729264356519,0.8740113021102749,0.3271488638017216,-0.0754176714574244,28,5214,5929
0.5308274724199175,0.1787327673833475,0.8740191446130274,0.3200067951026455,-0.0755067030747068,29,5214,5929
0.5308274724199175,0.1787327673833475,0.8740191446130274,0.3200067951026455,-0.0755067030747068,30,5214,5929
0.5308274724199175,0.1787327673833475,0.8740191446130274,0.3200067951026455,-0.0755067030747068,31,5214,5929
0.5308274724199175,0.1787327673833475,0.8740191446130274,0.3200067951026455,-0.0755067030747068,32,5214,5929
0.5308274724199175,0.1787327673833475,0.8740191446130274,0.3200067951026455,-0.0755067030747068,33,5214,5929
0.5308274724199175,0.1787327673833475,0.8740191446130274,0.3200067951026455,-0.0755067030747068,34,5214,5929
0.5308274724199175,0.1787327673833475,0.8740191446130274,0.3200067951026455,-0.0755067030747068,35,5214,5929
0.5308274724199175,0.1787327673833475,0.8740191446130274,0.3200067951026455,-0.0755067030747068,36,5214,5929
0.5308274724199175,0.1787327673833475,0.8740191446130274,0.3200067951026455,-0.0755067030747068,37,5214,5929
0.5308274724199175,0.1787327673833475,0.8740191446130274,0.3200067951026455,-0.0755067030747068,38,5214,5929
0.5308274724199175,0.1787327673833475,0.8740191446130274,0.3200067951026455,-0.0755067030747068,39,5214,5929
0.5308274724199175,0.1787327673833475,0.8740191446130274,0.3200067951026455,-0.0755067030747068,40,5214,5929
0.5308274724199175,0.1787327673833475,0.8740191446130274,0.3200067951026455,-0.0755067030747068,41,5214,5929
0.5308274724199175,0.1787327673833475,0.8740191446130274,0.3200067951026455,-0.0755067030747068,42,5214,5929
0.5308274724199175,0.1787327673833475,0.8740191446130274,0.3200067951026455,-0.0755067030747068,43,5214,5929
0.5308274724199175,0.1787327673833475,0.8740191446130274,0.3200067951026455,-0.0755067030747068,44,5214,5929
0.5308274724199175,0.1787327673833475,0.8740191446130274,0.3200067951026455,-0.0755067030747068,45,5214,5929
0.5308274724199175,0.1787327673833475,0.8740191446130274,0.3200067951026455,-0.0755067030747068,46,5214,5929
0.5308274724199175,0.1787327673833475,0.8740191446130274,0.3200067951026455,-0.0755067030747068,47,5214,5929
0.5308274724199175,0.1787327673833475,0.8740191446130274,0.3200067951026455,-0.0755067030747068,48,5214,5929
0.5308274724199175,0.1787327673833475,0.8740191446130274,0.3200067951026455,-0.0755067030747068,49,5214,5929
0.5308274724199175,0.1787327673833475,0.8740191446130274,0.3200067951026455,-0.0755067030747068,50,5214,5929
0.5308274724199175,0.1787327673833475,0.8740191446130274,0.3200067951026455,-0.0755067030747068,51,5214,5929
0.5308274724199175,0.1787327673833475,0.8740191446130274,0.3200067951026455,-0.0755067030747068,52,5214,5929
0.5308274724199175,0.1787327673833475,0.8740191446130274,0.3200067951026455,-0.0755067030747068,53,5214,5929
0.5308274724199175,0.1787327673833475,0.8740191446130274,0.3200067951026455,-0.0755067030747068,54,5214,5929
0.6734598871529389,0.016722821635377,0.9268052023585862,0.1225256507690002,-0.0182962686065947,0,5214,6643
0.6393313800665879,0.6123756719431885,0.9553833827668214,0.4419294114540377,-0.0221153932646206,1,5214,6643
0.5217587772436385,0.5711153469235548,0.9541513368666424,0.2411043660130717,-0.0291058903558616,2,5214,6643
0.763981905441181,0.1956329767758149,0.936158009254474,0.299815542437813,-0.0601982706846394,3,5214,6643
0.763981905441181,0.1956329767758149,0.936158009254474,0.299815542437813,-0.0601982706846394,4,5214,6643
0.763981905441181,0.1956329767758149,0.936158009254474,0.299815542437813,-0.0601982706846394,5,5214,6643
0.763981905441181,0.1956329767758149,0.936158009254474,0.299815542437813,-0.0601982706846394,6,5214,6643
0.763981905441181,0.1956329767758149,0.936158009254474,0.299815542437813,-0.0601982706846394,7,5214,6643
0.5257822005933801,0.133491056630665,0.9475218514356646,0.244950624547651,-0.0611243646512582,8,5214,6643
0.5226709158927874,0.2215548126618356,0.8791675832792196,0.2371021112676089,-0.0626115626208295,9,5214,6643
0.5226709158927874,0.2215548126618356,0.8791675832792196,0.2371021112676089,-0.0626115626208295,10,5214,6643
0.5224641129474618,0.221122695400136,0.981826759557972,0.2501049352641041,-0.0632060093310047,11,5214,6643
0.5272996994260882,0.1966275178415496,0.8648655725165693,0.2699371014956136,-0.0653418747525871,12,5214,6643
0.5224641129474618,0.1762495086281242,0.981826759557972,0.2680852113246172,-0.0660574467196668,13,5214,6643
0.5224641129474618,0.1762495086281242,0.981826759557972,0.2680852113246172,-0.0660574467196668,14,5214,6643
0.5268288174701315,0.1818530964464777,0.9883477000646478,0.2733105347675153,-0.0670268348791658,15,5214,6643
0.5268288174701315,0.1818530964464777,0.9883477000646478,0.2733105347675153,-0.0670268348791658,16,5214,6643
0.5268288174701315,0.1818530964464777,0.9883477000646478,0.2733105347675153,-0.0670268348791658,17,5214,6643
0.5268288174701315,0.1818530964464777,0.9883477000646478,0.2733105347675153,-0.0670268348791658,18,5214,6643
0.5268288174701315,0.1818530964464777,0.9883477000646478,0.2733105347675153,-0.0670268348791658,19,5214,6643
0.525029201015591,0.1855168431675795,0.8730035911922237,0.2688372748358368,-0.0671916265751268,20,5214,6643
0.52816678555318,0.1940411745001199,0.8727542248826623,0.2502079386175631,-0.0672899640499647,21,5214,6643
0.5291605823560365,0.1811271930257477,0.8735656404792779,0.2762003967194198,-0.0679647895709762,22,5214,6643
0.5291605823560365,0.1811271930257477,0.8735656404792779,0.2762003967194198,-0.0679647895709762,23,5214,6643
0.5291605823560365,0.1811271930257477,0.8735656404792779,0.2762003967194198,-0.0679647895709762,24,5214,6643
0.5311172522436924,0.1975514879519705,0.8736399052474104,0.2644722315542457,-0.0680876960090662,25,5214,6643
0.5311172522436924,0.1975514879519705,0.8736399052474104,0.2644722315542457,-0.0680876960090662,26,5214,6643
0.5311172522436924,0.1975514879519705,0.8736399052474104,0.2644722315542457,-0.0680876960090662,27,5214,6643
0.5311172522436924,0.1975514879519705,0.8736399052474104,0.2644722315542457,-0.0680876960090662,28,5214,6643
0.5311172522436924,0.1975514879519705,0.8736399052474104,0.2644722315542457,-0.0680876960090662,29,5214,6643
0.5311172522436924,0.1975514879519705,0.8736399052474104,0.2644722315542457,-0.0680876960090662,30,5214,6643
0.5311172522436924,0.1975514879519705,0.8736399052474104,0.2644722315542457,-0.0680876960090662,31,5214,6643
0.5311172522436924,0.1975514879519705,0.8736399052474104,0.2644722315542457,-0.0680876960090662,32,5214,6643
0.5311172522436924,0.1975514879519705,0.8736399052474104,0.2644722315542457,-0.0680876960090662,33,5214,6643
0.5311172522436924,0.1975514879519705,0.8736399052474104,0.2644722315542457,-0.0680876960090662,34,5214,6643
0.5311172522436924,0.1975514879519705,0.8736399052474104,0.2644722315542457,-0.0680876960090662,35,5214,6643
0.5311172522436924,0.1975514879519705,0.8736399052474104,0.2644722315542457,-0.0680876960090662,36,5214,6643
0.5311172522436924,0.1975514879519705,0.8736399052474104,0.2644722315542457,-0.0680876960090662,37,5214,6643
0.5311172522436924,0.1975514879519705,0.8736399052474104,0.2644722315542457,-0.0680876960090662,38,5214,6643
0.5311172522436924,0.1975514879519705,0.8736399052474104,0.2644722315542457,-0.0680876960090662,39,5214,6643
0.5311172522436924,0.1975514879519705,0.8736399052474104,0.2644722315542457,-0.0680876960090662,40,5214,6643
0.5311172522436924,0.1975514879519705,0.8736399052474104,0.2644722315542457,-0.0680876960090662,41,5214,6643
0.5311172522436924,0.1975514879519705,0.8736399052474104,0.2644722315542457,-0.0680876960090662,42,5214,6643
0.5311172522436924,0.1975514879519705,0.8736399052474104,0.2644722315542457,-0.0680876960090662,43,5214,6643
0.5311172522436924,0.1975514879519705,0.8736399052474104,0.2644722315542457,-0.0680876960090662,44,5214,6643
0.5311172522436924,0.1975514879519705,0.8736399052474104,0.2644722315542457,-0.0680876960090662,45,5214,6643
0.5311172522436924,0.1975514879519705,0.8736399052474104,0.2644722315542457,-0.0680876960090662,46,5214,6643
0.6734598871529389,0.016722821635377,0.9268052023585862,0.1225256507690002,-0.0141409859491444,0,5214,7357
0.6734598871529389,0.016722821635377,0.9268052023585862,0.1225256507690002,-0.0141409859491444,1,5214,7357
0.8542566233007122,0.016722821635377,0.9618256465132914,0.1935562027258491,-0.0342405263026704,2,5214,7357
0.8041943362085251,0.0733064686700296,0.8784647821407704,0.2414127560005013,-0.0527297217713019,3,5214,7357
0.7252939380762389,0.2225068659462724,0.9483053298108526,0.2752277401182686,-0.0579649862400497,4,5214,7357
0.7252939380762389,0.2225068659462724,0.9483053298108526,0.2752277401182686,-0.0579649862400497,5,5214,7357
0.7252939380762389,0.2225068659462724,0.9483053298108526,0.2752277401182686,-0.0579649862400497,6,5214,7357
0.8200356138047578,0.1851570419740544,0.8728430183714581,0.2414227980624176,-0.0589490337723287,7,5214,7357
0.9042660073722948,0.2143028858251706,0.9637299530116586,0.3019397894117767,-0.0591905318534804,8,5214,7357
0.5314025313877726,0.069719801233392,0.9547828284426956,0.2466001534882075,-0.0612107073754805,9,5214,7357
0.9593659677660166,0.1973612927916364,0.9385010057452292,0.3017961913165325,-0.0613864734021383,10,5214,7357
0.8893207524748425,0.2017137471647057,0.9431099437756978,0.3828376623845441,-0.0630144221764426,11,5214,7357
0.8901984443312592,0.1870374941269918,0.944103250717422,0.3809936374924197,-0.0651058936034402,12,5214,7357
0.5264699206304865,0.178396711399011,0.9678113040794444,0.2575255928780174,-0.0655422826484373,13,5214,7357
0.5264699206304865,0.178396711399011,0.9678113040794444,0.2575255928780174,-0.0655422826484373,14,5214,7357
0.5264699206304865,0.1833047727142118,0.968359594606245,0.2612939319366122,-0.0662171081694488,15,5214,7357
0.5264699206304865,0.1833047727142118,0.968359594606245,0.2612939319366122,-0.0662171081694488,16,5214,7357
0.5264699206304865,0.1833047727142118,0.968359594606245,0.2612939319366122,-0.0662171081694488,17,5214,7357
0.5314025313877726,0.1980240256861468,0.9437682514347572,0.2636246854924747,-0.0663400146075388,18,5214,7357
0.5314025313877726,0.1980240256861468,0.9437682514347572,0.2636246854924747,-0.0663400146075388,19,5214,7357
0.5314025313877726,0.1980240256861468,0.9437682514347572,0.2636246854924747,-0.0663400146075388,20,5214,7357
0.5314025313877726,0.1980240256861468,0.9437682514347572,0.2636246854924747,-0.0663400146075388,21,5214,7357
0.5314025313877726,0.1980240256861468,0.9437682514347572,0.2636246854924747,-0.0663400146075388,22,5214,7357
0.5314025313877726,0.1980240256861468,0.9437682514347572,0.2636246854924747,-0.0663400146075388,23,5214,7357
0.5314025313877726,0.1980240256861468,0.9437682514347572,0.2636246854924747,-0.0663400146075388,24,5214,7357
0.5314025313877726,0.1980240256861468,0.9437682514347572,0.2636246854924747,-0.0663400146075388,25,5214,7357
0.5314025313877726,0.1980240256861468,0.9437682514347572,0.2636246854924747,-0.0663400146075388,26,5214,7357
0.5314025313877726,0.1980240256861468,0.9437682514347572,0.2636246854924747,-0.0663400146075388,27,5214,7357
0.5314025313877726,0.1980240256861468,0.9437682514347572,0.2636246854924747,-0.0663400146075388,28,5214,7357
0.5314025313877726,0.1980240256861468,0.9437682514347572,0.2636246854924747,-0.0663400146075388,29,5214,7357
0.5314025313877726,0.1980240256861468,0.9437682514347572,0.2636246854924747,-0.0663400146075388,30,5214,7357
0.5314025313877726,0.1980240256861468,0.9437682514347572,0.2636246854924747,-0.0663400146075388,31,5214,7357
0.5314025313877726,0.1980240256861468,0.9437682514347572,0.2636246854924747,-0.0663400146075388,32,5214,7357
0.531573335970582,0.1972462759593962,0.8728649980148359,0.2721625935507746,-0.0672779692993491,33,5214,7357
0.531573335970582,0.1972462759593962,0.8728649980148359,0.2721625935507746,-0.0672779692993491,34,5214,7357
0.531573335970582,0.1972462759593962,0.8728649980148359,0.2721625935507746,-0.0672779692993491,35,5214,7357
0.531573335970582,0.1972462759593962,0.8728649980148359,0.2721625935507746,-0.0672779692993491,36,5214,7357
0.531573335970582,0.1972462759593962,0.8728649980148359,0.2721625935507746,-0.0672779692993491,37,5214,7357
0.531573335970582,0.1972462759593962,0.8728649980148359,0.2721625935507746,-0.0672779692993491,38,5214,7357
0.531573335970582,0.1972462759593962,0.8728649980148359,0.2721625935507746,-0.0672779692993491,39,5214,7357
0.531573335970582,0.1972462759593962,0.8728649980148359,0.2721625935507746,-0.0672779692993491,40,5214,7357
0.531573335970582,0.1972462759593962,0.8728649980148359,0.2721625935507746,-0.0672779692993491,41,5214,7357
0.531573335970582,0.1972462759593962,0.8728649980148359,0.2721625935507746,-0.0672779692993491,42,5214,7357
0.531573335970582,0.1972462759593962,0.8728649980148359,0.2721625935507746,-0.0672779692993491,43,5214,7357
0.531573335970582,0.1972462759593962,0.8728649980148359,0.2721625935507746,-0.0672779692993491,44,5214,7357
0.531573335970582,0.1972462759593962,0.8728649980148359,0.2721625935507746,-0.0672779692993491,45,5214,7357
0.531573335970582,0.1972462759593962,0.8728649980148359,0.2721625935507746,-0.0672779692993491,46,5214,7357
0.531573335970582,0.1972462759593962,0.8728649980148359,0.2721625935507746,-0.0672779692993491,47,5214,7357
0.531573335970582,0.1972462759593962,0.8728649980148359,0.2721625935507746,-0.0672779692993491,48,5214,7357
0.531573335970582,0.1972462759593962,0.8728649980148359,0.2721625935507746,-0.0672779692993491,49,5214,7357
0.531573335970582,0.1972462759593962,0.8728649980148359,0.2721625935507746,-0.0672779692993491,50,5214,7357
0.531573335970582,0.1972462759593962,0.8728649980148359,0.2721625935507746,-0.0672779692993491,51,5214,7357
0.531573335970582,0.1972462759593962,0.8728649980148359,0.2721625935507746,-0.0672779692993491,52,5214,7357
0.531573335970582,0.1972462759593962,0.8728649980148359,0.2721625935507746,-0.0672779692993491,53,5214,7357
0.531573335970582,0.1972462759593962,0.8728649980148359,0.2721625935507746,-0.0672779692993491,54,5214,7357
0.531573335970582,0.1972462759593962,0.8728649980148359,0.2721625935507746,-0.0672779692993491,55,5214,7357
0.531573335970582,0.1972462759593962,0.8728649980148359,0.2721625935507746,-0.0672779692993491,56,5214,7357
0.531573335970582,0.1972462759593962,0.8728649980148359,0.2721625935507746,-0.0672779692993491,57,5214,7357
0.531573335970582,0.1972462759593962,0.8728649980148359,0.2721625935507746,-0.0672779692993491,58,5214,7357
0.6734598871529389,0.016722821635377,0.9268052023585862,0.1225256507690002,-0.0143184159686867,0,5214,8072
0.6734598871529389,0.016722821635377,0.9268052023585862,0.1225256507690002,-0.0143184159686867,1,5214,8072
0.8366513554684321,0.0057116675146001,0.8557444210286554,0.1973942523898054,-0.0300944866058133,2,5214,8072
0.8366513554684321,0.0057116675146001,0.8557444210286554,0.1973942523898054,-0.0300944866058133,3,5214,8072
0.720441188063099,0.2229818793739156,0.9789894811249236,0.3092035612019526,-0.0569056797532603,4,5214,8072
0.720441188063099,0.2229818793739156,0.9789894811249236,0.3092035612019526,-0.0569056797532603,5,5214,8072
0.9336773797484093,0.1910143073787711,0.9901978130023956,0.2628100256575527,-0.0606902853651015,6,5214,8072
0.5279529593758023,0.2198734954520138,0.97338464450938,0.3227774707918938,-0.0614492995376356,7,5214,8072
0.5279529593758023,0.1865547430982909,0.9270906849483356,0.3227774707918938,-0.0636043443182836,8,5214,8072
0.5279529593758023,0.1865547430982909,0.9270906849483356,0.3227774707918938,-0.0636043443182836,9,5214,8072
0.5232891326147568,0.1864270257766472,0.980870073235884,0.2395497442711823,-0.0648802841285754,10,5214,8072
0.5232891326147568,0.1864270257766472,0.980870073235884,0.2395497442711823,-0.0648802841285754,11,5214,8072
0.9338109445793026,0.1910143073787711,0.9676542262274328,0.3816281172927734,-0.0652833236229825,12,5214,8072
0.9338109445793026,0.1910143073787711,0.9676542262274328,0.3816281172927734,-0.0652833236229825,13,5214,8072
0.9338109445793026,0.1910143073787711,0.9676542262274328,0.3816281172927734,-0.0652833236229825,14,5214,8072
0.9338109445793026,0.1910143073787711,0.9676542262274328,0.3816281172927734,-0.0652833236229825,15,5214,8072
0.9338109445793026,0.1910143073787711,0.9676542262274328,0.3816281172927734,-0.0652833236229825,16,5214,8072
0.9338109445793026,0.1910143073787711,0.9676542262274328,0.3816281172927734,-0.0652833236229825,17,5214,8072
0.5279529593758023,0.1958969864850596,0.9783687415438052,0.3793685231913579,-0.0658092656464133,18,5214,8072
0.5279529593758023,0.1958969864850596,0.9783687415438052,0.3793685231913579,-0.0658092656464133,19,5214,8072
0.5279529593758023,0.1958969864850596,0.9783687415438052,0.3793685231913579,-0.0658092656464133,20,5214,8072
0.5293221086085491,0.1895661703564791,0.9723206395372676,0.3779373984190558,-0.0659321720845033,21,5214,8072
0.5305762598938065,0.1878799865844399,0.8869519497174354,0.2719052376910665,-0.0660866172142476,22,5214,8072
0.5305762598938065,0.1878799865844399,0.8869519497174354,0.2719052376910665,-0.0660866172142476,23,5214,8072
0.5305762598938065,0.1878799865844399,0.8869519497174354,0.2719052376910665,-0.0660866172142476,24,5214,8072
0.5305762598938065,0.1882148918412787,0.9807083183611957,0.2726286700024374,-0.0665174446270811,25,5214,8072
0.5305762598938065,0.1882148918412787,0.9807083183611957,0.2726286700024374,-0.0665174446270811,26,5214,8072
0.5305762598938065,0.1882148918412787,0.9807083183611957,0.2726286700024374,-0.0665174446270811,27,5214,8072
0.5305762598938065,0.1882148918412787,0.9807083183611957,0.2726286700024374,-0.0665174446270811,28,5214,8072
0.5305762598938065,0.1817538186381586,0.8728844311695688,0.2363092200999237,-0.0666819907111775,29,5214,8072
0.5305762598938065,0.1817538186381586,0.8728844311695688,0.2363092200999237,-0.0666819907111775,30,5214,8072
0.5305761572210882,0.1878771941650129,0.8722300985111003,0.2711383602156337,-0.0674553993188914,31,5214,8072
0.5305761572210882,0.1878771941650129,0.8722300985111003,0.2711383602156337,-0.0674553993188914,32,5214,8072
0.5305761572210882,0.1878771941650129,0.8722300985111003,0.2711383602156337,-0.0674553993188914,33,5214,8072
0.5305761572210882,0.1878771941650129,0.8722300985111003,0.2711383602156337,-0.0674553993188914,34,5214,8072
0.5305761572210882,0.1878771941650129,0.8722300985111003,0.2711383602156337,-0.0674553993188914,35,5214,8072
0.5305761572210882,0.1878771941650129,0.8722300985111003,0.2711383602156337,-0.0674553993188914,36,5214,8072
0.5305761572210882,0.1878771941650129,0.8722300985111003,0.2711383602156337,-0.0674553993188914,37,5214,8072
0.5305761572210882,0.1878771941650129,0.8722300985111003,0.2711383602156337,-0.0674553993188914,38,5214,8072
0.5305761572210882,0.1878771941650129,0.8722300985111003,0.2711383602156337,-0.0674553993188914,39,5214,8072
0.5305761572210882,0.1878771941650129,0.8722300985111003,0.2711383602156337,-0.0674553993188914,40,5214,8072
0.5305761572210882,0.1878771941650129,0.8722300985111003,0.2711383602156337,-0.0674553993188914,41,5214,8072
0.5305761572210882,0.1878771941650129,0.8722300985111003,0.2711383602156337,-0.0674553993188914,42,5214,8072
0.5305761572210882,0.1878771941650129,0.8722300985111003,0.2711383602156337,-0.0674553993188914,43,5214,8072
0.5305761572210882,0.1878771941650129,0.8722300985111003,0.2711383602156337,-0.0674553993188914,44,5214,8072
0.5305761572210882,0.1878771941650129,0.8722300985111003,0.2711383602156337,-0.0674553993188914,45,5214,8072
0.5305761572210882,0.1878771941650129,0.8722300985111003,0.2711383602156337,-0.0674553993188914,46,5214,8072
0.5305761572210882,0.1878771941650129,0.8722300985111003,0.2711383602156337,-0.0674553993188914,47,5214,8072
0.5305761572210882,0.1878771941650129,0.8722300985111003,0.2711383602156337,-0.0674553993188914,48,5214,8072
0.5305761572210882,0.1878771941650129,0.8722300985111003,0.2711383602156337,-0.0674553993188914,49,5214,8072
0.5305761572210882,0.1878771941650129,0.8722300985111003,0.2711383602156337,-0.0674553993188914,50,5214,8072
0.5305761572210882,0.1878771941650129,0.8722300985111003,0.2711383602156337,-0.0674553993188914,51,5214,8072
0.5305761572210882,0.1878771941650129,0.8722300985111003,0.2711383602156337,-0.0674553993188914,52,5214,8072
0.5305761572210882,0.1878771941650129,0.8722300985111003,0.2711383602156337,-0.0674553993188914,53,5214,8072
0.5305761572210882,0.1878771941650129,0.8722300985111003,0.2711383602156337,-0.0674553993188914,54,5214,8072
0.5305761572210882,0.1878771941650129,0.8722300985111003,0.2711383602156337,-0.0674553993188914,55,5214,8072
0.5305761572210882,0.1878771941650129,0.8722300985111003,0.2711383602156337,-0.0674553993188914,56,5214,8072
0.5381433132192782,0.0731900723909659,0.9628645784432278,0.5604964436423991,-0.1016991946810873,0,5929,3072
0.510888884466533,0.1977019639883706,0.2883279886478656,0.4790335153981873,-0.1072149992763191,1,5929,3072
0.523620957470411,0.0731900723909659,0.9654538425735693,0.4681351651876481,-0.1097923597164062,2,5929,3072
0.5234413656801143,0.1913736715403201,0.2883279886478656,0.4994528179105788,-0.1219003269769243,3,5929,3072
0.5234413656801143,0.1913736715403201,0.2883279886478656,0.4994528179105788,-0.1219003269769243,4,5929,3072
0.5234413656801143,0.1913736715403201,0.2883279886478656,0.4994528179105788,-0.1219003269769243,5,5929,3072
0.5234413656801143,0.1913736715403201,0.2883279886478656,0.4994528179105788,-0.1219003269769243,6,5929,3072
0.5234413656801143,0.1835535902926002,0.2883279886478656,0.4864298361418886,-0.1234315353593984,7,5929,3072
0.5234413656801143,0.1835535902926002,0.2883279886478656,0.4864298361418886,-0.1234315353593984,8,5929,3072
0.5234413656801143,0.1835535902926002,0.3309999451584275,0.4863111535622982,-0.1241935325706786,9,5929,3072
0.5234413656801143,0.1835535902926002,0.3309999451584275,0.4863111535622982,-0.1241935325706786,10,5929,3072
0.5216718064472177,0.192814843062175,0.3080015250231918,0.4803706609525398,-0.1249084142354253,11,5929,3072
0.5216718064472177,0.192814843062175,0.3080015250231918,0.4803706609525398,-0.1249084142354253,12,5929,3072
0.5216718064472177,0.192814843062175,0.3080015250231918,0.4803706609525398,-0.1249084142354253,13,5929,3072
0.5233843116597914,0.1848707951328274,0.3063899502313699,0.4869168036114041,-0.1251017519229851,14,5929,3072
0.5233843116597914,0.1848707951328274,0.3063899502313699,0.4869168036114041,-0.1251017519229851,15,5929,3072
0.5233843116597914,0.1848707951328274,0.3063899502313699,0.4869168036114041,-0.1251017519229851,16,5929,3072
0.5233843116597914,0.1848707951328274,0.3063899502313699,0.4869168036114041,-0.1251017519229851,17,5929,3072
0.5218464444262484,0.1835156143959745,0.303616534247118,0.4859604569688932,-0.1251851041797963,18,5929,3072
0.5309741991333125,0.1836882856866755,0.3088310055642355,0.4866089128550679,-0.1255190412297236,19,5929,3072
0.5309741991333125,0.1836882856866755,0.3088310055642355,0.4866089128550679,-0.1255190412297236,20,5929,3072
0.5309741991333125,0.1836882856866755,0.3088310055642355,0.4866089128550679,-0.1255190412297236,21,5929,3072
0.5309741991333125,0.1836882856866755,0.3088310055642355,0.4866089128550679,-0.1255190412297236,22,5929,3072
0.5309741991333125,0.1836882856866755,0.3088310055642355,0.4866089128550679,-0.1255190412297236,23,5929,3072
0.5309741991333125,0.1836882856866755,0.3088310055642355,0.4866089128550679,-0.1255190412297236,24,5929,3072
0.5309741991333125,0.1836882856866755,0.3088310055642355,0.4866089128550679,-0.1255190412297236,25,5929,3072
0.5309741991333125,0.1836882856866755,0.3088310055642355,0.4866089128550679,-0.1255190412297236,26,5929,3072
0.5309741991333125,0.1836882856866755,0.3088310055642355,0.4866089128550679,-0.1255190412297236,27,5929,3072
0.5309741991333125,0.1836882856866755,0.3088310055642355,0.4866089128550679,-0.1255190412297236,28,5929,3072
0.5309741991333125,0.1836882856866755,0.3088310055642355,0.4866089128550679,-0.1255190412297236,29,5929,3072
0.5309741991333125,0.1836882856866755,0.3088310055642355,0.4866089128550679,-0.1255190412297236,30,5929,3072
0.5309741991333125,0.1836882856866755,0.3088310055642355,0.4866089128550679,-0.1255190412297236,31,5929,3072
0.5309741991333125,0.1836882856866755,0.3088310055642355,0.4866089128550679,-0.1255190412297236,32,5929,3072
0.5309741991333125,0.1836882856866755,0.3088310055642355,0.4866089128550679,-0.1255190412297236,33,5929,3072
0.5309741991333125,0.1836882856866755,0.3088310055642355,0.4866089128550679,-0.1255190412297236,34,5929,3072
0.5309741991333125,0.1836882856866755,0.3088310055642355,0.4866089128550679,-0.1255190412297236,35,5929,3072
0.5309741991333125,0.1836882856866755,0.3088310055642355,0.4866089128550679,-0.1255190412297236,36,5929,3072
0.5309741991333125,0.1836882856866755,0.3088310055642355,0.4866089128550679,-0.1255190412297236,37,5929,3072
0.5309741991333125,0.1836882856866755,0.3088310055642355,0.4866089128550679,-0.1255190412297236,38,5929,3072
0.5309741991333125,0.1836882856866755,0.3088310055642355,0.4866089128550679,-0.1255190412297236,39,5929,3072
0.5412268555474342,0.1097346640066967,0.2763130140951527,0.6400105583176766,-0.0940175473576002,0,5929,3786
0.5789449339934719,0.1097346640066967,0.2763130140951527,0.6911742775559903,-0.0990478289933966,1,5929,3786
0.5233376604226413,0.1283238673056996,0.2883279886478656,0.4790335153981873,-0.105084500378939,2,5929,3786
0.5233376604226413,0.1283238673056996,0.2883279886478656,0.4790335153981873,-0.105084500378939,3,5929,3786
0.5233376604226413,0.1282960050252768,0.2883279886478656,0.4879362438167064,-0.1078631745669612,4,5929,3786
0.5233376604226413,0.1282960050252768,0.2883279886478656,0.4879362438167064,-0.1078631745669612,5,5929,3786
0.5233376604226413,0.1282960050252768,0.2883279886478656,0.4879362438167064,-0.1078631745669612,6,5929,3786
0.5192983288198489,0.1977019639883706,0.2883279886478656,0.4904924103558594,-0.1118174325864321,7,5929,3786
0.5192983288198489,0.1977019639883706,0.2883279886478656,0.4904924103558594,-0.1118174325864321,8,5929,3786
0.5192983288198489,0.1977019639883706,0.2883279886478656,0.4904924103558594,-0.1118174325864321,9,5929,3786
0.5192983288198489,0.1977019639883706,0.2883279886478656,0.4904924103558594,-0.1118174325864321,10,5929,3786
0.5192983288198489,0.1977019639883706,0.2883279886478656,0.4904924103558594,-0.1118174325864321,11,5929,3786
0.5312130842841076,0.1982089997313983,0.2772517823796982,0.4887642094132683,-0.1128444518090259,12,5929,3786
0.5312130842841076,0.1982089997313983,0.2772517823796982,0.4887642094132683,-0.1128444518090259,13,5929,3786
0.5312130842841076,0.1982089997313983,0.2772517823796982,0.4887642094132683,-0.1128444518090259,14,5929,3786
0.5312130842841076,0.1982089997313983,0.2772517823796982,0.4887642094132683,-0.1128444518090259,15,5929,3786
0.5312130842841076,0.1982089997313983,0.2772517823796982,0.4887642094132683,-0.1128444518090259,16,5929,3786
0.5312130842841076,0.1982089997313983,0.2772517823796982,0.4887642094132683,-0.1128444518090259,17,5929,3786
0.5220014366098717,0.1922451811488165,0.3056884069256768,0.4883287032392378,-0.1140712250984059,18,5929,3786
0.5220014366098717,0.1922451811488165,0.3056884069256768,0.4883287032392378,-0.1140712250984059,19,5929,3786
0.5220014366098717,0.1922451811488165,0.3056884069256768,0.4883287032392378,-0.1140712250984059,20,5929,3786
0.5220014366098717,0.1922451811488165,0.3056884069256768,0.4883287032392378,-0.1140712250984059,21,5929,3786
0.5220014366098717,0.1922451811488165,0.3056884069256768,0.4883287032392378,-0.1140712250984059,22,5929,3786
0.5220014366098717,0.1922451811488165,0.3056884069256768,0.4883287032392378,-0.1140712250984059,23,5929,3786
0.5299787143965285,0.1924247937829217,0.3057935617051239,0.4878118225114515,-0.1145146683726126,24,5929,3786
0.5299787143965285,0.1924247937829217,0.3057935617051239,0.4878118225114515,-0.1145146683726126,25,5929,3786
0.5299787143965285,0.1924247937829217,0.3057935617051239,0.4878118225114515,-0.1145146683726126,26,5929,3786
0.5299787143965285,0.1924247937829217,0.3057935617051239,0.4878118225114515,-0.1145146683726126,27,5929,3786
0.5299787143965285,0.1924247937829217,0.3057935617051239,0.4878118225114515,-0.1145146683726126,28,5929,3786
0.5299787143965285,0.1924247937829217,0.3057935617051239,0.4878118225114515,-0.1145146683726126,29,5929,3786
0.5299787143965285,0.1924247937829217,0.3057935617051239,0.4878118225114515,-0.1145146683726126,30,5929,3786
0.5299787143965285,0.1924247937829217,0.3057935617051239,0.4878118225114515,-0.1145146683726126,31,5929,3786
0.5299787143965285,0.1924247937829217,0.3057935617051239,0.4878118225114515,-0.1145146683726126,32,5929,3786
0.5299787143965285,0.1924247937829217,0.3057935617051239,0.4878118225114515,-0.1145146683726126,33,5929,3786
0.5299787143965285,0.1924247937829217,0.3057935617051239,0.4878118225114515,-0.1145146683726126,34,5929,3786
0.5299787143965285,0.1924247937829217,0.3057935617051239,0.4878118225114515,-0.1145146683726126,35,5929,3786
0.5299787143965285,0.1924247937829217,0.3057935617051239,0.4878118225114515,-0.1145146683726126,36,5929,3786
0.5299787143965285,0.1924247937829217,0.3057935617051239,0.4878118225114515,-0.1145146683726126,37,5929,3786
0.5299787143965285,0.1924247937829217,0.3057935617051239,0.4878118225114515,-0.1145146683726126,38,5929,3786
0.5299787143965285,0.1924247937829217,0.3057935617051239,0.4878118225114515,-0.1145146683726126,39,5929,3786
0.5299787143965285,0.1924247937829217,0.3057935617051239,0.4878118225114515,-0.1145146683726126,40,5929,3786
0.5299787143965285,0.1924247937829217,0.3057935617051239,0.4878118225114515,-0.1145146683726126,41,5929,3786
0.5299787143965285,0.1924247937829217,0.3057935617051239,0.4878118225114515,-0.1145146683726126,42,5929,3786
0.5299787143965285,0.1924247937829217,0.3057935617051239,0.4878118225114515,-0.1145146683726126,43,5929,3786
0.5299787143965285,0.1924247937829217,0.3057935617051239,0.4878118225114515,-0.1145146683726126,44,5929,3786
0.5299787143965285,0.1924247937829217,0.3057935617051239,0.4878118225114515,-0.1145146683726126,45,5929,3786
0.5299787143965285,0.1924247937829217,0.3057935617051239,0.4878118225114515,-0.1145146683726126,46,5929,3786
0.5299787143965285,0.1924247937829217,0.3057935617051239,0.4878118225114515,-0.1145146683726126,47,5929,3786
0.5299787143965285,0.1924247937829217,0.3057935617051239,0.4878118225114515,-0.1145146683726126,48,5929,3786
0.5299787143965285,0.1924247937829217,0.3057935617051239,0.4878118225114515,-0.1145146683726126,49,5929,3786
0.5381433132192782,0.0731900723909659,0.9628645784432278,0.5604964436423991,-0.0399566741920124,0,5929,4500
0.5381433132192782,0.0731900723909659,0.9628645784432278,0.5604964436423991,-0.0399566741920124,1,5929,4500
0.5381433132192782,0.0731900723909659,0.9628645784432278,0.5604964436423991,-0.0399566741920124,2,5929,4500
0.5042197250533632,0.1967257365767652,0.588539673354234,0.4790335153981873,-0.0416295856820639,3,5929,4500
0.7706132881064792,0.0175213096552497,0.9203193066642614,0.2679520047502547,-0.0512506496135103,4,5929,4500
0.5294952962775046,0.1774868319655115,0.9246582397740802,0.2936084394246234,-0.0590376762240298,5,5929,4500
0.5294952962775046,0.1774868319655115,0.9246582397740802,0.2936084394246234,-0.0590376762240298,6,5929,4500
0.7201646691184791,0.222164637575207,0.8748424909264344,0.3485247291093902,-0.0617075700396426,7,5929,4500
0.5292015757949945,0.1860915106506276,0.9205576982398724,0.2984943233788458,-0.0691821217854683,8,5929,4500
0.5292015757949945,0.1860915106506276,0.9205576982398724,0.2984943233788458,-0.0691821217854683,9,5929,4500
0.5294896462102483,0.1860915106506276,0.9205576982398724,0.2985162320678898,-0.0693821291292587,10,5929,4500
0.5294896462102483,0.1860915106506276,0.9205576982398724,0.2985162320678898,-0.0693821291292587,11,5929,4500
0.5264993945912451,0.1942812451062571,0.993017974747154,0.3268305960498663,-0.0728075041192811,12,5929,4500
0.5295988613312901,0.1815510067865898,0.9833939288826924,0.3211508253009003,-0.0729726346800516,13,5929,4500
0.5295988613312901,0.1815510067865898,0.9833939288826924,0.3211508253009003,-0.0729726346800516,14,5929,4500
0.5305459246186659,0.1772999400147736,0.9367066545893996,0.3276664935000145,-0.0730075114630715,15,5929,4500
0.5292015757949945,0.1846882672817149,0.8735309924835182,0.3194108491872374,-0.0737105820280716,16,5929,4500
0.5292015757949945,0.1846882672817149,0.8735309924835182,0.3194108491872374,-0.0737105820280716,17,5929,4500
0.5292015757949945,0.1846882672817149,0.8735309924835182,0.3194108491872374,-0.0737105820280716,18,5929,4500
0.5311037054452354,0.1788985352711206,0.8727031222082385,0.3304518267896325,-0.0739454661548819,19,5929,4500
0.5311037054452354,0.1788985352711206,0.8727031222082385,0.3304518267896325,-0.0739454661548819,20,5929,4500
0.5311037054452354,0.1788985352711206,0.8727031222082385,0.3304518267896325,-0.0739454661548819,21,5929,4500
0.5311037054452354,0.1788985352711206,0.8727031222082385,0.3304518267896325,-0.0739454661548819,22,5929,4500
0.5311037054452354,0.1788985352711206,0.8727031222082385,0.3304518267896325,-0.0739454661548819,23,5929,4500
0.5311037054452354,0.1788985352711206,0.8727031222082385,0.3304518267896325,-0.0739454661548819,24,5929,4500
0.5311037054452354,0.1788985352711206,0.8727031222082385,0.3304518267896325,-0.0739454661548819,25,5929,4500
0.5311037054452354,0.1788985352711206,0.8727031222082385,0.3304518267896325,-0.0739454661548819,26,5929,4500
0.5311037054452354,0.1788985352711206,0.8727031222082385,0.3304518267896325,-0.0739454661548819,27,5929,4500
0.5311037054452354,0.1788985352711206,0.8727031222082385,0.3304518267896325,-0.0739454661548819,28,5929,4500
0.5311037054452354,0.1788985352711206,0.8727031222082385,0.3304518267896325,-0.0739454661548819,29,5929,4500
0.5311037054452354,0.1788985352711206,0.8727031222082385,0.3304518267896325,-0.0739454661548819,30,5929,4500
0.5311037054452354,0.1788985352711206,0.8727031222082385,0.3304518267896325,-0.0739454661548819,31,5929,4500
0.5311037054452354,0.1788985352711206,0.8727031222082385,0.3304518267896325,-0.0739454661548819,32,5929,4500
0.5311037054452354,0.1788985352711206,0.8727031222082385,0.3304518267896325,-0.0739454661548819,33,5929,4500
0.5311037054452354,0.1788985352711206,0.8727031222082385,0.3304518267896325,-0.0739454661548819,34,5929,4500
0.5311037054452354,0.1788985352711206,0.8727031222082385,0.3304518267896325,-0.0739454661548819,35,5929,4500
0.5311037054452354,0.1788985352711206,0.8727031222082385,0.3304518267896325,-0.0739454661548819,36,5929,4500
0.5311037054452354,0.1788985352711206,0.8727031222082385,0.3304518267896325,-0.0739454661548819,37,5929,4500
0.5311037054452354,0.1788985352711206,0.8727031222082385,0.3304518267896325,-0.0739454661548819,38,5929,4500
0.5311037054452354,0.1788985352711206,0.8727031222082385,0.3304518267896325,-0.0739454661548819,39,5929,4500
0.5311037054452354,0.1788985352711206,0.8727031222082385,0.3304518267896325,-0.0739454661548819,40,5929,4500
0.5311037054452354,0.1788985352711206,0.8727031222082385,0.3304518267896325,-0.0739454661548819,41,5929,4500
0.5311037054452354,0.1788985352711206,0.8727031222082385,0.3304518267896325,-0.0739454661548819,42,5929,4500
0.5311037054452354,0.1788985352711206,0.8727031222082385,0.3304518267896325,-0.0739454661548819,43,5929,4500
0.5311037054452354,0.1788985352711206,0.8727031222082385,0.3304518267896325,-0.0739454661548819,44,5929,4500
0.8050548331450097,0.2012032007246644,0.7533654181283584,0.4394326601704705,-0.0185512218733246,0,5929,5214
0.510888884466533,0.1977019639883706,0.2883279886478656,0.4790335153981873,-0.0224239805932232,1,5929,5214
0.5104422287763607,0.1977019639883706,0.9759655208134954,0.4790335153981873,-0.0403293336487055,2,5929,5214
0.6857275951783784,0.1841890948756913,0.9499634401449802,0.2831710565694664,-0.0489060289579313,3,5929,5214
0.6407228265005105,0.0137085078961747,0.8951386082963512,0.3026514422861989,-0.0534092904148153,4,5929,5214
0.7884189887407207,0.181193379077111,0.9053708999850708,0.3226412851517185,-0.0657348042002713,5,5929,5214
0.7884189887407207,0.181193379077111,0.9215916523154052,0.325502271252358,-0.0657696809832912,6,5929,5214
0.6985073115737677,0.181193379077111,0.9366158945796464,0.3226412851517185,-0.0661321210137999,7,5929,5214
0.5217065231033906,0.1970059628811646,0.9965554940366363,0.4819362608572079,-0.0662920712084338,8,5929,5214
0.5217065231033906,0.1970059628811646,0.9965554940366363,0.4819362608572079,-0.0662920712084338,9,5929,5214
0.5217065231033906,0.1970059628811646,0.9965554940366363,0.4819362608572079,-0.0662920712084338,10,5929,5214
0.5245408264590226,0.1987172292988461,0.9965554940366363,0.4815424888878234,-0.0664848943572906,11,5929,5214
0.5245408264590226,0.1987172292988461,0.9965554940366363,0.4815424888878234,-0.0664848943572906,12,5929,5214
0.5294201405858479,0.1814040762070209,0.8939972278335591,0.324662718237424,-0.0692067695501809,13,5929,5214
0.5285896630722186,0.1969624658849917,0.9454218764410134,0.3200742537146376,-0.069402712836204,14,5929,5214
0.5294201405858479,0.1814040762070209,0.9858081136692484,0.324716738547636,-0.0696375969630143,15,5929,5214
0.5294201405858479,0.1814040762070209,0.9858081136692484,0.324716738547636,-0.0696375969630143,16,5929,5214
0.5294201405858479,0.1814040762070209,0.9858081136692484,0.324716738547636,-0.0696375969630143,17,5929,5214
0.5294201405858479,0.1814040762070209,0.9858081136692484,0.324716738547636,-0.0696375969630143,18,5929,5214
0.5294201405858479,0.1814040762070209,0.9858081136692484,0.324716738547636,-0.0696375969630143,19,5929,5214
0.5294201405858479,0.1814040762070209,0.9858081136692484,0.324716738547636,-0.0696375969630143,20,5929,5214
0.5287129783788999,0.1893307718619801,0.8698479945679973,0.328446492953779,-0.0698090229427634,21,5929,5214
0.5287129783788999,0.1893307718619801,0.8698479945679973,0.328446492953779,-0.0698090229427634,22,5929,5214
0.5287129783788999,0.1893307718619801,0.8698479945679973,0.328446492953779,-0.0698090229427634,23,5929,5214
0.5287129783788999,0.1893307718619801,0.8698479945679973,0.328446492953779,-0.0698090229427634,24,5929,5214
0.5287129783788999,0.1893307718619801,0.8698479945679973,0.328446492953779,-0.0698090229427634,25,5929,5214
0.5287129783788999,0.1893307718619801,0.8698479945679973,0.328446492953779,-0.0698090229427634,26,5929,5214
0.5294201405858479,0.1804587425884615,0.8705739299982808,0.3246240253871377,-0.0700090302865538,27,5929,5214
0.5294554257708557,0.1995701669805452,0.8731006046582725,0.3301044598791532,-0.0705755516548247,28,5929,5214
0.5294554257708557,0.1995701669805452,0.8731006046582725,0.3301044598791532,-0.0705755516548247,29,5929,5214
0.5294554257708557,0.1995701669805452,0.8731006046582725,0.3301044598791532,-0.0705755516548247,30,5929,5214
0.5294554257708557,0.1995701669805452,0.8731006046582725,0.3301044598791532,-0.0705755516548247,31,5929,5214
0.5294554257708557,0.1995701669805452,0.8731006046582725,0.3301044598791532,-0.0705755516548247,32,5929,5214
0.5294554257708557,0.1995701669805452,0.8731006046582725,0.3301044598791532,-0.0705755516548247,33,5929,5214
0.5294554257708557,0.1995701669805452,0.8731006046582725,0.3301044598791532,-0.0705755516548247,34,5929,5214
0.5294554257708557,0.1995701669805452,0.8731006046582725,0.3301044598791532,-0.0705755516548247,35,5929,5214
0.5294554257708557,0.1995701669805452,0.8731006046582725,0.3301044598791532,-0.0705755516548247,36,5929,5214
0.5294554257708557,0.1995701669805452,0.8731006046582725,0.3301044598791532,-0.0705755516548247,37,5929,5214
0.5294554257708557,0.1995701669805452,0.8731006046582725,0.3301044598791532,-0.0705755516548247,38,5929,5214
0.5294554257708557,0.1995701669805452,0.8731006046582725,0.3301044598791532,-0.0705755516548247,39,5929,5214
0.5294554257708557,0.1995701669805452,0.8731006046582725,0.3301044598791532,-0.0705755516548247,40,5929,5214
0.5294554257708557,0.1995701669805452,0.8731006046582725,0.3301044598791532,-0.0705755516548247,41,5929,5214
0.5294554257708557,0.1995701669805452,0.8731006046582725,0.3301044598791532,-0.0705755516548247,42,5929,5214
0.5294554257708557,0.1995701669805452,0.8731006046582725,0.3301044598791532,-0.0705755516548247,43,5929,5214
0.5294554257708557,0.1995701669805452,0.8731006046582725,0.3301044598791532,-0.0705755516548247,44,5929,5214
0.5294554257708557,0.1995701669805452,0.8731006046582725,0.3301044598791532,-0.0705755516548247,45,5929,5214
0.5294554257708557,0.1995701669805452,0.8731006046582725,0.3301044598791532,-0.0705755516548247,46,5929,5214
0.5294554257708557,0.1995701669805452,0.8731006046582725,0.3301044598791532,-0.0705755516548247,47,5929,5214
0.5294554257708557,0.1995701669805452,0.8731006046582725,0.3301044598791532,-0.0705755516548247,48,5929,5214
0.5294554257708557,0.1995701669805452,0.8731006046582725,0.3301044598791532,-0.0705755516548247,49,5929,5214
0.5294554257708557,0.1995701669805452,0.8731006046582725,0.3301044598791532,-0.0705755516548247,50,5929,5214
0.5294554257708557,0.1995701669805452,0.8731006046582725,0.3301044598791532,-0.0705755516548247,51,5929,5214
0.5294554257708557,0.1995701669805452,0.8731006046582725,0.3301044598791532,-0.0705755516548247,52,5929,5214
0.6734598871529389,0.016722821635377,0.9268052023585862,0.1225256507690002,-0.006495896691659,0,5929,5929
0.6393313800665879,0.6123756719431885,0.9553833827668214,0.4419294114540377,-0.0160792711813198,1,5929,5929
0.5285892632600216,0.198760261774837,0.8450230915683464,0.1616955111064937,-0.0212783985210565,2,5929,5929
0.5370829589253547,0.0731900723909659,0.9628645784432278,0.4103061622503174,-0.046657505712121,3,5929,5929
0.5370829589253547,0.0731900723909659,0.9628645784432278,0.4103061622503174,-0.046657505712121,4,5929,5929
0.5282644444881066,0.0731900723909659,0.9874015457150472,0.4435509172336056,-0.0470756349356604,5,5929,5929
0.5282644444881066,0.0731900723909659,0.9874015457150472,0.4435509172336056,-0.0470756349356604,6,5929,5929
0.529289538732135,0.1871478345479501,0.9418506957159978,0.4780448761464967,-0.0518959681494106,7,5929,5929
0.529289538732135,0.1871478345479501,0.9418506957159978,0.4780448761464967,-0.0518959681494106,8,5929,5929
0.7606290479284566,0.0019556704864875,0.922173542220028,0.3803962870706318,-0.053350151087372,9,5929,5929
0.7067694995627052,0.2052777196963607,0.9887014244456837,0.3964734473304829,-0.0546043676895851,10,5929,5929
0.7067694995627052,0.2052777196963607,0.9887014244456837,0.3964734473304829,-0.0546043676895851,11,5929,5929
0.7297978603238285,0.1801091939171757,0.9044275178327342,0.3947379089636621,-0.0564189106625436,12,5929,5929
0.6940797617545709,0.1925162873361925,0.9351235159872188,0.3802274760083652,-0.0578374766772998,13,5929,5929
0.5295723575071987,0.187316422289932,0.9793673923973244,0.3851836450677224,-0.0603044437777634,14,5929,5929
0.5295723575071987,0.187316422289932,0.9793673923973244,0.3851836450677224,-0.0603044437777634,15,5929,5929
0.5295723575071987,0.187316422289932,0.9793673923973244,0.3851836450677224,-0.0603044437777634,16,5929,5929
0.529184874880568,0.1840349492427332,0.9858095649577848,0.3198560798237888,-0.0612165516130429,17,5929,5929
0.529184874880568,0.1840349492427332,0.9858095649577848,0.3198560798237888,-0.0612165516130429,18,5929,5929
0.5295723575071987,0.1868361576692599,0.9291183341136896,0.3250404551068905,-0.0612995783789697,19,5929,5929
0.5295723575071987,0.1868361576692599,0.9291183341136896,0.3250404551068905,-0.0612995783789697,20,5929,5929
0.5295723575071987,0.1868361576692599,0.9291183341136896,0.3250404551068905,-0.0612995783789697,21,5929,5929
0.5295723575071987,0.1868361576692599,0.9291183341136896,0.3250404551068905,-0.0612995783789697,22,5929,5929
0.5295723575071987,0.1868361576692599,0.9291183341136896,0.3250404551068905,-0.0612995783789697,23,5929,5929
0.5295723575071987,0.1868361576692599,0.9291183341136896,0.3250404551068905,-0.0612995783789697,24,5929,5929
0.5296230926038038,0.1992176216129699,0.979169865931364,0.3199286521727038,-0.061388609996252,25,5929,5929
0.5296230926038038,0.1992176216129699,0.979169865931364,0.3199286521727038,-0.061388609996252,26,5929,5929
0.5296230926038038,0.1992176216129699,0.979169865931364,0.3199286521727038,-0.061388609996252,27,5929,5929
0.5296230926038038,0.1992176216129699,0.979169865931364,0.3199286521727038,-0.061388609996252,28,5929,5929
0.5296230926038038,0.1992176216129699,0.979169865931364,0.3199286521727038,-0.061388609996252,29,5929,5929
0.5296230926038038,0.1992176216129699,0.979169865931364,0.3199286521727038,-0.061388609996252,30,5929,5929
0.5296230926038038,0.1992176216129699,0.979169865931364,0.3199286521727038,-0.061388609996252,31,5929,5929
0.5296230926038038,0.1992176216129699,0.979169865931364,0.3199286521727038,-0.061388609996252,32,5929,5929
0.5296230926038038,0.1992176216129699,0.979169865931364,0.3199286521727038,-0.061388609996252,33,5929,5929
0.5296230926038038,0.1992176216129699,0.979169865931364,0.3199286521727038,-0.061388609996252,34,5929,5929
0.5296911734155513,0.1839726988903103,0.8696030265459997,0.3280781999367701,-0.0616163274716607,35,5929,5929
0.5296911734155513,0.1839726988903103,0.8696030265459997,0.3280781999367701,-0.0616163274716607,36,5929,5929
0.5296911734155513,0.1839726988903103,0.8696030265459997,0.3280781999367701,-0.0616163274716607,37,5929,5929
0.5295893050475381,0.1847003062642529,0.8723899509004849,0.3282990138451133,-0.06223753307078,38,5929,5929
0.5295893050475381,0.1847003062642529,0.8723899509004849,0.3282990138451133,-0.06223753307078,39,5929,5929
0.531180741506365,0.199703342059087,0.8723899509004849,0.3195669468775884,-0.0623265646880624,40,5929,5929
0.531180741506365,0.199703342059087,0.8723899509004849,0.3195669468775884,-0.0623265646880624,41,5929,5929
0.531180741506365,0.199703342059087,0.8723899509004849,0.3195669468775884,-0.0623265646880624,42,5929,5929
0.531180741506365,0.199703342059087,0.8723899509004849,0.3195669468775884,-0.0623265646880624,43,5929,5929
0.531180741506365,0.199703342059087,0.8723899509004849,0.3195669468775884,-0.0623265646880624,44,5929,5929
0.531180741506365,0.199703342059087,0.8723899509004849,0.3195669468775884,-0.0623265646880624,45,5929,5929
0.531180741506365,0.199703342059087,0.8723899509004849,0.3195669468775884,-0.0623265646880624,46,5929,5929
0.531180741506365,0.199703342059087,0.8723899509004849,0.3195669468775884,-0.0623265646880624,47,5929,5929
0.531180741506365,0.199703342059087,0.8723899509004849,0.3195669468775884,-0.0623265646880624,48,5929,5929
0.531180741506365,0.199703342059087,0.8723899509004849,0.3195669468775884,-0.0623265646880624,49,5929,5929
0.531180741506365,0.199703342059087,0.8723899509004849,0.3195669468775884,-0.0623265646880624,50,5929,5929
0.531180741506365,0.199703342059087,0.8723899509004849,0.3195669468775884,-0.0623265646880624,51,5929,5929
0.531180741506365,0.199703342059087,0.8723899509004849,0.3195669468775884,-0.0623265646880624,52,5929,5929
0.531180741506365,0.199703342059087,0.8723899509004849,0.3195669468775884,-0.0623265646880624,53,5929,5929
0.531180741506365,0.199703342059087,0.8723899509004849,0.3195669468775884,-0.0623265646880624,54,5929,5929
0.531180741506365,0.199703342059087,0.8723899509004849,0.3195669468775884,-0.0623265646880624,55,5929,5929
0.531180741506365,0.199703342059087,0.8723899509004849,0.3195669468775884,-0.0623265646880624,56,5929,5929
0.531180741506365,0.199703342059087,0.8723899509004849,0.3195669468775884,-0.0623265646880624,57,5929,5929
0.531180741506365,0.199703342059087,0.8723899509004849,0.3195669468775884,-0.0623265646880624,58,5929,5929
0.531180741506365,0.199703342059087,0.8723899509004849,0.3195669468775884,-0.0623265646880624,59,5929,5929
0.531180741506365,0.199703342059087,0.8723899509004849,0.3195669468775884,-0.0623265646880624,60,5929,5929
0.6734598871529389,0.016722821635377,0.9268052023585862,0.1225256507690002,0.0047540466225041,0,5929,6643
0.6393313800665879,0.6123756719431885,0.9553833827668214,0.4419294114540377,-0.0036838666451123,1,5929,6643
0.6393313800665879,0.6123756719431885,0.9553833827668214,0.4419294114540377,-0.0036838666451123,2,5929,6643
0.7706510669974715,0.2127267413652522,0.8803993055918131,0.299815542437813,-0.0417654960634587,3,5929,6643
0.7706510669974715,0.2127267413652522,0.8803993055918131,0.299815542437813,-0.0417654960634587,4,5929,6643
0.7706510669974715,0.2127267413652522,0.8803993055918131,0.299815542437813,-0.0417654960634587,5,5929,6643
0.8789485716141765,0.2087257968730759,0.9773661644983898,0.3960524522519126,-0.0467420547189204,6,5929,6643
0.8789485716141765,0.2087257968730759,0.9773661644983898,0.3960524522519126,-0.0467420547189204,7,5929,6643
0.8789485716141765,0.2087257968730759,0.9773661644983898,0.3960524522519126,-0.0467420547189204,8,5929,6643
0.784839101419546,0.2125239153098089,0.9492715933660472,0.3907181837907337,-0.0473418860867824,9,5929,6643
0.6939328334202083,0.1977863172999542,0.9512159157184216,0.3829591170636527,-0.05036207066104,10,5929,6643
0.6939328334202083,0.1977863172999542,0.9512159157184216,0.3829591170636527,-0.05036207066104,11,5929,6643
0.7178283496778036,0.1929156115013233,0.90938435409816,0.3878965082053694,-0.0505511147715454,12,5929,6643
0.7178283496778036,0.1929156115013233,0.90938435409816,0.3878965082053694,-0.0505511147715454,13,5929,6643
0.7178283496778036,0.1929156115013233,0.90938435409816,0.3878965082053694,-0.0505511147715454,14,5929,6643
0.7178283496778036,0.1929156115013233,0.90938435409816,0.3878965082053694,-0.0505511147715454,15,5929,6643
0.7178283496778036,0.1929156115013233,0.90938435409816,0.3878965082053694,-0.0505511147715454,16,5929,6643
0.7178283496778036,0.1929156115013233,0.90938435409816,0.3878965082053694,-0.0505511147715454,17,5929,6643
0.7178283496778036,0.1929156115013233,0.90938435409816,0.3878965082053694,-0.0505511147715454,18,5929,6643
0.7178283496778036,0.1929156115013233,0.90938435409816,0.3878965082053694,-0.0505511147715454,19,5929,6643
0.7178283496778036,0.1929156115013233,0.90938435409816,0.3878965082053694,-0.0505511147715454,20,5929,6643
0.7178283496778036,0.1929156115013233,0.90938435409816,0.3878965082053694,-0.0505511147715454,21,5929,6643
0.7178283496778036,0.1929156115013233,0.90938435409816,0.3878965082053694,-0.0505511147715454,22,5929,6643
0.7178283496778036,0.1929156115013233,0.90938435409816,0.3878965082053694,-0.0505511147715454,23,5929,6643
0.7178283496778036,0.1929156115013233,0.90938435409816,0.3878965082053694,-0.0505511147715454,24,5929,6643
0.7178283496778036,0.1929156115013233,0.90938435409816,0.3878965082053694,-0.0505511147715454,25,5929,6643
0.7178283496778036,0.1929156115013233,0.90938435409816,0.3878965082053694,-0.0505511147715454,26,5929,6643
0.7178283496778036,0.1929156115013233,0.90938435409816,0.3878965082053694,-0.0505511147715454,27,5929,6643
0.7178283496778036,0.1929156115013233,0.90938435409816,0.3878965082053694,-0.0505511147715454,28,5929,6643
0.7178283496778036,0.1929156115013233,0.90938435409816,0.3878965082053694,-0.0505511147715454,29,5929,6643
0.7178283496778036,0.1929156115013233,0.90938435409816,0.3878965082053694,-0.0505511147715454,30,5929,6643
0.7178283496778036,0.1929156115013233,0.90938435409816,0.3878965082053694,-0.0505511147715454,31,5929,6643
0.7178283496778036,0.1929156115013233,0.90938435409816,0.3878965082053694,-0.0505511147715454,32,5929,6643
0.7178283496778036,0.1929156115013233,0.90938435409816,0.3878965082053694,-0.0505511147715454,33,5929,6643
0.7178283496778036,0.1929156115013233,0.90938435409816,0.3878965082053694,-0.0505511147715454,34,5929,6643
0.7178283496778036,0.1929156115013233,0.90938435409816,0.3878965082053694,-0.0505511147715454,35,5929,6643
0.7178283496778036,0.1929156115013233,0.90938435409816,0.3878965082053694,-0.0505511147715454,36,5929,6643
0.7178283496778036,0.1929156115013233,0.90938435409816,0.3878965082053694,-0.0505511147715454,37,5929,6643
0.6734598871529389,0.016722821635377,0.9268052023585862,0.1225256507690002,0.0097326864069187,0,5929,7357
0.6734598871529389,0.016722821635377,0.9268052023585862,0.1225256507690002,0.0097326864069187,1,5929,7357
0.7535131086748066,0.2529707658111622,0.697521040790735,0.3855872572300576,-0.015044509707771,2,5929,7357
0.6362098810823402,0.0001506033018132,0.9563325074886032,0.2707602519228934,-0.0285606851477425,3,5929,7357
0.5397632866084168,0.1356784125569834,0.9669749487136264,0.3995952593664505,-0.0412418614375413,4,5929,7357
0.5397632866084168,0.1799090614759503,0.9669749487136264,0.3995952593664505,-0.0456963431485881,5,5929,7357
0.956978845342304,0.1766544798493727,0.8756537535100406,0.3240928560175459,-0.0471663221787756,6,5929,7357
0.9310933630343128,0.2272366345035028,0.9857473152205704,0.3995952593664505,-0.0507798190660262,7,5929,7357
0.9310933630343128,0.2272366345035028,0.9857473152205704,0.3995952593664505,-0.0507798190660262,8,5929,7357
0.9407802239468211,0.1799090614759503,0.9708777379295178,0.3995952593664505,-0.0528878530064133,9,5929,7357
0.9407802239468211,0.1799090614759503,0.9708777379295178,0.3995952593664505,-0.0528878530064133,10,5929,7357
0.946107342937866,0.1990667593147587,0.9991944137619024,0.3903316214536743,-0.0537157996042737,11,5929,7357
0.946107342937866,0.1990667593147587,0.9991944137619024,0.3903316214536743,-0.0537157996042737,12,5929,7357
0.8983509435078446,0.1967189383057324,0.9673516351373688,0.3865273902925698,-0.054209547772607,13,5929,7357
0.8983509435078446,0.1967189383057324,0.9673516351373688,0.3865273902925698,-0.054209547772607,14,5929,7357
0.8983509435078446,0.1967189383057324,0.9673516351373688,0.3865273902925698,-0.054209547772607,15,5929,7357
0.8983509435078446,0.1967189383057324,0.9673516351373688,0.3865273902925698,-0.054209547772607,16,5929,7357
0.8983509435078446,0.1967189383057324,0.9673516351373688,0.3865273902925698,-0.054209547772607,17,5929,7357
0.8983509435078446,0.1967189383057324,0.9673516351373688,0.3865273902925698,-0.054209547772607,18,5929,7357
0.8983509435078446,0.1967189383057324,0.9673516351373688,0.3865273902925698,-0.054209547772607,19,5929,7357
0.8983509435078446,0.1967189383057324,0.9673516351373688,0.3865273902925698,-0.054209547772607,20,5929,7357
0.8983509435078446,0.1967189383057324,0.9673516351373688,0.3865273902925698,-0.054209547772607,21,5929,7357
0.8983509435078446,0.1967189383057324,0.9673516351373688,0.3865273902925698,-0.054209547772607,22,5929,7357
0.8983509435078446,0.1967189383057324,0.9673516351373688,0.3865273902925698,-0.054209547772607,23,5929,7357
0.8983509435078446,0.1967189383057324,0.9673516351373688,0.3865273902925698,-0.054209547772607,24,5929,7357
0.8983509435078446,0.1967189383057324,0.9673516351373688,0.3865273902925698,-0.054209547772607,25,5929,7357
0.8983509435078446,0.1967189383057324,0.9673516351373688,0.3865273902925698,-0.054209547772607,26,5929,7357
0.8983509435078446,0.1967189383057324,0.9673516351373688,0.3865273902925698,-0.054209547772607,27,5929,7357
0.8983509435078446,0.1967189383057324,0.9673516351373688,0.3865273902925698,-0.054209547772607,28,5929,7357
0.8983509435078446,0.1967189383057324,0.9673516351373688,0.3865273902925698,-0.054209547772607,29,5929,7357
0.8983509435078446,0.1967189383057324,0.9673516351373688,0.3865273902925698,-0.054209547772607,30,5929,7357
0.8983509435078446,0.1967189383057324,0.9673516351373688,0.3865273902925698,-0.054209547772607,31,5929,7357
0.8983509435078446,0.1967189383057324,0.9673516351373688,0.3865273902925698,-0.054209547772607,32,5929,7357
0.8983509435078446,0.1967189383057324,0.9673516351373688,0.3865273902925698,-0.054209547772607,33,5929,7357
0.8983509435078446,0.1967189383057324,0.9673516351373688,0.3865273902925698,-0.054209547772607,34,5929,7357
0.8983509435078446,0.1967189383057324,0.9673516351373688,0.3865273902925698,-0.054209547772607,35,5929,7357
0.8983509435078446,0.1967189383057324,0.9673516351373688,0.3865273902925698,-0.054209547772607,36,5929,7357
0.8983509435078446,0.1967189383057324,0.9673516351373688,0.3865273902925698,-0.054209547772607,37,5929,7357
0.8983509435078446,0.1967189383057324,0.9673516351373688,0.3865273902925698,-0.054209547772607,38,5929,7357
0.6734598871529389,0.016722821635377,0.9268052023585862,0.1225256507690002,0.0094606059819621,0,5929,8072
0.6734598871529389,0.016722821635377,0.9268052023585862,0.1225256507690002,0.0094606059819621,1,5929,8072
0.6179804112986393,0.1592926412707189,0.9602102984323156,0.3765774338208127,-0.0311948665130171,2,5929,8072
0.5245126442782663,0.2019093920844458,0.963170792222318,0.444388254463835,-0.0324327575930013,3,5929,8072
0.6905689264133352,0.0052888341360747,0.9268052023585862,0.3858666739574652,-0.0408142351640647,4,5929,8072
0.9166317233488744,0.2225068659462724,0.996559370651386,0.3818509002411437,-0.0523735942571765,5,5929,8072
0.9166317233488744,0.2225068659462724,0.996559370651386,0.3818509002411437,-0.0523735942571765,6,5929,8072
0.9166317233488744,0.2225068659462724,0.996559370651386,0.3818509002411437,-0.0523735942571765,7,5929,8072
0.9166317233488744,0.2225068659462724,0.996559370651386,0.3818509002411437,-0.0523735942571765,8,5929,8072
0.9166317233488744,0.2225068659462724,0.996559370651386,0.3818509002411437,-0.0523735942571765,9,5929,8072
0.9166317233488744,0.2225068659462724,0.996559370651386,0.3818509002411437,-0.0523735942571765,10,5929,8072
0.9166317233488744,0.2225068659462724,0.996559370651386,0.3818509002411437,-0.0523735942571765,11,5929,8072
0.9166317233488744,0.2225068659462724,0.996559370651386,0.3818509002411437,-0.0523735942571765,12,5929,8072
0.9138761867126188,0.1796294784581514,0.9974650939698582,0.385805100119783,-0.0544816281975636,13,5929,8072
0.9138761867126188,0.1796294784581514,0.9974650939698582,0.385805100119783,-0.0544816281975636,14,5929,8072
0.9138761867126188,0.1796294784581514,0.9974650939698582,0.385805100119783,-0.0544816281975636,15,5929,8072
0.9138761867126188,0.1796294784581514,0.9974650939698582,0.385805100119783,-0.0544816281975636,16,5929,8072
0.9138761867126188,0.1796294784581514,0.9974650939698582,0.385805100119783,-0.0544816281975636,17,5929,8072
0.9138761867126188,0.1796294784581514,0.9974650939698582,0.385805100119783,-0.0544816281975636,18,5929,8072
0.9138761867126188,0.1796294784581514,0.9974650939698582,0.385805100119783,-0.0544816281975636,19,5929,8072
0.9138761867126188,0.1796294784581514,0.9974650939698582,0.385805100119783,-0.0544816281975636,20,5929,8072
0.9138761867126188,0.1796294784581514,0.9974650939698582,0.385805100119783,-0.0544816281975636,21,5929,8072
0.9138761867126188,0.1796294784581514,0.9974650939698582,0.385805100119783,-0.0544816281975636,22,5929,8072
0.9138761867126188,0.1796294784581514,0.9974650939698582,0.385805100119783,-0.0544816281975636,23,5929,8072
0.9138761867126188,0.1796294784581514,0.9974650939698582,0.385805100119783,-0.0544816281975636,24,5929,8072
0.9138761867126188,0.1796294784581514,0.9974650939698582,0.385805100119783,-0.0544816281975636,25,5929,8072
0.9138761867126188,0.1796294784581514,0.9974650939698582,0.385805100119783,-0.0544816281975636,26,5929,8072
0.9138761867126188,0.1796294784581514,0.9974650939698582,0.385805100119783,-0.0544816281975636,27,5929,8072
0.9138761867126188,0.1796294784581514,0.9974650939698582,0.385805100119783,-0.0544816281975636,28,5929,8072
0.9138761867126188,0.1796294784581514,0.9974650939698582,0.385805100119783,-0.0544816281975636,29,5929,8072
0.9138761867126188,0.1796294784581514,0.9974650939698582,0.385805100119783,-0.0544816281975636,30,5929,8072
0.9138761867126188,0.1796294784581514,0.9974650939698582,0.385805100119783,-0.0544816281975636,31,5929,8072
0.9138761867126188,0.1796294784581514,0.9974650939698582,0.385805100119783,-0.0544816281975636,32,5929,8072
0.9138761867126188,0.1796294784581514,0.9974650939698582,0.385805100119783,-0.0544816281975636,33,5929,8072
0.9138761867126188,0.1796294784581514,0.9974650939698582,0.385805100119783,-0.0544816281975636,34,5929,8072
0.9138761867126188,0.1796294784581514,0.9974650939698582,0.385805100119783,-0.0544816281975636,35,5929,8072
0.9138761867126188,0.1796294784581514,0.9974650939698582,0.385805100119783,-0.0544816281975636,36,5929,8072
0.9138761867126188,0.1796294784581514,0.9974650939698582,0.385805100119783,-0.0544816281975636,37,5929,8072
0.9138761867126188,0.1796294784581514,0.9974650939698582,0.385805100119783,-0.0544816281975636,38,5929,8072
0.5381433132192782,0.0731900723909659,0.9628645784432278,0.5604964436423991,-0.0985350998814578,0,6643,3072
0.510888884466533,0.1977019639883706,0.2883279886478656,0.4790335153981873,-0.101877666866761,1,6643,3072
0.5766896377691937,0.1097346640066967,0.2764222616893144,0.6878223166795403,-0.1059113176854663,2,6643,3072
0.5766896377691937,0.1097346640066967,0.2764222616893144,0.6878223166795403,-0.1059113176854663,3,6643,3072
0.5766896377691937,0.1097346640066967,0.2764222616893144,0.6878223166795403,-0.1059113176854663,4,6643,3072
0.5766896377691937,0.1097346640066967,0.3160206976800622,0.6878223166795403,-0.1064414524690122,5,6643,3072
0.5230098194016602,0.0935807803310836,0.6123483990703802,0.5141057842277386,-0.1116409640396649,6,6643,3072
0.5202921098698334,0.1971415672586342,0.2883279886478656,0.480943416431465,-0.1171878416697118,7,6643,3072
0.5202921098698334,0.1971415672586342,0.2883279886478656,0.480943416431465,-0.1171878416697118,8,6643,3072
0.5239481092321487,0.1793803482031116,0.3043566959448802,0.4966452817300225,-0.1187592743880056,9,6643,3072
0.5239481092321487,0.1793803482031116,0.3043566959448802,0.4966452817300225,-0.1187592743880056,10,6643,3072
0.5239481092321487,0.1793803482031116,0.3043566959448802,0.4966452817300225,-0.1187592743880056,11,6643,3072
0.5228115320761495,0.1959386624838366,0.6037455212691969,0.4807108883796306,-0.1188271473235167,12,6643,3072
0.5291217096053727,0.1885587718467937,0.330478775988607,0.4819185828288762,-0.1203395604105436,13,6643,3072
0.5291217096053727,0.1885587718467937,0.330478775988607,0.4819185828288762,-0.1203395604105436,14,6643,3072
0.5263218521368044,0.1828707675018447,0.3121651562829259,0.4880013356371521,-0.120509952748797,15,6643,3072
0.5263218521368044,0.1828707675018447,0.3121651562829259,0.4880013356371521,-0.120509952748797,16,6643,3072
0.528437679695917,0.1886465520312875,0.329910778363326,0.4911898503064759,-0.1205248818545416,17,6643,3072
0.528437679695917,0.1886465520312875,0.329910778363326,0.4911898503064759,-0.1205248818545416,18,6643,3072
0.5306442625269688,0.1772242051088143,0.3335918590130415,0.4909386862395711,-0.1205811811235552,19,6643,3072
0.5306442625269688,0.1772242051088143,0.3335918590130415,0.4909386862395711,-0.1205811811235552,20,6643,3072
0.5306442625269688,0.1772242051088143,0.3335918590130415,0.4909386862395711,-0.1205811811235552,21,6643,3072
0.5306442625269688,0.1772242051088143,0.3335918590130415,0.4909386862395711,-0.1205811811235552,22,6643,3072
0.5306442625269688,0.1772242051088143,0.3335918590130415,0.4909386862395711,-0.1205811811235552,23,6643,3072
0.5306442625269688,0.1772242051088143,0.3335918590130415,0.4909386862395711,-0.1205811811235552,24,6643,3072
0.5306442625269688,0.1772242051088143,0.3335918590130415,0.4909386862395711,-0.1205811811235552,25,6643,3072
0.5306442625269688,0.1772242051088143,0.3335918590130415,0.4909386862395711,-0.1205811811235552,26,6643,3072
0.5306442625269688,0.1772242051088143,0.3335918590130415,0.4909386862395711,-0.1205811811235552,27,6643,3072
0.5306442625269688,0.1772242051088143,0.3335918590130415,0.4909386862395711,-0.1205811811235552,28,6643,3072
0.5306442625269688,0.1772242051088143,0.3335918590130415,0.4909386862395711,-0.1205811811235552,29,6643,3072
0.5306442625269688,0.1772242051088143,0.3335918590130415,0.4909386862395711,-0.1205811811235552,30,6643,3072
0.5306442625269688,0.1772242051088143,0.3335918590130415,0.4909386862395711,-0.1205811811235552,31,6643,3072
0.5306442625269688,0.1772242051088143,0.3335918590130415,0.4909386862395711,-0.1205811811235552,32,6643,3072
0.5306442625269688,0.1772242051088143,0.3335918590130415,0.4909386862395711,-0.1205811811235552,33,6643,3072
0.5306442625269688,0.1772242051088143,0.3335918590130415,0.4909386862395711,-0.1205811811235552,34,6643,3072
0.5306442625269688,0.1772242051088143,0.3335918590130415,0.4909386862395711,-0.1205811811235552,35,6643,3072
0.5306442625269688,0.1772242051088143,0.3335918590130415,0.4909386862395711,-0.1205811811235552,36,6643,3072
0.5306442625269688,0.1772242051088143,0.3335918590130415,0.4909386862395711,-0.1205811811235552,37,6643,3072
0.5306442625269688,0.1772242051088143,0.3335918590130415,0.4909386862395711,-0.1205811811235552,38,6643,3072
0.5306442625269688,0.1772242051088143,0.3335918590130415,0.4909386862395711,-0.1205811811235552,39,6643,3072
0.5306442625269688,0.1772242051088143,0.3335918590130415,0.4909386862395711,-0.1205811811235552,40,6643,3072
0.5306442625269688,0.1772242051088143,0.3335918590130415,0.4909386862395711,-0.1205811811235552,41,6643,3072
0.5306442625269688,0.1772242051088143,0.3335918590130415,0.4909386862395711,-0.1205811811235552,42,6643,3072
0.5306442625269688,0.1772242051088143,0.3335918590130415,0.4909386862395711,-0.1205811811235552,43,6643,3072
0.5306442625269688,0.1772242051088143,0.3335918590130415,0.4909386862395711,-0.1205811811235552,44,6643,3072
0.5381433132192782,0.0731900723909659,0.9628645784432278,0.5604964436423991,-0.0890410872922227,0,6643,3786
0.5381433132192782,0.0731900723909659,0.9628645784432278,0.5604964436423991,-0.0890410872922227,1,6643,3786
0.525762581966031,0.1283238673056996,0.2883279886478656,0.4790335153981873,-0.0942258818068645,2,6643,3786
0.525762581966031,0.1283238673056996,0.2883279886478656,0.4790335153981873,-0.0942258818068645,3,6643,3786
0.5984563435641252,0.0839076439939505,0.5840793867930761,0.5774107076070227,-0.0958573011729212,4,6643,3786
0.5411621899137191,0.087306813089601,0.5775527869953988,0.5789907130997777,-0.0960806202126957,5,6643,3786
0.5804630419830872,0.0854674357163244,0.5739378382336513,0.5101532146070775,-0.0980355151326051,6,6643,3786
0.5215724369657198,0.1007581922283958,0.5903231976495199,0.565693135513414,-0.0994058467342069,7,6643,3786
0.5256760506224218,0.109251351755936,0.6333607855234529,0.4997192686192068,-0.1031579117869803,8,6643,3786
0.5256760506224218,0.109251351755936,0.6333607855234529,0.4997192686192068,-0.1031579117869803,9,6643,3786
0.5230518428734191,0.1877402490659736,0.5892276466272053,0.4996418376724229,-0.107612393498027,10,6643,3786
0.5230518428734191,0.1877402490659736,0.5892276466272053,0.4996418376724229,-0.107612393498027,11,6643,3786
0.5230518428734191,0.1877402490659736,0.5892276466272053,0.4996418376724229,-0.107612393498027,12,6643,3786
0.524295831268874,0.1879533387712598,0.6311693842396788,0.4822308961451967,-0.1090920443426197,13,6643,3786
0.524295831268874,0.1879533387712598,0.6311693842396788,0.4822308961451967,-0.1090920443426197,14,6643,3786
0.5302780849845278,0.1963254808300356,0.6021291622788376,0.4826405159290575,-0.1092519912870361,15,6643,3786
0.5304456354615227,0.1785797654268268,0.5796148724041904,0.4843920204064989,-0.1093035488249174,16,6643,3786
0.5304456354615227,0.1785797654268268,0.5796148724041904,0.4843920204064989,-0.1093035488249174,17,6643,3786
0.5304456354615227,0.1785797654268268,0.5796148724041904,0.4843920204064989,-0.1093035488249174,18,6643,3786
0.5304456354615227,0.1785797654268268,0.5796148724041904,0.4843920204064989,-0.1093035488249174,19,6643,3786
0.5304456354615227,0.1785797654268268,0.5796148724041904,0.4843920204064989,-0.1093035488249174,20,6643,3786
0.5304456354615227,0.1785797654268268,0.5796148724041904,0.4843920204064989,-0.1093035488249174,21,6643,3786
0.5304456354615227,0.1785797654268268,0.5796148724041904,0.4843920204064989,-0.1093035488249174,22,6643,3786
0.5304456354615227,0.1785797654268268,0.5796148724041904,0.4843920204064989,-0.1093035488249174,23,6643,3786
0.5304456354615227,0.1785797654268268,0.5796148724041904,0.4843920204064989,-0.1093035488249174,24,6643,3786
0.5304456354615227,0.1785797654268268,0.5796148724041904,0.4843920204064989,-0.1093035488249174,25,6643,3786
0.5304456354615227,0.1785797654268268,0.5796148724041904,0.4843920204064989,-0.1093035488249174,26,6643,3786
0.5304456354615227,0.1785797654268268,0.5796148724041904,0.4843920204064989,-0.1093035488249174,27,6643,3786
0.5304456354615227,0.1785797654268268,0.5796148724041904,0.4843920204064989,-0.1093035488249174,28,6643,3786
0.5304456354615227,0.1785797654268268,0.5796148724041904,0.4843920204064989,-0.1093035488249174,29,6643,3786
0.5304456354615227,0.1785797654268268,0.5796148724041904,0.4843920204064989,-0.1093035488249174,30,6643,3786
0.5304456354615227,0.1785797654268268,0.5796148724041904,0.4843920204064989,-0.1093035488249174,31,6643,3786
0.5304456354615227,0.1785797654268268,0.5796148724041904,0.4843920204064989,-0.1093035488249174,32,6643,3786
0.5304456354615227,0.1785797654268268,0.5796148724041904,0.4843920204064989,-0.1093035488249174,33,6643,3786
0.5304456354615227,0.1785797654268268,0.5796148724041904,0.4843920204064989,-0.1093035488249174,34,6643,3786
0.5304456354615227,0.1785797654268268,0.5796148724041904,0.4843920204064989,-0.1093035488249174,35,6643,3786
0.5304456354615227,0.1785797654268268,0.5796148724041904,0.4843920204064989,-0.1093035488249174,36,6643,3786
0.5304456354615227,0.1785797654268268,0.5796148724041904,0.4843920204064989,-0.1093035488249174,37,6643,3786
0.5304456354615227,0.1785797654268268,0.5796148724041904,0.4843920204064989,-0.1093035488249174,38,6643,3786
0.5381433132192782,0.0731900723909659,0.9628645784432278,0.5604964436423991,-0.0363490495384395,0,6643,4500
0.5381433132192782,0.0731900723909659,0.9628645784432278,0.5604964436423991,-0.0363490495384395,1,6643,4500
0.6485816836046566,0.0264845489039723,0.6010745969206294,0.5045220055896602,-0.0416507019077279,2,6643,4500
0.6485816836046566,0.0264845489039723,0.6010745969206294,0.5045220055896602,-0.0416507019077279,3,6643,4500
0.6393313800665879,0.1279013491926069,0.9578260534125064,0.430669935946912,-0.0456857415890077,4,6643,4500
0.6393313800665879,0.1279013491926069,0.9578260534125064,0.430669935946912,-0.0456857415890077,5,6643,4500
0.525858576413393,0.1021903794334771,0.9396553644985072,0.4369872192406873,-0.0559421975549531,6,6643,4500
0.5200158643555899,0.2072083272704175,0.9651517221456511,0.4790335153981873,-0.0563726874531518,7,6643,4500
0.5200158643555899,0.2072083272704175,0.9651517221456511,0.4790335153981873,-0.0563726874531518,8,6643,4500
0.5243952042389395,0.2200489796325609,0.934411377845193,0.4345323527512897,-0.0567468860606144,9,6643,4500
0.5200158643555899,0.1775125936658756,0.984051233559641,0.4789406109863587,-0.0597693613359847,10,6643,4500
0.5242331622662169,0.1999043326614147,0.984051233559641,0.4789406109863587,-0.0605694238980874,11,6643,4500
0.5201458965246454,0.1976514313276911,0.9582790246468034,0.4831671932075213,-0.0623099235103448,12,6643,4500
0.5244291023853502,0.1763354291868137,0.9749533852772492,0.4809482699286423,-0.0631099860724476,13,6643,4500
0.5283566200957086,0.1764636118977066,0.9749533852772492,0.4814455203955505,-0.0634620813655275,14,6643,4500
0.5283566200957086,0.1764636118977066,0.9749533852772492,0.4814455203955505,-0.0634620813655275,15,6643,4500
0.5231775257045486,0.1956235694972382,0.6216011491602853,0.4819309810037785,-0.0663786232367425,16,6643,4500
0.5231775257045486,0.1956235694972382,0.6216011491602853,0.4819309810037785,-0.0663786232367425,17,6643,4500
0.5231775257045486,0.1956235694972382,0.6216011491602853,0.4819309810037785,-0.0663786232367425,18,6643,4500
0.5235654481079289,0.1956235694972382,0.6302979456064943,0.4819309810037785,-0.0665669336354195,19,6643,4500
0.5235654481079289,0.1956235694972382,0.6302979456064943,0.4819309810037785,-0.0665669336354195,20,6643,4500
0.5235654481079289,0.1956235694972382,0.6302979456064943,0.4819309810037785,-0.0665669336354195,21,6643,4500
0.5235654481079289,0.1956235694972382,0.6302979456064943,0.4819309810037785,-0.0665669336354195,22,6643,4500
0.5235654481079289,0.1956235694972382,0.6302979456064943,0.4819309810037785,-0.0665669336354195,23,6643,4500
0.5235654481079289,0.1956235694972382,0.6302979456064943,0.4819309810037785,-0.0665669336354195,24,6643,4500
0.5235654481079289,0.1956235694972382,0.6302979456064943,0.4819309810037785,-0.0665669336354195,25,6643,4500
0.5235654481079289,0.1956235694972382,0.6302979456064943,0.4819309810037785,-0.0665669336354195,26,6643,4500
0.5235654481079289,0.1956235694972382,0.6302979456064943,0.4819309810037785,-0.0665669336354195,27,6643,4500
0.52737560073212,0.1965147921752695,0.6317095616370136,0.4813948734212762,-0.066700090975381,28,6643,4500
0.5294424360193541,0.1966681535861052,0.6316021639486126,0.4802551864270954,-0.0667334872727145,29,6643,4500
0.5294424360193541,0.1966681535861052,0.6316021639486126,0.4802551864270954,-0.0667334872727145,30,6643,4500
0.5294424360193541,0.1966681535861052,0.6316021639486126,0.4802551864270954,-0.0667334872727145,31,6643,4500
0.5294424360193541,0.1966681535861052,0.6316021639486126,0.4802551864270954,-0.0667334872727145,32,6643,4500
0.5284857519512637,0.179024957425814,0.6314717444786889,0.484946068447982,-0.0667516485132624,33,6643,4500
0.5284857519512637,0.179024957425814,0.6314717444786889,0.484946068447982,-0.0667516485132624,34,6643,4500
0.5284857519512637,0.179024957425814,0.6314717444786889,0.484946068447982,-0.0667516485132624,35,6643,4500
0.5284857519512637,0.179024957425814,0.6314717444786889,0.484946068447982,-0.0667516485132624,36,6643,4500
0.5294477069276737,0.1929265910553576,0.6302365309404262,0.4890070176721692,-0.0667850448105959,37,6643,4500
0.5294477069276737,0.1929265910553576,0.6302365309404262,0.4890070176721692,-0.0667850448105959,38,6643,4500
0.5294477069276737,0.1929265910553576,0.6302365309404262,0.4890070176721692,-0.0667850448105959,39,6643,4500
0.5294477069276737,0.1929265910553576,0.6302365309404262,0.4890070176721692,-0.0667850448105959,40,6643,4500
0.5294477069276737,0.1929265910553576,0.6302365309404262,0.4890070176721692,-0.0667850448105959,41,6643,4500
0.5294477069276737,0.1929265910553576,0.6302365309404262,0.4890070176721692,-0.0667850448105959,42,6643,4500
0.5294477069276737,0.1929265910553576,0.6302365309404262,0.4890070176721692,-0.0667850448105959,43,6643,4500
0.5294477069276737,0.1929265910553576,0.6302365309404262,0.4890070176721692,-0.0667850448105959,44,6643,4500
0.5294477069276737,0.1929265910553576,0.6302365309404262,0.4890070176721692,-0.0667850448105959,45,6643,4500
0.5294477069276737,0.1929265910553576,0.6302365309404262,0.4890070176721692,-0.0667850448105959,46,6643,4500
0.5294477069276737,0.1929265910553576,0.6302365309404262,0.4890070176721692,-0.0667850448105959,47,6643,4500
0.5294477069276737,0.1929265910553576,0.6302365309404262,0.4890070176721692,-0.0667850448105959,48,6643,4500
0.5294477069276737,0.1929265910553576,0.6302365309404262,0.4890070176721692,-0.0667850448105959,49,6643,4500
0.5294477069276737,0.1929265910553576,0.6302365309404262,0.4890070176721692,-0.0667850448105959,50,6643,4500
0.5294477069276737,0.1929265910553576,0.6302365309404262,0.4890070176721692,-0.0667850448105959,51,6643,4500
0.5294477069276737,0.1929265910553576,0.6302365309404262,0.4890070176721692,-0.0667850448105959,52,6643,4500
0.5294477069276737,0.1929265910553576,0.6302365309404262,0.4890070176721692,-0.0667850448105959,53,6643,4500
0.5294477069276737,0.1929265910553576,0.6302365309404262,0.4890070176721692,-0.0667850448105959,54,6643,4500
0.5294477069276737,0.1929265910553576,0.6302365309404262,0.4890070176721692,-0.0667850448105959,55,6643,4500
0.5294477069276737,0.1929265910553576,0.6302365309404262,0.4890070176721692,-0.0667850448105959,56,6643,4500
0.5294477069276737,0.1929265910553576,0.6302365309404262,0.4890070176721692,-0.0667850448105959,57,6643,4500
0.5294477069276737,0.1929265910553576,0.6302365309404262,0.4890070176721692,-0.0667850448105959,58,6643,4500
0.5294477069276737,0.1929265910553576,0.6302365309404262,0.4890070176721692,-0.0667850448105959,59,6643,4500
0.5294477069276737,0.1929265910553576,0.6302365309404262,0.4890070176721692,-0.0667850448105959,60,6643,4500
0.5294477069276737,0.1929265910553576,0.6302365309404262,0.4890070176721692,-0.0667850448105959,61,6643,4500
0.5294477069276737,0.1929265910553576,0.6302365309404262,0.4890070176721692,-0.0667850448105959,62,6643,4500
0.5381433132192782,0.0731900723909659,0.9628645784432278,0.5604964436423991,-0.0186974746408801,0,6643,5214
0.5381433132192782,0.0731900723909659,0.9628645784432278,0.5604964436423991,-0.0186974746408801,1,6643,5214
0.5381433132192782,0.0731900723909659,0.9628645784432278,0.5604964436423991,-0.0186974746408801,2,6643,5214
0.8029688031388972,0.2045165245336232,0.911145169001046,0.4394326601704705,-0.034465574259162,3,6643,5214
0.627847777147678,0.0882119513898001,0.9242987727844796,0.4419294114540377,-0.0391589094421538,4,6643,5214
0.6293930549546218,0.1635378559989401,0.9210798730378132,0.4771694766007426,-0.0394962715373713,5,6643,5214
0.5239771822326484,0.2105729200981688,0.953126410694073,0.4190866231604402,-0.0507001078435181,6,6643,5214
0.5239771822326484,0.2105729200981688,0.953126410694073,0.4190866231604402,-0.0507001078435181,7,6643,5214
0.5236840663794833,0.1939677515205699,0.9845494166618978,0.4447477500419198,-0.0530994134739996,8,6643,5214
0.5236840663794833,0.1939677515205699,0.9845494166618978,0.4447477500419198,-0.0530994134739996,9,6643,5214
0.5236840663794833,0.1939677515205699,0.9845494166618978,0.4447477500419198,-0.0530994134739996,10,6643,5214
0.5236840663794833,0.1939677515205699,0.9845494166618978,0.4447477500419198,-0.0530994134739996,11,6643,5214
0.5236840663794833,0.1939677515205699,0.9845494166618978,0.4447477500419198,-0.0530994134739996,12,6643,5214
0.5219930005778577,0.1939677515205699,0.9845494166618978,0.4467834185107072,-0.0532821085161164,13,6643,5214
0.5240472648526584,0.1803249622115861,0.9069991619641996,0.4827211180414851,-0.0550528387902341,14,6643,5214
0.52166826767299,0.1992916497426654,0.9363982544770492,0.4827211180414851,-0.0550838303233721,15,6643,5214
0.52166826767299,0.1992916497426654,0.9363982544770492,0.4827211180414851,-0.0550838303233721,16,6643,5214
0.5275397173697599,0.1747423843104086,0.9975437185656209,0.48270921910831,-0.0561130511994285,17,6643,5214
0.5275397173697599,0.1747423843104086,0.9975437185656209,0.48270921910831,-0.0561130511994285,18,6643,5214
0.5275397173697599,0.1747423843104086,0.9975437185656209,0.48270921910831,-0.0561130511994285,19,6643,5214
0.5275397173697599,0.1747423843104086,0.9975437185656209,0.48270921910831,-0.0561130511994285,20,6643,5214
0.5306584087810913,0.197968705362315,0.9504976709243864,0.4815647671501099,-0.056146447496762,21,6643,5214
0.5306584087810913,0.197968705362315,0.9504976709243864,0.4815647671501099,-0.056146447496762,22,6643,5214
0.5306584087810913,0.197968705362315,0.9504976709243864,0.4815647671501099,-0.056146447496762,23,6643,5214
0.5306584087810913,0.197968705362315,0.9504976709243864,0.4815647671501099,-0.056146447496762,24,6643,5214
0.5306584087810913,0.197968705362315,0.9504976709243864,0.4815647671501099,-0.056146447496762,25,6643,5214
0.5306584087810913,0.197968705362315,0.9504976709243864,0.4815647671501099,-0.056146447496762,26,6643,5214
0.5306584087810913,0.197968705362315,0.9504976709243864,0.4815647671501099,-0.056146447496762,27,6643,5214
0.5306584087810913,0.197968705362315,0.9504976709243864,0.4815647671501099,-0.056146447496762,28,6643,5214
0.5306584087810913,0.197968705362315,0.9504976709243864,0.4815647671501099,-0.056146447496762,29,6643,5214
0.5306584087810913,0.197968705362315,0.9504976709243864,0.4815647671501099,-0.056146447496762,30,6643,5214
0.5306584087810913,0.197968705362315,0.9504976709243864,0.4815647671501099,-0.056146447496762,31,6643,5214
0.5306584087810913,0.197968705362315,0.9504976709243864,0.4815647671501099,-0.056146447496762,32,6643,5214
0.5306584087810913,0.197968705362315,0.9504976709243864,0.4815647671501099,-0.056146447496762,33,6643,5214
0.5306584087810913,0.197968705362315,0.9504976709243864,0.4815647671501099,-0.056146447496762,34,6643,5214
0.5306584087810913,0.197968705362315,0.9504976709243864,0.4815647671501099,-0.056146447496762,35,6643,5214
0.5306584087810913,0.197968705362315,0.9504976709243864,0.4815647671501099,-0.056146447496762,36,6643,5214
0.5306584087810913,0.197968705362315,0.9504976709243864,0.4815647671501099,-0.056146447496762,37,6643,5214
0.5306584087810913,0.197968705362315,0.9504976709243864,0.4815647671501099,-0.056146447496762,38,6643,5214
0.5306584087810913,0.197968705362315,0.9504976709243864,0.4815647671501099,-0.056146447496762,39,6643,5214
0.5306584087810913,0.197968705362315,0.9504976709243864,0.4815647671501099,-0.056146447496762,40,6643,5214
0.5306584087810913,0.197968705362315,0.9504976709243864,0.4815647671501099,-0.056146447496762,41,6643,5214
0.5306584087810913,0.197968705362315,0.9504976709243864,0.4815647671501099,-0.056146447496762,42,6643,5214
0.5306584087810913,0.197968705362315,0.9504976709243864,0.4815647671501099,-0.056146447496762,43,6643,5214
0.5306584087810913,0.197968705362315,0.9504976709243864,0.4815647671501099,-0.056146447496762,44,6643,5214
0.5306584087810913,0.197968705362315,0.9504976709243864,0.4815647671501099,-0.056146447496762,45,6643,5214
0.5306584087810913,0.197968705362315,0.9504976709243864,0.4815647671501099,-0.056146447496762,46,6643,5214
0.8050548331450097,0.2012032007246644,0.7533654181283584,0.4394326601704705,0.0367825606509933,0,6643,5929
0.6393313800665879,0.6123756719431885,0.9553833827668214,0.4419294114540377,0.0029899418976588,1,6643,5929
0.6393313800665879,0.6123756719431885,0.9553833827668214,0.4419294114540377,0.0029899418976588,2,6643,5929
0.6651455799264119,0.0281247700429634,0.930570688753461,0.4617606836701814,-0.0043140836597365,3,6643,5929
0.5452757048735417,0.0731900723909659,0.9554888335914123,0.4315001089308252,-0.0103477752145189,4,6643,5929
0.5285892632600216,0.2155161831372395,0.96454878185014,0.4409943755270106,-0.0140415675767119,5,6643,5929
0.5285892632600216,0.2155161831372395,0.96454878185014,0.4409943755270106,-0.0140415675767119,6,6643,5929
0.7839120024428331,0.2155161831372395,0.9746368054254596,0.4163373381510336,-0.0174772504358664,7,6643,5929
0.7398284296792655,0.2165856640263081,0.9623309920451754,0.379352863012353,-0.0178710854604592,8,6643,5929
0.7398284296792655,0.2165856640263081,0.9623309920451754,0.379352863012353,-0.0178710854604592,9,6643,5929
0.7839120024428331,0.1986664033927245,0.9252990451597474,0.4163518523783593,-0.0193410378588504,10,6643,5929
0.7839120024428331,0.1986664033927245,0.9252990451597474,0.4163518523783593,-0.0193410378588504,11,6643,5929
0.7383939664814586,0.1998191932733089,0.9623309920451754,0.3794483663263952,-0.0196351127264507,12,6643,5929
0.7383939664814586,0.1998191932733089,0.9623309920451754,0.3794483663263952,-0.0196351127264507,13,6643,5929
0.5266865445602391,0.2156021305542386,0.9631694396642968,0.379352863012353,-0.0219875578048782,14,6643,5929
0.5314542539143017,0.1755233520018795,0.9813180485909996,0.3798409280657469,-0.0237513988301003,15,6643,5929
0.5314542539143017,0.1755233520018795,0.9813180485909996,0.3798409280657469,-0.0237513988301003,16,6643,5929
0.5267355686491282,0.1916376458479524,0.991818720878995,0.4162814257151328,-0.0248490342588145,17,6643,5929
0.5267355686491282,0.1916376458479524,0.991818720878995,0.4162814257151328,-0.0248490342588145,18,6643,5929
0.5267355686491282,0.1916376458479524,0.991818720878995,0.4162814257151328,-0.0248490342588145,19,6643,5929
0.5267355686491282,0.1916376458479524,0.991818720878995,0.4162814257151328,-0.0248490342588145,20,6643,5929
0.5303633347066719,0.1776911545783248,0.9937626618290626,0.416286933843578,-0.0249927423335914,21,6643,5929
0.5303633347066719,0.1776911545783248,0.9937626618290626,0.416286933843578,-0.0249927423335914,22,6643,5929
0.5303633347066719,0.1776911545783248,0.9937626618290626,0.416286933843578,-0.0249927423335914,23,6643,5929
0.5282277535619833,0.1908307522459931,0.8729562800150154,0.4162953064357134,-0.0250976549394472,24,6643,5929
0.5282277535619833,0.1908307522459931,0.8729562800150154,0.4162953064357134,-0.0250976549394472,25,6643,5929
0.5282277535619833,0.1908307522459931,0.8729562800150154,0.4162953064357134,-0.0250976549394472,26,6643,5929
0.5282277535619833,0.1908307522459931,0.8729562800150154,0.4162953064357134,-0.0250976549394472,27,6643,5929
0.5282277535619833,0.1908307522459931,0.8729562800150154,0.4162953064357134,-0.0250976549394472,28,6643,5929
0.5282277535619833,0.1908307522459931,0.8729562800150154,0.4162953064357134,-0.0250976549394472,29,6643,5929
0.5282277535619833,0.1908307522459931,0.8729562800150154,0.4162953064357134,-0.0250976549394472,30,6643,5929
0.5282277535619833,0.1908307522459931,0.8729562800150154,0.4162953064357134,-0.0250976549394472,31,6643,5929
0.5282277535619833,0.1908307522459931,0.8729562800150154,0.4162953064357134,-0.0250976549394472,32,6643,5929
0.5302492044321785,0.1955368082176326,0.8729562800150154,0.4162957934420022,-0.0252413630142241,33,6643,5929
0.5302492044321785,0.1955368082176326,0.8729562800150154,0.4162957934420022,-0.0252413630142241,34,6643,5929
0.5302492044321785,0.1955368082176326,0.8729562800150154,0.4162957934420022,-0.0252413630142241,35,6643,5929
0.5302492044321785,0.1955368082176326,0.8729562800150154,0.4162957934420022,-0.0252413630142241,36,6643,5929
0.5302492044321785,0.1955368082176326,0.8729562800150154,0.4162957934420022,-0.0252413630142241,37,6643,5929
0.5302492044321785,0.1955368082176326,0.8729562800150154,0.4162957934420022,-0.0252413630142241,38,6643,5929
0.5302492044321785,0.1955368082176326,0.8729562800150154,0.4162957934420022,-0.0252413630142241,39,6643,5929
0.5302492044321785,0.1955368082176326,0.8729562800150154,0.4162957934420022,-0.0252413630142241,40,6643,5929
0.5302492044321785,0.1955368082176326,0.8729562800150154,0.4162957934420022,-0.0252413630142241,41,6643,5929
0.5302492044321785,0.1955368082176326,0.8729562800150154,0.4162957934420022,-0.0252413630142241,42,6643,5929
0.5302492044321785,0.1955368082176326,0.8729562800150154,0.4162957934420022,-0.0252413630142241,43,6643,5929
0.5302492044321785,0.1955368082176326,0.8729562800150154,0.4162957934420022,-0.0252413630142241,44,6643,5929
0.5302492044321785,0.1955368082176326,0.8729562800150154,0.4162957934420022,-0.0252413630142241,45,6643,5929
0.5302492044321785,0.1955368082176326,0.8729562800150154,0.4162957934420022,-0.0252413630142241,46,6643,5929
0.5302492044321785,0.1955368082176326,0.8729562800150154,0.4162957934420022,-0.0252413630142241,47,6643,5929
0.5302492044321785,0.1955368082176326,0.8729562800150154,0.4162957934420022,-0.0252413630142241,48,6643,5929
0.5302492044321785,0.1955368082176326,0.8729562800150154,0.4162957934420022,-0.0252413630142241,49,6643,5929
0.5302492044321785,0.1955368082176326,0.8729562800150154,0.4162957934420022,-0.0252413630142241,50,6643,5929
0.5302492044321785,0.1955368082176326,0.8729562800150154,0.4162957934420022,-0.0252413630142241,51,6643,5929
0.5302492044321785,0.1955368082176326,0.8729562800150154,0.4162957934420022,-0.0252413630142241,52,6643,5929
0.5302492044321785,0.1955368082176326,0.8729562800150154,0.4162957934420022,-0.0252413630142241,53,6643,5929
0.5302492044321785,0.1955368082176326,0.8729562800150154,0.4162957934420022,-0.0252413630142241,54,6643,5929
0.5302492044321785,0.1955368082176326,0.8729562800150154,0.4162957934420022,-0.0252413630142241,55,6643,5929
0.5302492044321785,0.1955368082176326,0.8729562800150154,0.4162957934420022,-0.0252413630142241,56,6643,5929
0.5302492044321785,0.1955368082176326,0.8729562800150154,0.4162957934420022,-0.0252413630142241,57,6643,5929
0.5302492044321785,0.1955368082176326,0.8729562800150154,0.4162957934420022,-0.0252413630142241,58,6643,5929
0.6393313800665879,0.9409341876619016,0.963181716739735,0.4419294114540377,0.0405145577936323,0,6643,6643
0.6393313800665879,0.6123756719431885,0.9553833827668214,0.4419294114540377,0.0062665020085611,1,6643,6643
0.6393313800665879,0.6123756719431885,0.9553833827668214,0.4419294114540377,0.0062665020085611,2,6643,6643
0.5381433132192782,0.0731900723909659,0.9678798181006532,0.2993577456142206,0.0036830395070259,3,6643,6643
0.5381433132192782,0.0731900723909659,0.9678798181006532,0.2993577456142206,0.0036830395070259,4,6643,6643
0.918185100959421,0.1977982605837409,0.9137971657785948,0.352673877022255,-0.0092206238944552,5,6643,6643
0.5283948320899451,0.0001293490450884,0.976634712119548,0.3692534442884719,-0.0106676946165103,6,6643,6643
0.5310775578900478,0.2089719363505492,0.9741923418908406,0.3610039077014698,-0.0134694350435086,7,6643,6643
0.9774923994353276,0.1975956244911886,0.916903699753726,0.3889806993395963,-0.0189501287603086,8,6643,6643
0.9774923994353276,0.1975956244911886,0.916903699753726,0.3889806993395963,-0.0189501287603086,9,6643,6643
0.9774923994353276,0.1975956244911886,0.916903699753726,0.3889806993395963,-0.0189501287603086,10,6643,6643
0.7348827349797722,0.1892469469632837,0.9137971657785948,0.3792199197323395,-0.0197840149313031,11,6643,6643
0.7348827349797722,0.1892469469632837,0.9137971657785948,0.3792199197323395,-0.0197840149313031,12,6643,6643
0.7248686574872351,0.1737093705829929,0.9949566921319296,0.3875365440512086,-0.0200059029206897,13,6643,6643
0.7248686574872351,0.1737093705829929,0.9949566921319296,0.3875365440512086,-0.0200059029206897,14,6643,6643
0.5327143042922675,0.2000811434517878,0.9070663607876568,0.3880719558387557,-0.0202345575002735,15,6643,6643
0.5327143042922675,0.2000811434517878,0.9070663607876568,0.3880719558387557,-0.0202345575002735,16,6643,6643
0.5310775578900478,0.174500291753275,0.9084252506400192,0.3873179834987473,-0.0234743269014661,17,6643,6643
0.5310775578900478,0.174500291753275,0.9084252506400192,0.3873179834987473,-0.0234743269014661,18,6643,6643
0.5310775578900478,0.174500291753275,0.9084252506400192,0.3873179834987473,-0.0234743269014661,19,6643,6643
0.5310775578900478,0.174500291753275,0.9084252506400192,0.3873179834987473,-0.0234743269014661,20,6643,6643
0.5310775578900478,0.174500291753275,0.9084252506400192,0.3873179834987473,-0.0234743269014661,21,6643,6643
0.5310775578900478,0.174500291753275,0.9084252506400192,0.3873179834987473,-0.0234743269014661,22,6643,6643
0.5310775578900478,0.174500291753275,0.9084252506400192,0.3873179834987473,-0.0234743269014661,23,6643,6643
0.5310775578900478,0.174500291753275,0.9084252506400192,0.3873179834987473,-0.0234743269014661,24,6643,6643
0.5310775578900478,0.174500291753275,0.9084252506400192,0.3873179834987473,-0.0234743269014661,25,6643,6643
0.5310775578900478,0.174500291753275,0.9084252506400192,0.3873179834987473,-0.0234743269014661,26,6643,6643
0.5310775578900478,0.174500291753275,0.9084252506400192,0.3873179834987473,-0.0234743269014661,27,6643,6643
0.5310775578900478,0.174500291753275,0.9084252506400192,0.3873179834987473,-0.0234743269014661,28,6643,6643
0.5310775578900478,0.174500291753275,0.9084252506400192,0.3873179834987473,-0.0234743269014661,29,6643,6643
0.5287879716848621,0.1886929064025504,0.8734485110091076,0.3794039006593795,-0.0235508891988897,30,6643,6643
0.5287879716848621,0.1886929064025504,0.8734485110091076,0.3794039006593795,-0.0235508891988897,31,6643,6643
0.5295171619520725,0.1916506585044426,0.8734485110091076,0.3794039006593795,-0.0237229475820988,32,6643,6643
0.5295171619520725,0.1916506585044426,0.8734485110091076,0.3794039006593795,-0.0237229475820988,33,6643,6643
0.5295171619520725,0.1916506585044426,0.8734485110091076,0.3794039006593795,-0.0237229475820988,34,6643,6643
0.5295171619520725,0.1916506585044426,0.8734485110091076,0.3794039006593795,-0.0237229475820988,35,6643,6643
0.5295171619520725,0.1916506585044426,0.8734485110091076,0.3794039006593795,-0.0237229475820988,36,6643,6643
0.5295171619520725,0.1916506585044426,0.8734485110091076,0.3794039006593795,-0.0237229475820988,37,6643,6643
0.5295171619520725,0.1916506585044426,0.8734485110091076,0.3794039006593795,-0.0237229475820988,38,6643,6643
0.5295171619520725,0.1916506585044426,0.8734485110091076,0.3794039006593795,-0.0237229475820988,39,6643,6643
0.5295171619520725,0.1916506585044426,0.8734485110091076,0.3794039006593795,-0.0237229475820988,40,6643,6643
0.5295171619520725,0.1916506585044426,0.8734485110091076,0.3794039006593795,-0.0237229475820988,41,6643,6643
0.5295171619520725,0.1916506585044426,0.8734485110091076,0.3794039006593795,-0.0237229475820988,42,6643,6643
0.5295171619520725,0.1916506585044426,0.8734485110091076,0.3794039006593795,-0.0237229475820988,43,6643,6643
0.5295171619520725,0.1916506585044426,0.8734485110091076,0.3794039006593795,-0.0237229475820988,44,6643,6643
0.5295171619520725,0.1916506585044426,0.8734485110091076,0.3794039006593795,-0.0237229475820988,45,6643,6643
0.5295171619520725,0.1916506585044426,0.8734485110091076,0.3794039006593795,-0.0237229475820988,46,6643,6643
0.5295171619520725,0.1916506585044426,0.8734485110091076,0.3794039006593795,-0.0237229475820988,47,6643,6643
0.5295171619520725,0.1916506585044426,0.8734485110091076,0.3794039006593795,-0.0237229475820988,48,6643,6643
0.5295171619520725,0.1916506585044426,0.8734485110091076,0.3794039006593795,-0.0237229475820988,49,6643,6643
0.5295171619520725,0.1916506585044426,0.8734485110091076,0.3794039006593795,-0.0237229475820988,50,6643,6643
0.5295171619520725,0.1916506585044426,0.8734485110091076,0.3794039006593795,-0.0237229475820988,51,6643,6643
0.5295171619520725,0.1916506585044426,0.8734485110091076,0.3794039006593795,-0.0237229475820988,52,6643,6643
0.5295171619520725,0.1916506585044426,0.8734485110091076,0.3794039006593795,-0.0237229475820988,53,6643,6643
0.5295171619520725,0.1916506585044426,0.8734485110091076,0.3794039006593795,-0.0237229475820988,54,6643,6643
0.5295171619520725,0.1916506585044426,0.8734485110091076,0.3794039006593795,-0.0237229475820988,55,6643,6643
0.8050548331450097,0.2012032007246644,0.7533654181283584,0.4394326601704705,0.0543827685045612,0,6643,7357
0.6393313800665879,0.6123756719431885,0.9553833827668214,0.4419294114540377,0.0298711805662644,1,6643,7357
0.7478509996864454,0.6123756719431885,0.9487056130151852,0.4419294114540377,0.0261060223420035,2,6643,7357
0.6811512226483274,0.0824813464670999,0.9741663393082168,0.3300370069865772,0.0146104560559725,3,6643,7357
0.6811512226483274,0.0824813464670999,0.9741663393082168,0.3300370069865772,0.0146104560559725,4,6643,7357
0.7478509996864454,0.1799977077039817,0.9487056130151852,0.4419294114540377,0.0039299579073761,5,6643,7357
0.8370513562676862,0.1973153661896016,0.9640757354370878,0.3880708533770414,-0.0089622814880227,6,6643,7357
0.8370513562676862,0.1973153661896016,0.9640757354370878,0.3880708533770414,-0.0089622814880227,7,6643,7357
0.9635468535645672,0.2072212240054359,0.9640757354370878,0.3880708533770414,-0.0119996665545881,8,6643,7357
0.9635468535645672,0.2072212240054359,0.9640757354370878,0.3880708533770414,-0.0119996665545881,9,6643,7357
0.9635468535645672,0.1835850669289658,0.9640757354370878,0.3880708533770414,-0.0140188412895525,10,6643,7357
0.9635468535645672,0.1835850669289658,0.9640757354370878,0.3880708533770414,-0.0140188412895525,11,6643,7357
0.9635468535645672,0.1835850669289658,0.9640757354370878,0.3880708533770414,-0.0140188412895525,12,6643,7357
0.9635468535645672,0.1835850669289658,0.9640757354370878,0.3880708533770414,-0.0140188412895525,13,6643,7357
0.9635468535645672,0.1835850669289658,0.9640757354370878,0.3880708533770414,-0.0140188412895525,14,6643,7357
0.9635468535645672,0.1835850669289658,0.9640757354370878,0.3880708533770414,-0.0140188412895525,15,6643,7357
0.9635468535645672,0.1835850669289658,0.9640757354370878,0.3880708533770414,-0.0140188412895525,16,6643,7357
0.9635468535645672,0.1835850669289658,0.9640757354370878,0.3880708533770414,-0.0140188412895525,17,6643,7357
0.9635468535645672,0.1835850669289658,0.9640757354370878,0.3880708533770414,-0.0140188412895525,18,6643,7357
0.9635468535645672,0.1835850669289658,0.9640757354370878,0.3880708533770414,-0.0140188412895525,19,6643,7357
0.9635468535645672,0.1835850669289658,0.9640757354370878,0.3880708533770414,-0.0140188412895525,20,6643,7357
0.9635468535645672,0.1835850669289658,0.9640757354370878,0.3880708533770414,-0.0140188412895525,21,6643,7357
0.9635468535645672,0.1835850669289658,0.9640757354370878,0.3880708533770414,-0.0140188412895525,22,6643,7357
0.9187725859013204,0.1985312216720825,0.8735604247304366,0.3880867077540824,-0.0142674619701852,23,6643,7357
0.9187725859013204,0.1985312216720825,0.8735604247304366,0.3880867077540824,-0.0142674619701852,24,6643,7357
0.9187725859013204,0.1985312216720825,0.8735604247304366,0.3880867077540824,-0.0142674619701852,25,6643,7357
0.9187725859013204,0.1985312216720825,0.8735604247304366,0.3880867077540824,-0.0142674619701852,26,6643,7357
0.9187725859013204,0.1985312216720825,0.8735604247304366,0.3880867077540824,-0.0142674619701852,27,6643,7357
0.9187725859013204,0.1985312216720825,0.8735604247304366,0.3880867077540824,-0.0142674619701852,28,6643,7357
0.9187725859013204,0.1985312216720825,0.8735604247304366,0.3880867077540824,-0.0142674619701852,29,6643,7357
0.9187725859013204,0.1985312216720825,0.8735604247304366,0.3880867077540824,-0.0142674619701852,30,6643,7357
0.9187725859013204,0.1985312216720825,0.8735604247304366,0.3880867077540824,-0.0142674619701852,31,6643,7357
0.9187725859013204,0.1985312216720825,0.8735604247304366,0.3880867077540824,-0.0142674619701852,32,6643,7357
0.9187725859013204,0.1985312216720825,0.8735604247304366,0.3880867077540824,-0.0142674619701852,33,6643,7357
0.9187725859013204,0.1985312216720825,0.8735604247304366,0.3880867077540824,-0.0142674619701852,34,6643,7357
0.9187725859013204,0.1985312216720825,0.8735604247304366,0.3880867077540824,-0.0142674619701852,35,6643,7357
0.9187725859013204,0.1985312216720825,0.8735604247304366,0.3880867077540824,-0.0142674619701852,36,6643,7357
0.9187725859013204,0.1985312216720825,0.8735604247304366,0.3880867077540824,-0.0142674619701852,37,6643,7357
0.9187725859013204,0.1985312216720825,0.8735604247304366,0.3880867077540824,-0.0142674619701852,38,6643,7357
0.9187725859013204,0.1985312216720825,0.8735604247304366,0.3880867077540824,-0.0142674619701852,39,6643,7357
0.9187725859013204,0.1985312216720825,0.8735604247304366,0.3880867077540824,-0.0142674619701852,40,6643,7357
0.9187725859013204,0.1985312216720825,0.8735604247304366,0.3880867077540824,-0.0142674619701852,41,6643,7357
0.9187725859013204,0.1985312216720825,0.8735604247304366,0.3880867077540824,-0.0142674619701852,42,6643,7357
0.9187725859013204,0.1985312216720825,0.8735604247304366,0.3880867077540824,-0.0142674619701852,43,6643,7357
0.9187725859013204,0.1985312216720825,0.8735604247304366,0.3880867077540824,-0.0142674619701852,44,6643,7357
0.9187725859013204,0.1985312216720825,0.8735604247304366,0.3880867077540824,-0.0142674619701852,45,6643,7357
0.9187725859013204,0.1985312216720825,0.8735604247304366,0.3880867077540824,-0.0142674619701852,46,6643,7357
0.9187725859013204,0.1985312216720825,0.8735604247304366,0.3880867077540824,-0.0142674619701852,47,6643,7357
0.9187725859013204,0.1985312216720825,0.8735604247304366,0.3880867077540824,-0.0142674619701852,48,6643,7357
0.8050548331450097,0.2012032007246644,0.7533654181283584,0.4394326601704705,0.0541106880796046,0,6643,8072
0.6393313800665879,0.6123756719431885,0.9553833827668214,0.4419294114540377,0.0295991001413078,1,6643,8072
0.6393313800665879,0.6123756719431885,0.9553833827668214,0.4419294114540377,0.0295991001413078,2,6643,8072
0.6302098280577362,0.1288665811967115,0.9669749487136264,0.4866638205451163,0.0133635265466905,3,6643,8072
0.6030929720146861,0.1977019639883706,0.943953372109751,0.4790335153981873,0.0087533516207996,4,6643,8072
0.720030547003465,0.2083586091153856,0.9553597163703574,0.4319995269478074,0.003693617251647,5,6643,8072
0.720030547003465,0.2083586091153856,0.9553597163703574,0.4319995269478074,0.003693617251647,6,6643,8072
0.6294474378596072,0.1288665811967115,0.9665300725486616,0.3885056439648778,-0.0017441993625625,7,6643,8072
0.7722117106933898,0.1299973323303294,0.8819278952231044,0.3812058270106275,-0.0048223105676587,8,6643,8072
0.7722117106933898,0.1299973323303294,0.8819278952231044,0.3812058270106275,-0.0048223105676587,9,6643,8072
0.7504209404477711,0.1288665811967115,0.9662202116875204,0.3885056439648778,-0.00520344322517,10,6643,8072
0.7016014750277527,0.1801723356886641,0.9202401366879668,0.3883234703897998,-0.0096907688150978,11,6643,8072
0.7016014750277527,0.1801723356886641,0.9202401366879668,0.3883234703897998,-0.0096907688150978,12,6643,8072
0.9113401589960364,0.1020110940456218,0.9433221497959466,0.3813781222532157,-0.0098364400034624,13,6643,8072
0.9113401589960364,0.1020110940456218,0.9433221497959466,0.3813781222532157,-0.0098364400034624,14,6643,8072
0.9113401589960364,0.1020110940456218,0.9433221497959466,0.3813781222532157,-0.0098364400034624,15,6643,8072
0.7562703113326347,0.1785861270055053,0.8731745435984747,0.3871441440930952,-0.0099065456168494,16,6643,8072
0.9961243600238656,0.1801723356886641,0.9216554066951976,0.3888574765186632,-0.0142909217145091,17,6643,8072
0.9961243600238656,0.1801723356886641,0.9216554066951976,0.3888574765186632,-0.0142909217145091,18,6643,8072
0.9961243600238656,0.1801723356886641,0.9216554066951976,0.3888574765186632,-0.0142909217145091,19,6643,8072
0.9961243600238656,0.1801723356886641,0.9216554066951976,0.3888574765186632,-0.0142909217145091,20,6643,8072
0.9961243600238656,0.1801723356886641,0.9216554066951976,0.3888574765186632,-0.0142909217145091,21,6643,8072
0.9961243600238656,0.1801723356886641,0.9216554066951976,0.3888574765186632,-0.0142909217145091,22,6643,8072
0.8987579234988701,0.186808289073998,0.8693541855337996,0.3881970314322909,-0.0143098205827078,23,6643,8072
0.89834327829504,0.1770631440928776,0.8741206937071777,0.3882095638434601,-0.0145395423951418,24,6643,8072
0.89834327829504,0.1770631440928776,0.8741206937071777,0.3882095638434601,-0.0145395423951418,25,6643,8072
0.89834327829504,0.1770631440928776,0.8741206937071777,0.3882095638434601,-0.0145395423951418,26,6643,8072
0.89834327829504,0.1770631440928776,0.8741206937071777,0.3882095638434601,-0.0145395423951418,27,6643,8072
0.89834327829504,0.1770631440928776,0.8741206937071777,0.3882095638434601,-0.0145395423951418,28,6643,8072
0.89834327829504,0.1770631440928776,0.8741206937071777,0.3882095638434601,-0.0145395423951418,29,6643,8072
0.89834327829504,0.1770631440928776,0.8741206937071777,0.3882095638434601,-0.0145395423951418,30,6643,8072
0.89834327829504,0.1770631440928776,0.8741206937071777,0.3882095638434601,-0.0145395423951418,31,6643,8072
0.89834327829504,0.1770631440928776,0.8741206937071777,0.3882095638434601,-0.0145395423951418,32,6643,8072
0.89834327829504,0.1770631440928776,0.8741206937071777,0.3882095638434601,-0.0145395423951418,33,6643,8072
0.89834327829504,0.1770631440928776,0.8741206937071777,0.3882095638434601,-0.0145395423951418,34,6643,8072
0.89834327829504,0.1770631440928776,0.8741206937071777,0.3882095638434601,-0.0145395423951418,35,6643,8072
0.89834327829504,0.1770631440928776,0.8741206937071777,0.3882095638434601,-0.0145395423951418,36,6643,8072
0.89834327829504,0.1770631440928776,0.8741206937071777,0.3882095638434601,-0.0145395423951418,37,6643,8072
0.89834327829504,0.1770631440928776,0.8741206937071777,0.3882095638434601,-0.0145395423951418,38,6643,8072
0.89834327829504,0.1770631440928776,0.8741206937071777,0.3882095638434601,-0.0145395423951418,39,6643,8072
0.89834327829504,0.1770631440928776,0.8741206937071777,0.3882095638434601,-0.0145395423951418,40,6643,8072
0.89834327829504,0.1770631440928776,0.8741206937071777,0.3882095638434601,-0.0145395423951418,41,6643,8072
0.89834327829504,0.1770631440928776,0.8741206937071777,0.3882095638434601,-0.0145395423951418,42,6643,8072
0.89834327829504,0.1770631440928776,0.8741206937071777,0.3882095638434601,-0.0145395423951418,43,6643,8072
0.89834327829504,0.1770631440928776,0.8741206937071777,0.3882095638434601,-0.0145395423951418,44,6643,8072
0.89834327829504,0.1770631440928776,0.8741206937071777,0.3882095638434601,-0.0145395423951418,45,6643,8072
0.89834327829504,0.1770631440928776,0.8741206937071777,0.3882095638434601,-0.0145395423951418,46,6643,8072
0.89834327829504,0.1770631440928776,0.8741206937071777,0.3882095638434601,-0.0145395423951418,47,6643,8072
0.89834327829504,0.1770631440928776,0.8741206937071777,0.3882095638434601,-0.0145395423951418,48,6643,8072
0.5381433132192782,0.0731900723909659,0.9628645784432278,0.5604964436423991,-0.0323592021565308,0,7357,3072
0.6393313800665879,0.6123756719431885,0.9553833827668214,0.4419294114540377,-0.0374037431218617,1,7357,3072
0.5032601398891928,0.4363223461645615,0.3097484068501525,0.5614380067084055,-0.0426544700557049,2,7357,3072
0.483444660360329,0.5936462408334395,0.2633718046797979,0.494005755328642,-0.0451477031389636,3,7357,3072
0.483444660360329,0.5936462408334395,0.2633718046797979,0.494005755328642,-0.0451477031389636,4,7357,3072
0.5264298845539988,0.5800659087931204,0.6573783510533208,0.4988316107842011,-0.0467632551820798,5,7357,3072
0.6043930369498642,0.4727264240233143,0.9616982577571768,0.4982622438672943,-0.0512102508518875,6,7357,3072
0.5413558970318629,0.4440585619405111,0.6127062783628348,0.5145914360247061,-0.0570921879670993,7,7357,3072
0.5188560576041087,0.5855713229718403,0.3032261803192498,0.4930804636779506,-0.0603305075195849,8,7357,3072
0.5188560576041087,0.5855713229718403,0.3032261803192498,0.4930804636779506,-0.0603305075195849,9,7357,3072
0.5188560576041087,0.5855713229718403,0.3032261803192498,0.4930804636779506,-0.0603305075195849,10,7357,3072
0.5225325911744397,0.443054961621797,0.588288483635127,0.4125695150669191,-0.0645451920347541,11,7357,3072
0.5225325911744397,0.443054961621797,0.588288483635127,0.4125695150669191,-0.0645451920347541,12,7357,3072
0.5225325911744397,0.443054961621797,0.588288483635127,0.4125695150669191,-0.0645451920347541,13,7357,3072
0.5218504457315727,0.4474383188320838,0.6016761966498084,0.5755072392902139,-0.0658995765119955,14,7357,3072
0.5185857016241444,0.4440585619405111,0.5977336089313352,0.5145914360247061,-0.0677424397639159,15,7357,3072
0.5224042538243358,0.4390648820914696,0.6116919113879202,0.5122231157503592,-0.0688031628227185,16,7357,3072
0.5224042538243358,0.4390648820914696,0.6116919113879202,0.5122231157503592,-0.0688031628227185,17,7357,3072
0.5224042538243358,0.4390648820914696,0.6116919113879202,0.5122231157503592,-0.0688031628227185,18,7357,3072
0.5212441718790435,0.4455465708502117,0.5949487162463422,0.5039828544842739,-0.06947436430029,19,7357,3072
0.522555563436325,0.4319412289632807,0.6280306321492857,0.4937919878687796,-0.0701762767933026,20,7357,3072
0.5218504457315727,0.4527618970356894,0.6142855962253375,0.4952218425045285,-0.070353807510689,21,7357,3072
0.5218504457315727,0.4527618970356894,0.6142855962253375,0.4952218425045285,-0.070353807510689,22,7357,3072
0.5218504457315727,0.4527618970356894,0.6142855962253375,0.4952218425045285,-0.070353807510689,23,7357,3072
0.5218504457315727,0.4527618970356894,0.6142855962253375,0.4952218425045285,-0.070353807510689,24,7357,3072
0.5218504457315727,0.4527618970356894,0.6142855962253375,0.4952218425045285,-0.070353807510689,25,7357,3072
0.5218504457315727,0.4527618970356894,0.6142855962253375,0.4952218425045285,-0.070353807510689,26,7357,3072
0.5218504457315727,0.4527618970356894,0.6142855962253375,0.4952218425045285,-0.070353807510689,27,7357,3072
0.5218504457315727,0.4527618970356894,0.6142855962253375,0.4952218425045285,-0.070353807510689,28,7357,3072
0.5218504457315727,0.4527618970356894,0.6142855962253375,0.4952218425045285,-0.070353807510689,29,7357,3072
0.5218504457315727,0.4527618970356894,0.6142855962253375,0.4952218425045285,-0.070353807510689,30,7357,3072
0.5218504457315727,0.4527618970356894,0.6142855962253375,0.4952218425045285,-0.070353807510689,31,7357,3072
0.5218504457315727,0.4527618970356894,0.6142855962253375,0.4952218425045285,-0.070353807510689,32,7357,3072
0.5218504457315727,0.4527618970356894,0.6142855962253375,0.4952218425045285,-0.070353807510689,33,7357,3072
0.5218504457315727,0.4527618970356894,0.6142855962253375,0.4952218425045285,-0.070353807510689,34,7357,3072
0.5218504457315727,0.4527618970356894,0.6142855962253375,0.4952218425045285,-0.070353807510689,35,7357,3072
0.5218504457315727,0.4527618970356894,0.6142855962253375,0.4952218425045285,-0.070353807510689,36,7357,3072
0.5218504457315727,0.4527618970356894,0.6142855962253375,0.4952218425045285,-0.070353807510689,37,7357,3072
0.5218504457315727,0.4527618970356894,0.6142855962253375,0.4952218425045285,-0.070353807510689,38,7357,3072
0.5218504457315727,0.4527618970356894,0.6142855962253375,0.4952218425045285,-0.070353807510689,39,7357,3072
0.5218504457315727,0.4527618970356894,0.6142855962253375,0.4952218425045285,-0.070353807510689,40,7357,3072
0.5218504457315727,0.4527618970356894,0.6142855962253375,0.4952218425045285,-0.070353807510689,41,7357,3072
0.5218504457315727,0.4527618970356894,0.6142855962253375,0.4952218425045285,-0.070353807510689,42,7357,3072
0.5218504457315727,0.4527618970356894,0.6142855962253375,0.4952218425045285,-0.070353807510689,43,7357,3072
0.5218504457315727,0.4527618970356894,0.6142855962253375,0.4952218425045285,-0.070353807510689,44,7357,3072
0.5218504457315727,0.4527618970356894,0.6142855962253375,0.4952218425045285,-0.070353807510689,45,7357,3072
0.4227169069454373,0.3809815392930875,0.8744412014424732,0.3533507781465587,-0.0112172914836519,0,7357,3786
0.6393313800665879,0.6123756719431885,0.9553833827668214,0.4419294114540377,-0.018267864858543,1,7357,3786
0.6393313800665879,0.6123756719431885,0.9553833827668214,0.4419294114540377,-0.018267864858543,2,7357,3786
0.5651334644292676,0.467621857987323,0.6337219623276454,0.6804891730826226,-0.0293264591479927,3,7357,3786
0.531474152305883,0.4509579277937283,0.9500815793485158,0.5604964436423991,-0.0329138337386545,4,7357,3786
0.531474152305883,0.4509579277937283,0.9500815793485158,0.5604964436423991,-0.0329138337386545,5,7357,3786
0.5204668525444194,0.40814570565466,0.6110462743161628,0.5678548831777349,-0.0389446069339071,6,7357,3786
0.521298820089219,0.3885805997962806,0.9362461719505796,0.4839639353232463,-0.0410058140509473,7,7357,3786
0.5177787936874325,0.4525093277310126,0.9724408973675338,0.4803418657619606,-0.0446799584007767,8,7357,3786
0.5177787936874325,0.4525093277310126,0.9724408973675338,0.4803418657619606,-0.0446799584007767,9,7357,3786
0.5177787936874325,0.4525093277310126,0.9724408973675338,0.4803418657619606,-0.0446799584007767,10,7357,3786
0.5214543610063168,0.4478670418827519,0.9351493107063482,0.4810754643956606,-0.0452369829460165,11,7357,3786
0.5214543610063168,0.4478670418827519,0.9351493107063482,0.4810754643956606,-0.0452369829460165,12,7357,3786
0.5214543610063168,0.4478670418827519,0.9351493107063482,0.4810754643956606,-0.0452369829460165,13,7357,3786
0.5214543610063168,0.4478670418827519,0.9351493107063482,0.4810754643956606,-0.0452369829460165,14,7357,3786
0.519632747745058,0.4519463465776258,0.9101204056574144,0.4830027264027581,-0.045687450351349,15,7357,3786
0.519632747745058,0.4519463465776258,0.9101204056574144,0.4830027264027581,-0.045687450351349,16,7357,3786
0.519632747745058,0.4519463465776258,0.9101204056574144,0.4830027264027581,-0.045687450351349,17,7357,3786
0.519632747745058,0.4519463465776258,0.9101204056574144,0.4830027264027581,-0.045687450351349,18,7357,3786
0.519632747745058,0.4519463465776258,0.9101204056574144,0.4830027264027581,-0.045687450351349,19,7357,3786
0.519632747745058,0.4519463465776258,0.9101204056574144,0.4830027264027581,-0.045687450351349,20,7357,3786
0.519632747745058,0.4519463465776258,0.9101204056574144,0.4830027264027581,-0.045687450351349,21,7357,3786
0.5225680591837184,0.4527708410704472,0.8723049008664783,0.4805517674576287,-0.0458774522704513,22,7357,3786
0.5216881525139505,0.3908314247894592,0.5884293373891136,0.5003119440077904,-0.0462660193529995,23,7357,3786
0.5216881525139505,0.3908314247894592,0.5884293373891136,0.5003119440077904,-0.0462660193529995,24,7357,3786
0.5216881525139505,0.3908314247894592,0.5884293373891136,0.5003119440077904,-0.0462660193529995,25,7357,3786
0.5216881525139505,0.3908314247894592,0.5884293373891136,0.5003119440077904,-0.0462660193529995,26,7357,3786
0.5216881525139505,0.3908314247894592,0.5884293373891136,0.5003119440077904,-0.0462660193529995,27,7357,3786
0.5216881525139505,0.3908314247894592,0.5884293373891136,0.5003119440077904,-0.0462660193529995,28,7357,3786
0.5216881525139505,0.3908314247894592,0.5884293373891136,0.5003119440077904,-0.0462660193529995,29,7357,3786
0.5216881525139505,0.3908314247894592,0.5884293373891136,0.5003119440077904,-0.0462660193529995,30,7357,3786
0.5216881525139505,0.3908314247894592,0.5884293373891136,0.5003119440077904,-0.0462660193529995,31,7357,3786
0.5216881525139505,0.3908314247894592,0.5884293373891136,0.5003119440077904,-0.0462660193529995,32,7357,3786
0.5216881525139505,0.3908314247894592,0.5884293373891136,0.5003119440077904,-0.0462660193529995,33,7357,3786
0.5216881525139505,0.3908314247894592,0.5884293373891136,0.5003119440077904,-0.0462660193529995,34,7357,3786
0.5216881525139505,0.3908314247894592,0.5884293373891136,0.5003119440077904,-0.0462660193529995,35,7357,3786
0.5216881525139505,0.3908314247894592,0.5884293373891136,0.5003119440077904,-0.0462660193529995,36,7357,3786
0.5216881525139505,0.3908314247894592,0.5884293373891136,0.5003119440077904,-0.0462660193529995,37,7357,3786
0.5216881525139505,0.3908314247894592,0.5884293373891136,0.5003119440077904,-0.0462660193529995,38,7357,3786
0.5216881525139505,0.3908314247894592,0.5884293373891136,0.5003119440077904,-0.0462660193529995,39,7357,3786
0.5216881525139505,0.3908314247894592,0.5884293373891136,0.5003119440077904,-0.0462660193529995,40,7357,3786
0.5216881525139505,0.3908314247894592,0.5884293373891136,0.5003119440077904,-0.0462660193529995,41,7357,3786
0.5216881525139505,0.3908314247894592,0.5884293373891136,0.5003119440077904,-0.0462660193529995,42,7357,3786
0.5216881525139505,0.3908314247894592,0.5884293373891136,0.5003119440077904,-0.0462660193529995,43,7357,3786
0.5216881525139505,0.3908314247894592,0.5884293373891136,0.5003119440077904,-0.0462660193529995,44,7357,3786
0.5216881525139505,0.3908314247894592,0.5884293373891136,0.5003119440077904,-0.0462660193529995,45,7357,3786
0.5216881525139505,0.3908314247894592,0.5884293373891136,0.5003119440077904,-0.0462660193529995,46,7357,3786
0.5216881525139505,0.3908314247894592,0.5884293373891136,0.5003119440077904,-0.0462660193529995,47,7357,3786
0.4227169069454373,0.3809815392930875,0.8744412014424732,0.3533507781465587,0.0721404212913975,0,7357,4500
0.4227169069454373,0.3809815392930875,0.8744412014424732,0.3533507781465587,0.0721404212913975,1,7357,4500
0.5238668615070589,0.5414252480972569,0.9553833827668214,0.4419294114540377,0.065310574052031,2,7357,4500
0.5238668615070589,0.5414252480972569,0.9553833827668214,0.4419294114540377,0.065310574052031,3,7357,4500
0.5218233720832081,0.0964082573006861,0.9661890227584582,0.4866638205451163,0.0512807679856512,4,7357,4500
0.5218233720832081,0.0964082573006861,0.9661890227584582,0.4866638205451163,0.0512807679856512,5,7357,4500
0.5218233720832081,0.0964082573006861,0.9661890227584582,0.4866638205451163,0.0512807679856512,6,7357,4500
0.5180899229480485,0.4526000294097143,0.9732792337512852,0.4471659589201702,0.0479150652513309,7,7357,4500
0.5202146919703359,0.3967653250139787,0.9661890227584582,0.489052147157745,0.0376770057159179,8,7357,4500
0.5202146919703359,0.3967653250139787,0.9661890227584582,0.489052147157745,0.0376770057159179,9,7357,4500
0.5202146919703359,0.3967653250139787,0.9661890227584582,0.489052147157745,0.0376770057159179,10,7357,4500
0.5202146919703359,0.3967653250139787,0.9661890227584582,0.489052147157745,0.0376770057159179,11,7357,4500
0.5202146919703359,0.3967653250139787,0.9661890227584582,0.489052147157745,0.0376770057159179,12,7357,4500
0.5218233720832081,0.3939814218598687,0.9661890227584582,0.4830332097333858,0.0353757139723828,13,7357,4500
0.5218233720832081,0.3939814218598687,0.9661890227584582,0.4830332097333858,0.0353757139723828,14,7357,4500
0.5218233720832081,0.3939814218598687,0.9661890227584582,0.4830332097333858,0.0353757139723828,15,7357,4500
0.5218233720832081,0.3939814218598687,0.9661890227584582,0.4830332097333858,0.0353757139723828,16,7357,4500
0.5218233720832081,0.3939814218598687,0.9661890227584582,0.4830332097333858,0.0353757139723828,17,7357,4500
0.5187002309846568,0.3908038532172212,0.9599976401452984,0.481744929267097,0.0352180143399402,18,7357,4500
0.5187002309846568,0.3908038532172212,0.9599976401452984,0.481744929267097,0.0352180143399402,19,7357,4500
0.5187002309846568,0.3908038532172212,0.9599976401452984,0.481744929267097,0.0352180143399402,20,7357,4500
0.5187002309846568,0.3908038532172212,0.9599976401452984,0.481744929267097,0.0352180143399402,21,7357,4500
0.5187002309846568,0.3908038532172212,0.9599976401452984,0.481744929267097,0.0352180143399402,22,7357,4500
0.5187002309846568,0.3908038532172212,0.9599976401452984,0.481744929267097,0.0352180143399402,23,7357,4500
0.5187002309846568,0.3908038532172212,0.9599976401452984,0.481744929267097,0.0352180143399402,24,7357,4500
0.5187002309846568,0.3908038532172212,0.9599976401452984,0.481744929267097,0.0352180143399402,25,7357,4500
0.5187002309846568,0.3908038532172212,0.9599976401452984,0.481744929267097,0.0352180143399402,26,7357,4500
0.5187002309846568,0.3908038532172212,0.9599976401452984,0.481744929267097,0.0352180143399402,27,7357,4500
0.5187002309846568,0.3908038532172212,0.9599976401452984,0.481744929267097,0.0352180143399402,28,7357,4500
0.5187002309846568,0.3908038532172212,0.9599976401452984,0.481744929267097,0.0352180143399402,29,7357,4500
0.5187002309846568,0.3908038532172212,0.9599976401452984,0.481744929267097,0.0352180143399402,30,7357,4500
0.5187002309846568,0.3908038532172212,0.9599976401452984,0.481744929267097,0.0352180143399402,31,7357,4500
0.5187002309846568,0.3908038532172212,0.9599976401452984,0.481744929267097,0.0352180143399402,32,7357,4500
0.5187002309846568,0.3908038532172212,0.9599976401452984,0.481744929267097,0.0352180143399402,33,7357,4500
0.5187002309846568,0.3908038532172212,0.9599976401452984,0.481744929267097,0.0352180143399402,34,7357,4500
0.5187002309846568,0.3908038532172212,0.9599976401452984,0.481744929267097,0.0352180143399402,35,7357,4500
0.5187002309846568,0.3908038532172212,0.9599976401452984,0.481744929267097,0.0352180143399402,36,7357,4500
0.5187002309846568,0.3908038532172212,0.9599976401452984,0.481744929267097,0.0352180143399402,37,7357,4500
0.5187002309846568,0.3908038532172212,0.9599976401452984,0.481744929267097,0.0352180143399402,38,7357,4500
0.5381433132192782,0.0731900723909659,0.9628645784432278,0.5604964436423991,0.1116506349579726,0,7357,5214
0.6393313800665879,0.6123756719431885,0.9553833827668214,0.4419294114540377,0.0960817066142594,1,7357,5214
0.6393313800665879,0.6123756719431885,0.9553833827668214,0.4419294114540377,0.0960817066142594,2,7357,5214
0.6060595392199627,0.3935668907178175,0.951309338540662,0.3466134979606465,0.0880122316987226,3,7357,5214
0.7892655323937774,0.4468607106159926,0.9618658092770608,0.466524604980001,0.084349444439993,4,7357,5214
0.7903026181554984,0.1807786097973728,0.9618658092770608,0.3766335292476224,0.0821607468517143,5,7357,5214
0.5264241246144192,0.6077578566837674,0.9553833827668214,0.4711956937975001,0.0812126571779656,6,7357,5214
0.521190394354617,0.6223967361218181,0.9460490127562156,0.4515142468229037,0.0786572424943986,7,7357,5214
0.5174612115388294,0.3976242830160809,0.9466885294755816,0.3691178582669714,0.0766075969018793,8,7357,5214
0.5259482758819833,0.3941707526479168,0.9500969819509716,0.3691178582669714,0.0699664922408857,9,7357,5214
0.5259482758819833,0.3941707526479168,0.9500969819509716,0.3691178582669714,0.0699664922408857,10,7357,5214
0.5271615067974205,0.3941707526479168,0.9500969819509716,0.4479017783977158,0.0681808586088443,11,7357,5214
0.5271615067974205,0.3941707526479168,0.9500969819509716,0.4479017783977158,0.0681808586088443,12,7357,5214
0.5198237528466115,0.4142910732559714,0.9403219316209762,0.4824952349169796,0.0630317767338595,13,7357,5214
0.5198237528466115,0.4142910732559714,0.9403219316209762,0.4824952349169796,0.0630317767338595,14,7357,5214
0.5202874431526068,0.39636896711339,0.9924642951112118,0.4120075824873607,0.0601940716840007,15,7357,5214
0.5202874431526068,0.39636896711339,0.9924642951112118,0.4120075824873607,0.0601940716840007,16,7357,5214
0.5202874431526068,0.39636896711339,0.9924642951112118,0.4120075824873607,0.0601940716840007,17,7357,5214
0.5202874431526068,0.39636896711339,0.9924642951112118,0.4120075824873607,0.0601940716840007,18,7357,5214
0.5214695126091949,0.4005407699017358,0.9893473348414308,0.4823386914516112,0.0599976801370395,19,7357,5214
0.5214695126091949,0.4005407699017358,0.9893473348414308,0.4823386914516112,0.0599976801370395,20,7357,5214
0.519050705588715,0.3947287943390818,0.9190574184779328,0.4820825890850956,0.0584983493931155,21,7357,5214
0.5198262748722027,0.3948703175742383,0.93974967502177,0.4827957431222458,0.0584312206093494,22,7357,5214
0.5198262748722027,0.3948703175742383,0.93974967502177,0.4827957431222458,0.0584312206093494,23,7357,5214
0.5198262748722027,0.3948703175742383,0.93974967502177,0.4827957431222458,0.0584312206093494,24,7357,5214
0.5198262748722027,0.3948703175742383,0.93974967502177,0.4827957431222458,0.0584312206093494,25,7357,5214
0.5198262748722027,0.3948703175742383,0.93974967502177,0.4827957431222458,0.0584312206093494,26,7357,5214
0.5198262748722027,0.3948703175742383,0.93974967502177,0.4827957431222458,0.0584312206093494,27,7357,5214
0.5198262748722027,0.3948703175742383,0.93974967502177,0.4827957431222458,0.0584312206093494,28,7357,5214
0.5198262748722027,0.3948703175742383,0.93974967502177,0.4827957431222458,0.0584312206093494,29,7357,5214
0.5198262748722027,0.3948703175742383,0.93974967502177,0.4827957431222458,0.0584312206093494,30,7357,5214
0.5198262748722027,0.3948703175742383,0.93974967502177,0.4827957431222458,0.0584312206093494,31,7357,5214
0.5198262748722027,0.3948703175742383,0.93974967502177,0.4827957431222458,0.0584312206093494,32,7357,5214
0.5198262748722027,0.3948703175742383,0.93974967502177,0.4827957431222458,0.0584312206093494,33,7357,5214
0.5198262748722027,0.3948703175742383,0.93974967502177,0.4827957431222458,0.0584312206093494,34,7357,5214
0.5198262748722027,0.3948703175742383,0.93974967502177,0.4827957431222458,0.0584312206093494,35,7357,5214
0.5202412376570132,0.3959303077378312,0.8723671259752311,0.4830010836064963,0.0581825999287167,36,7357,5214
0.5202412376570132,0.3959303077378312,0.8723671259752311,0.4830010836064963,0.0581825999287167,37,7357,5214
0.5202412376570132,0.3959303077378312,0.8723671259752311,0.4830010836064963,0.0581825999287167,38,7357,5214
0.5202412376570132,0.3959303077378312,0.8723671259752311,0.4830010836064963,0.0581825999287167,39,7357,5214
0.5202412376570132,0.3959303077378312,0.8723671259752311,0.4830010836064963,0.0581825999287167,40,7357,5214
0.5202412376570132,0.3959303077378312,0.8723671259752311,0.4830010836064963,0.0581825999287167,41,7357,5214
0.5202412376570132,0.3959303077378312,0.8723671259752311,0.4830010836064963,0.0581825999287167,42,7357,5214
0.5202412376570132,0.3959303077378312,0.8723671259752311,0.4830010836064963,0.0581825999287167,43,7357,5214
0.5202412376570132,0.3959303077378312,0.8723671259752311,0.4830010836064963,0.0581825999287167,44,7357,5214
0.5202412376570132,0.3959303077378312,0.8723671259752311,0.4830010836064963,0.0581825999287167,45,7357,5214
0.5202412376570132,0.3959303077378312,0.8723671259752311,0.4830010836064963,0.0581825999287167,46,7357,5214
0.5202412376570132,0.3959303077378312,0.8723671259752311,0.4830010836064963,0.0581825999287167,47,7357,5214
0.5202412376570132,0.3959303077378312,0.8723671259752311,0.4830010836064963,0.0581825999287167,48,7357,5214
0.5202412376570132,0.3959303077378312,0.8723671259752311,0.4830010836064963,0.0581825999287167,49,7357,5214
0.5202412376570132,0.3959303077378312,0.8723671259752311,0.4830010836064963,0.0581825999287167,50,7357,5214
0.5202412376570132,0.3959303077378312,0.8723671259752311,0.4830010836064963,0.0581825999287167,51,7357,5214
0.5202412376570132,0.3959303077378312,0.8723671259752311,0.4830010836064963,0.0581825999287167,52,7357,5214
0.5202412376570132,0.3959303077378312,0.8723671259752311,0.4830010836064963,0.0581825999287167,53,7357,5214
0.5202412376570132,0.3959303077378312,0.8723671259752311,0.4830010836064963,0.0581825999287167,54,7357,5214
0.5202412376570132,0.3959303077378312,0.8723671259752311,0.4830010836064963,0.0581825999287167,55,7357,5214
0.5202412376570132,0.3959303077378312,0.8723671259752311,0.4830010836064963,0.0581825999287167,56,7357,5214
0.5202412376570132,0.3959303077378312,0.8723671259752311,0.4830010836064963,0.0581825999287167,57,7357,5214
0.5202412376570132,0.3959303077378312,0.8723671259752311,0.4830010836064963,0.0581825999287167,58,7357,5214
0.5202412376570132,0.3959303077378312,0.8723671259752311,0.4830010836064963,0.0581825999287167,59,7357,5214
0.5202412376570132,0.3959303077378312,0.8723671259752311,0.4830010836064963,0.0581825999287167,60,7357,5214
0.5202412376570132,0.3959303077378312,0.8723671259752311,0.4830010836064963,0.0581825999287167,61,7357,5214
0.4227169069454373,0.3809815392930875,0.8744412014424732,0.3533507781465587,0.1678746333654396,0,7357,5929
0.6393313800665879,0.6123756719431885,0.9553833827668214,0.4419294114540377,0.1303857638561845,1,7357,5929
0.6393313800665879,0.6123756719431885,0.9553833827668214,0.4419294114540377,0.1303857638561845,2,7357,5929
0.6393313800665879,0.6123756719431885,0.9553833827668214,0.4419294114540377,0.1303857638561845,3,7357,5929
0.5309177634045381,0.6225274553192803,0.9333127679732705,0.379782155145981,0.1228553800840933,4,7357,5929
0.5309177634045381,0.6225274553192803,0.9333127679732705,0.379782155145981,0.1228553800840933,5,7357,5929
0.5309177634045381,0.6225274553192803,0.9333127679732705,0.379782155145981,0.1228553800840933,6,7357,5929
0.5309177634045381,0.6225274553192803,0.9333127679732705,0.379782155145981,0.1228553800840933,7,7357,5929
0.5309177634045381,0.6225274553192803,0.9333127679732705,0.379782155145981,0.1228553800840933,8,7357,5929
0.5309177634045381,0.6225274553192803,0.9333127679732705,0.379782155145981,0.1228553800840933,9,7357,5929
0.5241557123926861,0.5892837760114997,0.9153162200398076,0.43669460648302,0.1192695802581832,10,7357,5929
0.5309177634045381,0.6299571469285927,0.9665950912700024,0.4162270391781605,0.1190103663273494,11,7357,5929
0.5309177634045381,0.6299571469285927,0.9665950912700024,0.4162270391781605,0.1190103663273494,12,7357,5929
0.5213329026527695,0.6270107613009042,0.9168962743685564,0.4442826741420831,0.1119720896466511,13,7357,5929
0.5213329026527695,0.6270107613009042,0.9168962743685564,0.4442826741420831,0.1119720896466511,14,7357,5929
0.52246686524727,0.6061936475172711,0.9375283678041436,0.4410945657160017,0.1114918932113435,15,7357,5929
0.52246686524727,0.6061936475172711,0.9375283678041436,0.4410945657160017,0.1114918932113435,16,7357,5929
0.52246686524727,0.6061936475172711,0.9375283678041436,0.4410945657160017,0.1114918932113435,17,7357,5929
0.52246686524727,0.6061936475172711,0.9375283678041436,0.4410945657160017,0.1114918932113435,18,7357,5929
0.5219542334705335,0.6044306095412231,0.9791785227368772,0.4758033790047604,0.1103218247215889,19,7357,5929
0.519639506657895,0.6315274737065019,0.9453676090782072,0.4755250822275013,0.1091827436913115,20,7357,5929
0.519639506657895,0.6315274737065019,0.9453676090782072,0.4755250822275013,0.1091827436913115,21,7357,5929
0.519639506657895,0.6315274737065019,0.9453676090782072,0.4755250822275013,0.1091827436913115,22,7357,5929
0.519639506657895,0.6315274737065019,0.9453676090782072,0.4755250822275013,0.1091827436913115,23,7357,5929
0.519639506657895,0.6315274737065019,0.9453676090782072,0.4755250822275013,0.1091827436913115,24,7357,5929
0.5214829056466329,0.6068527034575114,0.872641207287347,0.476640639204743,0.109181832398999,25,7357,5929
0.5214829056466329,0.6068527034575114,0.872641207287347,0.476640639204743,0.109181832398999,26,7357,5929
0.5214829056466329,0.6068527034575114,0.872641207287347,0.476640639204743,0.109181832398999,27,7357,5929
0.5214829056466329,0.6068527034575114,0.872641207287347,0.476640639204743,0.109181832398999,28,7357,5929
0.5214829056466329,0.6068527034575114,0.872641207287347,0.476640639204743,0.109181832398999,29,7357,5929
0.5214829056466329,0.6068527034575114,0.872641207287347,0.476640639204743,0.109181832398999,30,7357,5929
0.5195154747074663,0.6330696363238962,0.872641207287347,0.475615121006008,0.1080427513687216,31,7357,5929
0.5195154747074663,0.6330696363238962,0.872641207287347,0.475615121006008,0.1080427513687216,32,7357,5929
0.5195154747074663,0.6330696363238962,0.872641207287347,0.475615121006008,0.1080427513687216,33,7357,5929
0.5195154747074663,0.6330696363238962,0.872641207287347,0.475615121006008,0.1080427513687216,34,7357,5929
0.5195154747074663,0.6330696363238962,0.872641207287347,0.475615121006008,0.1080427513687216,35,7357,5929
0.5195154747074663,0.6330696363238962,0.872641207287347,0.475615121006008,0.1080427513687216,36,7357,5929
0.5195154747074663,0.6330696363238962,0.872641207287347,0.475615121006008,0.1080427513687216,37,7357,5929
0.5195154747074663,0.6330696363238962,0.872641207287347,0.475615121006008,0.1080427513687216,38,7357,5929
0.5195154747074663,0.6330696363238962,0.872641207287347,0.475615121006008,0.1080427513687216,39,7357,5929
0.5195154747074663,0.6330696363238962,0.872641207287347,0.475615121006008,0.1080427513687216,40,7357,5929
0.5195154747074663,0.6330696363238962,0.872641207287347,0.475615121006008,0.1080427513687216,41,7357,5929
0.5195154747074663,0.6330696363238962,0.872641207287347,0.475615121006008,0.1080427513687216,42,7357,5929
0.5195154747074663,0.6330696363238962,0.872641207287347,0.475615121006008,0.1080427513687216,43,7357,5929
0.5195154747074663,0.6330696363238962,0.872641207287347,0.475615121006008,0.1080427513687216,44,7357,5929
0.5195154747074663,0.6330696363238962,0.872641207287347,0.475615121006008,0.1080427513687216,45,7357,5929
0.5195154747074663,0.6330696363238962,0.872641207287347,0.475615121006008,0.1080427513687216,46,7357,5929
0.5195154747074663,0.6330696363238962,0.872641207287347,0.475615121006008,0.1080427513687216,47,7357,5929
0.5195154747074663,0.6330696363238962,0.872641207287347,0.475615121006008,0.1080427513687216,48,7357,5929
0.5195154747074663,0.6330696363238962,0.872641207287347,0.475615121006008,0.1080427513687216,49,7357,5929
0.5195154747074663,0.6330696363238962,0.872641207287347,0.475615121006008,0.1080427513687216,50,7357,5929
0.5195154747074663,0.6330696363238962,0.872641207287347,0.475615121006008,0.1080427513687216,51,7357,5929
0.5195154747074663,0.6330696363238962,0.872641207287347,0.475615121006008,0.1080427513687216,52,7357,5929
0.5195154747074663,0.6330696363238962,0.872641207287347,0.475615121006008,0.1080427513687216,53,7357,5929
0.5195154747074663,0.6330696363238962,0.872641207287347,0.475615121006008,0.1080427513687216,54,7357,5929
0.5195154747074663,0.6330696363238962,0.872641207287347,0.475615121006008,0.1080427513687216,55,7357,5929
0.5195154747074663,0.6330696363238962,0.872641207287347,0.475615121006008,0.1080427513687216,56,7357,5929
0.948649447137244,0.632135117500167,0.6051365892775145,0.4989864523070149,0.1649342308030344,0,7357,6643
0.6393313800665879,0.6123756719431885,0.9553833827668214,0.4419294114540377,0.1343618195380851,1,7357,6643
0.6393313800665879,0.6123756719431885,0.9553833827668214,0.4419294114540377,0.1343618195380851,2,7357,6643
0.6393313800665879,0.6123756719431885,0.9553833827668214,0.4419294114540377,0.1343618195380851,3,7357,6643
0.6393313800665879,0.6123756719431885,0.9553833827668214,0.4419294114540377,0.1343618195380851,4,7357,6643
0.6013517652915186,0.5379879706614576,0.975257752249628,0.3925005062642639,0.1340740741669125,5,7357,6643
0.7702872649197581,0.58237574144836,0.9554854716862042,0.4782951393369498,0.1323669910461981,6,7357,6643
0.7310763736219646,0.6312037269392206,0.9410836620681834,0.3961247184667154,0.1297473907737224,7,7357,6643
0.7310763736219646,0.6312037269392206,0.9410836620681834,0.3961247184667154,0.1297473907737224,8,7357,6643
0.5233894001475117,0.5310970361846444,0.9541513368666424,0.395604050276616,0.1213286227849499,9,7357,6643
0.5271071711767021,0.6340322047455967,0.9516716227199348,0.4735019026201573,0.1185621431477597,10,7357,6643
0.5220556419743017,0.6089379905605532,0.959044516272059,0.4113054899702007,0.1153649450332799,11,7357,6643
0.5220007466145039,0.6227439851183015,0.9543428457164028,0.4709532498319136,0.1143506127005515,12,7357,6643
0.5220007466145039,0.6227439851183015,0.9543428457164028,0.4709532498319136,0.1143506127005515,13,7357,6643
0.5220007466145039,0.6227439851183015,0.9543428457164028,0.4709532498319136,0.1143506127005515,14,7357,6643
0.5220007466145039,0.6227439851183015,0.9543428457164028,0.4709532498319136,0.1143506127005515,15,7357,6643
0.5220007466145039,0.6227439851183015,0.9543428457164028,0.4709532498319136,0.1143506127005515,16,7357,6643
0.5220007466145039,0.6227439851183015,0.9543428457164028,0.4709532498319136,0.1143506127005515,17,7357,6643
0.5220007466145039,0.6227439851183015,0.9543428457164028,0.4709532498319136,0.1143506127005515,18,7357,6643
0.5216599545307044,0.6307535178735589,0.8708088592085372,0.4758809600925331,0.1139734097708313,19,7357,6643
0.5216599545307044,0.6307535178735589,0.8708088592085372,0.4758809600925331,0.1139734097708313,20,7357,6643
0.5216599545307044,0.6307535178735589,0.8708088592085372,0.4758809600925331,0.1139734097708313,21,7357,6643
0.5216599545307044,0.6307535178735589,0.8708088592085372,0.4758809600925331,0.1139734097708313,22,7357,6643
0.5216599545307044,0.6307535178735589,0.8708088592085372,0.4758809600925331,0.1139734097708313,23,7357,6643
0.5216599545307044,0.6307535178735589,0.8708088592085372,0.4758809600925331,0.1139734097708313,24,7357,6643
0.5220740224887256,0.6206043317328584,0.8742773880061723,0.4733944929657034,0.1132106203779616,25,7357,6643
0.5220740224887256,0.6206043317328584,0.8742773880061723,0.4733944929657034,0.1132106203779616,26,7357,6643
0.5220740224887256,0.6206043317328584,0.8742773880061723,0.4733944929657034,0.1132106203779616,27,7357,6643
0.5220740224887256,0.6206043317328584,0.8742773880061723,0.4733944929657034,0.1132106203779616,28,7357,6643
0.5220740224887256,0.6206043317328584,0.8742773880061723,0.4733944929657034,0.1132106203779616,29,7357,6643
0.5220740224887256,0.6206043317328584,0.8742773880061723,0.4733944929657034,0.1132106203779616,30,7357,6643
0.5220740224887256,0.6206043317328584,0.8742773880061723,0.4733944929657034,0.1132106203779616,31,7357,6643
0.5220740224887256,0.6206043317328584,0.8742773880061723,0.4733944929657034,0.1132106203779616,32,7357,6643
0.5220740224887256,0.6206043317328584,0.8742773880061723,0.4733944929657034,0.1132106203779616,33,7357,6643
0.5220740224887256,0.6206043317328584,0.8742773880061723,0.4733944929657034,0.1132106203779616,34,7357,6643
0.5220740224887256,0.6206043317328584,0.8742773880061723,0.4733944929657034,0.1132106203779616,35,7357,6643
0.5220740224887256,0.6206043317328584,0.8742773880061723,0.4733944929657034,0.1132106203779616,36,7357,6643
0.5220740224887256,0.6206043317328584,0.8742773880061723,0.4733944929657034,0.1132106203779616,37,7357,6643
0.5220740224887256,0.6206043317328584,0.8742773880061723,0.4733944929657034,0.1132106203779616,38,7357,6643
0.5220740224887256,0.6206043317328584,0.8742773880061723,0.4733944929657034,0.1132106203779616,39,7357,6643
0.5220740224887256,0.6206043317328584,0.8742773880061723,0.4733944929657034,0.1132106203779616,40,7357,6643
0.5220740224887256,0.6206043317328584,0.8742773880061723,0.4733944929657034,0.1132106203779616,41,7357,6643
0.5220740224887256,0.6206043317328584,0.8742773880061723,0.4733944929657034,0.1132106203779616,42,7357,6643
0.5220740224887256,0.6206043317328584,0.8742773880061723,0.4733944929657034,0.1132106203779616,43,7357,6643
0.5220740224887256,0.6206043317328584,0.8742773880061723,0.4733944929657034,0.1132106203779616,44,7357,6643
0.5220740224887256,0.6206043317328584,0.8742773880061723,0.4733944929657034,0.1132106203779616,45,7357,6643
0.5220740224887256,0.6206043317328584,0.8742773880061723,0.4733944929657034,0.1132106203779616,46,7357,6643
0.5220740224887256,0.6206043317328584,0.8742773880061723,0.4733944929657034,0.1132106203779616,47,7357,6643
0.5220740224887256,0.6206043317328584,0.8742773880061723,0.4733944929657034,0.1132106203779616,48,7357,6643
0.5220740224887256,0.6206043317328584,0.8742773880061723,0.4733944929657034,0.1132106203779616,49,7357,6643
0.5220740224887256,0.6206043317328584,0.8742773880061723,0.4733944929657034,0.1132106203779616,50,7357,6643
0.948649447137244,0.632135117500167,0.6051365892775145,0.4989864523070149,0.1604337547087194,0,7357,7357
0.6393313800665879,0.6123756719431885,0.9553833827668214,0.4419294114540377,0.1552614428887063,1,7357,7357
0.6393313800665879,0.6123756719431885,0.9553833827668214,0.4419294114540377,0.1552614428887063,2,7357,7357
0.6393313800665879,0.6123756719431885,0.9553833827668214,0.4419294114540377,0.1552614428887063,3,7357,7357
0.727369598475884,0.1977019639883706,0.9712445912706588,0.3763563932081785,0.1517461235088956,4,7357,7357
0.7201298336616638,0.016722821635377,0.9268052023585862,0.3852473698458926,0.1480300934223724,5,7357,7357
0.908033249583954,0.1852652283672101,0.9712445912706588,0.4875035374076328,0.1427489706888169,6,7357,7357
0.6937550319456549,0.6055970540971858,0.9486025848105598,0.4858019556579307,0.1420133321893022,7,7357,7357
0.908033249583954,0.1852652283672101,0.9714295713028824,0.4833459183259606,0.1401125135592951,8,7357,7357
0.908033249583954,0.1852652283672101,0.9714295713028824,0.4833459183259606,0.1401125135592951,9,7357,7357
0.5263685416817934,0.6040771131346266,0.9593683000146382,0.4900205270720007,0.1356064779774091,10,7357,7357
0.5263685416817934,0.6040771131346266,0.9593683000146382,0.4900205270720007,0.1356064779774091,11,7357,7357
0.5263685416817934,0.6040771131346266,0.9593683000146382,0.4900205270720007,0.1356064779774091,12,7357,7357
0.5263685416817934,0.6040771131346266,0.9593683000146382,0.4900205270720007,0.1356064779774091,13,7357,7357
0.5263685416817934,0.6040771131346266,0.9593683000146382,0.4900205270720007,0.1356064779774091,14,7357,7357
0.5263685416817934,0.6040771131346266,0.9593683000146382,0.4900205270720007,0.1356064779774091,15,7357,7357
0.5263685416817934,0.6040771131346266,0.9593683000146382,0.4900205270720007,0.1356064779774091,16,7357,7357
0.5270707719976042,0.6040771131346266,0.9593683000146382,0.4832571091083562,0.1329395913127057,17,7357,7357
0.5214391610105733,0.6055637998371907,0.9698317308315492,0.486834276625095,0.1309626356330698,18,7357,7357
0.52174957800038,0.6074522378221098,0.9783819877542456,0.4830598688498281,0.1282957489683663,19,7357,7357
0.52174957800038,0.6074522378221098,0.9783819877542456,0.4830598688498281,0.1282957489683663,20,7357,7357
0.52174957800038,0.6074522378221098,0.9783819877542456,0.4830598688498281,0.1282957489683663,21,7357,7357
0.52174957800038,0.6074522378221098,0.9783819877542456,0.4830598688498281,0.1282957489683663,22,7357,7357
0.52174957800038,0.6074522378221098,0.9783819877542456,0.4830598688498281,0.1282957489683663,23,7357,7357
0.52174957800038,0.6074522378221098,0.9783819877542456,0.4830598688498281,0.1282957489683663,24,7357,7357
0.52174957800038,0.6074522378221098,0.9783819877542456,0.4830598688498281,0.1282957489683663,25,7357,7357
0.52174957800038,0.6074522378221098,0.9783819877542456,0.4830598688498281,0.1282957489683663,26,7357,7357
0.521928850279686,0.6031728405882153,0.8740639733322761,0.4813638199680784,0.1271557566457764,27,7357,7357
0.521928850279686,0.6031728405882153,0.8740639733322761,0.4813638199680784,0.1271557566457764,28,7357,7357
0.521928850279686,0.6031728405882153,0.8740639733322761,0.4813638199680784,0.1271557566457764,29,7357,7357
0.521928850279686,0.6031728405882153,0.8740639733322761,0.4813638199680784,0.1271557566457764,30,7357,7357
0.521928850279686,0.6031728405882153,0.8740639733322761,0.4813638199680784,0.1271557566457764,31,7357,7357
0.521928850279686,0.6031728405882153,0.8740639733322761,0.4813638199680784,0.1271557566457764,32,7357,7357
0.521928850279686,0.6031728405882153,0.8740639733322761,0.4813638199680784,0.1271557566457764,33,7357,7357
0.521928850279686,0.6031728405882153,0.8740639733322761,0.4813638199680784,0.1271557566457764,34,7357,7357
0.521928850279686,0.6031728405882153,0.8740639733322761,0.4813638199680784,0.1271557566457764,35,7357,7357
0.521928850279686,0.6031728405882153,0.8740639733322761,0.4813638199680784,0.1271557566457764,36,7357,7357
0.521928850279686,0.6031728405882153,0.8740639733322761,0.4813638199680784,0.1271557566457764,37,7357,7357
0.521928850279686,0.6031728405882153,0.8740639733322761,0.4813638199680784,0.1271557566457764,38,7357,7357
0.521928850279686,0.6031728405882153,0.8740639733322761,0.4813638199680784,0.1271557566457764,39,7357,7357
0.521928850279686,0.6031728405882153,0.8740639733322761,0.4813638199680784,0.1271557566457764,40,7357,7357
0.521928850279686,0.6031728405882153,0.8740639733322761,0.4813638199680784,0.1271557566457764,41,7357,7357
0.521928850279686,0.6031728405882153,0.8740639733322761,0.4813638199680784,0.1271557566457764,42,7357,7357
0.521928850279686,0.6031728405882153,0.8740639733322761,0.4813638199680784,0.1271557566457764,43,7357,7357
0.521928850279686,0.6031728405882153,0.8740639733322761,0.4813638199680784,0.1271557566457764,44,7357,7357
0.521928850279686,0.6031728405882153,0.8740639733322761,0.4813638199680784,0.1271557566457764,45,7357,7357
0.521928850279686,0.6031728405882153,0.8740639733322761,0.4813638199680784,0.1271557566457764,46,7357,7357
0.521928850279686,0.6031728405882153,0.8740639733322761,0.4813638199680784,0.1271557566457764,47,7357,7357
0.521928850279686,0.6031728405882153,0.8740639733322761,0.4813638199680784,0.1271557566457764,48,7357,7357
0.521928850279686,0.6031728405882153,0.8740639733322761,0.4813638199680784,0.1271557566457764,49,7357,7357
0.521928850279686,0.6031728405882153,0.8740639733322761,0.4813638199680784,0.1271557566457764,50,7357,7357
0.521928850279686,0.6031728405882153,0.8740639733322761,0.4813638199680784,0.1271557566457764,51,7357,7357
0.521928850279686,0.6031728405882153,0.8740639733322761,0.4813638199680784,0.1271557566457764,52,7357,7357
0.948649447137244,0.632135117500167,0.6051365892775145,0.4989864523070149,0.1602024843705012,0,7357,8072
0.6393313800665879,0.6123756719431885,0.9553833827668214,0.4419294114540377,0.1549893624637496,1,7357,8072
0.6393313800665879,0.6123756719431885,0.9553833827668214,0.4419294114540377,0.1549893624637496,2,7357,8072
0.8654023975330408,0.6693922878615067,0.9626684400442982,0.4866638205451163,0.1489524464715213,3,7357,8072
0.6002528309958632,0.6420603775276769,0.685107575906453,0.4833636020978796,0.1460149126718592,4,7357,8072
0.6549196346758196,0.627664195369919,0.9757141366358144,0.4865965857569641,0.1452909352138163,5,7357,8072
0.8654023975330408,0.6154490940557352,0.9750327567948796,0.4866638205451163,0.1436185959697807,6,7357,8072
0.8654023975330408,0.6154490940557352,0.9750327567948796,0.4866638205451163,0.1436185959697807,7,7357,8072
0.8654023975330408,0.6154490940557352,0.9750327567948796,0.4866638205451163,0.1436185959697807,8,7357,8072
0.9820622925531668,0.6139392937526978,0.9429053287278892,0.4802806290710968,0.1387855367453131,9,7357,8072
0.9820622925531668,0.6139392937526978,0.9429053287278892,0.4802806290710968,0.1387855367453131,10,7357,8072
0.9820622925531668,0.6139392937526978,0.9429053287278892,0.4802806290710968,0.1387855367453131,11,7357,8072
0.5222187602686439,0.5937136472723301,0.9749590547136024,0.4824490087076886,0.1305303422714568,12,7357,8072
0.5222187602686439,0.5937136472723301,0.9749590547136024,0.4824490087076886,0.1305303422714568,13,7357,8072
0.5222187602686439,0.6194650047727639,0.9975353405836932,0.4824490087076886,0.1280236685434097,14,7357,8072
0.5222187602686439,0.6194650047727639,0.9975353405836932,0.4824490087076886,0.1280236685434097,15,7357,8072
0.5222187602686439,0.6194650047727639,0.9975353405836932,0.4824490087076886,0.1280236685434097,16,7357,8072
0.5222187602686439,0.6194650047727639,0.9975353405836932,0.4824490087076886,0.1280236685434097,17,7357,8072
0.5222187602686439,0.6194650047727639,0.9975353405836932,0.4824490087076886,0.1280236685434097,18,7357,8072
0.5222187602686439,0.6194650047727639,0.9975353405836932,0.4824490087076886,0.1280236685434097,19,7357,8072
0.5222187602686439,0.6194650047727639,0.9975353405836932,0.4824490087076886,0.1280236685434097,20,7357,8072
0.5222187602686439,0.6194650047727639,0.9975353405836932,0.4824490087076886,0.1280236685434097,21,7357,8072
0.5222187602686439,0.6194650047727639,0.9975353405836932,0.4824490087076886,0.1280236685434097,22,7357,8072
0.5222187602686439,0.6194650047727639,0.9975353405836932,0.4824490087076886,0.1280236685434097,23,7357,8072
0.5222187602686439,0.6194650047727639,0.9975353405836932,0.4824490087076886,0.1280236685434097,24,7357,8072
0.5222187602686439,0.6194650047727639,0.9975353405836932,0.4824490087076886,0.1280236685434097,25,7357,8072
0.5220244857979542,0.6315329487421113,0.8716421263073679,0.4832123883342676,0.1272924106138418,26,7357,8072
0.5220244857979542,0.6315329487421113,0.8716421263073679,0.4832123883342676,0.1272924106138418,27,7357,8072
0.5220244857979542,0.6315329487421113,0.8716421263073679,0.4832123883342676,0.1272924106138418,28,7357,8072
0.5220244857979542,0.6315329487421113,0.8716421263073679,0.4832123883342676,0.1272924106138418,29,7357,8072
0.5220244857979542,0.6315329487421113,0.8716421263073679,0.4832123883342676,0.1272924106138418,30,7357,8072
0.5220244857979542,0.6315329487421113,0.8716421263073679,0.4832123883342676,0.1272924106138418,31,7357,8072
0.5220244857979542,0.6315329487421113,0.8716421263073679,0.4832123883342676,0.1272924106138418,32,7357,8072
0.5220244857979542,0.6315329487421113,0.8716421263073679,0.4832123883342676,0.1272924106138418,33,7357,8072
0.5220244857979542,0.6315329487421113,0.8716421263073679,0.4832123883342676,0.1272924106138418,34,7357,8072
0.5220244857979542,0.6315329487421113,0.8716421263073679,0.4832123883342676,0.1272924106138418,35,7357,8072
0.5220244857979542,0.6315329487421113,0.8716421263073679,0.4832123883342676,0.1272924106138418,36,7357,8072
0.5220244857979542,0.6315329487421113,0.8716421263073679,0.4832123883342676,0.1272924106138418,37,7357,8072
0.5220244857979542,0.6315329487421113,0.8716421263073679,0.4832123883342676,0.1272924106138418,38,7357,8072
0.5220244857979542,0.6315329487421113,0.8716421263073679,0.4832123883342676,0.1272924106138418,39,7357,8072
0.5220244857979542,0.6315329487421113,0.8716421263073679,0.4832123883342676,0.1272924106138418,40,7357,8072
0.5221514541557534,0.6291239869549302,0.8728056037767405,0.4824837117742711,0.1268836762208198,41,7357,8072
0.5221514541557534,0.6291239869549302,0.8728056037767405,0.4824837117742711,0.1268836762208198,42,7357,8072
0.5221514541557534,0.6291239869549302,0.8728056037767405,0.4824837117742711,0.1268836762208198,43,7357,8072
0.5221514541557534,0.6291239869549302,0.8728056037767405,0.4824837117742711,0.1268836762208198,44,7357,8072
0.5221514541557534,0.6291239869549302,0.8728056037767405,0.4824837117742711,0.1268836762208198,45,7357,8072
0.5221514541557534,0.6291239869549302,0.8728056037767405,0.4824837117742711,0.1268836762208198,46,7357,8072
0.5221514541557534,0.6291239869549302,0.8728056037767405,0.4824837117742711,0.1268836762208198,47,7357,8072
0.5221514541557534,0.6291239869549302,0.8728056037767405,0.4824837117742711,0.1268836762208198,48,7357,8072
0.5221514541557534,0.6291239869549302,0.8728056037767405,0.4824837117742711,0.1268836762208198,49,7357,8072
0.5221514541557534,0.6291239869549302,0.8728056037767405,0.4824837117742711,0.1268836762208198,50,7357,8072
0.5221514541557534,0.6291239869549302,0.8728056037767405,0.4824837117742711,0.1268836762208198,51,7357,8072
0.5221514541557534,0.6291239869549302,0.8728056037767405,0.4824837117742711,0.1268836762208198,52,7357,8072
0.5221514541557534,0.6291239869549302,0.8728056037767405,0.4824837117742711,0.1268836762208198,53,7357,8072
0.5221514541557534,0.6291239869549302,0.8728056037767405,0.4824837117742711,0.1268836762208198,54,7357,8072
0.5221514541557534,0.6291239869549302,0.8728056037767405,0.4824837117742711,0.1268836762208198,55,7357,8072
0.5221514541557534,0.6291239869549302,0.8728056037767405,0.4824837117742711,0.1268836762208198,56,7357,8072
0.5221514541557534,0.6291239869549302,0.8728056037767405,0.4824837117742711,0.1268836762208198,57,7357,8072
0.5221514541557534,0.6291239869549302,0.8728056037767405,0.4824837117742711,0.1268836762208198,58,7357,8072
0.5221514541557534,0.6291239869549302,0.8728056037767405,0.4824837117742711,0.1268836762208198,59,7357,8072
0.5221514541557534,0.6291239869549302,0.8728056037767405,0.4824837117742711,0.1268836762208198,60,7357,8072
0.5221514541557534,0.6291239869549302,0.8728056037767405,0.4824837117742711,0.1268836762208198,61,7357,8072
0.5221514541557534,0.6291239869549302,0.8728056037767405,0.4824837117742711,0.1268836762208198,62,7357,8072
0.5221514541557534,0.6291239869549302,0.8728056037767405,0.4824837117742711,0.1268836762208198,63,7357,8072
0.5221514541557534,0.6291239869549302,0.8728056037767405,0.4824837117742711,0.1268836762208198,64,7357,8072
0.5221514541557534,0.6291239869549302,0.8728056037767405,0.4824837117742711,0.1268836762208198,65,7357,8072
0.5221514541557534,0.6291239869549302,0.8728056037767405,0.4824837117742711,0.1268836762208198,66,7357,8072
0.5381433132192782,0.0731900723909659,0.9628645784432278,0.5604964436423991,-0.0414044851306858,0,8072,3072
0.6393313800665879,0.6123756719431885,0.9553833827668214,0.4419294114540377,-0.0464551382977865,1,8072,3072
0.5032601398891928,0.4363223461645615,0.3097484068501525,0.5614380067084055,-0.0513958295433554,2,8072,3072
0.5032601398891928,0.4363223461645615,0.3097484068501525,0.5614380067084055,-0.0513958295433554,3,8072,3072
0.5895020620840481,0.6123792595475104,0.3016496043527045,0.5433134112873544,-0.0571477405600458,4,8072,3072
0.5895020620840481,0.4472183986281189,0.9910016446014942,0.5433134112873544,-0.0575159218663781,5,8072,3072
0.5199243870033247,0.4499847509508002,0.9570927834436442,0.4948034632382871,-0.0720165035197388,6,8072,3072
0.5199243870033247,0.4499847509508002,0.9570927834436442,0.4948034632382871,-0.0720165035197388,7,8072,3072
0.5199243870033247,0.4499847509508002,0.9570927834436442,0.4948034632382871,-0.0720165035197388,8,8072,3072
0.5246220566027273,0.4725191340890903,0.6146516206734494,0.4957924097839983,-0.0730446368992245,9,8072,3072
0.5246220566027273,0.4725191340890903,0.6146516206734494,0.4957924097839983,-0.0730446368992245,10,8072,3072
0.5246220566027273,0.4725191340890903,0.6146516206734494,0.4957924097839983,-0.0730446368992245,11,8072,3072
0.5223283025940734,0.4371008449468584,0.5883544539798841,0.5736195701247255,-0.074922424700736,12,8072,3072
0.5226306499199573,0.4368849095194886,0.5963078649985472,0.4946865784829173,-0.0792276719692272,13,8072,3072
0.5226306499199573,0.4368849095194886,0.5963078649985472,0.4946865784829173,-0.0792276719692272,14,8072,3072
0.5226306499199573,0.4368849095194886,0.5963078649985472,0.4946865784829173,-0.0792276719692272,15,8072,3072
0.5226104659707913,0.4555031498780252,0.6106652803688423,0.4948034632382871,-0.0794052026866137,16,8072,3072
0.5226104659707913,0.4555031498780252,0.6106652803688423,0.4948034632382871,-0.0794052026866137,17,8072,3072
0.5226104659707913,0.4555031498780252,0.6106652803688423,0.4948034632382871,-0.0794052026866137,18,8072,3072
0.5226104659707913,0.4555031498780252,0.6106652803688423,0.4948034632382871,-0.0794052026866137,19,8072,3072
0.5226104659707913,0.4555031498780252,0.6106652803688423,0.4948034632382871,-0.0794052026866137,20,8072,3072
0.5226104659707913,0.4555031498780252,0.6106652803688423,0.4948034632382871,-0.0794052026866137,21,8072,3072
0.5226104659707913,0.4555031498780252,0.6106652803688423,0.4948034632382871,-0.0794052026866137,22,8072,3072
0.5226104659707913,0.4555031498780252,0.6106652803688423,0.4948034632382871,-0.0794052026866137,23,8072,3072
0.5226104659707913,0.4555031498780252,0.6106652803688423,0.4948034632382871,-0.0794052026866137,24,8072,3072
0.5226104659707913,0.4555031498780252,0.6106652803688423,0.4948034632382871,-0.0794052026866137,25,8072,3072
0.5226104659707913,0.4555031498780252,0.6106652803688423,0.4948034632382871,-0.0794052026866137,26,8072,3072
0.5226104659707913,0.4555031498780252,0.6106652803688423,0.4948034632382871,-0.0794052026866137,27,8072,3072
0.5226104659707913,0.4555031498780252,0.6106652803688423,0.4948034632382871,-0.0794052026866137,28,8072,3072
0.5226104659707913,0.4555031498780252,0.6106652803688423,0.4948034632382871,-0.0794052026866137,29,8072,3072
0.5226104659707913,0.4555031498780252,0.6106652803688423,0.4948034632382871,-0.0794052026866137,30,8072,3072
0.5226104659707913,0.4555031498780252,0.6106652803688423,0.4948034632382871,-0.0794052026866137,31,8072,3072
0.5226104659707913,0.4555031498780252,0.6106652803688423,0.4948034632382871,-0.0794052026866137,32,8072,3072
0.5226104659707913,0.4555031498780252,0.6106652803688423,0.4948034632382871,-0.0794052026866137,33,8072,3072
0.5226104659707913,0.4555031498780252,0.6106652803688423,0.4948034632382871,-0.0794052026866137,34,8072,3072
0.5226104659707913,0.4555031498780252,0.6106652803688423,0.4948034632382871,-0.0794052026866137,35,8072,3072
0.5226104659707913,0.4555031498780252,0.6106652803688423,0.4948034632382871,-0.0794052026866137,36,8072,3072
0.5226104659707913,0.4555031498780252,0.6106652803688423,0.4948034632382871,-0.0794052026866137,37,8072,3072
0.4227169069454373,0.3809815392930875,0.8744412014424732,0.3533507781465587,-0.0161549132950448,0,8072,3786
0.6393313800665879,0.6123756719431885,0.9553833827668214,0.4419294114540377,-0.0229679583339936,1,8072,3786
0.6393313800665879,0.6123756719431885,0.9553833827668214,0.4419294114540377,-0.0229679583339936,2,8072,3786
0.5840948521188024,0.4844090145053006,0.8976249002737945,0.4966683664371336,-0.0262877735780106,3,8072,3786
0.531474152305883,0.6225081430345454,0.955289369579453,0.527447258089832,-0.0327784346700716,4,8072,3786
0.5085784819638584,0.3809815392930875,0.8744412014424732,0.517049066445219,-0.036472374206225,5,8072,3786
0.5224214693452022,0.4318174296902215,0.9347475397954732,0.4779592404379729,-0.0455982096052282,6,8072,3786
0.5224214693452022,0.4318174296902215,0.9347475397954732,0.4779592404379729,-0.0455982096052282,7,8072,3786
0.5221257777576086,0.4160078026373786,0.9716486372880077,0.4991592708617381,-0.0460356235049303,8,8072,3786
0.5221257777576086,0.4160078026373786,0.9716486372880077,0.4991592708617381,-0.0460356235049303,9,8072,3786
0.5220093722299816,0.3814746708864848,0.9170923557490488,0.4992128402142129,-0.0463011140712369,10,8072,3786
0.5203624411253567,0.4697623049840098,0.8904507507308239,0.482877270974034,-0.0489838789347215,11,8072,3786
0.5203624411253567,0.4697623049840098,0.8904507507308239,0.482877270974034,-0.0489838789347215,12,8072,3786
0.5203624411253567,0.4697623049840098,0.8904507507308239,0.482877270974034,-0.0489838789347215,13,8072,3786
0.5203624411253567,0.4697623049840098,0.8904507507308239,0.482877270974034,-0.0489838789347215,14,8072,3786
0.5203624411253567,0.4711892601345896,0.9596190143178058,0.482877270974034,-0.0494147063475549,15,8072,3786
0.5196347359135665,0.4390123101426317,0.9890088564062292,0.4832483280621082,-0.049662773108213,16,8072,3786
0.5196347359135665,0.4390123101426317,0.9890088564062292,0.4832483280621082,-0.049662773108213,17,8072,3786
0.5196347359135665,0.4390123101426317,0.9890088564062292,0.4832483280621082,-0.049662773108213,18,8072,3786
0.5216731468612639,0.4711892601345896,0.9753836620943503,0.4826619863070955,-0.0499593966144356,19,8072,3786
0.5216731468612639,0.4711892601345896,0.9753836620943503,0.4826619863070955,-0.0499593966144356,20,8072,3786
0.5216731468612639,0.4711892601345896,0.9753836620943503,0.4826619863070955,-0.0499593966144356,21,8072,3786
0.5222950490126594,0.4575522070700458,0.9592073739964596,0.4815288023787827,-0.0503289250652692,22,8072,3786
0.5222950490126594,0.4575522070700458,0.9592073739964596,0.4815288023787827,-0.0503289250652692,23,8072,3786
0.5222950490126594,0.4575522070700458,0.9592073739964596,0.4815288023787827,-0.0503289250652692,24,8072,3786
0.5222950490126594,0.4575522070700458,0.9592073739964596,0.4815288023787827,-0.0503289250652692,25,8072,3786
0.5222950490126594,0.4575522070700458,0.9592073739964596,0.4815288023787827,-0.0503289250652692,26,8072,3786
0.5222950490126594,0.4575522070700458,0.9592073739964596,0.4815288023787827,-0.0503289250652692,27,8072,3786
0.5222950490126594,0.4575522070700458,0.9592073739964596,0.4815288023787827,-0.0503289250652692,28,8072,3786
0.5222950490126594,0.4575522070700458,0.9592073739964596,0.4815288023787827,-0.0503289250652692,29,8072,3786
0.5222950490126594,0.4575522070700458,0.9592073739964596,0.4815288023787827,-0.0503289250652692,30,8072,3786
0.5222950490126594,0.4575522070700458,0.9592073739964596,0.4815288023787827,-0.0503289250652692,31,8072,3786
0.5222950490126594,0.4575522070700458,0.9592073739964596,0.4815288023787827,-0.0503289250652692,32,8072,3786
0.5222950490126594,0.4575522070700458,0.9592073739964596,0.4815288023787827,-0.0503289250652692,33,8072,3786
0.5222950490126594,0.4575522070700458,0.9592073739964596,0.4815288023787827,-0.0503289250652692,34,8072,3786
0.5222950490126594,0.4575522070700458,0.9592073739964596,0.4815288023787827,-0.0503289250652692,35,8072,3786
0.5222950490126594,0.4575522070700458,0.9592073739964596,0.4815288023787827,-0.0503289250652692,36,8072,3786
0.5222950490126594,0.4575522070700458,0.9592073739964596,0.4815288023787827,-0.0503289250652692,37,8072,3786
0.5222950490126594,0.4575522070700458,0.9592073739964596,0.4815288023787827,-0.0503289250652692,38,8072,3786
0.5222950490126594,0.4575522070700458,0.9592073739964596,0.4815288023787827,-0.0503289250652692,39,8072,3786
0.5222950490126594,0.4575522070700458,0.9592073739964596,0.4815288023787827,-0.0503289250652692,40,8072,3786
0.5222950490126594,0.4575522070700458,0.9592073739964596,0.4815288023787827,-0.0503289250652692,41,8072,3786
0.5222950490126594,0.4575522070700458,0.9592073739964596,0.4815288023787827,-0.0503289250652692,42,8072,3786
0.5222950490126594,0.4575522070700458,0.9592073739964596,0.4815288023787827,-0.0503289250652692,43,8072,3786
0.5222950490126594,0.4575522070700458,0.9592073739964596,0.4815288023787827,-0.0503289250652692,44,8072,3786
0.5222950490126594,0.4575522070700458,0.9592073739964596,0.4815288023787827,-0.0503289250652692,45,8072,3786
0.5222950490126594,0.4575522070700458,0.9592073739964596,0.4815288023787827,-0.0503289250652692,46,8072,3786
0.5222950490126594,0.4575522070700458,0.9592073739964596,0.4815288023787827,-0.0503289250652692,47,8072,3786
0.4227169069454373,0.3809815392930875,0.8744412014424732,0.3533507781465587,0.0672027994800046,0,8072,4500
0.4227169069454373,0.3809815392930875,0.8744412014424732,0.3533507781465587,0.0672027994800046,1,8072,4500
0.5238668615070589,0.5414252480972569,0.9553833827668214,0.4419294114540377,0.0606104805765804,2,8072,4500
0.5395846636636027,0.1962968851147534,0.94224114200436,0.4580795604861192,0.0590615284508515,3,8072,4500
0.519389369146311,0.6123756719431885,0.9553833827668214,0.4419294114540377,0.0505279439058413,4,8072,4500
0.519389369146311,0.6123756719431885,0.9553833827668214,0.4419294114540377,0.0505279439058413,5,8072,4500
0.519389369146311,0.6123756719431885,0.9553833827668214,0.4419294114540377,0.0505279439058413,6,8072,4500
0.5194142551732571,0.6123756719431885,0.921093345157819,0.5081918786488738,0.0485939394436604,7,8072,4500
0.5213194793002334,0.4388855667615374,0.9730322332410672,0.4659357620845494,0.0413003271414579,8,8072,4500
0.5211896138426254,0.444798597048203,0.9463712828687652,0.4142958095422637,0.0399563129536048,9,8072,4500
0.5211896138426254,0.3827827669797864,0.9463712828687652,0.4142958095422637,0.0330028604888978,10,8072,4500
0.5211896138426254,0.3827827669797864,0.9463712828687652,0.4142958095422637,0.0330028604888978,11,8072,4500
0.5211896138426254,0.3827827669797864,0.9463712828687652,0.4142958095422637,0.0330028604888978,12,8072,4500
0.5211896138426254,0.3827827669797864,0.9463712828687652,0.4142958095422637,0.0330028604888978,13,8072,4500
0.5212358693707535,0.3885760356325182,0.955487359660432,0.4145507489531247,0.0328971724599121,14,8072,4500
0.5221861155944667,0.389514019223716,0.9511244579312932,0.4128705207233629,0.0322903313068125,15,8072,4500
0.5221861155944667,0.389514019223716,0.9511244579312932,0.4128705207233629,0.0322903313068125,16,8072,4500
0.5202780898070363,0.3802185124830079,0.9733601410186962,0.4161819292405733,0.0322537263810779,17,8072,4500
0.5202780898070363,0.3802185124830079,0.9733601410186962,0.4161819292405733,0.0322537263810779,18,8072,4500
0.5214301354117804,0.3894650621601572,0.9707866553541808,0.4166874322851735,0.0321846432778268,19,8072,4500
0.5201967369523379,0.389514019223716,0.9734861450208904,0.4143444950825679,0.032008000387261,20,8072,4500
0.5201967369523379,0.389514019223716,0.9734861450208904,0.4143444950825679,0.032008000387261,21,8072,4500
0.5201967369523379,0.389514019223716,0.9734861450208904,0.4143444950825679,0.032008000387261,22,8072,4500
0.5201967369523379,0.389514019223716,0.9734861450208904,0.4143444950825679,0.032008000387261,23,8072,4500
0.5201967369523379,0.389514019223716,0.9734861450208904,0.4143444950825679,0.032008000387261,24,8072,4500
0.5201967369523379,0.389514019223716,0.9734861450208904,0.4143444950825679,0.032008000387261,25,8072,4500
0.5202756651499778,0.3882936496753503,0.9783195300013164,0.4804043717562768,0.0319693349284414,26,8072,4500
0.5202756651499778,0.3882936496753503,0.9783195300013164,0.4804043717562768,0.0319693349284414,27,8072,4500
0.5202756651499778,0.3882936496753503,0.9783195300013164,0.4804043717562768,0.0319693349284414,28,8072,4500
0.5202756651499778,0.3882936496753503,0.9783195300013164,0.4804043717562768,0.0319693349284414,29,8072,4500
0.5202756651499778,0.3882936496753503,0.9783195300013164,0.4804043717562768,0.0319693349284414,30,8072,4500
0.5202712011249718,0.3891680638165408,0.9783195300013164,0.4804043717562768,0.0317236089346245,31,8072,4500
0.5202712011249718,0.3891680638165408,0.9783195300013164,0.4804043717562768,0.0317236089346245,32,8072,4500
0.5202712011249718,0.3891680638165408,0.9783195300013164,0.4804043717562768,0.0317236089346245,33,8072,4500
0.5202712011249718,0.3891680638165408,0.9783195300013164,0.4804043717562768,0.0317236089346245,34,8072,4500
0.5202712011249718,0.3891680638165408,0.9783195300013164,0.4804043717562768,0.0317236089346245,35,8072,4500
0.5202712011249718,0.3891680638165408,0.9783195300013164,0.4804043717562768,0.0317236089346245,36,8072,4500
0.5202712011249718,0.3891680638165408,0.9783195300013164,0.4804043717562768,0.0317236089346245,37,8072,4500
0.5202712011249718,0.3891680638165408,0.9783195300013164,0.4804043717562768,0.0317236089346245,38,8072,4500
0.5202712011249718,0.3891680638165408,0.9783195300013164,0.4804043717562768,0.0317236089346245,39,8072,4500
0.5202669162917499,0.3936894185285137,0.9793505155792096,0.4822058204469022,0.0306415422238159,40,8072,4500
0.5202669162917499,0.3936894185285137,0.9793505155792096,0.4822058204469022,0.0306415422238159,41,8072,4500
0.5202669162917499,0.3936894185285137,0.9793505155792096,0.4822058204469022,0.0306415422238159,42,8072,4500
0.5202669162917499,0.3936894185285137,0.9793505155792096,0.4822058204469022,0.0306415422238159,43,8072,4500
0.5202669162917499,0.3936894185285137,0.9793505155792096,0.4822058204469022,0.0306415422238159,44,8072,4500
0.5202669162917499,0.3936894185285137,0.9793505155792096,0.4822058204469022,0.0306415422238159,45,8072,4500
0.5202669162917499,0.3936894185285137,0.9793505155792096,0.4822058204469022,0.0306415422238159,46,8072,4500
0.5202669162917499,0.3936894185285137,0.9793505155792096,0.4822058204469022,0.0306415422238159,47,8072,4500
0.5202669162917499,0.3936894185285137,0.9793505155792096,0.4822058204469022,0.0306415422238159,48,8072,4500
0.5202669162917499,0.3936894185285137,0.9793505155792096,0.4822058204469022,0.0306415422238159,49,8072,4500
0.5202669162917499,0.3936894185285137,0.9793505155792096,0.4822058204469022,0.0306415422238159,50,8072,4500
0.5202669162917499,0.3936894185285137,0.9793505155792096,0.4822058204469022,0.0306415422238159,51,8072,4500
0.5202669162917499,0.3936894185285137,0.9793505155792096,0.4822058204469022,0.0306415422238159,52,8072,4500
0.520271875221352,0.3912787072953877,0.8733745495016092,0.4816007944396662,0.0303929215431832,53,8072,4500
0.520271875221352,0.3912787072953877,0.8733745495016092,0.4816007944396662,0.0303929215431832,54,8072,4500
0.520271875221352,0.3912787072953877,0.8733745495016092,0.4816007944396662,0.0303929215431832,55,8072,4500
0.520271875221352,0.3912787072953877,0.8733745495016092,0.4816007944396662,0.0303929215431832,56,8072,4500
0.520271875221352,0.3912787072953877,0.8733745495016092,0.4816007944396662,0.0303929215431832,57,8072,4500
0.520271875221352,0.3912787072953877,0.8733745495016092,0.4816007944396662,0.0303929215431832,58,8072,4500
0.520271875221352,0.3912787072953877,0.8733745495016092,0.4816007944396662,0.0303929215431832,59,8072,4500
0.520271875221352,0.3912787072953877,0.8733745495016092,0.4816007944396662,0.0303929215431832,60,8072,4500
0.520271875221352,0.3912787072953877,0.8733745495016092,0.4816007944396662,0.0303929215431832,61,8072,4500
0.520271875221352,0.3912787072953877,0.8733745495016092,0.4816007944396662,0.0303929215431832,62,8072,4500
0.520271875221352,0.3912787072953877,0.8733745495016092,0.4816007944396662,0.0303929215431832,63,8072,4500
0.520271875221352,0.3912787072953877,0.8733745495016092,0.4816007944396662,0.0303929215431832,64,8072,4500
0.520271875221352,0.3912787072953877,0.8733745495016092,0.4816007944396662,0.0303929215431832,65,8072,4500
0.520271875221352,0.3912787072953877,0.8733745495016092,0.4816007944396662,0.0303929215431832,66,8072,4500
0.520271875221352,0.3912787072953877,0.8733745495016092,0.4816007944396662,0.0303929215431832,67,8072,4500
0.520271875221352,0.3912787072953877,0.8733745495016092,0.4816007944396662,0.0303929215431832,68,8072,4500
0.520271875221352,0.3912787072953877,0.8733745495016092,0.4816007944396662,0.0303929215431832,69,8072,4500
0.520271875221352,0.3912787072953877,0.8733745495016092,0.4816007944396662,0.0303929215431832,70,8072,4500
0.520271875221352,0.3912787072953877,0.8733745495016092,0.4816007944396662,0.0303929215431832,71,8072,4500
0.520271875221352,0.3912787072953877,0.8733745495016092,0.4816007944396662,0.0303929215431832,72,8072,4500
0.520271875221352,0.3912787072953877,0.8733745495016092,0.4816007944396662,0.0303929215431832,73,8072,4500
0.520271875221352,0.3912787072953877,0.8733745495016092,0.4816007944396662,0.0303929215431832,74,8072,4500
0.520271875221352,0.3912787072953877,0.8733745495016092,0.4816007944396662,0.0303929215431832,75,8072,4500
0.520271875221352,0.3912787072953877,0.8733745495016092,0.4816007944396662,0.0303929215431832,76,8072,4500
0.520271875221352,0.3912787072953877,0.8733745495016092,0.4816007944396662,0.0303929215431832,77,8072,4500
0.520271875221352,0.3912787072953877,0.8733745495016092,0.4816007944396662,0.0303929215431832,78,8072,4500
0.4227169069454373,0.3809815392930875,0.8744412014424732,0.3533507781465587,0.1068204499653156,0,8072,5214
0.6393313800665879,0.6123756719431885,0.9553833827668214,0.4419294114540377,0.091197640982415,1,8072,5214
0.7725315026575742,0.4168951015843585,0.926724787884634,0.354371483871596,0.0839764623783209,2,8072,5214
0.5757194352255891,0.3988208567185788,0.953272649687844,0.4360827498701661,0.0811520592334368,3,8072,5214
0.5757194352255891,0.3988208567185788,0.953272649687844,0.4360827498701661,0.0811520592334368,4,8072,5214
0.5224405190430436,0.3809815392930875,0.97241278973213,0.4732889052052669,0.062718354131787,5,8072,5214
0.5224405190430436,0.3809815392930875,0.97241278973213,0.4732889052052669,0.062718354131787,6,8072,5214
0.5224380426684351,0.3916115760576323,0.9478895433811948,0.3436703112292451,0.0622974915626225,7,8072,5214
0.5224380426684351,0.3916115760576323,0.9478895433811948,0.3775803447961573,0.0596690100038317,8,8072,5214
0.5224380426684351,0.3916115760576323,0.9478895433811948,0.3775803447961573,0.0596690100038317,9,8072,5214
0.5224380426684351,0.3916115760576323,0.9478895433811948,0.3775803447961573,0.0596690100038317,10,8072,5214
0.5224380426684351,0.3916115760576323,0.9478895433811948,0.3775803447961573,0.0596690100038317,11,8072,5214
0.5224674497716966,0.3916115760576323,0.947679250366638,0.4590039089903376,0.0573619421828132,12,8072,5214
0.5224674497716966,0.3916115760576323,0.947679250366638,0.4590039089903376,0.0573619421828132,13,8072,5214
0.5224674497716966,0.3916115760576323,0.947679250366638,0.4590039089903376,0.0573619421828132,14,8072,5214
0.5223944046322235,0.3928357313017441,0.9934033089876722,0.4185490353440179,0.0563657698201523,15,8072,5214
0.521692019349371,0.3953256551977069,0.9635984078848956,0.4830701689073153,0.0538847791450349,16,8072,5214
0.521692019349371,0.3953256551977069,0.9635984078848956,0.4830701689073153,0.0538847791450349,17,8072,5214
0.5205004468923154,0.3912385713000532,0.913824433778774,0.4810931153359596,0.0535750820587248,18,8072,5214
0.5205004468923154,0.3912385713000532,0.913824433778774,0.4810931153359596,0.0535750820587248,19,8072,5214
0.5205004468923154,0.3912385713000532,0.913824433778774,0.4810931153359596,0.0535750820587248,20,8072,5214
0.5205004468923154,0.3912385713000532,0.913824433778774,0.4810931153359596,0.0535750820587248,21,8072,5214
0.5205004468923154,0.3912385713000532,0.913824433778774,0.4810931153359596,0.0535750820587248,22,8072,5214
0.5205004468923154,0.3912385713000532,0.913824433778774,0.4810931153359596,0.0535750820587248,23,8072,5214
0.5205004468923154,0.3912385713000532,0.913824433778774,0.4810931153359596,0.0535750820587248,24,8072,5214
0.5205004468923154,0.3912385713000532,0.913824433778774,0.4810931153359596,0.0535750820587248,25,8072,5214
0.5205004468923154,0.3912385713000532,0.913824433778774,0.4810931153359596,0.0535750820587248,26,8072,5214
0.5205004468923154,0.3912385713000532,0.913824433778774,0.4810931153359596,0.0535750820587248,27,8072,5214
0.5205004468923154,0.3912385713000532,0.913824433778774,0.4810931153359596,0.0535750820587248,28,8072,5214
0.5205004468923154,0.3912385713000532,0.913824433778774,0.4810931153359596,0.0535750820587248,29,8072,5214
0.5205004468923154,0.3912385713000532,0.913824433778774,0.4810931153359596,0.0535750820587248,30,8072,5214
0.5205004468923154,0.3912385713000532,0.913824433778774,0.4810931153359596,0.0535750820587248,31,8072,5214
0.5205004468923154,0.3912385713000532,0.913824433778774,0.4810931153359596,0.0535750820587248,32,8072,5214
0.5205004468923154,0.3912385713000532,0.913824433778774,0.4810931153359596,0.0535750820587248,33,8072,5214
0.5205004468923154,0.3912385713000532,0.913824433778774,0.4810931153359596,0.0535750820587248,34,8072,5214
0.5205004468923154,0.3912385713000532,0.913824433778774,0.4810931153359596,0.0535750820587248,35,8072,5214
0.5205004468923154,0.3912385713000532,0.913824433778774,0.4810931153359596,0.0535750820587248,36,8072,5214
0.5205004468923154,0.3912385713000532,0.913824433778774,0.4810931153359596,0.0535750820587248,37,8072,5214
0.5205105085593302,0.3916061428808009,0.8744590625053495,0.4813356470067561,0.0533264613780921,38,8072,5214
0.5205105085593302,0.3916061428808009,0.8744590625053495,0.4813356470067561,0.0533264613780921,39,8072,5214
0.5205105085593302,0.3916061428808009,0.8744590625053495,0.4813356470067561,0.0533264613780921,40,8072,5214
0.5205105085593302,0.3916061428808009,0.8744590625053495,0.4813356470067561,0.0533264613780921,41,8072,5214
0.5205105085593302,0.3916061428808009,0.8744590625053495,0.4813356470067561,0.0533264613780921,42,8072,5214
0.5205105085593302,0.3916061428808009,0.8744590625053495,0.4813356470067561,0.0533264613780921,43,8072,5214
0.5205105085593302,0.3916061428808009,0.8744590625053495,0.4813356470067561,0.0533264613780921,44,8072,5214
0.5205105085593302,0.3916061428808009,0.8744590625053495,0.4813356470067561,0.0533264613780921,45,8072,5214
0.5205105085593302,0.3916061428808009,0.8744590625053495,0.4813356470067561,0.0533264613780921,46,8072,5214
0.5205105085593302,0.3916061428808009,0.8744590625053495,0.4813356470067561,0.0533264613780921,47,8072,5214
0.5205105085593302,0.3916061428808009,0.8744590625053495,0.4813356470067561,0.0533264613780921,48,8072,5214
0.5205105085593302,0.3916061428808009,0.8744590625053495,0.4813356470067561,0.0533264613780921,49,8072,5214
0.5205105085593302,0.3916061428808009,0.8744590625053495,0.4813356470067561,0.0533264613780921,50,8072,5214
0.5205105085593302,0.3916061428808009,0.8744590625053495,0.4813356470067561,0.0533264613780921,51,8072,5214
0.5205105085593302,0.3916061428808009,0.8744590625053495,0.4813356470067561,0.0533264613780921,52,8072,5214
0.5205105085593302,0.3916061428808009,0.8744590625053495,0.4813356470067561,0.0533264613780921,53,8072,5214
0.5205105085593302,0.3916061428808009,0.8744590625053495,0.4813356470067561,0.0533264613780921,54,8072,5214
0.5205105085593302,0.3916061428808009,0.8744590625053495,0.4813356470067561,0.0533264613780921,55,8072,5214
0.5205105085593302,0.3916061428808009,0.8744590625053495,0.4813356470067561,0.0533264613780921,56,8072,5214
0.5205105085593302,0.3916061428808009,0.8744590625053495,0.4813356470067561,0.0533264613780921,57,8072,5214
0.5205105085593302,0.3916061428808009,0.8744590625053495,0.4813356470067561,0.0533264613780921,58,8072,5214
0.5205105085593302,0.3916061428808009,0.8744590625053495,0.4813356470067561,0.0533264613780921,59,8072,5214
0.5205105085593302,0.3916061428808009,0.8744590625053495,0.4813356470067561,0.0533264613780921,60,8072,5214
0.5205105085593302,0.3916061428808009,0.8744590625053495,0.4813356470067561,0.0533264613780921,61,8072,5214
0.5205105085593302,0.3916061428808009,0.8744590625053495,0.4813356470067561,0.0533264613780921,62,8072,5214
0.5205105085593302,0.3916061428808009,0.8744590625053495,0.4813356470067561,0.0533264613780921,63,8072,5214
0.4227169069454373,0.3809815392930875,0.8744412014424732,0.3533507781465587,0.162753039397653,0,8072,5929
0.6393313800665879,0.6123756719431885,0.9553833827668214,0.4419294114540377,0.1255042029018904,1,8072,5929
0.6393313800665879,0.6123756719431885,0.9553833827668214,0.4419294114540377,0.1255042029018904,2,8072,5929
0.6393313800665879,0.6123756719431885,0.9553833827668214,0.4419294114540377,0.1255042029018904,3,8072,5929
0.6393313800665879,0.6123756719431885,0.9553833827668214,0.4419294114540377,0.1255042029018904,4,8072,5929
0.6393313800665879,0.6123756719431885,0.9553833827668214,0.4419294114540377,0.1255042029018904,5,8072,5929
0.6030202249785669,0.6273701210561531,0.9240656864527218,0.4431722577228276,0.1223332070062992,6,8072,5929
0.6030202249785669,0.6273701210561531,0.9240656864527218,0.4431722577228276,0.1223332070062992,7,8072,5929
0.6030202249785669,0.6273701210561531,0.9240656864527218,0.4431722577228276,0.1223332070062992,8,8072,5929
0.5226224198814257,0.3990714599007913,0.9548591543112972,0.3596945735779131,0.1172542305872187,9,8072,5929
0.5226224198814257,0.3990714599007913,0.9548591543112972,0.3596945735779131,0.1172542305872187,10,8072,5929
0.5224108464340248,0.6156315782476639,0.932509677227138,0.4433495862554573,0.1066103322570494,11,8072,5929
0.5224108464340248,0.6156315782476639,0.932509677227138,0.4433495862554573,0.1066103322570494,12,8072,5929
0.5224108464340248,0.6156315782476639,0.932509677227138,0.4433495862554573,0.1066103322570494,13,8072,5929
0.5224108464340248,0.6156315782476639,0.932509677227138,0.4433495862554573,0.1066103322570494,14,8072,5929
0.5224108464340248,0.6178552431075575,0.8713996269196957,0.4433495862554573,0.1061278565890624,15,8072,5929
0.5194702573201636,0.6161103044603223,0.9204809710080732,0.4401314940512897,0.1057787822374961,16,8072,5929
0.5182459531256269,0.6194614944387499,0.986562642455964,0.4778276474144826,0.1052763900155458,17,8072,5929
0.5194702573201636,0.6161103044603223,0.8723295125918076,0.4401314940512897,0.1046387899149062,18,8072,5929
0.5194702573201636,0.6161103044603223,0.8723295125918076,0.4401314940512897,0.1046387899149062,19,8072,5929
0.5194702573201636,0.6161103044603223,0.8723295125918076,0.4401314940512897,0.1046387899149062,20,8072,5929
0.5190269687528123,0.622936322363109,0.9984917331498194,0.4694107239068886,0.1046087137477414,21,8072,5929
0.5182963974141603,0.6161137936238187,0.8725384436865488,0.4774774105777239,0.1041363976929558,22,8072,5929
0.5182963974141603,0.6161137936238187,0.8725384436865488,0.4774774105777239,0.1041363976929558,23,8072,5929
0.5182963974141603,0.6161137936238187,0.8725384436865488,0.4774774105777239,0.1041363976929558,24,8072,5929
0.5182963974141603,0.6161137936238187,0.8725384436865488,0.4774774105777239,0.1041363976929558,25,8072,5929
0.5182963974141603,0.6161137936238187,0.8725384436865488,0.4774774105777239,0.1041363976929558,26,8072,5929
0.5182963974141603,0.6161137936238187,0.8725384436865488,0.4774774105777239,0.1041363976929558,27,8072,5929
0.5190621926921756,0.6158164284516752,0.8726318108954857,0.4693783306514307,0.1034687214251515,28,8072,5929
0.5190621926921756,0.6158164284516752,0.8726318108954857,0.4693783306514307,0.1034687214251515,29,8072,5929
0.5190621926921756,0.6158164284516752,0.8726318108954857,0.4693783306514307,0.1034687214251515,30,8072,5929
0.5190621926921756,0.6158164284516752,0.8726318108954857,0.4693783306514307,0.1034687214251515,31,8072,5929
0.5190621926921756,0.6158164284516752,0.8726318108954857,0.4693783306514307,0.1034687214251515,32,8072,5929
0.5190621926921756,0.6158164284516752,0.8726318108954857,0.4693783306514307,0.1034687214251515,33,8072,5929
0.5190621926921756,0.6158164284516752,0.8726318108954857,0.4693783306514307,0.1034687214251515,34,8072,5929
0.5190621926921756,0.6158164284516752,0.8726318108954857,0.4693783306514307,0.1034687214251515,35,8072,5929
0.5190621926921756,0.6158164284516752,0.8726318108954857,0.4693783306514307,0.1034687214251515,36,8072,5929
0.5190621926921756,0.6158164284516752,0.8726318108954857,0.4693783306514307,0.1034687214251515,37,8072,5929
0.5190621926921756,0.6158164284516752,0.8726318108954857,0.4693783306514307,0.1034687214251515,38,8072,5929
0.5190621926921756,0.6158164284516752,0.8726318108954857,0.4693783306514307,0.1034687214251515,39,8072,5929
0.5190621926921756,0.6158164284516752,0.8726318108954857,0.4693783306514307,0.1034687214251515,40,8072,5929
0.5190621926921756,0.6158164284516752,0.8726318108954857,0.4693783306514307,0.1034687214251515,41,8072,5929
0.5190621926921756,0.6158164284516752,0.8726318108954857,0.4693783306514307,0.1034687214251515,42,8072,5929
0.5190621926921756,0.6158164284516752,0.8726318108954857,0.4693783306514307,0.1034687214251515,43,8072,5929
0.5190621926921756,0.6158164284516752,0.8726318108954857,0.4693783306514307,0.1034687214251515,44,8072,5929
0.5190621926921756,0.6158164284516752,0.8726318108954857,0.4693783306514307,0.1034687214251515,45,8072,5929
0.5190621926921756,0.6158164284516752,0.8726318108954857,0.4693783306514307,0.1034687214251515,46,8072,5929
0.5190621926921756,0.6158164284516752,0.8726318108954857,0.4693783306514307,0.1034687214251515,47,8072,5929
0.5190621926921756,0.6158164284516752,0.8726318108954857,0.4693783306514307,0.1034687214251515,48,8072,5929
0.5190621926921756,0.6158164284516752,0.8726318108954857,0.4693783306514307,0.1034687214251515,49,8072,5929
0.5190621926921756,0.6158164284516752,0.8726318108954857,0.4693783306514307,0.1034687214251515,50,8072,5929
0.5190621926921756,0.6158164284516752,0.8726318108954857,0.4693783306514307,0.1034687214251515,51,8072,5929
0.5190621926921756,0.6158164284516752,0.8726318108954857,0.4693783306514307,0.1034687214251515,52,8072,5929
0.5190621926921756,0.6158164284516752,0.8726318108954857,0.4693783306514307,0.1034687214251515,53,8072,5929
0.948649447137244,0.632135117500167,0.6051365892775145,0.4989864523070149,0.1600541816591394,0,8072,6643
0.6393313800665879,0.6123756719431885,0.9553833827668214,0.4419294114540377,0.129480258583791,1,8072,6643
0.6393313800665879,0.6123756719431885,0.9553833827668214,0.4419294114540377,0.129480258583791,2,8072,6643
0.6393313800665879,0.6123756719431885,0.9553833827668214,0.4419294114540377,0.129480258583791,3,8072,6643
0.6393313800665879,0.6123756719431885,0.9553833827668214,0.4419294114540377,0.129480258583791,4,8072,6643
0.6393313800665879,0.6123756719431885,0.9553833827668214,0.4419294114540377,0.129480258583791,5,8072,6643
0.7854106606345873,0.5831488105790835,0.9553833827668214,0.441069297392413,0.128966198252903,6,8072,6643
0.7015952532559557,0.6331846234161506,0.9760590039046332,0.4765556543598177,0.125289647515647,7,8072,6643
0.5255982850238229,0.5763322746590378,0.9594004889685832,0.4423743864085833,0.1181880579268298,8,8072,6643
0.5255982850238229,0.5763322746590378,0.9594004889685832,0.4423743864085833,0.1181880579268298,9,8072,6643
0.5216203412873731,0.5295881660976118,0.939669010198394,0.3798054875933495,0.1103644709568746,10,8072,6643
0.5216203412873731,0.5295881660976118,0.939669010198394,0.3798054875933495,0.1103644709568746,11,8072,6643
0.5216203412873731,0.5295881660976118,0.939669010198394,0.3798054875933495,0.1103644709568746,12,8072,6643
0.5221101729175553,0.6314236581796375,0.93672889556992,0.4198259105845316,0.1100235435456433,13,8072,6643
0.5221101729175553,0.6314236581796375,0.93672889556992,0.4198259105845316,0.1100235435456433,14,8072,6643
0.5221101729175553,0.6314236581796375,0.93672889556992,0.4198259105845316,0.1100235435456433,15,8072,6643
0.5216333476821265,0.6065697976051881,0.912386992811433,0.3951619462672496,0.1098375069162216,16,8072,6643
0.5216333476821265,0.6065697976051881,0.912386992811433,0.3951619462672496,0.1098375069162216,17,8072,6643
0.5216333476821265,0.6065697976051881,0.912386992811433,0.3951619462672496,0.1098375069162216,18,8072,6643
0.5222628692600259,0.6313364686203763,0.9917850043969992,0.3825142066259178,0.1093489647614744,19,8072,6643
0.5222628692600259,0.6313364686203763,0.9917850043969992,0.3825142066259178,0.1093489647614744,20,8072,6643
0.5222628692600259,0.6313364686203763,0.9917850043969992,0.3825142066259178,0.1093489647614744,21,8072,6643
0.5222628692600259,0.6313364686203763,0.9917850043969992,0.3825142066259178,0.1093489647614744,22,8072,6643
0.5222628692600259,0.6313364686203763,0.9917850043969992,0.3825142066259178,0.1093489647614744,23,8072,6643
0.5222628692600259,0.6313364686203763,0.9917850043969992,0.3825142066259178,0.1093489647614744,24,8072,6643
0.5222628692600259,0.6313364686203763,0.9917850043969992,0.3825142066259178,0.1093489647614744,25,8072,6643
0.5222195045843274,0.6209518591614578,0.871239175317649,0.3822633000297457,0.1088664890934873,26,8072,6643
0.5222195045843274,0.6209518591614578,0.871239175317649,0.3822633000297457,0.1088664890934873,27,8072,6643
0.5222195045843274,0.6209518591614578,0.871239175317649,0.3822633000297457,0.1088664890934873,28,8072,6643
0.5222195045843274,0.6209518591614578,0.871239175317649,0.3822633000297457,0.1088664890934873,29,8072,6643
0.5222195045843274,0.6209518591614578,0.871239175317649,0.3822633000297457,0.1088664890934873,30,8072,6643
0.5222195045843274,0.6209518591614578,0.871239175317649,0.3822633000297457,0.1088664890934873,31,8072,6643
0.5216671823166663,0.6348168716432365,0.8729316411597248,0.387232717906368,0.1082089724388844,32,8072,6643
0.5216671823166663,0.6348168716432365,0.8729316411597248,0.387232717906368,0.1082089724388844,33,8072,6643
0.5216671823166663,0.6348168716432365,0.8729316411597248,0.387232717906368,0.1082089724388844,34,8072,6643
0.5216671823166663,0.6348168716432365,0.8729316411597248,0.387232717906368,0.1082089724388844,35,8072,6643
0.5216671823166663,0.6348168716432365,0.8729316411597248,0.387232717906368,0.1082089724388844,36,8072,6643
0.5216671823166663,0.6348168716432365,0.8729316411597248,0.387232717906368,0.1082089724388844,37,8072,6643
0.5216671823166663,0.6348168716432365,0.8729316411597248,0.387232717906368,0.1082089724388844,38,8072,6643
0.5216671823166663,0.6348168716432365,0.8729316411597248,0.387232717906368,0.1082089724388844,39,8072,6643
0.5216671823166663,0.6348168716432365,0.8729316411597248,0.387232717906368,0.1082089724388844,40,8072,6643
0.5216671823166663,0.6348168716432365,0.8729316411597248,0.387232717906368,0.1082089724388844,41,8072,6643
0.5216671823166663,0.6348168716432365,0.8729316411597248,0.387232717906368,0.1082089724388844,42,8072,6643
0.5216671823166663,0.6348168716432365,0.8729316411597248,0.387232717906368,0.1082089724388844,43,8072,6643
0.5216671823166663,0.6348168716432365,0.8729316411597248,0.387232717906368,0.1082089724388844,44,8072,6643
0.5216671823166663,0.6348168716432365,0.8729316411597248,0.387232717906368,0.1082089724388844,45,8072,6643
0.5216671823166663,0.6348168716432365,0.8729316411597248,0.387232717906368,0.1082089724388844,46,8072,6643
0.5216671823166663,0.6348168716432365,0.8729316411597248,0.387232717906368,0.1082089724388844,47,8072,6643
0.5216671823166663,0.6348168716432365,0.8729316411597248,0.387232717906368,0.1082089724388844,48,8072,6643
0.5216671823166663,0.6348168716432365,0.8729316411597248,0.387232717906368,0.1082089724388844,49,8072,6643
0.5216671823166663,0.6348168716432365,0.8729316411597248,0.387232717906368,0.1082089724388844,50,8072,6643
0.5216671823166663,0.6348168716432365,0.8729316411597248,0.387232717906368,0.1082089724388844,51,8072,6643
0.5216671823166663,0.6348168716432365,0.8729316411597248,0.387232717906368,0.1082089724388844,52,8072,6643
0.5216671823166663,0.6348168716432365,0.8729316411597248,0.387232717906368,0.1082089724388844,53,8072,6643
0.5216671823166663,0.6348168716432365,0.8729316411597248,0.387232717906368,0.1082089724388844,54,8072,6643
0.5216671823166663,0.6348168716432365,0.8729316411597248,0.387232717906368,0.1082089724388844,55,8072,6643
0.5216671823166663,0.6348168716432365,0.8729316411597248,0.387232717906368,0.1082089724388844,56,8072,6643
0.5216671823166663,0.6348168716432365,0.8729316411597248,0.387232717906368,0.1082089724388844,57,8072,6643
0.948649447137244,0.632135117500167,0.6051365892775145,0.4989864523070149,0.1555537055648243,0,8072,7357
0.6393313800665879,0.6123756719431885,0.9553833827668214,0.4419294114540377,0.1503798819344121,1,8072,7357
0.8106472550534821,0.1288665811967115,0.9613875430557256,0.4866638205451163,0.1465269507673197,2,8072,7357
0.8106472550534821,0.1288665811967115,0.9613875430557256,0.4866638205451163,0.1465269507673197,3,8072,7357
0.6026727477136643,0.6243640435770904,0.940811277753312,0.4900758641692022,0.136670618246562,4,8072,7357
0.6026727477136643,0.6243640435770904,0.940811277753312,0.4900758641692022,0.136670618246562,5,8072,7357
0.6026727477136643,0.6243640435770904,0.940811277753312,0.4900758641692022,0.136670618246562,6,8072,7357
0.6026727477136643,0.6243640435770904,0.940811277753312,0.4900758641692022,0.136670618246562,7,8072,7357
0.6026727477136643,0.6243640435770904,0.940811277753312,0.4900758641692022,0.136670618246562,8,8072,7357
0.5272874340837264,0.6270731137514757,0.99553484318592,0.3882104663431279,0.1354657371746864,9,8072,7357
0.6060602091567384,0.6034446079254518,0.9862615539206137,0.4832362671074183,0.1340037315818586,10,8072,7357
0.6060602091567384,0.6034446079254518,0.9862615539206137,0.4832362671074183,0.1340037315818586,11,8072,7357
0.5221053818852466,0.6181602985683502,0.9861318341989188,0.3844899955069793,0.1304355771965395,12,8072,7357
0.5221053818852466,0.6181602985683502,0.9861318341989188,0.3844899955069793,0.1304355771965395,13,8072,7357
0.5221053818852466,0.6181602985683502,0.9861318341989188,0.3844899955069793,0.1304355771965395,14,8072,7357
0.5221053818852466,0.6181602985683502,0.9861318341989188,0.3844899955069793,0.1304355771965395,15,8072,7357
0.5221053818852466,0.6181602985683502,0.9861318341989188,0.3844899955069793,0.1304355771965395,16,8072,7357
0.526244283573312,0.6082129467854347,0.8743252523907625,0.4874838074341853,0.1295849247005251,17,8072,7357
0.5273646143538935,0.6353944217770138,0.8774694407749719,0.4834641056474514,0.1284696363511518,18,8072,7357
0.5224203261624547,0.6281385017910698,0.9813964769825124,0.4882504028326742,0.1260810746787757,19,8072,7357
0.5224203261624547,0.6281385017910698,0.9813964769825124,0.4882504028326742,0.1260810746787757,20,8072,7357
0.5224203261624547,0.6281385017910698,0.9813964769825124,0.4882504028326742,0.1260810746787757,21,8072,7357
0.5224175169803834,0.6180675658467746,0.986215912156326,0.4831801365444247,0.1234141880140722,22,8072,7357
0.5224175169803834,0.6180675658467746,0.986215912156326,0.4831801365444247,0.1234141880140722,23,8072,7357
0.5220920863194989,0.6258654401524657,0.8729947594842248,0.4813497882697673,0.1222741956914823,24,8072,7357
0.5220920863194989,0.6258654401524657,0.8729947594842248,0.4813497882697673,0.1222741956914823,25,8072,7357
0.5220920863194989,0.6258654401524657,0.8729947594842248,0.4813497882697673,0.1222741956914823,26,8072,7357
0.5220920863194989,0.6258654401524657,0.8729947594842248,0.4813497882697673,0.1222741956914823,27,8072,7357
0.5220920863194989,0.6258654401524657,0.8729947594842248,0.4813497882697673,0.1222741956914823,28,8072,7357
0.5220920863194989,0.6258654401524657,0.8729947594842248,0.4813497882697673,0.1222741956914823,29,8072,7357
0.5220920863194989,0.6258654401524657,0.8729947594842248,0.4813497882697673,0.1222741956914823,30,8072,7357
0.5220920863194989,0.6258654401524657,0.8729947594842248,0.4813497882697673,0.1222741956914823,31,8072,7357
0.5220920863194989,0.6258654401524657,0.8729947594842248,0.4813497882697673,0.1222741956914823,32,8072,7357
0.5220920863194989,0.6258654401524657,0.8729947594842248,0.4813497882697673,0.1222741956914823,33,8072,7357
0.5220920863194989,0.6258654401524657,0.8729947594842248,0.4813497882697673,0.1222741956914823,34,8072,7357
0.5220920863194989,0.6258654401524657,0.8729947594842248,0.4813497882697673,0.1222741956914823,35,8072,7357
0.5220920863194989,0.6258654401524657,0.8729947594842248,0.4813497882697673,0.1222741956914823,36,8072,7357
0.5220920863194989,0.6258654401524657,0.8729947594842248,0.4813497882697673,0.1222741956914823,37,8072,7357
0.5220920863194989,0.6258654401524657,0.8729947594842248,0.4813497882697673,0.1222741956914823,38,8072,7357
0.5220920863194989,0.6258654401524657,0.8729947594842248,0.4813497882697673,0.1222741956914823,39,8072,7357
0.5220920863194989,0.6258654401524657,0.8729947594842248,0.4813497882697673,0.1222741956914823,40,8072,7357
0.5220920863194989,0.6258654401524657,0.8729947594842248,0.4813497882697673,0.1222741956914823,41,8072,7357
0.5220920863194989,0.6258654401524657,0.8729947594842248,0.4813497882697673,0.1222741956914823,42,8072,7357
0.5220920863194989,0.6258654401524657,0.8729947594842248,0.4813497882697673,0.1222741956914823,43,8072,7357
0.5220920863194989,0.6258654401524657,0.8729947594842248,0.4813497882697673,0.1222741956914823,44,8072,7357
0.5220920863194989,0.6258654401524657,0.8729947594842248,0.4813497882697673,0.1222741956914823,45,8072,7357
0.5220920863194989,0.6258654401524657,0.8729947594842248,0.4813497882697673,0.1222741956914823,46,8072,7357
0.5220920863194989,0.6258654401524657,0.8729947594842248,0.4813497882697673,0.1222741956914823,47,8072,7357
0.5220920863194989,0.6258654401524657,0.8729947594842248,0.4813497882697673,0.1222741956914823,48,8072,7357
0.5220920863194989,0.6258654401524657,0.8729947594842248,0.4813497882697673,0.1222741956914823,49,8072,7357
0.9486494471372439,0.632135117500167,0.6051365892775145,0.4989864523070149,0.1553224352266062,0,8072,8072
0.6393313800665879,0.6123756719431885,0.9553833827668214,0.44192941145403775,0.15010780150945557,1,8072,8072
0.8106472550534821,0.12886658119671157,0.9613875430557255,0.4866638205451163,0.14625487034236306,2,8072,8072
0.8106472550534821,0.12886658119671157,0.9613875430557255,0.4866638205451163,0.14625487034236306,3,8072,8072
0.8439808677635432,0.6943593419057037,0.9613875430557255,0.48691635146149903,0.14099820425258414,4,8072,8072
0.6263274544841695,0.5884856273526271,0.9469066664934074,0.480285455598306,0.14064018861434485,5,8072,8072
0.8928734421702406,0.6762159447217284,0.9415473453491877,0.4882802143963296,0.14046939970224565,6,8072,8072
0.9876211730363645,0.665073708613147,0.9413551347114881,0.48694470281662267,0.13796137189829805,7,8072,8072
0.9876211730363645,0.665073708613147,0.9413551347114881,0.48694470281662267,0.13796137189829805,8,8072,8072
0.6055194485673133,0.6219319491946615,0.9922841803244125,0.4858978416011176,0.13639853782160538,9,8072,8072
0.6055194485673133,0.6219319491946615,0.9922841803244125,0.4858978416011176,0.13639853782160538,10,8072,8072
0.6037791950087846,0.6257185299956338,0.9564306711710701,0.4804973287755617,0.133731651156902,11,8072,8072
0.6037791950087846,0.6257185299956338,0.9564306711710701,0.4804973287755617,0.133731651156902,12,8072,8072
0.6037791950087846,0.6257185299956338,0.9564306711710701,0.4804973287755617,0.133731651156902,13,8072,8072
0.6037791950087846,0.6257185299956338,0.9564306711710701,0.4804973287755617,0.133731651156902,14,8072,8072
0.6037791950087846,0.6257185299956338,0.9564306711710701,0.4804973287755617,0.133731651156902,15,8072,8072
0.6037791950087846,0.6257185299956338,0.9564306711710701,0.4804973287755617,0.133731651156902,16,8072,8072
0.6037791950087846,0.6257185299956338,0.9564306711710701,0.4804973287755617,0.133731651156902,17,8072,8072
0.6037791950087846,0.6257185299956338,0.9564306711710701,0.4804973287755617,0.133731651156902,18,8072,8072
0.6037791950087846,0.6257185299956338,0.9564306711710701,0.4804973287755617,0.133731651156902,19,8072,8072
0.6037791950087846,0.6257185299956338,0.9564306711710701,0.4804973287755617,0.133731651156902,20,8072,8072
0.6037791950087846,0.6257185299956338,0.9564306711710701,0.4804973287755617,0.133731651156902,21,8072,8072
0.6037791950087846,0.6257185299956338,0.9564306711710701,0.4804973287755617,0.133731651156902,22,8072,8072
0.6037791950087846,0.6257185299956338,0.9564306711710701,0.4804973287755617,0.133731651156902,23,8072,8072
0.5324999030752748,0.6264167006192832,0.9895428154130632,0.4805859752788955,0.13303686682808763,24,8072,8072
0.7689236387849333,0.6357178130477283,0.8723973453492928,0.48028683188325416,0.13271346403314008,25,8072,8072
0.5290463525068851,0.6285441819508361,0.9622040355433364,0.482224964681431,0.12778594993345505,26,8072,8072
0.5290463525068851,0.6285441819508361,0.9622040355433364,0.482224964681431,0.12778594993345505,27,8072,8072
0.5290463525068851,0.6285441819508361,0.9622040355433364,0.482224964681431,0.12778594993345505,28,8072,8072
0.5290463525068851,0.6285441819508361,0.9622040355433364,0.482224964681431,0.12778594993345505,29,8072,8072
0.5286122050992482,0.6285441819508361,0.8726785663560246,0.482205350312711,0.12664595761086514,30,8072,8072
0.5286122050992482,0.6285441819508361,0.8726785663560246,0.482205350312711,0.12664595761086514,31,8072,8072
0.5286122050992482,0.6285441819508361,0.8726785663560246,0.482205350312711,0.12664595761086514,32,8072,8072
0.5286122050992482,0.6285441819508361,0.8726785663560246,0.482205350312711,0.12664595761086514,33,8072,8072
0.5286122050992482,0.6285441819508361,0.8726785663560246,0.482205350312711,0.12664595761086514,34,8072,8072
0.5219005131064136,0.6287299497262454,0.9859706048113009,0.4822573420676964,0.12314210758911565,35,8072,8072
0.5219005131064136,0.6287299497262454,0.9859706048113009,0.4822573420676964,0.12314210758911565,36,8072,8072
0.5219005131064136,0.6287299497262454,0.9859706048113009,0.4822573420676964,0.12314210758911565,37,8072,8072
0.5219005131064136,0.6287299497262454,0.9859706048113009,0.4822573420676964,0.12314210758911565,38,8072,8072
0.5214836333355726,0.6144779638463443,0.8688649092475524,0.4806413437682169,0.12241084965954774,39,8072,8072
0.5214836333355726,0.6144779638463443,0.8688649092475524,0.4806413437682169,0.12241084965954774,40,8072,8072
0.5214836333355726,0.6144779638463443,0.8688649092475524,0.4806413437682169,0.12241084965954774,41,8072,8072
0.5214836333355726,0.6144833873522556,0.8722363187677138,0.48064058013827105,0.12200211526652573,42,8072,8072
0.5214836333355726,0.6144833873522556,0.8722363187677138,0.48064058013827105,0.12200211526652573,43,8072,8072
0.5214836333355726,0.6144833873522556,0.8722363187677138,0.48064058013827105,0.12200211526652573,44,8072,8072
0.5214836333355726,0.6144833873522556,0.8722363187677138,0.48064058013827105,0.12200211526652573,45,8072,8072
0.5214836333355726,0.6144833873522556,0.8722363187677138,0.48064058013827105,0.12200211526652573,46,8072,8072
0.5214836333355726,0.6144833873522556,0.8722363187677138,0.48064058013827105,0.12200211526652573,47,8072,8072
0.5214836333355726,0.6144833873522556,0.8722363187677138,0.48064058013827105,0.12200211526652573,48,8072,8072
0.5214836333355726,0.6144833873522556,0.8722363187677138,0.48064058013827105,0.12200211526652573,49,8072,8072
0.5214836333355726,0.6144833873522556,0.8722363187677138,0.48064058013827105,0.12200211526652573,50,8072,8072
0.5214836333355726,0.6144833873522556,0.8722363187677138,0.48064058013827105,0.12200211526652573,51,8072,8072
0.5214836333355726,0.6144833873522556,0.8722363187677138,0.48064058013827105,0.12200211526652573,52,8072,8072
0.5214836333355726,0.6144833873522556,0.8722363187677138,0.48064058013827105,0.12200211526652573,53,8072,8072
0.5214836333355726,0.6144833873522556,0.8722363187677138,0.48064058013827105,0.12200211526652573,54,8072,8072
0.5214836333355726,0.6144833873522556,0.8722363187677138,0.48064058013827105,0.12200211526652573,55,8072,8072
0.5214836333355726,0.6144833873522556,0.8722363187677138,0.48064058013827105,0.12200211526652573,56,8072,8072
0.5214836333355726,0.6144833873522556,0.8722363187677138,0.48064058013827105,0.12200211526652573,57,8072,8072
0.5214836333355726,0.6144833873522556,0.8722363187677138,0.48064058013827105,0.12200211526652573,58,8072,8072
0.5214836333355726,0.6144833873522556,0.8722363187677138,0.48064058013827105,0.12200211526652573,59,8072,8072
0.5214836333355726,0.6144833873522556,0.8722363187677138,0.48064058013827105,0.12200211526652573,60,8072,8072
0.5214836333355726,0.6144833873522556,0.8722363187677138,0.48064058013827105,0.12200211526652573,61,8072,8072
0.5214836333355726,0.6144833873522556,0.8722363187677138,0.48064058013827105,0.12200211526652573,62,8072,8072
0.5214836333355726,0.6144833873522556,0.8722363187677138,0.48064058013827105,0.12200211526652573,63,8072,8072
0.5214836333355726,0.6144833873522556,0.8722363187677138,0.48064058013827105,0.12200211526652573,64,8072,8072
